P 1 12.524999999999999 40.0 1.15 2.7 0
P 2 15.474999999999994 40.0 1.15 2.7 0
P 3 36.05 75.0 1.0 1.45 0
P 4 37.95 75.0 1.0 1.45 0
P 5 27.525000000000006 55.0 1.15 2.7 0
P 2 30.474999999999994 55.0 1.15 2.7 0
P 6 22.537499999999994 50.0 1.125 1.75 0
P 2 25.462500000000006 50.0 1.125 1.75 0
P 7 72.5 24.474999999999994 2.7 1.15 0
P 2 72.5 21.525000000000006 2.7 1.15 0
P 8 69.525 49.0 1.15 2.7 0
P 2 72.475 49.0 1.15 2.7 0
P 9 23.0625 55.05 1.475 0.6 0
P 5 23.0625 56.95 1.475 0.6 0
P 10 24.9375 56.0 1.475 0.6 0
P 11 23.112499999999997 44.349999999999994 0.925 0.45 0
P 6 23.112499999999997 45.650000000000006 0.925 0.45 0
P 12 24.887500000000003 45.0 0.925 0.45 0
P 1 41.525000000000006 64.0 1.15 2.7 0
P 2 44.474999999999994 64.0 1.15 2.7 0
P 2 7.0 48.0 1.5 1.5 0
P 2 7.0 60.0 1.5 1.5 0
P 13 10.174999999999997 61.0 0.8 0.95 0
P 2 11.825000000000003 61.0 0.8 0.95 0
P 2 96.0 45.0 1.5 1.5 0
P 14 67.175 75.0 0.8 0.95 0
P 15 68.825 75.0 0.8 0.95 0
P 16 36.5 18.474999999999994 2.7 1.15 0
P 2 36.5 15.525000000000006 2.7 1.15 0
P 17 19.0625 56.05 1.475 0.6 0
P 18 19.0625 57.95 1.475 0.6 0
P 9 20.9375 57.0 1.475 0.6 0
P 18 28.525000000000006 49.0 1.15 2.7 0
P 2 31.474999999999994 49.0 1.15 2.7 0
P 19 47.599999999999994 43.0 1.1 1.1 0
P 20 50.400000000000006 43.0 1.1 1.1 0
P 2 80.0 12.0 1.5 1.5 0
P 2 96.0 33.0 1.5 1.5 0
P 21 49.5 24.474999999999994 2.7 1.15 0
P 2 49.5 21.525000000000006 2.7 1.15 0
P 22 48.175 58.0 0.8 0.95 0
P 2 49.825 58.0 0.8 0.95 0
P 23 53.175 58.0 0.8 0.95 0
P 2 54.825 58.0 0.8 0.95 0
P 2 33.175 55.0 0.8 0.95 0
P 24 34.825 55.0 0.8 0.95 0
P 25 90.17500000000001 45.0 0.8 0.95 0
P 26 91.82499999999999 45.0 0.8 0.95 0
P 15 85.0 8.0 1.5 1.5 0
P 11 18.174999999999997 48.0 0.8 0.95 0
P 2 19.825000000000003 48.0 0.8 0.95 0
P 8 96.0 42.0 1.5 1.5 0
P 27 57.9875 43.7 1.025 1.4 0
P 28 59.8125 43.7 1.025 1.4 0
P 29 58.5 24.474999999999994 2.7 1.15 0
P 2 58.5 21.525000000000006 2.7 1.15 0
P 9 19.049999999999997 61.0 1.0 1.45 0
P 2 20.950000000000003 61.0 1.0 1.45 0
P 27 54.5 44.0 1.5 1.5 0
P 1 19.75 35.0 4.0 5.5 0
P 12 28.25 35.0 4.0 5.5 0
P 1 7.0 51.0 1.5 1.5 0
P 30 33.175 61.0 0.8 0.95 0
P 12 34.825 61.0 0.8 0.95 0
P 29 58.5 18.474999999999994 2.7 1.15 0
P 2 58.5 15.525000000000006 2.7 1.15 0
P 28 63.0625 44.05 1.475 0.6 0
P 31 63.0625 45.95 1.475 0.6 0
P 32 64.9375 45.0 1.475 0.6 0
P 33 96.0 48.0 1.5 1.5 0
P 34 84.05000000000001 18.0 1.0 1.45 0
P 2 85.94999999999999 18.0 1.0 1.45 0
P 35 35.25 7.5 0.3 1.2 0
P 31 35.75 7.5 0.3 1.2 0
P 27 36.25 7.5 0.3 1.2 0
P 36 36.75 7.5 0.3 1.2 0
P 37 37.25 7.5 0.3 1.2 0
P 6 37.75 7.5 0.3 1.2 0
P 11 38.25 7.5 0.3 1.2 0
P 2 38.75 7.5 0.3 1.2 0
P 1 39.25 7.5 0.3 1.2 0
P 1 39.75 7.5 0.3 1.2 0
P 38 40.25 7.5 0.3 1.2 0
P 39 40.75 7.5 0.3 1.2 0
P 18 41.25 7.5 0.3 1.2 0
P 18 41.75 7.5 0.3 1.2 0
P 40 42.25 7.5 0.3 1.2 0
P 20 42.75 7.5 0.3 1.2 0
P 20 43.25 7.5 0.3 1.2 0
P 39 43.75 7.5 0.3 1.2 0
P 1 44.25 7.5 0.3 1.2 0
P 41 44.75 7.5 0.3 1.2 0
P 42 45.25 7.5 0.3 1.2 0
P 1 45.75 7.5 0.3 1.2 0
P 1 46.25 7.5 0.3 1.2 0
P 15 46.75 7.5 0.3 1.2 0
P 43 47.25 7.5 0.3 1.2 0
P 2 47.75 7.5 0.3 1.2 0
P 44 48.25 7.5 0.3 1.2 0
P 22 48.75 7.5 0.3 1.2 0
P 23 49.25 7.5 0.3 1.2 0
P 45 49.75 7.5 0.3 1.2 0
P 46 50.25 7.5 0.3 1.2 0
P 47 50.75 7.5 0.3 1.2 0
P 48 51.25 7.5 0.3 1.2 0
P 24 51.75 7.5 0.3 1.2 0
P 2 52.25 7.5 0.3 1.2 0
P 49 52.75 7.5 0.3 1.2 0
P 50 53.25 7.5 0.3 1.2 0
P 25 53.75 7.5 0.3 1.2 0
P 26 54.25 7.5 0.3 1.2 0
P 51 54.75 7.5 0.3 1.2 0
P 8 55.25 7.5 0.3 1.2 0
P 52 55.75 7.5 0.3 1.2 0
P 16 56.25 7.5 0.3 1.2 0
P 53 56.75 7.5 0.3 1.2 0
P 52 57.25 7.5 0.3 1.2 0
P 16 57.75 7.5 0.3 1.2 0
P 53 58.25 7.5 0.3 1.2 0
P 21 58.75 7.5 0.3 1.2 0
P 29 59.25 7.5 0.3 1.2 0
P 7 59.75 7.5 0.3 1.2 0
P 7 60.25 7.5 0.3 1.2 0
P 29 60.75 7.5 0.3 1.2 0
P 21 61.25 7.5 0.3 1.2 0
P 34 61.75 7.5 0.3 1.2 0
P 54 62.25 7.5 0.3 1.2 0
P 8 62.75 7.5 0.3 1.2 0
P 55 63.25 7.5 0.3 1.2 0
P 56 63.75 7.5 0.3 1.2 0
P 5 64.25 7.5 0.3 1.2 0
P 33 64.75 7.5 0.3 1.2 0
P -10000 33.7 10.75 2.0 1.8 0
P -10000 66.3 10.75 2.0 1.8 0
P 57 80.05000000000001 29.0 1.0 1.45 0
P 2 81.94999999999999 29.0 1.0 1.45 0
P 58 48.175 77.0 0.8 0.95 0
P 22 49.825 77.0 0.8 0.95 0
P 42 9.524999999999999 25.095 1.95 0.6 0
P 41 9.524999999999999 26.364999999999995 1.95 0.6 0
P 59 9.524999999999999 27.635000000000005 1.95 0.6 0
P 2 9.524999999999999 28.905 1.95 0.6 0
P 2 14.474999999999994 28.905 1.95 0.6 0
P 2 14.474999999999994 27.635000000000005 1.95 0.6 0
P 2 14.474999999999994 26.364999999999995 1.95 0.6 0
P 1 14.474999999999994 25.095 1.95 0.6 0
P 1 58.175 48.0 0.8 0.95 0
P 28 59.825 48.0 0.8 0.95 0
P 15 68.175 58.0 0.8 0.95 0
P 2 69.825 58.0 0.8 0.95 0
P -10000 5.0 5.0 3.2 3.2 1
H 5.0 5.0 3.2
P 52 22.5 24.474999999999994 2.7 1.15 0
P 2 22.5 21.525000000000006 2.7 1.15 0
P 32 67.35 43.0 0.9 1.2 0
P 8 70.65 43.0 0.9 1.2 0
P 53 40.5 24.474999999999994 2.7 1.15 0
P 2 40.5 21.525000000000006 2.7 1.15 0
P 3 21.525000000000006 65.0 1.15 2.7 0
P 2 24.474999999999994 65.0 1.15 2.7 0
P 7 67.5 24.474999999999994 2.7 1.15 0
P 2 67.5 21.525000000000006 2.7 1.15 0
P -10000 95.0 75.0 3.2 3.2 1
H 95.0 75.0 3.2
P 16 31.5 24.474999999999994 2.7 1.15 0
P 2 31.5 21.525000000000006 2.7 1.15 0
P 43 71.175 12.0 0.8 0.95 0
P 1 72.825 12.0 0.8 0.95 0
P 60 63.175 77.0 0.8 0.95 0
P 56 64.825 77.0 0.8 0.95 0
P 20 7.0 39.0 1.5 1.5 0
P 3 13.0 69.0 1.7 1.7 1
H 13.0 69.0 1.0
P 2 13.0 71.54 1.7 1.7 1
H 13.0 71.54 1.0
P 28 56.0 48.5 1.5 1.5 0
P 18 14.174999999999997 61.0 0.8 0.95 0
P 17 15.825000000000003 61.0 0.8 0.95 0
P 61 80.225 41.0 0.9 0.95 0
P 2 81.775 41.0 0.9 0.95 0
P 54 76.525 22.0 1.15 2.7 0
P 2 79.475 22.0 1.15 2.7 0
P 1 7.0 57.0 1.5 1.5 0
P 24 33.175 58.0 0.8 0.95 0
P 5 34.825 58.0 0.8 0.95 0
P 7 72.5 18.474999999999994 2.7 1.15 0
P 2 72.5 15.525000000000006 2.7 1.15 0
P 1 5.225000000000001 24.0 0.9 0.95 0
P 2 6.774999999999999 24.0 0.9 0.95 0
P 52 22.5 18.474999999999994 2.7 1.15 0
P 2 22.5 15.525000000000006 2.7 1.15 0
P 62 91.17500000000001 33.0 0.8 0.95 0
P 12 92.82499999999999 33.0 0.8 0.95 0
P 33 85.0625 28.049999999999997 1.475 0.6 0
P 57 85.0625 29.950000000000003 1.475 0.6 0
P 63 86.9375 29.0 1.475 0.6 0
P 29 63.5 18.474999999999994 2.7 1.15 0
P 2 63.5 15.525000000000006 2.7 1.15 0
P 44 58.175 58.0 0.8 0.95 0
P 1 59.825 58.0 0.8 0.95 0
P 57 85.0625 36.05 1.475 0.6 0
P 61 85.0625 37.95 1.475 0.6 0
P 64 86.9375 37.0 1.475 0.6 0
P 1 7.0 63.0 1.5 1.5 0
P 37 43.0625 44.05 1.475 0.6 0
P 36 43.0625 45.95 1.475 0.6 0
P 19 44.9375 45.0 1.475 0.6 0
P 7 67.5 18.474999999999994 2.7 1.15 0
P 2 67.5 15.525000000000006 2.7 1.15 0
P 53 40.5 18.474999999999994 2.7 1.15 0
P 2 40.5 15.525000000000006 2.7 1.15 0
P -10000 95.0 5.0 3.2 3.2 1
H 95.0 5.0 3.2
P 1 54.525000000000006 62.0 1.15 2.7 0
P 2 57.474999999999994 62.0 1.15 2.7 0
P 47 39.175 3.5 0.8 0.95 0
P 2 40.825 3.5 0.8 0.95 0
P 43 75.0 8.0 1.5 1.5 0
P 65 80.0 8.0 1.5 1.5 0
P 54 96.0 30.0 1.5 1.5 0
P 1 42.537499999999994 50.0 1.125 1.75 0
P 36 45.462500000000006 50.0 1.125 1.75 0
P 29 63.5 24.474999999999994 2.7 1.15 0
P 2 63.5 21.525000000000006 2.7 1.15 0
P 48 14.112499999999997 56.349999999999994 0.925 0.45 0
P 13 14.112499999999997 57.650000000000006 0.925 0.45 0
P 17 15.887500000000003 57.0 0.925 0.45 0
P 52 27.5 18.474999999999994 2.7 1.15 0
P 2 27.5 15.525000000000006 2.7 1.15 0
P 32 59.75 35.0 4.0 5.5 0
P 2 68.25 35.0 4.0 5.5 0
P 3 30.862499999999997 68.05 1.325 0.6 0
P 2 30.862499999999997 69.0 1.325 0.6 0
P 65 30.862499999999997 69.95 1.325 0.6 0
P 4 33.1375 69.95 1.325 0.6 0
P 1 33.1375 69.0 1.325 0.6 0
P 1 33.1375 68.05 1.325 0.6 0
P 53 45.5 24.474999999999994 2.7 1.15 0
P 2 45.5 21.525000000000006 2.7 1.15 0
P 66 53.175 77.0 0.8 0.95 0
P 23 54.825 77.0 0.8 0.95 0
P 3 7.0 69.0 1.5 1.5 0
P 42 13.174999999999997 20.0 0.8 0.95 0
P 1 14.825000000000003 20.0 0.8 0.95 0
P 50 80.0625 36.05 1.475 0.6 0
P 2 80.0625 37.95 1.475 0.6 0
P 61 81.9375 37.0 1.475 0.6 0
P 33 90.17500000000001 41.0 0.8 0.95 0
P 25 91.82499999999999 41.0 0.8 0.95 0
P -10000 5.0 75.0 3.2 3.2 1
H 5.0 75.0 3.2
P 67 58.175 77.0 0.8 0.95 0
P 44 59.825 77.0 0.8 0.95 0
P 16 31.5 18.474999999999994 2.7 1.15 0
P 2 31.5 15.525000000000006 2.7 1.15 0
P 2 96.0 57.0 1.5 1.5 0
P 53 45.5 18.474999999999994 2.7 1.15 0
P 2 45.5 15.525000000000006 2.7 1.15 0
P 2 96.0 21.0 1.5 1.5 0
P 65 31.174999999999997 73.0 0.8 0.95 0
P 2 32.825 73.0 0.8 0.95 0
P 39 96.0 24.0 1.5 1.5 0
P 52 27.5 24.474999999999994 2.7 1.15 0
P 2 27.5 21.525000000000006 2.7 1.15 0
P 19 39.75 35.0 4.0 5.5 0
P 2 48.25 35.0 4.0 5.5 0
P 33 90.525 25.0 1.15 2.7 0
P 2 93.475 25.0 1.15 2.7 0
P 56 63.175 58.0 0.8 0.95 0
P 1 64.825 58.0 0.8 0.95 0
P 1 32.525000000000006 40.0 1.15 2.7 0
P 2 35.474999999999994 40.0 1.15 2.7 0
P 1 52.525000000000006 40.0 1.15 2.7 0
P 2 55.474999999999994 40.0 1.15 2.7 0
P 1 62.537499999999994 50.0 1.125 1.75 0
P 31 65.4625 50.0 1.125 1.75 0
P 21 54.5 24.474999999999994 2.7 1.15 0
P 2 54.5 21.525000000000006 2.7 1.15 0
P 2 10.0 76.0 1.5 1.5 0
P 10 28.049999999999997 59.0 1.0 1.45 0
P 30 29.950000000000003 59.0 1.0 1.45 0
P 58 72.0 76.0 1.7 1.7 1
H 72.0 76.0 1.0
P 2 72.0 73.46 1.7 1.7 1
H 72.0 73.46 1.0
P 66 74.54 76.0 1.7 1.7 1
H 74.54 76.0 1.0
P 2 74.54 73.46 1.7 1.7 1
H 74.54 73.46 1.0
P 45 77.08 76.0 1.7 1.7 1
H 77.08 76.0 1.0
P 2 77.08 73.46 1.7 1.7 1
H 77.08 73.46 1.0
P 67 79.62 76.0 1.7 1.7 1
H 79.62 76.0 1.0
P 2 79.62 73.46 1.7 1.7 1
H 79.62 73.46 1.0
P 60 82.16 76.0 1.7 1.7 1
H 82.16 76.0 1.0
P 2 82.16 73.46 1.7 1.7 1
H 82.16 73.46 1.0
P 14 84.69999999999999 76.0 1.7 1.7 1
H 84.69999999999999 76.0 1.0
P 2 84.69999999999999 73.46 1.7 1.7 1
H 84.69999999999999 73.46 1.0
P 43 87.24000000000001 76.0 1.7 1.7 1
H 87.24000000000001 76.0 1.0
P 2 87.24000000000001 73.46 1.7 1.7 1
H 87.24000000000001 73.46 1.0
P 65 89.78 76.0 1.7 1.7 1
H 89.78 76.0 1.0
P 68 89.78 73.46 1.7 1.7 1
H 89.78 73.46 1.0
P 21 54.5 18.474999999999994 2.7 1.15 0
P 2 54.5 15.525000000000006 2.7 1.15 0
P 8 96.0 36.0 1.5 1.5 0
P 18 27.599999999999994 44.0 1.1 1.1 0
P 12 30.400000000000006 44.0 1.1 1.1 0
P 63 91.05000000000001 29.0 1.0 1.45 0
P 62 92.94999999999999 29.0 1.0 1.45 0
P 41 8.174999999999997 20.0 0.8 0.95 0
P 1 9.825000000000003 20.0 0.8 0.95 0
P 16 36.5 24.474999999999994 2.7 1.15 0
P 2 36.5 21.525000000000006 2.7 1.15 0
P 1 53.224999999999994 73.0 0.9 0.95 0
P 2 54.775000000000006 73.0 0.9 0.95 0
P 21 49.5 18.474999999999994 2.7 1.15 0
P 2 49.5 15.525000000000006 2.7 1.15 0
P 26 86.05000000000001 45.0 1.0 1.45 0
P 2 87.94999999999999 45.0 1.0 1.45 0
P 20 49.525000000000006 49.0 1.15 2.7 0
P 2 52.474999999999994 49.0 1.15 2.7 0
P 1 60.525000000000006 62.0 1.15 2.7 0
P 2 63.474999999999994 62.0 1.15 2.7 0
P 64 91.05000000000001 37.0 1.0 1.45 0
P 62 92.94999999999999 37.0 1.0 1.45 0
P 1 35.525000000000006 64.0 1.15 2.7 0
P 2 38.474999999999994 64.0 1.15 2.7 0
P 49 90.05000000000001 18.0 1.0 1.45 0
P 2 91.94999999999999 18.0 1.0 1.45 0
P 35 90.05000000000001 12.0 1.0 1.45 0
P 2 91.94999999999999 12.0 1.0 1.45 0
P 46 29.174999999999997 9.0 0.8 0.95 0
P 2 30.825000000000003 9.0 0.8 0.95 0
P 2 7.0 36.0 1.5 1.5 0
P 1 38.175 48.0 0.8 0.95 0
P 37 39.825 48.0 0.8 0.95 0
P 39 76.525 16.0 1.15 2.7 0
P 2 79.475 16.0 1.15 2.7 0
P 5 96.0 54.0 1.5 1.5 0
P 18 7.0 45.0 1.5 1.5 0
T 1 0 44.525000000000006 61.0 41.525000000000006 64.0 0.8
T 1 0 63.188500000000005 4.202300000000001 63.188500000000005 3.5782000000000025 0.2
T 1 0 64.9848 4.202300000000001 63.188500000000005 4.202300000000001 0.2
T 1 0 24.450000000000003 29.549999999999997 24.299999999999997 29.549999999999997 0.2
T 1 0 23.200000000000003 30.049999999999997 22.900000000000006 30.049999999999997 0.2
T 1 0 23.75 29.75 23.700000000000003 29.799999999999997 0.2
T 1 0 20.202799999999996 68.472 20.202799999999996 69.944 0.8
T 1 0 36.5 71.0 34.5 69.0 0.5
T 1 0 71.3 9.700000000000003 71.3 7.100000000000001 0.2
T 1 0 24.25 29.599999999999994 24.099999999999994 29.599999999999994 0.2
T 1 0 25.75 28.75 25.599999999999994 28.75 0.2
T 1 0 26.75 28.349999999999994 26.599999999999994 28.349999999999994 0.2
T 1 0 76.213 60.724000000000004 75.762 60.272000000000006 0.8
T 1 0 44.25 6.598300000000002 46.646 4.202300000000001 0.2
T 1 0 69.5014 11.9619 69.5014 8.718899999999998 0.2
T 1 0 26.799999999999997 28.299999999999997 26.75 28.349999999999994 0.2
T 1 0 22.799999999999997 30.150000000000006 22.549999999999997 30.150000000000006 0.2
T 1 0 33.3 67.55 33.400000000000006 67.45 0.5
T 1 0 25.400000000000006 28.849999999999994 25.049999999999997 29.200000000000003 0.2
T 1 0 72.825 12.0 72.0388 12.786200000000001 0.2
T 1 0 33.3 67.65 33.3 67.55 0.5
T 1 0 13.149999999999999 39.349999999999994 12.5 40.0 0.2
T 1 0 34.8 64.75 35.55 64.0 0.8
T 1 0 39.7915 50.0 39.2668 49.475300000000004 0.5
T 1 0 45.212500000000006 61.0 44.525000000000006 61.0 0.8
T 1 0 14.825000000000003 24.745000000000005 14.825000000000003 20.0 0.8
T 1 0 72.85 12.0 72.75 12.100000000000001 0.2
T 1 0 19.75 35.0 17.525000000000006 35.0 0.5
T 1 0 24.950000000000003 29.200000000000003 24.650000000000006 29.5 0.2
T 1 0 33.400000000000006 67.4 33.5 67.3 0.5
T 1 0 23.599999999999994 29.799999999999997 23.5 29.900000000000006 0.2
T 1 0 33.5 67.3 33.5 67.2 0.5
T 1 0 39.25 7.5 39.25 8.547699999999999 0.2
T 1 0 45.75 7.5 45.75 6.390900000000002 0.2
T 1 0 8.265900000000002 18.245400000000004 9.332999999999998 18.245400000000004 0.8
T 1 0 30.315700000000007 31.766099999999994 32.525000000000006 33.97539999999999 0.5
T 1 0 63.897000000000006 58.928 64.825 58.0 0.5
T 1 0 71.25 7.049999999999997 71.25 6.899999999999999 0.2
T 1 0 9.906599999999997 33.081599999999995 9.825000000000003 33.0 0.8
T 1 0 58.852999999999994 69.0 59.622 68.23 0.5
T 1 0 26.200000000000003 28.400000000000006 26.099999999999994 28.5 0.2
T 1 0 34.5 69.0 33.150000000000006 69.0 0.5
T 1 0 62.893 50.355000000000004 65.558 53.021 0.5
T 1 0 44.25 7.5 44.25 6.598300000000002 0.2
T 1 0 32.525000000000006 42.349999999999994 32.525000000000006 40.0 0.5
T 1 0 5.225000000000001 28.400000000000006 9.825000000000003 33.0 0.8
T 1 0 57.315 52.56100000000001 57.315 48.8596 0.5
T 1 0 62.538 50.0 62.893 50.355000000000004 0.5
T 1 0 57.068 69.0 57.175 69.0 0.8
T 1 0 39.2668 49.475300000000004 37.312200000000004 51.43000000000001 0.5
T 1 0 5.225000000000001 24.0 5.225000000000001 28.400000000000006 0.8
T 1 0 49.537499999999994 61.0 52.462500000000006 61.0 0.8
T 1 0 33.150000000000006 67.8 33.3 67.65 0.5
T 1 0 34.8 65.15 34.8 64.75 0.8
T 1 0 65.1 2.049999999999997 64.65 2.049999999999997 0.2
T 1 0 53.224999999999994 73.0 53.224999999999994 72.844 0.8
T 1 0 39.75 7.5 39.75 8.401699999999998 0.2
T 1 0 24.099999999999994 29.599999999999994 23.950000000000003 29.75 0.2
T 1 0 57.732 52.977999999999994 57.315 52.56100000000001 0.5
T 1 0 11.007100000000001 33.081599999999995 9.906599999999997 33.081599999999995 0.8
T 1 0 64.6 2.0 62.45 2.0 0.2
T 1 0 65.85 2.6000000000000014 65.8 2.6000000000000014 0.2
T 1 0 45.212500000000006 61.0 46.787499999999994 61.0 0.8
T 1 0 70.55 6.149999999999999 70.55 6.100000000000001 0.2
T 1 0 58.572 63.953 60.525000000000006 62.0 0.8
T 1 0 8.027099999999997 51.881 7.8812 51.881 0.8
T 1 0 60.753 58.928 63.897000000000006 58.928 0.5
T 1 0 70.55 6.100000000000001 68.05 3.6000000000000014 0.2
T 1 0 33.650000000000006 67.05 33.650000000000006 66.5 0.5
T 1 0 66.25 3.0 65.85 2.6000000000000014 0.2
T 1 0 25.049999999999997 29.200000000000003 24.950000000000003 29.200000000000003 0.2
T 1 0 15.450000000000003 37.25 15.400000000000006 37.25 0.2
T 1 0 72.5375 55.0 72.538 55.0 0.8
T 1 0 48.55 2.299999999999997 48.349999999999994 2.5 0.2
T 1 0 53.825 69.0 53.04600000000001 68.221 0.5
T 1 0 33.650000000000006 66.5 34.099999999999994 66.05 0.5
T 1 0 22.549999999999997 30.150000000000006 15.450000000000003 37.25 0.2
T 1 0 38.462500000000006 69.0 40.245000000000005 69.0 0.8
T 1 0 42.537499999999994 50.0 39.7915 50.0 0.5
T 1 0 33.400000000000006 67.45 33.400000000000006 67.4 0.5
T 1 0 62.45 2.0 62.099999999999994 1.6499999999999986 0.2
T 1 0 48.787499999999994 68.338 48.4375 67.988 0.8
T 1 0 7.8812 51.881 7.0 51.0 0.8
T 1 0 23.5 29.900000000000006 23.349999999999994 29.900000000000006 0.2
T 1 0 12.524999999999999 51.474999999999994 12.524999999999999 40.0 0.5
T 1 0 54.525000000000006 62.0 56.477999999999994 63.953 0.8
T 1 0 7.0 63.0 14.730800000000002 63.0 0.8
T 1 0 15.400000000000006 37.25 14.049999999999997 38.599999999999994 0.2
T 1 0 47.0 2.549999999999997 43.95 5.600000000000001 0.2
T 1 0 14.730800000000002 63.0 20.202799999999996 68.472 0.8
T 1 0 48.349999999999994 2.5 47.2 2.5 0.2
T 1 0 60.117999999999995 58.293000000000006 60.753 58.928 0.5
T 1 0 14.474999999999994 25.095 14.825000000000003 24.745000000000005 0.8
T 1 0 46.646 4.202300000000001 63.188500000000005 4.202300000000001 0.2
T 1 0 59.009 58.754000000000005 59.47 58.293000000000006 0.5
T 1 0 39.75 8.898600000000002 39.75 8.401699999999998 0.2
T 1 0 38.175 48.0 39.2668 49.091800000000006 0.5
T 1 0 58.825 69.0 58.852999999999994 69.0 0.5
T 1 0 36.4855 70.977 38.462500000000006 69.0 0.8
T 1 0 25.5 28.849999999999994 25.400000000000006 28.849999999999994 0.2
T 1 0 37.312200000000004 52.556 37.710300000000004 52.95399999999999 0.5
T 1 0 32.525000000000006 33.97539999999999 32.525000000000006 40.0 0.5
T 1 0 52.175 69.0 53.825 69.0 0.5
T 1 0 47.212500000000006 69.0 48.787499999999994 69.0 0.5
T 1 0 52.525000000000006 40.0 58.175 45.650000000000006 0.5
T 1 0 22.983900000000006 31.766099999999994 30.315700000000007 31.766099999999994 0.5
T 1 0 57.175 69.0 58.825 69.0 0.5
T 1 0 38.175 48.0 32.525000000000006 42.349999999999994 0.5
T 1 0 60.269999999999996 52.977999999999994 57.732 52.977999999999994 0.5
T 1 0 47.150000000000006 2.549999999999997 47.0 2.549999999999997 0.2
T 1 0 34.099999999999994 66.05 34.099999999999994 65.85 0.8
T 1 0 65.505 63.974999999999994 62.5 63.974999999999994 0.8
T 1 0 24.5 29.5 24.450000000000003 29.549999999999997 0.2
T 1 0 71.25 6.899999999999999 71.1 6.75 0.2
T 1 0 13.25 39.349999999999994 13.149999999999999 39.349999999999994 0.2
T 1 0 48.787499999999994 69.0 48.787499999999994 68.338 0.8
T 1 0 49.537499999999994 61.0 46.787499999999994 61.0 0.8
T 1 0 45.75 7.5 46.25 7.5 0.2
T 1 0 59.25 1.6499999999999986 58.599999999999994 2.299999999999997 0.2
T 1 0 65.8 2.6000000000000014 65.3 2.1000000000000014 0.2
T 1 0 53.525000000000006 61.0 54.525000000000006 62.0 0.8
T 1 0 72.538 55.0 72.538 56.94199999999999 0.8
T 1 0 58.599999999999994 2.299999999999997 48.55 2.299999999999997 0.2
T 1 0 34.099999999999994 65.85 34.8 65.15 0.8
T 1 0 33.5 67.2 33.650000000000006 67.05 0.5
T 1 0 47.212500000000006 69.0 45.932500000000005 67.72 0.8
T 1 0 25.599999999999994 28.75 25.5 28.849999999999994 0.2
T 1 0 5.225000000000001 21.286299999999997 8.265900000000002 18.245400000000004 0.8
T 1 0 60.117999999999995 58.293000000000006 59.825 58.0 0.5
T 1 0 19.75 35.0 22.983900000000006 31.766099999999994 0.5
T 1 0 62.5 63.974999999999994 60.525000000000006 62.0 0.8
T 1 0 28.508899999999997 10.3339 28.508899999999997 10.174799999999998 0.2
T 1 0 58.175 45.650000000000006 58.175 48.0 0.5
T 1 0 40.245000000000005 69.0 41.525000000000006 67.72 0.8
T 1 0 26.900000000000006 28.299999999999997 26.799999999999997 28.299999999999997 0.2
T 1 0 26.0 28.5 25.75 28.75 0.2
T 1 0 45.932500000000005 67.72 41.525000000000006 67.72 0.8
T 1 0 13.726799999999997 18.901799999999994 14.825000000000003 20.0 0.8
T 1 0 24.299999999999997 29.549999999999997 24.25 29.599999999999994 0.2
T 1 0 23.700000000000003 29.799999999999997 23.599999999999994 29.799999999999997 0.2
T 1 0 39.2668 49.091800000000006 39.2668 49.475300000000004 0.5
T 1 0 59.47 58.293000000000006 60.117999999999995 58.293000000000006 0.5
T 1 0 21.2359 70.977 36.4855 70.977 0.8
T 1 0 26.599999999999994 28.349999999999994 26.549999999999997 28.400000000000006 0.2
T 1 0 24.650000000000006 29.5 24.5 29.5 0.2
T 1 0 62.099999999999994 1.6499999999999986 59.25 1.6499999999999986 0.2
T 1 0 5.225000000000001 24.0 5.225000000000001 21.286299999999997 0.8
T 1 0 56.477999999999994 63.953 58.572 63.953 0.8
T 1 0 75.4625 55.0 75.462 55.0 0.2
T 1 0 47.2 2.5 47.150000000000006 2.549999999999997 0.2
T 1 0 48.787499999999994 69.0 52.175 69.0 0.8
T 1 0 33.150000000000006 68.05 33.150000000000006 67.8 0.5
T 1 0 39.25 8.547699999999999 35.372 12.425699999999999 0.2
T 1 0 26.549999999999997 28.400000000000006 26.200000000000003 28.400000000000006 0.2
T 1 0 43.95 5.600000000000001 43.75 5.600000000000001 0.2
T 1 0 68.05 3.6000000000000014 68.05 3.0 0.2
T 1 0 23.950000000000003 29.75 23.75 29.75 0.2
T 1 0 22.900000000000006 30.049999999999997 22.799999999999997 30.150000000000006 0.2
T 1 0 72.538 56.94199999999999 65.505 63.974999999999994 0.8
T 1 0 9.332999999999998 18.245400000000004 10.456299999999999 19.368700000000004 0.8
T 1 0 54.622 71.447 52.175 69.0 0.8
T 1 0 53.224999999999994 72.844 54.622 71.447 0.8
T 1 0 54.622 71.447 57.068 69.0 0.8
T 1 0 62.537499999999994 50.0 62.538 50.0 0.2
T 1 0 65.558 53.021 73.484 53.021 0.5
T 1 0 71.1 6.700000000000003 70.55 6.149999999999999 0.2
T 1 0 62.893 50.355000000000004 60.269999999999996 52.977999999999994 0.5
T 1 0 72.0388 12.786200000000001 70.3257 12.786200000000001 0.2
T 1 0 71.5 9.899999999999999 71.3 9.700000000000003 0.2
T 1 0 17.525000000000006 35.0 12.524999999999999 40.0 0.5
T 1 0 23.349999999999994 29.900000000000006 23.200000000000003 30.049999999999997 0.2
T 1 0 68.05 3.0 66.25 3.0 0.2
T 1 0 27.049999999999997 28.150000000000006 26.900000000000006 28.299999999999997 0.2
T 1 0 33.751599999999996 13.202100000000002 35.4465 13.202100000000002 0.2
T 1 0 37.312200000000004 51.43000000000001 37.312200000000004 52.556 0.5
T 1 0 35.4465 13.202100000000002 39.75 8.898600000000002 0.2
T 1 0 41.525000000000006 67.72 41.525000000000006 64.0 0.8
T 1 0 10.923200000000001 18.901799999999994 13.726799999999997 18.901799999999994 0.8
T 1 0 7.0 57.0 12.524999999999999 51.474999999999994 0.5
T 1 0 64.65 2.049999999999997 64.6 2.0 0.2
T 1 0 9.825000000000003 20.0 10.923200000000001 18.901799999999994 0.8
T 1 0 27.099999999999994 28.150000000000006 27.049999999999997 28.150000000000006 0.2
T 1 0 70.3257 12.786200000000001 69.5014 11.9619 0.2
T 1 0 65.3 2.1000000000000014 65.15 2.1000000000000014 0.2
T 1 0 52.462 61.0 53.525000000000006 61.0 0.8
T 1 0 56.923 52.95399999999999 57.315 52.56100000000001 0.5
T 1 0 65.15 2.1000000000000014 65.1 2.049999999999997 0.2
T 1 0 20.202799999999996 69.944 21.2359 70.977 0.8
T 1 0 71.3 7.100000000000001 71.25 7.049999999999997 0.2
T 1 0 71.1 6.75 71.1 6.700000000000003 0.2
T 1 0 69.5014 8.718899999999998 64.9848 4.202300000000001 0.2
T 1 0 73.484 53.021 75.462 55.0 0.5
T 1 0 37.710300000000004 52.95399999999999 56.923 52.95399999999999 0.5
T 1 0 14.0 38.599999999999994 13.25 39.349999999999994 0.2
T 1 0 14.049999999999997 38.599999999999994 14.0 38.599999999999994 0.2
T 1 0 57.315 48.8596 58.175 48.0 0.5
T 1 0 72.5375 55.0 75.4625 55.0 0.8
T 1 0 26.099999999999994 28.5 26.0 28.5 0.2
T 1 0 33.150000000000006 68.05 33.150000000000006 69.0 0.5
P 1 33.751599999999996 13.202100000000002 0.6 0.6 1
H 33.751599999999996 13.202100000000002 0.3
P 1 72.75 12.100000000000001 0.6 0.6 1
H 72.75 12.100000000000001 0.3
P 1 75.762 60.272000000000006 0.6 0.6 1
H 75.762 60.272000000000006 0.3
P 1 28.508899999999997 10.174799999999998 0.6 0.6 1
H 28.508899999999997 10.174799999999998 0.3
P 1 8.027099999999997 51.881 0.6 0.6 1
H 8.027099999999997 51.881 0.3
P 1 47.6281 39.9996 0.6 0.6 1
H 47.6281 39.9996 0.3
P 1 11.007100000000001 33.081599999999995 0.6 0.6 1
H 11.007100000000001 33.081599999999995 0.3
P 1 59.622 68.23 0.6 0.6 1
H 59.622 68.23 0.3
P 1 45.75 6.390900000000002 0.6 0.6 1
H 45.75 6.390900000000002 0.3
P 1 48.4375 67.988 0.6 0.6 1
H 48.4375 67.988 0.3
P 1 35.372 12.425699999999999 0.6 0.6 1
H 35.372 12.425699999999999 0.3
P 1 27.099999999999994 28.150000000000006 0.6 0.6 1
H 27.099999999999994 28.150000000000006 0.3
P 1 71.5 9.899999999999999 0.6 0.6 1
H 71.5 9.899999999999999 0.3
P 1 53.04600000000001 68.221 0.6 0.6 1
H 53.04600000000001 68.221 0.3
P 1 29.2269 23.674999999999997 0.6 0.6 1
H 29.2269 23.674999999999997 0.3
P 1 43.75 5.600000000000001 0.6 0.6 1
H 43.75 5.600000000000001 0.3
P 1 63.188500000000005 3.5782000000000025 0.6 0.6 1
H 63.188500000000005 3.5782000000000025 0.3
P 1 59.009 58.754000000000005 0.6 0.6 1
H 59.009 58.754000000000005 0.3
T 1 2 33.3 22.25 33.3 22.400000000000006 0.2
T 1 2 27.549999999999997 27.849999999999994 27.400000000000006 27.849999999999994 0.2
T 1 2 8.027099999999997 51.881 11.007100000000001 48.9012 0.8
T 1 2 27.400000000000006 27.849999999999994 27.099999999999994 28.150000000000006 0.2
T 1 2 61.3267 48.8257 61.3267 5.439999999999998 0.2
T 1 2 28.099999999999994 27.450000000000003 28.0 27.450000000000003 0.2
T 1 2 28.349999999999994 27.25 28.200000000000003 27.400000000000006 0.2
T 1 2 29.395399999999995 23.843500000000006 29.2269 23.674999999999997 0.2
T 1 2 32.855599999999995 14.098100000000002 32.855599999999995 22.134699999999995 0.2
T 1 2 33.751599999999996 13.202100000000002 32.855599999999995 14.098100000000002 0.2
T 1 2 33.3 22.400000000000006 28.650000000000006 27.049999999999997 0.2
T 1 2 28.599999999999994 27.049999999999997 28.400000000000006 27.25 0.2
T 1 2 61.3267 5.439999999999998 63.188500000000005 3.5782000000000025 0.2
T 1 2 28.650000000000006 27.049999999999997 28.599999999999994 27.049999999999997 0.2
T 1 2 65.132 52.631 59.009 58.754000000000005 0.5
T 1 2 33.599999999999994 15.900000000000006 33.599999999999994 17.349999999999994 0.2
T 1 2 59.009 58.754000000000005 59.009 67.617 0.5
T 1 2 65.132 52.631 61.3267 48.8257 0.2
T 1 2 72.1 11.399999999999999 71.5 10.799999999999997 0.2
T 1 2 35.150000000000006 13.399999999999999 35.099999999999994 13.450000000000003 0.2
T 1 2 35.372 12.425699999999999 35.25 12.75 0.2
T 1 2 35.099999999999994 13.450000000000003 35.099999999999994 13.950000000000003 0.2
T 1 2 11.007100000000001 48.9012 11.007100000000001 33.081599999999995 0.8
T 1 2 28.0 27.450000000000003 27.700000000000003 27.75 0.2
T 1 2 59.009 67.617 59.622 68.23 0.5
T 1 2 35.25 12.75 35.150000000000006 12.850000000000001 0.2
T 1 2 47.6281 62.803 47.6281 39.9996 0.5
T 1 2 35.099999999999994 13.950000000000003 33.75 15.299999999999997 0.2
T 1 2 33.349999999999994 17.599999999999994 33.349999999999994 22.200000000000003 0.2
T 1 2 72.75 12.100000000000001 72.1 11.450000000000003 0.2
T 1 2 33.75 15.299999999999997 33.75 15.75 0.2
T 1 2 33.75 15.75 33.599999999999994 15.900000000000006 0.2
T 1 2 27.650000000000006 27.75 27.549999999999997 27.849999999999994 0.2
T 1 2 33.349999999999994 22.200000000000003 33.3 22.25 0.2
T 1 2 28.200000000000003 27.400000000000006 28.150000000000006 27.400000000000006 0.2
T 1 2 33.599999999999994 17.349999999999994 33.349999999999994 17.599999999999994 0.2
T 1 2 27.700000000000003 27.75 27.650000000000006 27.75 0.2
T 1 2 71.5 10.799999999999997 71.5 9.899999999999999 0.2
T 1 2 72.1 11.450000000000003 72.1 11.399999999999999 0.2
T 1 2 31.1468 23.843500000000006 29.395399999999995 23.843500000000006 0.2
T 1 2 35.372 12.425699999999999 35.25 12.549999999999997 0.2
T 1 2 28.150000000000006 27.400000000000006 28.099999999999994 27.450000000000003 0.2
T 1 2 28.400000000000006 27.25 28.349999999999994 27.25 0.2
T 1 2 35.150000000000006 12.850000000000001 35.150000000000006 13.399999999999999 0.2
T 1 2 32.855599999999995 22.134699999999995 31.1468 23.843500000000006 0.2
T 1 2 53.04600000000001 68.221 47.6281 62.803 0.5
T 1 1 56.153000000000006 60.272000000000006 75.762 60.272000000000006 0.8
T 1 1 48.4375 67.988 56.153000000000006 60.272000000000006 0.8
T 1 1 45.0916 5.732500000000002 45.75 6.390900000000002 0.2
T 1 1 8.027099999999997 51.881 24.1336 67.988 0.8
T 1 1 45.551500000000004 39.9996 29.2269 23.674999999999997 0.5
T 1 1 28.508899999999997 10.174799999999998 32.9512 5.732500000000002 0.2
T 1 1 43.75 5.600000000000001 43.900000000000006 5.75 0.2
T 1 1 32.9512 5.732500000000002 45.0916 5.732500000000002 0.2
T 1 1 24.1336 67.988 48.4375 67.988 0.8
T 1 1 47.6281 39.9996 45.551500000000004 39.9996 0.5
T 2 0 31.5 15.525000000000006 30.435199999999995 15.525000000000006 0.2
T 2 0 84.86250000000001 66.925 82.6473 66.925 0.2
T 2 0 77.5378 66.7756 78.9881 66.7756 0.2
T 2 0 60.2076 59.4782 61.4012 59.4782 0.2
T 2 0 70.5 17.299999999999997 70.55 17.299999999999997 0.2
T 2 0 40.825 3.5 40.825 3.6418000000000035 0.2
T 2 0 14.474999999999994 27.635000000000005 14.474999999999994 28.905 0.2
T 2 0 78.9881 66.7756 79.13749999999999 66.925 0.2
T 2 0 76.25 17.75 76.35 17.75 0.2
T 2 0 27.614800000000002 15.639799999999994 29.927599999999998 15.639799999999994 0.2
T 2 0 29.522400000000005 70.1865 29.822400000000002 70.1865 0.2
T 2 0 69.95 17.0 70.0 17.0 0.2
T 2 0 49.5 21.525000000000006 50.4842 20.540800000000004 0.2
T 2 0 67.45 16.150000000000006 67.85 16.150000000000006 0.2
T 2 0 30.825000000000003 9.0 30.103099999999998 9.721899999999998 0.2
T 2 0 30.103099999999998 9.721899999999998 30.103099999999998 14.653199999999998 0.2
T 2 0 29.927599999999998 15.639799999999994 30.238799999999998 15.328599999999994 0.2
T 2 0 91.94999999999999 18.0 91.94999999999999 12.0 0.2
T 2 0 76.5621 64.325 76.9558 63.93129999999999 0.2
T 2 0 6.774999999999999 24.0 6.774999999999999 26.602900000000005 0.2
T 2 0 70.25 17.25 70.45 17.25 0.2
T 2 0 57.474999999999994 60.549400000000006 59.136399999999995 60.549400000000006 0.2
T 2 0 66.55 15.400000000000006 66.75 15.599999999999994 0.2
T 2 0 7.0 60.0 7.261200000000002 60.2612 0.2
T 2 0 50.4842 20.540800000000004 53.5158 20.540800000000004 0.2
T 2 0 54.400000000000006 9.549999999999997 54.349999999999994 9.549999999999997 0.2
T 2 0 67.5 15.525000000000006 72.5 15.525000000000006 0.2
T 2 0 84.86250000000001 66.9765 84.86250000000001 66.925 0.2
T 2 0 77.5378 65.625 77.5378 66.7756 0.2
T 2 0 80.9974 41.77760000000001 79.6756 41.77760000000001 0.2
T 2 0 40.825 4.680300000000003 38.75 6.755299999999998 0.2
T 2 0 27.5 15.525000000000006 27.614800000000002 15.639799999999994 0.2
T 2 0 30.103099999999998 14.653199999999998 30.238799999999998 14.788899999999998 0.2
T 2 0 55.8365 60.549400000000006 54.825 59.53789999999999 0.2
T 2 0 32.825 72.0421 32.825 73.0 0.2
T 2 0 63.5 21.525000000000006 67.5 21.525000000000006 0.2
T 2 0 75.8625 64.325 76.5621 64.325 0.2
T 2 0 75.55 17.650000000000006 75.6 17.700000000000003 0.2
T 2 0 71.25 17.400000000000006 71.35 17.5 0.2
T 2 0 58.5 15.525000000000006 63.5 15.525000000000006 0.2
T 2 0 79.4493 40.8399 79.4493 38.563199999999995 0.2
T 2 0 51.648799999999994 59.823800000000006 49.825 58.0 0.2
T 2 0 24.474999999999994 65.0 20.950000000000003 61.474999999999994 0.2
T 2 0 85.9067 63.174400000000006 85.0119 63.174400000000006 0.2
T 2 0 76.0119 63.174400000000006 75.8625 63.025000000000006 0.2
T 2 0 40.825 3.6418000000000035 44.922 3.6418000000000035 0.2
T 2 0 94.94999999999999 23.525000000000006 94.94999999999999 21.0 0.2
T 2 0 82.6473 66.925 79.13749999999999 66.925 0.2
T 2 0 77.5378 65.625 76.928 65.625 0.2
T 2 0 55.47539999999999 39.9996 55.474999999999994 40.0 0.2
T 2 0 27.111500000000007 69.894 27.111500000000007 70.1762 0.2
T 2 0 78.44900000000001 64.325 78.0994 63.97539999999999 0.2
T 2 0 76.9558 63.7752 76.9558 63.174400000000006 0.2
T 2 0 70.75 17.400000000000006 71.25 17.400000000000006 0.2
T 2 0 79.13749999999999 64.325 78.44900000000001 64.325 0.2
T 2 0 79.475 14.3446 79.475 12.524999999999999 0.2
T 2 0 79.25 72.25 79.25 72.3 0.2
T 2 0 85.0119 65.4756 84.86250000000001 65.625 0.2
T 2 0 32.1726 48.302400000000006 31.474999999999994 49.0 0.2
T 2 0 79.475 16.0 79.475 14.3446 0.2
T 2 0 84.9057 19.044300000000007 85.94999999999999 18.0 0.2
T 2 0 83.94999999999999 41.0 81.775 41.0 0.2
T 2 0 47.75 9.334800000000001 48.560100000000006 10.1449 0.2
T 2 0 75.35 17.5 75.5 17.650000000000006 0.2
T 2 0 54.45 9.5 54.400000000000006 9.549999999999997 0.2
T 2 0 40.825 3.6418000000000035 40.825 4.680300000000003 0.2
T 2 0 85.9067 64.0267 85.9067 63.174400000000006 0.2
T 2 0 64.5 16.75 62.400000000000006 16.75 0.2
T 2 0 87.775 59.0 88.775 60.0 0.2
T 2 0 36.6417 21.383300000000006 36.5 21.525000000000006 0.2
T 2 0 69.0 16.5 69.3 16.799999999999997 0.2
T 2 0 20.698899999999995 48.873900000000006 19.825000000000003 48.0 0.2
T 2 0 14.474999999999994 28.905 14.825000000000003 29.254999999999995 0.2
T 2 0 70.45 17.25 70.5 17.299999999999997 0.2
T 2 0 88.775 60.0 93.0 60.0 0.2
T 2 0 31.5 21.525000000000006 27.5 21.525000000000006 0.2
T 2 0 69.8 16.75 69.85 16.799999999999997 0.2
T 2 0 96.0 31.534000000000006 96.0 33.0 0.2
T 2 0 10.037500000000001 62.03789999999999 10.787100000000002 62.03789999999999 0.2
T 2 0 63.474999999999994 61.55200000000001 66.273 61.55200000000001 0.2
T 2 0 32.129599999999996 22.154600000000002 35.870400000000004 22.154600000000002 0.2
T 2 0 73.6804 14.3446 72.5 15.525000000000006 0.2
T 2 0 25.712000000000003 63.763000000000005 24.474999999999994 65.0 0.2
T 2 0 70.55 17.299999999999997 70.6 17.349999999999994 0.2
T 2 0 57.474999999999994 60.549400000000006 55.8365 60.549400000000006 0.2
T 2 0 76.9558 63.174400000000006 76.9006 63.174400000000006 0.2
T 2 0 79.25 72.3 79.19999999999999 72.35 0.2
T 2 0 77.1 17.799999999999997 77.35 17.799999999999997 0.2
T 2 0 54.5 21.525000000000006 58.5 21.525000000000006 0.2
T 2 0 50.474999999999994 35.0 48.25 35.0 0.2
T 2 0 93.475 25.0 94.94999999999999 23.525000000000006 0.2
T 2 0 14.474999999999994 26.364999999999995 14.474999999999994 27.635000000000005 0.2
T 2 0 38.238 63.763000000000005 38.474999999999994 64.0 0.2
T 2 0 79.775 59.0 87.775 59.0 0.2
T 2 0 67.5 21.525000000000006 72.5 21.525000000000006 0.2
T 2 0 79.475 12.524999999999999 80.0 12.0 0.2
T 2 0 55.474999999999994 40.0 50.474999999999994 35.0 0.2
T 2 0 24.563699999999997 49.101200000000006 25.462500000000006 50.0 0.2
T 2 0 79.13749999999999 65.625 77.5378 65.625 0.2
T 2 0 67.0625 68.95 69.3761 68.95 0.2
T 2 0 76.8281 63.174400000000006 76.0119 63.174400000000006 0.2
T 2 0 27.5 21.525000000000006 22.5 21.525000000000006 0.2
T 2 0 27.897499999999994 63.763000000000005 25.712000000000003 63.763000000000005 0.2
T 2 0 66.7 16.75 69.8 16.75 0.2
T 2 0 40.5 21.525000000000006 40.3583 21.383300000000006 0.2
T 2 0 82.6473 65.7744 84.7131 65.7744 0.2
T 2 0 66.75 15.599999999999994 66.85 15.599999999999994 0.2
T 2 0 79.475 18.791799999999995 79.475 16.0 0.2
T 2 0 34.637699999999995 40.8373 35.474999999999994 40.0 0.2
T 2 0 74.7 16.799999999999997 75.6 17.700000000000003 0.2
T 2 0 50.3351 10.1449 52.25 8.229999999999997 0.2
T 2 0 68.25 16.5 69.0 16.5 0.2
T 2 0 27.5 15.525000000000006 22.5 15.525000000000006 0.2
T 2 0 35.870400000000004 22.154600000000002 36.5 21.525000000000006 0.2
T 2 0 76.928 65.625 75.8625 65.625 0.2
T 2 0 85.96879999999999 65.4756 85.0119 65.4756 0.2
T 2 0 76.45 17.849999999999994 78.5 17.849999999999994 0.2
T 2 0 79.475 19.044300000000007 84.9057 19.044300000000007 0.2
T 2 0 67.85 16.150000000000006 67.9 16.200000000000003 0.2
T 2 0 70.6 17.349999999999994 70.7 17.349999999999994 0.2
T 2 0 75.6 17.700000000000003 77.0 17.700000000000003 0.2
T 2 0 77.35 17.799999999999997 77.45 17.900000000000006 0.2
T 2 0 85.608 67.722 86.83449999999999 67.722 0.2
T 2 0 54.5 15.525000000000006 58.5 15.525000000000006 0.2
T 2 0 67.9 16.200000000000003 67.95 16.200000000000003 0.2
T 2 0 82.6473 66.925 82.6473 65.7744 0.2
T 2 0 9.775599999999997 61.775999999999996 10.037500000000001 62.03789999999999 0.2
T 2 0 30.462500000000006 55.0 30.474999999999994 55.0 0.2
T 2 0 54.75 9.5 54.45 9.5 0.2
T 2 0 77.1125 35.0 80.0625 37.95 0.2
T 2 0 69.85 16.950000000000003 69.9 16.950000000000003 0.2
T 2 0 69.75 16.849999999999994 69.85 16.950000000000003 0.2
T 2 0 67.35 16.049999999999997 67.45 16.150000000000006 0.2
T 2 0 20.950000000000003 61.474999999999994 20.950000000000003 61.0 0.2
T 2 0 54.825 58.0 54.825 59.53789999999999 0.2
T 2 0 77.45 17.900000000000006 78.55000000000001 17.900000000000006 0.2
T 2 0 67.3 16.049999999999997 67.35 16.049999999999997 0.2
T 2 0 27.111500000000007 70.1762 28.9825 70.1762 0.2
T 2 0 40.3583 21.383300000000006 38.5 21.383300000000006 0.2
T 2 0 24.215100000000007 49.101200000000006 24.563699999999997 49.101200000000006 0.2
T 2 0 48.560100000000006 10.1449 50.3351 10.1449 0.2
T 2 0 32.733900000000006 71.951 32.825 72.0421 0.2
T 2 0 76.8281 63.174400000000006 76.9006 63.174400000000006 0.2
T 2 0 72.0 71.5739 69.3761 68.95 0.2
T 2 0 79.4493 38.563199999999995 80.0625 37.95 0.2
T 2 0 28.992800000000003 70.1865 29.522400000000005 70.1865 0.2
T 2 0 14.323499999999996 40.0 15.474999999999994 40.0 0.2
T 2 0 14.474999999999994 28.905 9.524999999999999 28.905 0.2
T 2 0 85.0119 63.174400000000006 84.86250000000001 63.025000000000006 0.2
T 2 0 53.81529999999999 59.823800000000006 51.648799999999994 59.823800000000006 0.2
T 2 0 81.775 41.0 80.9974 41.77760000000001 0.2
T 2 0 45.5 21.525000000000006 49.5 21.525000000000006 0.2
T 2 0 44.31399999999999 64.161 44.474999999999994 64.0 0.2
T 2 0 47.75 7.5 47.75 9.334800000000001 0.2
T 2 0 30.758899999999997 69.25 31.75 69.25 0.2
T 2 0 69.3761 68.95 70.1375 68.1886 0.2
T 2 0 85.608 67.722 84.86250000000001 66.9765 0.2
T 2 0 13.0 71.54 10.0 74.54 0.2
T 2 0 96.0 21.0 94.94999999999999 21.0 0.2
T 2 0 67.95 16.200000000000003 68.25 16.5 0.2
T 2 0 76.928 64.6909 76.928 65.625 0.2
T 2 0 38.5 21.383300000000006 36.6417 21.383300000000006 0.2
T 2 0 14.825000000000003 29.254999999999995 14.825000000000003 33.0 0.2
T 2 0 76.9558 61.819199999999995 79.775 59.0 0.2
T 2 0 38.5 15.525000000000006 38.5 21.383300000000006 0.2
T 2 0 85.96879999999999 64.6854 85.96879999999999 65.4756 0.2
T 2 0 61.4012 59.4782 63.474999999999994 61.55200000000001 0.2
T 2 0 38.5 15.525000000000006 36.5 15.525000000000006 0.2
T 2 0 59.136399999999995 60.549400000000006 60.2076 59.4782 0.2
T 2 0 54.101200000000006 59.53789999999999 53.81529999999999 59.823800000000006 0.2
T 2 0 54.825 59.53789999999999 54.101200000000006 59.53789999999999 0.2
T 2 0 66.273 61.55200000000001 69.825 58.0 0.2
T 2 0 10.787100000000002 62.03789999999999 11.825000000000003 61.0 0.2
T 2 0 76.9558 63.93129999999999 76.9558 63.7752 0.2
T 2 0 79.6756 41.77760000000001 79.47389999999999 41.575900000000004 0.2
T 2 0 79.47389999999999 40.86450000000001 79.4493 40.8399 0.2
T 2 0 34.096599999999995 40.8373 34.637699999999995 40.8373 0.2
T 2 0 45.5 15.525000000000006 40.5 15.525000000000006 0.2
T 2 0 9.077100000000002 28.905 9.524999999999999 28.905 0.2
T 2 0 78.55000000000001 17.900000000000006 79.44999999999999 18.799999999999997 0.2
T 2 0 76.9558 63.174400000000006 76.9558 61.819199999999995 0.2
T 2 0 79.475 14.3446 73.6804 14.3446 0.2
T 2 0 76.5621 64.325 76.928 64.6909 0.2
T 2 0 49.5 15.525000000000006 54.5 15.525000000000006 0.2
T 2 0 30.238799999999998 14.788899999999998 30.238799999999998 15.328599999999994 0.2
T 2 0 38.75 6.755299999999998 38.75 7.5 0.2
T 2 0 72.0 73.46 72.0 71.5739 0.2
T 2 0 81.5 72.0 81.44999999999999 72.0 0.2
T 2 0 68.25 35.0 77.1125 35.0 0.2
T 2 0 10.0 74.54 10.0 76.0 0.2
T 2 0 79.475 18.791799999999995 79.475 19.044300000000007 0.2
T 2 0 7.261200000000002 61.775999999999996 9.775599999999997 61.775999999999996 0.2
T 2 0 96.03399999999999 31.5 96.0 31.534000000000006 0.2
T 2 0 30.435199999999995 15.525000000000006 30.238799999999998 15.328599999999994 0.2
T 2 0 31.5 21.525000000000006 32.129599999999996 22.154600000000002 0.2
T 2 0 77.1119 63.7752 76.9558 63.7752 0.2
T 2 0 69.9 16.950000000000003 69.95 17.0 0.2
T 2 0 8.1098 46.57470000000001 7.0 47.6845 0.2
T 2 0 54.349999999999994 9.549999999999997 54.3 9.600000000000001 0.2
T 2 0 86.83449999999999 67.722 87.0625 67.95 0.2
T 2 0 71.35 17.5 75.35 17.5 0.2
T 2 0 7.0 47.6845 7.0 48.0 0.2
T 2 0 53.5158 20.540800000000004 54.5 21.525000000000006 0.2
T 2 0 77.8992 63.7752 77.1119 63.7752 0.2
T 2 0 85.60839999999999 64.325 85.96879999999999 64.6854 0.2
T 2 0 85.60839999999999 64.325 85.9067 64.0267 0.2
T 2 0 69.85 16.799999999999997 74.7 16.799999999999997 0.2
T 2 0 79.47389999999999 41.575900000000004 79.47389999999999 40.86450000000001 0.2
T 2 0 25.462500000000006 50.0 30.462500000000006 55.0 0.2
T 2 0 33.175 55.0 30.474999999999994 55.0 0.2
T 2 0 95.68100000000001 25.7414 94.2164 25.7414 0.2
T 2 0 28.9825 70.1762 28.992800000000003 70.1865 0.2
T 2 0 63.474999999999994 61.55200000000001 63.474999999999994 62.0 0.2
T 2 0 55.59 57.235 54.825 58.0 0.2
T 2 0 43.1596 64.161 44.31399999999999 64.161 0.2
T 2 0 52.25 8.229999999999997 52.25 7.5 0.2
T 2 0 93.0 60.0 96.0 57.0 0.2
T 2 0 55.518 72.257 54.775000000000006 73.0 0.2
T 2 0 77.0 17.700000000000003 77.1 17.799999999999997 0.2
T 2 0 40.5 15.525000000000006 38.5 15.525000000000006 0.2
T 2 0 37.0 63.763000000000005 38.238 63.763000000000005 0.2
T 2 0 70.1375 68.1886 70.1375 66.925 0.2
T 2 0 69.65 16.799999999999997 69.7 16.849999999999994 0.2
T 2 0 55.539 72.257 55.518 72.257 0.2
T 2 0 53.18600000000001 48.289 52.474999999999994 49.0 0.2
T 2 0 53.774 48.289 53.18600000000001 48.289 0.2
T 2 0 76.2 17.700000000000003 76.25 17.75 0.2
T 2 0 78.5 17.849999999999994 79.44999999999999 18.799999999999997 0.2
T 2 0 6.774999999999999 26.602900000000005 9.077100000000002 28.905 0.2
T 2 0 69.7 16.849999999999994 69.75 16.849999999999994 0.2
T 2 0 94.2164 25.7414 93.475 25.0 0.2
T 2 0 87.94999999999999 45.0 83.94999999999999 41.0 0.2
T 2 0 70.7 17.349999999999994 70.75 17.400000000000006 0.2
T 2 0 75.5 17.650000000000006 75.55 17.650000000000006 0.2
T 2 0 76.35 17.75 76.45 17.849999999999994 0.2
T 2 0 21.201899999999995 48.873900000000006 20.698899999999995 48.873900000000006 0.2
T 2 0 69.3 16.799999999999997 69.65 16.799999999999997 0.2
T 2 0 57.474999999999994 60.549400000000006 57.474999999999994 62.0 0.2
T 2 0 57.370000000000005 39.9996 55.47539999999999 39.9996 0.2
T 2 0 70.0 17.0 70.25 17.25 0.2
T 2 0 78.0994 63.97539999999999 77.8992 63.7752 0.2
T 2 0 75.6 17.700000000000003 76.2 17.700000000000003 0.2
T 2 0 84.86250000000001 64.325 85.60839999999999 64.325 0.2
T 2 0 7.261200000000002 60.2612 7.261200000000002 61.775999999999996 0.2
T 2 0 66.85 15.599999999999994 67.3 16.049999999999997 0.2
T 2 0 33.6328 48.302400000000006 32.1726 48.302400000000006 0.2
T 2 0 84.7131 65.7744 84.86250000000001 65.625 0.2
T 2 0 94.94999999999999 21.0 91.94999999999999 18.0 0.2
T 2 0 79.475 19.044300000000007 79.475 22.0 0.2
P 2 85.608 67.722 0.6 0.6 1
H 85.608 67.722 0.3
P 2 57.370000000000005 39.9996 0.6 0.6 1
H 57.370000000000005 39.9996 0.3
P 2 54.3 9.600000000000001 0.6 0.6 1
H 54.3 9.600000000000001 0.3
P 2 66.55 15.400000000000006 0.6 0.6 1
H 66.55 15.400000000000006 0.3
P 2 60.650000000000006 11.850000000000001 0.6 0.6 1
H 60.650000000000006 11.850000000000001 0.3
P 2 56.44799999999999 45.37820000000001 0.6 0.6 1
H 56.44799999999999 45.37820000000001 0.3
P 2 55.59 57.235 0.6 0.6 1
H 55.59 57.235 0.3
P 2 24.215100000000007 49.101200000000006 0.6 0.6 1
H 24.215100000000007 49.101200000000006 0.3
P 2 34.096599999999995 40.8373 0.6 0.6 1
H 34.096599999999995 40.8373 0.3
P 2 95.68100000000001 25.7414 0.6 0.6 1
H 95.68100000000001 25.7414 0.3
P 2 62.400000000000006 16.75 0.6 0.6 1
H 62.400000000000006 16.75 0.3
P 2 81.44999999999999 72.0 0.6 0.6 1
H 81.44999999999999 72.0 0.3
P 2 32.733900000000006 71.951 0.6 0.6 1
H 32.733900000000006 71.951 0.3
P 2 21.201899999999995 48.873900000000006 0.6 0.6 1
H 21.201899999999995 48.873900000000006 0.3
P 2 43.1596 64.161 0.6 0.6 1
H 43.1596 64.161 0.3
P 2 27.897499999999994 63.763000000000005 0.6 0.6 1
H 27.897499999999994 63.763000000000005 0.3
P 2 53.774 48.289 0.6 0.6 1
H 53.774 48.289 0.3
P 2 37.0 63.763000000000005 0.6 0.6 1
H 37.0 63.763000000000005 0.3
P 2 96.03399999999999 31.5 0.6 0.6 1
H 96.03399999999999 31.5 0.3
P 2 14.323499999999996 40.0 0.6 0.6 1
H 14.323499999999996 40.0 0.3
P 2 9.624200000000002 42.7531 0.6 0.6 1
H 9.624200000000002 42.7531 0.3
P 2 33.6328 48.302400000000006 0.6 0.6 1
H 33.6328 48.302400000000006 0.3
P 2 8.1098 46.57470000000001 0.6 0.6 1
H 8.1098 46.57470000000001 0.3
P 2 79.19999999999999 72.35 0.6 0.6 1
H 79.19999999999999 72.35 0.3
P 2 79.475 18.791799999999995 0.6 0.6 1
H 79.475 18.791799999999995 0.3
P 2 55.539 72.257 0.6 0.6 1
H 55.539 72.257 0.3
P 2 66.7 16.75 0.6 0.6 1
H 66.7 16.75 0.3
T 2 2 54.75 11.100000000000001 54.8 11.149999999999999 0.2
T 2 2 81.94999999999999 71.45 82.75 70.65 0.2
T 2 2 82.85 69.7 84.1 68.45 0.2
T 2 2 80.5 71.5 82.30000000000001 69.7 0.2
T 2 2 80.05000000000001 71.5 80.5 71.5 0.2
T 2 2 60.45 11.649999999999999 60.650000000000006 11.850000000000001 0.2
T 2 2 84.69999999999999 68.45 85.608 67.722 0.2
T 2 2 83.94999999999999 69.4 83.94999999999999 69.35 0.2
T 2 2 85.44999999999999 67.7 85.608 67.722 0.2
T 2 2 82.75 70.65 82.75 70.6 0.2
T 2 2 53.95 11.100000000000001 54.75 11.100000000000001 0.2
T 2 2 81.44999999999999 72.0 81.94999999999999 71.5 0.2
T 2 2 81.94999999999999 71.5 81.94999999999999 71.45 0.2
T 2 2 83.94999999999999 69.35 85.608 67.722 0.2
T 2 2 84.1 68.45 84.69999999999999 68.45 0.2
T 2 2 82.30000000000001 69.7 82.85 69.7 0.2
T 2 2 60.150000000000006 11.649999999999999 60.45 11.649999999999999 0.2
T 2 2 54.3 9.600000000000001 54.099999999999994 9.799999999999997 0.2
T 2 2 59.650000000000006 11.149999999999999 60.150000000000006 11.649999999999999 0.2
T 2 2 53.95 9.799999999999997 53.95 11.100000000000001 0.2
T 2 2 54.8 11.149999999999999 59.650000000000006 11.149999999999999 0.2
T 2 2 79.19999999999999 72.35 80.05000000000001 71.5 0.2
T 2 2 82.75 70.6 83.94999999999999 69.4 0.2
T 2 2 54.099999999999994 9.799999999999997 53.95 9.799999999999997 0.2
T 2 1 62.400000000000006 12.649999999999999 62.45 12.700000000000003 0.2
T 2 1 65.9 14.799999999999997 66.1 15.0 0.2
T 2 1 62.650000000000006 12.799999999999997 63.0 13.149999999999999 0.2
T 2 1 63.55 13.200000000000003 63.599999999999994 13.25 0.2
T 2 1 60.650000000000006 11.850000000000001 60.8 11.850000000000001 0.2
T 2 1 61.75 12.299999999999997 62.05 12.600000000000001 0.2
T 2 1 62.5 12.700000000000003 62.599999999999994 12.799999999999997 0.2
T 2 1 64.15 13.649999999999999 64.3 13.799999999999997 0.2
T 2 1 62.599999999999994 12.799999999999997 62.650000000000006 12.799999999999997 0.2
T 2 1 60.8 11.850000000000001 60.900000000000006 11.950000000000003 0.2
T 2 1 62.400000000000006 16.75 66.7 16.75 0.2
T 2 1 63.599999999999994 13.25 63.650000000000006 13.25 0.2
T 2 1 61.2 12.0 61.349999999999994 12.149999999999999 0.2
T 2 1 63.849999999999994 13.399999999999999 64.1 13.649999999999999 0.2
T 2 1 63.25 13.149999999999999 63.3 13.200000000000003 0.2
T 2 1 62.05 12.600000000000001 62.099999999999994 12.600000000000001 0.2
T 2 1 63.3 13.200000000000003 63.55 13.200000000000003 0.2
T 2 1 66.15 15.0 66.55 15.400000000000006 0.2
T 2 1 63.650000000000006 13.25 63.8 13.399999999999999 0.2
T 2 1 64.5 13.850000000000001 65.15 14.5 0.2
T 2 1 60.95 11.950000000000003 61.0 12.0 0.2
T 2 1 65.75 14.799999999999997 65.9 14.799999999999997 0.2
T 2 1 62.150000000000006 12.649999999999999 62.400000000000006 12.649999999999999 0.2
T 2 1 64.4 13.799999999999997 64.45 13.850000000000001 0.2
T 2 1 65.45 14.5 65.75 14.799999999999997 0.2
T 2 1 62.099999999999994 12.600000000000001 62.150000000000006 12.649999999999999 0.2
T 2 1 62.45 12.700000000000003 62.5 12.700000000000003 0.2
T 2 1 63.8 13.399999999999999 63.849999999999994 13.399999999999999 0.2
T 2 1 61.349999999999994 12.149999999999999 61.400000000000006 12.149999999999999 0.2
T 2 1 64.3 13.799999999999997 64.4 13.799999999999997 0.2
T 2 1 64.45 13.850000000000001 64.5 13.850000000000001 0.2
T 2 1 60.900000000000006 11.950000000000003 60.95 11.950000000000003 0.2
T 2 1 61.0 12.0 61.2 12.0 0.2
T 2 1 61.400000000000006 12.149999999999999 61.55 12.299999999999997 0.2
T 2 1 65.15 14.5 65.45 14.5 0.2
T 2 1 61.55 12.299999999999997 61.75 12.299999999999997 0.2
T 2 1 64.1 13.649999999999999 64.15 13.649999999999999 0.2
T 2 1 66.1 15.0 66.15 15.0 0.2
T 2 1 63.0 13.149999999999999 63.25 13.149999999999999 0.2
T 3 0 13.450000000000003 68.6 13.399999999999999 68.6 0.5
T 3 0 20.299999999999997 65.05 20.099999999999994 65.25 0.5
T 3 0 36.05 75.0 36.05 72.3 0.5
T 3 0 13.700000000000003 68.35 13.450000000000003 68.6 0.5
T 3 0 31.650000000000006 66.9 30.849999999999994 67.7 0.5
T 3 0 29.650000000000006 67.05 29.400000000000006 67.05 0.5
T 3 0 19.049999999999997 65.6 19.0 65.65 0.5
T 3 0 21.450000000000003 65.05 20.299999999999997 65.05 0.5
T 3 0 19.650000000000006 65.6 19.049999999999997 65.6 0.5
T 3 0 13.0 69.0 7.0 69.0 0.8
T 3 0 30.349999999999994 67.75 29.650000000000006 67.05 0.5
T 3 0 30.599999999999994 67.8 30.450000000000003 67.8 0.5
T 3 0 29.25 66.9 28.650000000000006 66.9 0.5
T 3 0 28.599999999999994 66.85 23.400000000000006 66.85 0.5
T 3 0 20.0 65.25 19.650000000000006 65.6 0.5
T 3 0 21.599999999999994 65.05 21.450000000000003 65.05 0.5
T 3 0 30.849999999999994 67.7 30.849999999999994 68.05 0.5
T 3 0 31.650000000000006 66.85 31.650000000000006 66.9 0.5
T 3 0 30.400000000000006 67.75 30.349999999999994 67.75 0.5
T 3 0 21.462500000000006 65.062 21.525000000000006 65.0 0.8
T 3 0 13.399999999999999 68.6 13.0 69.0 0.5
T 3 0 29.400000000000006 67.05 29.25 66.9 0.5
T 3 0 30.450000000000003 67.8 30.400000000000006 67.75 0.5
T 3 0 23.400000000000006 66.85 21.599999999999994 65.05 0.5
T 3 0 36.05 72.3 36.2 72.15 0.5
T 3 0 20.099999999999994 65.25 20.0 65.25 0.5
T 3 0 30.849999999999994 68.05 30.599999999999994 67.8 0.5
T 3 0 28.650000000000006 66.9 28.599999999999994 66.85 0.5
P 3 19.0 65.65 0.6 0.6 1
H 19.0 65.65 0.3
P 3 31.650000000000006 66.85 0.6 0.6 1
H 31.650000000000006 66.85 0.3
P 3 36.2 72.15 0.6 0.6 1
H 36.2 72.15 0.3
P 3 13.700000000000003 68.35 0.6 0.6 1
H 13.700000000000003 68.35 0.3
T 3 2 17.5 66.25 17.400000000000006 66.25 0.5
T 3 2 18.950000000000003 65.7 18.75 65.7 0.5
T 3 2 17.049999999999997 66.4 15.650000000000006 66.4 0.5
T 3 2 17.400000000000006 66.25 17.349999999999994 66.3 0.5
T 3 2 18.700000000000003 65.75 18.400000000000006 65.75 0.5
T 3 2 17.549999999999997 66.2 17.5 66.25 0.5
T 3 2 18.400000000000006 65.75 18.25 65.9 0.5
T 3 2 18.150000000000006 65.9 17.849999999999994 66.2 0.5
T 3 2 34.0 69.2 31.650000000000006 66.85 0.5
T 3 2 17.849999999999994 66.2 17.549999999999997 66.2 0.5
T 3 2 19.0 65.65 18.950000000000003 65.7 0.5
T 3 2 18.75 65.7 18.700000000000003 65.75 0.5
T 3 2 34.0 69.95 34.0 69.2 0.5
T 3 2 18.25 65.9 18.150000000000006 65.9 0.5
T 3 2 17.349999999999994 66.3 17.150000000000006 66.3 0.5
T 3 2 36.2 72.15 34.0 69.95 0.5
T 3 2 15.650000000000006 66.4 13.700000000000003 68.35 0.5
T 3 2 17.150000000000006 66.3 17.049999999999997 66.4 0.5
T 4 0 33.150000000000006 69.95 33.2 70.0 0.2
P 4 37.95 75.0 0.6 0.6 1
H 37.95 75.0 0.3
P 4 33.2 70.0 0.6 0.6 1
H 33.2 70.0 0.3
T 4 2 33.2 70.25 37.95 75.0 0.2
T 4 2 33.2 70.0 33.2 70.25 0.2
T 5 0 36.175 55.0 37.825 55.0 0.5
T 5 0 24.0364 55.489000000000004 24.525000000000006 55.0 0.2
T 5 0 27.942999999999998 55.0 27.525000000000006 55.0 0.2
T 5 0 64.25 6.364199999999997 64.6177 5.9964999999999975 0.2
T 5 0 34.0012 58.824 31.766800000000003 58.824 0.2
T 5 0 24.0364 55.525999999999996 24.0364 55.489000000000004 0.2
T 5 0 37.825 55.0 38.7736 55.0 0.2
T 5 0 24.525000000000006 55.0 27.525000000000006 55.0 0.2
T 5 0 23.467100000000002 56.545 23.467100000000002 56.095 0.2
T 5 0 31.766800000000003 58.824 27.942999999999998 55.0 0.2
T 5 0 36.175 55.0 36.175 56.650000000000006 0.2
T 5 0 64.25 7.5 64.25 6.364199999999997 0.2
T 5 0 23.467100000000002 56.095 24.0364 55.525999999999996 0.2
T 5 0 23.0625 56.95 23.467100000000002 56.545 0.2
T 5 0 36.175 56.650000000000006 34.825 58.0 0.2
T 5 0 34.825 58.0 34.0012 58.824 0.2
T 5 0 96.0 52.747 96.0 54.0 0.2
P 5 96.0 52.747 0.6 0.6 1
H 96.0 52.747 0.3
P 5 38.7736 55.0 0.6 0.6 1
H 38.7736 55.0 0.3
P 5 64.6177 5.9964999999999975 0.6 0.6 1
H 64.6177 5.9964999999999975 0.3
P 5 63.084 43.2298 0.6 0.6 1
H 63.084 43.2298 0.3
T 5 2 63.084 7.530200000000001 64.6177 5.9964999999999975 0.2
T 5 2 63.084 43.2298 63.084 7.530200000000001 0.2
T 5 1 72.602 52.747 63.084 43.2298 0.2
T 5 1 63.084 43.2298 51.31399999999999 55.0 0.2
T 5 1 51.31399999999999 55.0 38.7736 55.0 0.2
T 5 1 96.0 52.747 72.602 52.747 0.2
T 6 0 22.537499999999994 50.0 23.075500000000005 49.462 0.5
T 6 0 37.75 7.5 37.75 8.401699999999998 0.2
T 6 0 23.075500000000005 47.4928 23.112499999999997 47.455799999999996 0.5
T 6 0 37.5565 8.595199999999998 37.5565 8.619399999999999 0.2
T 6 0 37.75 8.401699999999998 37.5565 8.595199999999998 0.2
T 6 0 23.112499999999997 47.455799999999996 23.112499999999997 45.650000000000006 0.5
T 6 0 23.075500000000005 49.462 23.075500000000005 47.4928 0.5
P 6 23.075500000000005 16.6695 0.6 0.6 1
H 23.075500000000005 16.6695 0.3
P 6 37.5565 8.619399999999999 0.6 0.6 1
H 37.5565 8.619399999999999 0.3
P 6 23.075500000000005 47.4928 0.6 0.6 1
H 23.075500000000005 47.4928 0.3
T 6 2 23.075500000000005 16.6695 23.075500000000005 20.296300000000002 0.2
T 6 2 23.075500000000005 47.4928 23.075500000000005 20.296300000000002 0.2
T 6 1 36.4534 10.019199999999998 37.5565 8.9161 0.2
T 6 1 23.075500000000005 16.6695 29.725800000000007 10.019199999999998 0.2
T 6 1 29.725800000000007 10.019199999999998 36.4534 10.019199999999998 0.2
T 6 1 37.5565 8.9161 37.5565 8.619399999999999 0.2
T 7 0 67.5 18.474999999999994 65.8372 16.812200000000004 0.2
T 7 0 60.25 7.5 60.25 6.598300000000002 0.2
T 7 0 67.6017 7.430799999999998 65.164 4.993099999999998 0.2
T 7 0 59.75 7.5 59.75 6.598300000000002 0.2
T 7 0 61.855199999999996 4.993099999999998 60.25 6.598300000000002 0.2
T 7 0 65.164 4.993099999999998 61.855199999999996 4.993099999999998 0.2
T 7 0 74.166 20.141199999999998 74.166 22.808800000000005 0.2
T 7 0 74.166 22.808800000000005 72.5 24.474999999999994 0.2
T 7 0 65.8372 16.812200000000004 65.8372 13.770499999999998 0.2
T 7 0 67.6017 12.006 67.6017 7.430799999999998 0.2
T 7 0 72.5 18.474999999999994 67.5 18.474999999999994 0.2
T 7 0 67.5 24.474999999999994 72.5 24.474999999999994 0.2
T 7 0 65.8372 13.770499999999998 67.6017 12.006 0.2
T 7 0 74.166 20.141000000000005 74.166 20.141199999999998 0.2
T 7 0 59.75 6.598300000000002 60.25 6.598300000000002 0.2
T 7 0 72.5 18.474999999999994 74.166 20.141000000000005 0.2
T 8 0 95.118 35.1181 96.0 36.0 0.5
T 8 0 69.175 45.0 69.175 46.423199999999994 0.5
T 8 0 70.825 45.0 72.787 45.0 0.5
T 8 0 70.65 42.534099999999995 70.65 43.0 0.2
T 8 0 69.525 46.7732 69.525 49.0 0.5
T 8 0 69.175 44.474999999999994 69.175 45.0 0.5
T 8 0 65.1451 37.0292 70.65 42.534099999999995 0.2
T 8 0 97.221 45.4791 95.92699999999999 46.7732 0.5
T 8 0 55.25 7.5 55.25 8.560699999999997 0.2
T 8 0 69.175 46.423199999999994 69.525 46.7732 0.5
T 8 0 62.75 7.5 62.75 8.401699999999998 0.2
T 8 0 69.175 45.0 70.825 45.0 0.5
T 8 0 96.0 42.0 97.221 43.2209 0.5
T 8 0 62.75 8.401699999999998 63.7659 9.4176 0.2
T 8 0 70.65 43.0 69.175 44.474999999999994 0.5
T 8 0 55.25 8.560699999999997 55.197599999999994 8.613100000000003 0.2
T 8 0 63.7659 9.4176 64.0331 9.4176 0.2
T 8 0 95.02799999999999 35.1181 95.118 35.1181 0.5
T 8 0 97.221 43.2209 97.221 45.4791 0.5
T 8 0 95.92699999999999 46.7732 69.525 46.7732 0.5
P 8 72.941 31.823700000000002 0.6 0.6 1
H 72.941 31.823700000000002 0.3
P 8 65.1451 37.0292 0.6 0.6 1
H 65.1451 37.0292 0.3
P 8 95.02799999999999 35.1181 0.6 0.6 1
H 95.02799999999999 35.1181 0.3
P 8 64.0331 9.4176 0.6 0.6 1
H 64.0331 9.4176 0.3
P 8 55.197599999999994 8.613100000000003 0.6 0.6 1
H 55.197599999999994 8.613100000000003 0.3
P 8 72.787 45.0 0.6 0.6 1
H 72.787 45.0 0.3
T 8 2 72.941 44.846199999999996 72.941 31.823700000000002 0.2
T 8 2 65.1451 37.0292 64.0331 35.917199999999994 0.2
T 8 2 64.0331 35.917199999999994 64.0331 9.4176 0.2
T 8 2 72.787 45.0 72.941 44.846199999999996 0.2
T 8 1 73.78 45.0 83.662 35.1181 0.5
T 8 1 72.787 45.0 73.78 45.0 0.5
T 8 1 55.84439999999999 14.727099999999993 55.4593 14.727099999999993 0.2
T 8 1 83.662 35.1181 95.02799999999999 35.1181 0.5
T 8 1 72.941 31.823700000000002 55.84439999999999 14.727099999999993 0.2
T 8 1 55.197599999999994 13.785400000000003 55.197599999999994 8.613100000000003 0.2
T 8 1 55.106700000000004 13.8763 55.197599999999994 13.785400000000003 0.2
T 8 1 55.106700000000004 14.374499999999998 55.106700000000004 13.8763 0.2
T 8 1 55.4593 14.727099999999993 55.106700000000004 14.374499999999998 0.2
T 9 0 20.9375 59.111999999999995 20.9375 57.0 0.2
T 9 0 22.887500000000003 55.05 23.0625 55.05 0.2
T 9 0 20.9375 57.0 22.887500000000003 55.05 0.2
T 9 0 19.049999999999997 61.0 20.9375 59.111999999999995 0.2
T 10 0 27.9375 59.0 24.9375 56.0 0.2
T 10 0 28.049999999999997 59.0 27.9375 59.0 0.2
T 11 0 24.651799999999994 43.82170000000001 23.6408 43.82170000000001 0.2
T 11 0 21.825000000000003 44.349999999999994 18.174999999999997 48.0 0.2
T 11 0 23.6408 43.82170000000001 23.112499999999997 44.349999999999994 0.2
T 11 0 38.25 7.5 38.25 6.385599999999997 0.2
T 11 0 23.112499999999997 44.349999999999994 21.825000000000003 44.349999999999994 0.2
P 11 38.6198 21.985 0.6 0.6 1
H 38.6198 21.985 0.3
P 11 38.25 6.385599999999997 0.6 0.6 1
H 38.25 6.385599999999997 0.3
P 11 28.758399999999995 25.560100000000006 0.6 0.6 1
H 28.758399999999995 25.560100000000006 0.3
P 11 24.651799999999994 43.82170000000001 0.6 0.6 1
H 24.651799999999994 43.82170000000001 0.3
T 11 2 38.6198 21.985 38.25 21.6152 0.2
T 11 2 24.651799999999994 43.82170000000001 24.651799999999994 29.666700000000006 0.2
T 11 2 24.651799999999994 29.666700000000006 28.758399999999995 25.560100000000006 0.2
T 11 2 38.25 21.6152 38.25 6.385599999999997 0.2
T 11 1 28.977800000000002 23.073300000000003 28.625200000000007 23.4259 0.2
T 11 1 28.625200000000007 25.426900000000003 28.758399999999995 25.560100000000006 0.2
T 11 1 38.6198 21.985 38.1926 22.4122 0.2
T 11 1 28.625200000000007 23.4259 28.625200000000007 25.426900000000003 0.2
T 11 1 38.1926 22.4122 29.9469 22.4122 0.2
T 11 1 29.9469 22.4122 29.285799999999995 23.073300000000003 0.2
T 11 1 29.285799999999995 23.073300000000003 28.977800000000002 23.073300000000003 0.2
T 12 0 26.053399999999996 45.075199999999995 26.987499999999997 45.075199999999995 0.5
T 12 0 29.324799999999996 45.075199999999995 30.400000000000006 44.0 0.5
T 12 0 25.9782 45.0 26.053399999999996 45.075199999999995 0.5
T 12 0 93.53999999999999 33.7148 93.53999999999999 33.792100000000005 0.5
T 12 0 92.82499999999999 33.0 93.53999999999999 33.7148 0.5
T 12 0 25.9782 37.2718 25.9782 45.0 0.5
T 12 0 34.825 59.92400000000001 34.825 61.0 0.5
T 12 0 25.9782 45.0 24.887500000000003 45.0 0.5
T 12 0 26.987499999999997 45.075199999999995 29.324799999999996 45.075199999999995 0.5
T 12 0 28.25 35.0 25.9782 37.2718 0.5
P 12 93.53999999999999 33.792100000000005 0.6 0.6 1
H 93.53999999999999 33.792100000000005 0.3
P 12 34.825 59.92400000000001 0.6 0.6 1
H 34.825 59.92400000000001 0.3
P 12 26.987499999999997 45.075199999999995 0.6 0.6 1
H 26.987499999999997 45.075199999999995 0.3
T 12 1 26.987499999999997 45.075199999999995 31.441599999999994 49.529300000000006 0.5
T 12 1 83.5 33.792100000000005 93.53999999999999 33.792100000000005 0.5
T 12 1 31.441599999999994 49.529300000000006 34.3352 49.529300000000006 0.5
T 12 1 34.825 59.92400000000001 34.3352 59.434 0.5
T 12 1 78.00999999999999 39.282 83.5 33.792100000000005 0.5
T 12 1 34.3352 59.434 34.3352 49.529300000000006 0.5
T 12 1 34.3352 49.529300000000006 53.974000000000004 49.529300000000006 0.5
T 12 1 53.974000000000004 49.529300000000006 64.221 39.282 0.5
T 12 1 64.221 39.282 78.00999999999999 39.282 0.5
T 13 0 14.112499999999997 57.650000000000006 13.524999999999999 57.650000000000006 0.2
T 13 0 13.524999999999999 57.650000000000006 10.174999999999997 61.0 0.2
T 14 0 69.1 74.15 70.4 74.15 0.2
T 14 0 69.05 74.2 69.1 74.15 0.2
T 14 0 68.1 74.2 69.05 74.2 0.2
T 14 0 70.8 74.55 70.8 74.65 0.2
T 14 0 70.95 74.8 83.5 74.8 0.2
T 14 0 70.4 74.15 70.8 74.55 0.2
T 14 0 70.8 74.65 70.95 74.8 0.2
T 14 0 67.3 75.0 68.1 74.2 0.2
T 14 0 83.5 74.8 84.69999999999999 76.0 0.2
T 14 0 67.15 75.0 67.3 75.0 0.2
T 15 0 85.0 8.0 85.803 7.1972999999999985 0.2
T 15 0 46.75 6.412100000000002 46.770399999999995 6.3917 0.2
T 15 0 85.803 7.1972999999999985 85.803 7.016300000000001 0.2
T 15 0 68.175 58.0 67.436 58.739000000000004 0.2
T 15 0 69.745 74.779 69.046 74.779 0.2
T 15 0 69.046 74.779 68.825 75.0 0.2
T 15 0 46.75 7.5 46.75 6.412100000000002 0.2
P 15 69.745 74.779 0.6 0.6 1
H 69.745 74.779 0.3
P 15 67.436 3.645400000000002 0.6 0.6 1
H 67.436 3.645400000000002 0.3
P 15 67.436 58.739000000000004 0.6 0.6 1
H 67.436 58.739000000000004 0.3
P 15 85.803 7.016300000000001 0.6 0.6 1
H 85.803 7.016300000000001 0.3
P 15 46.770399999999995 6.3917 0.6 0.6 1
H 46.770399999999995 6.3917 0.3
T 15 2 67.436 58.739000000000004 67.9128 58.26220000000001 0.2
T 15 2 67.436 72.471 67.436 58.739000000000004 0.2
T 15 2 67.9128 4.122199999999999 67.436 3.645400000000002 0.2
T 15 2 67.9128 58.26220000000001 67.9128 4.122199999999999 0.2
T 15 2 69.745 74.779 67.436 72.471 0.2
T 15 1 85.803 7.016300000000001 82.43209999999999 3.645400000000002 0.2
T 15 1 66.7671 2.9765000000000015 50.5222 2.9765000000000015 0.2
T 15 1 82.43209999999999 3.645400000000002 67.436 3.645400000000002 0.2
T 15 1 47.107 6.3917 46.770399999999995 6.3917 0.2
T 15 1 50.5222 2.9765000000000015 47.107 6.3917 0.2
T 15 1 67.436 3.645400000000002 66.7671 2.9765000000000015 0.2
T 16 0 34.8249 16.799899999999994 33.1751 16.799899999999994 0.2
T 16 0 36.5 24.474999999999994 31.5 24.474999999999994 0.2
T 16 0 36.9594 18.934299999999993 36.9594 19.8724 0.2
T 16 0 34.8249 16.799899999999994 36.5 18.474999999999994 0.2
T 16 0 36.5 18.474999999999994 36.9593 18.934299999999993 0.2
T 16 0 33.1751 16.799899999999994 31.5 18.474999999999994 0.2
T 16 0 36.9593 18.934299999999993 36.9594 18.934299999999993 0.2
T 16 0 34.8249 14.944000000000003 34.8249 16.799899999999994 0.2
T 16 0 54.580600000000004 10.453600000000002 56.25 8.784199999999998 0.2
T 16 0 56.25 8.784199999999998 56.25 7.5 0.2
T 16 0 54.580600000000004 10.453600000000002 52.089299999999994 12.944899999999997 0.2
T 16 0 57.75 6.271700000000003 57.7499 6.271700000000003 0.2
T 16 0 52.089299999999994 12.944899999999997 36.824 12.944899999999997 0.2
T 16 0 57.75 7.5 57.75 6.271700000000003 0.2
T 16 0 36.9594 19.8724 37.3655 20.278499999999994 0.2
T 16 0 37.1185 24.474999999999994 36.5 24.474999999999994 0.2
T 16 0 38.3352 23.258300000000006 37.1185 24.474999999999994 0.2
T 16 0 36.824 12.944899999999997 34.8249 14.944000000000003 0.2
P 16 37.3655 20.278499999999994 0.6 0.6 1
H 37.3655 20.278499999999994 0.3
P 16 54.580600000000004 10.453600000000002 0.6 0.6 1
H 54.580600000000004 10.453600000000002 0.3
P 16 38.3352 23.258300000000006 0.6 0.6 1
H 38.3352 23.258300000000006 0.3
P 16 57.7499 6.271700000000003 0.6 0.6 1
H 57.7499 6.271700000000003 0.3
T 16 2 57.7499 7.284300000000002 57.7499 6.271700000000003 0.2
T 16 2 38.3352 23.258300000000006 37.3655 22.288600000000002 0.2
T 16 2 37.3655 22.288600000000002 37.3655 20.278499999999994 0.2
T 16 2 54.580600000000004 10.453600000000002 57.7499 7.284300000000002 0.2
T 17 0 15.825000000000003 61.0 15.825000000000003 57.062 0.2
T 17 0 18.1126 57.0 15.887500000000003 57.0 0.2
T 17 0 15.825000000000003 57.062 15.887500000000003 57.0 0.2
T 17 0 19.0625 56.05 18.1126 57.0 0.2
T 18 0 18.403499999999994 58.587 18.403499999999994 59.884 0.5
T 18 0 31.010000000000005 42.9773 30.843500000000006 42.9773 0.5
T 18 0 30.843500000000006 42.9773 28.622699999999995 42.9773 0.5
T 18 0 15.1357 61.961 14.174999999999997 61.0 0.5
T 18 0 16.326700000000002 61.961 15.1357 61.961 0.5
T 18 0 7.888100000000001 44.111900000000006 7.0 45.0 0.5
T 18 0 19.0625 57.95 18.4251 58.587 0.5
T 18 0 18.4251 58.587 18.403499999999994 58.587 0.5
T 18 0 41.25 8.608600000000003 41.25 7.5 0.2
T 18 0 31.407899999999998 43.37520000000001 31.010000000000005 42.9773 0.5
T 18 0 31.407899999999998 46.11709999999999 31.407899999999998 43.37520000000001 0.5
T 18 0 18.403499999999994 58.587 17.7967 57.980999999999995 0.5
T 18 0 28.525000000000006 49.0 31.407899999999998 46.11709999999999 0.5
T 18 0 18.403499999999994 59.884 16.326700000000002 61.961 0.5
T 18 0 28.622699999999995 42.9773 27.599999999999994 44.0 0.5
T 18 0 30.843500000000006 42.9773 30.843500000000006 42.838300000000004 0.5
T 18 0 41.75 7.5 41.25 7.5 0.2
P 18 41.25 8.608600000000003 0.6 0.6 1
H 41.25 8.608600000000003 0.3
P 18 7.888100000000001 44.111900000000006 0.6 0.6 1
H 7.888100000000001 44.111900000000006 0.3
P 18 17.7967 57.980999999999995 0.6 0.6 1
H 17.7967 57.980999999999995 0.3
P 18 30.843500000000006 42.838300000000004 0.6 0.6 1
H 30.843500000000006 42.838300000000004 0.3
T 18 2 41.4208 8.779400000000003 41.25 8.608600000000003 0.2
T 18 2 41.4208 32.260999999999996 30.843500000000006 42.838300000000004 0.5
T 18 2 41.4208 32.260999999999996 41.4208 8.779400000000003 0.2
T 18 1 17.7967 44.3715 8.1477 44.3715 0.5
T 18 1 19.329899999999995 42.838300000000004 17.7967 44.3715 0.5
T 18 1 17.7967 44.3715 17.7967 57.980999999999995 0.5
T 18 1 30.843500000000006 42.838300000000004 19.329899999999995 42.838300000000004 0.5
T 18 1 8.1477 44.3715 7.888100000000001 44.111900000000006 0.5
T 19 0 46.9375 43.0 44.9375 45.0 0.5
T 19 0 46.9375 42.1875 46.9375 43.0 0.5
T 19 0 47.599999999999994 43.0 46.9375 43.0 0.5
T 19 0 39.75 35.0 46.9375 42.1875 0.5
T 20 0 42.75 8.401699999999998 42.75 10.7211 0.2
T 20 0 42.75 7.5 42.75 8.401699999999998 0.2
T 20 0 49.175 45.0 50.825 45.0 0.5
T 20 0 49.175 44.224999999999994 49.175 45.0 0.5
T 20 0 49.790400000000005 48.7346 50.824 48.7346 0.5
T 20 0 50.825 48.7334 50.824 48.7346 0.5
T 20 0 7.0 39.0 7.066800000000001 38.9332 0.5
T 20 0 42.75 10.7211 43.89660000000001 11.8677 0.2
T 20 0 43.25 7.5 42.75 7.5 0.2
T 20 0 49.525000000000006 49.0 49.790400000000005 48.7346 0.5
T 20 0 50.825 45.0 50.825 48.7334 0.5
T 20 0 50.400000000000006 43.0 49.175 44.224999999999994 0.5
T 20 0 7.066800000000001 38.9332 8.298900000000003 38.9332 0.5
P 20 50.824 48.7346 0.6 0.6 1
H 50.824 48.7346 0.3
P 20 43.89660000000001 11.8677 0.6 0.6 1
H 43.89660000000001 11.8677 0.3
P 20 8.298900000000003 38.9332 0.6 0.6 1
H 8.298900000000003 38.9332 0.3
T 20 1 8.298900000000003 38.9332 28.001599999999996 38.9332 0.5
T 20 1 28.001599999999996 23.2693 30.406400000000005 20.864500000000007 0.2
T 20 1 50.824 48.7346 37.803 48.7346 0.5
T 20 1 37.803 48.7346 28.001599999999996 38.9332 0.5
T 20 1 30.406400000000005 20.864500000000007 34.8998 20.864500000000007 0.2
T 20 1 28.001599999999996 23.2693 28.001599999999996 38.9332 0.5
T 20 1 34.8998 20.864500000000007 43.89660000000001 11.8677 0.2
T 21 0 47.82170000000001 16.7967 49.5 18.474999999999994 0.2
T 21 0 58.75 8.401699999999998 58.75 8.475299999999997 0.2
T 21 0 58.75 7.5 58.75 8.401699999999998 0.2
T 21 0 58.75 8.401699999999998 59.151700000000005 8.803400000000003 0.2
T 21 0 56.025000000000006 20.0 59.2255 20.0 0.2
T 21 0 54.5 24.474999999999994 51.617000000000004 24.474999999999994 0.2
T 21 0 47.82170000000001 14.978399999999993 47.82170000000001 16.7967 0.2
T 21 0 53.477000000000004 13.7483 49.0518 13.7483 0.2
T 21 0 61.25 7.5 61.25 8.401699999999998 0.2
T 21 0 60.1588 22.118799999999993 58.877399999999994 23.400199999999998 0.2
T 21 0 55.574799999999996 23.400199999999998 54.5 24.474999999999994 0.2
T 21 0 60.1588 20.933300000000003 60.1588 22.118799999999993 0.2
T 21 0 58.877399999999994 23.400199999999998 55.574799999999996 23.400199999999998 0.2
T 21 0 54.5 18.474999999999994 56.025000000000006 20.0 0.2
T 21 0 58.75 8.475299999999997 53.477000000000004 13.7483 0.2
T 21 0 59.2255 20.0 60.1588 20.933300000000003 0.2
T 21 0 49.0518 13.7483 47.82170000000001 14.978399999999993 0.2
T 21 0 60.848299999999995 8.803400000000003 61.25 8.401699999999998 0.2
T 21 0 49.5 18.474999999999994 54.5 18.474999999999994 0.2
T 21 0 51.617000000000004 24.474999999999994 49.5 24.474999999999994 0.2
T 21 0 59.151700000000005 8.803400000000003 60.848299999999995 8.803400000000003 0.2
T 22 0 48.75 9.468600000000002 48.778499999999994 9.497100000000003 0.2
T 22 0 47.997 57.822 48.175 58.0 0.2
T 22 0 48.75 7.5 48.75 8.401699999999998 0.2
T 22 0 49.825 77.0 47.824 74.999 0.2
T 22 0 48.75 8.401699999999998 48.75 9.468600000000002 0.2
T 22 0 45.5801 57.822 47.997 57.822 0.2
P 22 48.778499999999994 9.497100000000003 0.6 0.6 1
H 48.778499999999994 9.497100000000003 0.3
P 22 47.824 74.999 0.6 0.6 1
H 47.824 74.999 0.3
P 22 45.5801 57.822 0.6 0.6 1
H 45.5801 57.822 0.3
T 22 2 48.778499999999994 9.497100000000003 48.778499999999994 14.075599999999994 0.2
T 22 2 45.5801 72.755 47.824 74.999 0.2
T 22 2 45.5801 57.822 45.786500000000004 57.616 0.2
T 22 2 45.5801 57.822 45.5801 72.755 0.2
T 22 2 45.786500000000004 17.0676 45.786500000000004 57.616 0.2
T 22 2 48.778499999999994 14.075599999999994 45.786500000000004 17.0676 0.2
T 23 0 53.774 57.056 53.175 57.656000000000006 0.2
T 23 0 54.825 77.0 55.539 76.286 0.2
T 23 0 55.539 76.286 55.539 76.17 0.2
T 23 0 53.175 57.656000000000006 53.175 58.0 0.2
T 23 0 49.25 6.733499999999999 48.9143 6.397799999999997 0.2
T 23 0 49.25 7.5 49.25 6.733499999999999 0.2
P 23 48.9143 6.397799999999997 0.6 0.6 1
H 48.9143 6.397799999999997 0.3
P 23 55.539 76.17 0.6 0.6 1
H 55.539 76.17 0.3
P 23 53.774 57.056 0.6 0.6 1
H 53.774 57.056 0.3
T 23 2 48.4025 41.862399999999994 48.4025 51.684 0.2
T 23 2 49.3802 40.884699999999995 48.4025 41.862399999999994 0.2
T 23 2 48.9143 8.7134 49.3802 9.179299999999998 0.2
T 23 2 49.3802 9.179299999999998 49.3802 40.884699999999995 0.2
T 23 2 55.539 76.17 53.774 74.405 0.2
T 23 2 48.4025 51.684 53.774 57.056 0.2
T 23 2 48.9143 6.397799999999997 48.9143 8.7134 0.2
T 23 2 53.774 74.405 53.774 57.056 0.2
T 24 0 33.175 58.0 33.175 56.650000000000006 0.2
T 24 0 33.175 56.650000000000006 34.825 55.0 0.2
T 24 0 52.143600000000006 6.395600000000002 52.254400000000004 6.395600000000002 0.2
T 24 0 51.75 6.789200000000001 52.143600000000006 6.395600000000002 0.2
T 24 0 35.147499999999994 54.013000000000005 34.825 54.336 0.2
T 24 0 34.825 54.336 34.825 55.0 0.2
T 24 0 51.75 7.5 51.75 6.789200000000001 0.2
P 24 52.254400000000004 6.395600000000002 0.6 0.6 1
H 52.254400000000004 6.395600000000002 0.3
P 24 35.147499999999994 54.013000000000005 0.6 0.6 1
H 35.147499999999994 54.013000000000005 0.3
T 24 2 43.199 15.474199999999996 43.199 36.18429999999999 0.2
T 24 2 52.254400000000004 6.1865999999999985 51.0001 4.932299999999998 0.2
T 24 2 49.468 4.932299999999998 47.9637 6.4365999999999985 0.2
T 24 2 35.147499999999994 44.2358 43.199 36.18429999999999 0.2
T 24 2 47.9637 6.4365999999999985 47.9637 10.709499999999998 0.2
T 24 2 52.254400000000004 6.395600000000002 52.254400000000004 6.1865999999999985 0.2
T 24 2 47.9637 10.709499999999998 43.199 15.474199999999996 0.2
T 24 2 51.0001 4.932299999999998 49.468 4.932299999999998 0.2
T 24 2 35.147499999999994 54.013000000000005 35.147499999999994 44.2358 0.2
T 25 0 53.75 7.5 53.75 6.374600000000001 0.2
T 25 0 53.75 6.374600000000001 53.7371 6.361699999999999 0.2
T 25 0 91.911 40.9144 91.82499999999999 41.0 0.2
T 25 0 91.82499999999999 43.349999999999994 90.17500000000001 45.0 0.2
T 25 0 92.749 40.9144 91.911 40.9144 0.2
T 25 0 91.82499999999999 41.0 91.82499999999999 43.349999999999994 0.2
P 25 53.7371 6.361699999999999 0.6 0.6 1
H 53.7371 6.361699999999999 0.3
P 25 92.749 40.9144 0.6 0.6 1
H 92.749 40.9144 0.3
P 25 55.7084 14.125399999999999 0.6 0.6 1
H 55.7084 14.125399999999999 0.3
T 25 2 55.7084 14.125399999999999 52.179199999999994 10.596200000000003 0.2
T 25 2 52.179199999999994 7.919600000000003 53.7371 6.361699999999999 0.2
T 25 2 52.179199999999994 10.596200000000003 52.179199999999994 7.919600000000003 0.2
T 25 1 95.67599999999999 37.986900000000006 95.67599999999999 34.907 0.2
T 25 1 92.749 40.9144 95.67599999999999 37.986900000000006 0.2
T 25 1 57.2226 14.125399999999999 75.312 32.2148 0.2
T 25 1 92.98400000000001 32.2148 75.312 32.2148 0.2
T 25 1 55.7084 14.125399999999999 57.2226 14.125399999999999 0.2
T 25 1 95.67599999999999 34.907 92.98400000000001 32.2148 0.2
T 26 0 86.05000000000001 45.0 85.12899999999999 44.078599999999994 0.2
T 26 0 91.863 45.03830000000001 91.82499999999999 45.0 0.2
T 26 0 55.345600000000005 5.604399999999998 55.345600000000005 4.883299999999998 0.2
T 26 0 54.25 7.5 54.25 6.700000000000003 0.2
T 26 0 92.74000000000001 45.03830000000001 91.863 45.03830000000001 0.2
T 26 0 54.25 6.700000000000003 55.345600000000005 5.604399999999998 0.2
P 26 85.12899999999999 44.078599999999994 0.6 0.6 1
H 85.12899999999999 44.078599999999994 0.3
P 26 92.74000000000001 45.03830000000001 0.6 0.6 1
H 92.74000000000001 45.03830000000001 0.3
P 26 55.345600000000005 4.883299999999998 0.6 0.6 1
H 55.345600000000005 4.883299999999998 0.3
T 26 1 55.6472 4.581699999999998 55.345600000000005 4.883299999999998 0.2
T 26 1 63.48779999999999 4.581699999999998 55.6472 4.581699999999998 0.2
T 26 1 79.51240000000001 4.883299999999998 63.7894 4.883299999999998 0.2
T 26 1 80.37 5.7409000000000034 97.49199999999999 22.862700000000004 0.2
T 26 1 80.37 5.7409000000000034 79.51240000000001 4.883299999999998 0.2
T 26 1 97.49199999999999 38.36750000000001 91.781 44.078599999999994 0.2
T 26 1 92.74000000000001 45.03830000000001 91.781 44.078599999999994 0.2
T 26 1 91.781 44.078599999999994 85.12899999999999 44.078599999999994 0.2
T 26 1 97.49199999999999 22.862700000000004 97.49199999999999 38.36750000000001 0.2
T 26 1 63.7894 4.883299999999998 63.48779999999999 4.581699999999998 0.2
T 27 0 36.25 8.401699999999998 35.348299999999995 9.303400000000003 0.2
T 27 0 36.25 7.5 36.25 8.401699999999998 0.2
T 27 0 35.348299999999995 9.303400000000003 34.71510000000001 9.303400000000003 0.2
T 27 0 57.435 43.259699999999995 57.9875 43.7 0.2
P 27 54.5 44.0 0.6 0.6 1
H 54.5 44.0 0.3
P 27 57.435 43.259699999999995 0.6 0.6 1
H 57.435 43.259699999999995 0.3
P 27 30.9242 23.177899999999994 0.6 0.6 1
H 30.9242 23.177899999999994 0.3
P 27 34.71510000000001 9.303400000000003 0.6 0.6 1
H 34.71510000000001 9.303400000000003 0.3
T 27 2 34.71510000000001 9.303400000000003 30.9242 13.094299999999997 0.2
T 27 2 30.9242 13.094299999999997 30.9242 23.177899999999994 0.2
T 27 1 54.5 44.0 57.435 43.259699999999995 0.2
T 27 1 57.435 43.259699999999995 37.352900000000005 23.177899999999994 0.2
T 27 1 37.352900000000005 23.177899999999994 30.9242 23.177899999999994 0.2
T 28 0 59.8125 43.7 59.825 44.0 0.2
T 28 0 59.825 44.0 63.012 44.0 0.2
T 28 0 59.825 44.0 59.825 48.0 0.2
T 28 0 63.0625 44.05 63.062 44.05 0.2
T 28 0 63.012 44.0 63.062 44.05 0.2
T 29 0 65.2194 5.747399999999999 65.2194 5.747300000000003 0.2
T 29 0 60.75 6.7562 60.75 7.5 0.2
T 29 0 65.1547 16.820300000000003 65.1547 12.100000000000001 0.2
T 29 0 64.9983 8.702399999999997 65.9477 7.753 0.2
T 29 0 65.9477 6.363599999999998 65.3315 5.747399999999999 0.2
T 29 0 61.0 18.474999999999994 58.5 18.474999999999994 0.2
T 29 0 63.5 18.474999999999994 65.1547 16.820300000000003 0.2
T 29 0 64.8669 5.3947999999999965 62.1114 5.3947999999999965 0.2
T 29 0 65.2194 5.747300000000003 64.8669 5.3947999999999965 0.2
T 29 0 61.0 24.474999999999994 58.5 24.474999999999994 0.2
T 29 0 59.25 8.176699999999997 59.25 7.5 0.2
T 29 0 63.5 24.474999999999994 61.0 24.474999999999994 0.2
T 29 0 59.474999999999994 8.401699999999998 59.25 8.176699999999997 0.2
T 29 0 62.1114 5.3947999999999965 60.75 6.7562 0.2
T 29 0 63.5 18.474999999999994 61.0 18.474999999999994 0.2
T 29 0 60.75 8.190399999999997 60.538700000000006 8.401699999999998 0.2
T 29 0 64.9983 11.943600000000004 64.9983 8.702399999999997 0.2
T 29 0 60.75 7.5 60.75 8.190399999999997 0.2
T 29 0 60.538700000000006 8.401699999999998 59.474999999999994 8.401699999999998 0.2
T 29 0 65.3315 5.747399999999999 65.2194 5.747399999999999 0.2
T 29 0 61.0 18.474999999999994 61.0 24.474999999999994 0.2
T 29 0 65.1547 12.100000000000001 64.9983 11.943600000000004 0.2
T 29 0 65.9477 7.753 65.9477 6.363599999999998 0.2
T 30 0 29.950000000000003 59.0 31.174999999999997 59.0 0.2
T 30 0 31.174999999999997 59.0 33.175 61.0 0.2
T 31 0 62.982 47.599999999999994 63.062 47.599999999999994 0.5
T 31 0 59.825 52.0 59.825 50.757000000000005 0.5
T 31 0 58.175 51.735 58.175 52.0 0.2
T 31 0 58.790000000000006 51.120000000000005 58.175 51.735 0.2
T 31 0 63.062 47.599999999999994 63.062 45.95 0.5
T 31 0 65.4625 50.0 65.462 50.0 0.2
T 31 0 35.75 6.369 35.75 7.5 0.2
T 31 0 58.175 52.0 59.825 52.0 0.2
T 31 0 65.462 50.0 63.062 47.599999999999994 0.5
T 31 0 59.825 50.757000000000005 62.982 47.599999999999994 0.5
T 31 0 63.0625 45.95 63.062 45.95 0.2
P 31 58.790000000000006 51.120000000000005 0.6 0.6 1
H 58.790000000000006 51.120000000000005 0.3
P 31 35.75 6.369 0.6 0.6 1
H 35.75 6.369 0.3
P 31 34.6289 21.547300000000007 0.6 0.6 1
H 34.6289 21.547300000000007 0.3
P 31 56.742999999999995 39.24550000000001 0.6 0.6 1
H 56.742999999999995 39.24550000000001 0.3
T 31 2 35.76049999999999 12.888100000000001 35.973699999999994 12.674900000000001 0.2
T 31 2 35.75 11.952800000000003 35.75 6.369 0.2
T 31 2 58.790000000000006 46.218199999999996 58.790000000000006 51.120000000000005 0.2
T 31 2 35.76049999999999 20.4157 35.76049999999999 12.888100000000001 0.2
T 31 2 56.742999999999995 39.24550000000001 56.742999999999995 44.1712 0.2
T 31 2 56.742999999999995 44.1712 58.790000000000006 46.218199999999996 0.2
T 31 2 34.6289 21.547300000000007 35.76049999999999 20.4157 0.2
T 31 2 35.973699999999994 12.176499999999997 35.75 11.952800000000003 0.2
T 31 2 35.973699999999994 12.674900000000001 35.973699999999994 12.176499999999997 0.2
T 31 1 56.742999999999995 39.24550000000001 38.880799999999994 21.383300000000006 0.2
T 31 1 38.880799999999994 21.383300000000006 34.7929 21.383300000000006 0.2
T 31 1 34.7929 21.383300000000006 34.6289 21.547300000000007 0.2
T 32 0 64.9375 45.0 64.938 45.0 0.2
T 32 0 66.938 43.0 64.938 45.0 0.5
T 32 0 66.938 43.0 66.938 42.1875 0.5
T 32 0 67.35 43.0 66.938 43.0 0.5
T 32 0 66.938 42.1875 59.75 35.0 0.5
T 33 0 91.00200000000001 40.1729 91.875 40.1729 0.2
T 33 0 95.72399999999999 40.1729 97.774 42.22280000000001 0.2
T 33 0 64.75 7.5 64.75 6.598300000000002 0.2
T 33 0 87.965 25.147599999999997 89.08099999999999 25.147599999999997 0.2
T 33 0 91.875 40.1729 95.72399999999999 40.1729 0.2
T 33 0 97.774 42.22280000000001 97.774 46.226299999999995 0.2
T 33 0 91.875 40.1729 91.875 35.325199999999995 0.2
T 33 0 85.0625 28.049999999999997 85.06200000000001 28.049999999999997 0.2
T 33 0 85.06200000000001 28.5124 85.06200000000001 28.049999999999997 0.2
T 33 0 91.875 35.325199999999995 85.06200000000001 28.5124 0.2
T 33 0 90.17500000000001 41.0 91.00200000000001 40.1729 0.2
T 33 0 89.08099999999999 25.147599999999997 89.22900000000001 25.0 0.2
T 33 0 97.774 46.226299999999995 96.0 48.0 0.2
T 33 0 85.06200000000001 28.049999999999997 87.965 25.147599999999997 0.2
T 33 0 64.75 6.598300000000002 65.3098 6.598300000000002 0.2
T 33 0 89.22900000000001 25.0 90.55000000000001 25.0 0.2
P 33 70.15 7.799999999999997 0.6 0.6 1
H 70.15 7.799999999999997 0.3
P 33 65.3098 6.598300000000002 0.6 0.6 1
H 65.3098 6.598300000000002 0.3
P 33 66.9 7.649999999999999 0.6 0.6 1
H 66.9 7.649999999999999 0.3
P 33 90.55000000000001 25.0 0.6 0.6 1
H 90.55000000000001 25.0 0.3
T 33 2 89.25 23.400000000000006 89.25 23.450000000000003 0.2
T 33 2 75.25 10.899999999999999 75.3 10.899999999999999 0.2
T 33 2 85.44999999999999 18.450000000000003 85.44999999999999 18.549999999999997 0.2
T 33 2 71.25 8.700000000000003 71.35 8.700000000000003 0.2
T 33 2 78.94999999999999 13.850000000000001 79.05000000000001 13.850000000000001 0.2
T 33 2 76.45 11.75 76.5 11.75 0.2
T 33 2 66.4 7.399999999999999 66.65 7.399999999999999 0.2
T 33 2 72.2 9.149999999999999 72.25 9.200000000000003 0.2
T 33 2 72.35 9.200000000000003 72.45 9.299999999999997 0.2
T 33 2 75.6 11.200000000000003 75.75 11.200000000000003 0.2
T 33 2 70.3 7.799999999999997 71.1 8.600000000000001 0.2
T 33 2 89.30000000000001 23.5 89.30000000000001 23.549999999999997 0.2
T 33 2 65.7 6.899999999999999 65.85 7.049999999999997 0.2
T 33 2 73.85 9.850000000000001 73.9 9.899999999999999 0.2
T 33 2 79.85 14.299999999999997 79.9 14.349999999999994 0.2
T 33 2 85.0 17.900000000000006 85.0 17.950000000000003 0.2
T 33 2 76.15 11.549999999999997 76.25 11.549999999999997 0.2
T 33 2 89.44999999999999 23.799999999999997 89.44999999999999 23.900000000000006 0.2
T 33 2 71.1 8.600000000000001 71.15 8.600000000000001 0.2
T 33 2 73.6 9.700000000000003 73.65 9.700000000000003 0.2
T 33 2 75.85 11.299999999999997 75.9 11.299999999999997 0.2
T 33 2 83.75 16.450000000000003 83.75 16.650000000000006 0.2
T 33 2 65.3098 6.598300000000002 65.5 6.75 0.2
T 33 2 72.7 9.399999999999999 72.75 9.450000000000003 0.2
T 33 2 76.7 11.899999999999999 76.9 12.100000000000001 0.2
T 33 2 79.15 13.899999999999999 79.35 14.099999999999994 0.2
T 33 2 75.15 10.850000000000001 75.2 10.850000000000001 0.2
T 33 2 89.30000000000001 23.549999999999997 89.35 23.599999999999994 0.2
T 33 2 72.25 9.200000000000003 72.35 9.200000000000003 0.2
T 33 2 72.55 9.350000000000001 72.6 9.350000000000001 0.2
T 33 2 75.3 10.899999999999999 75.6 11.200000000000003 0.2
T 33 2 71.95 9.100000000000001 72.0 9.100000000000001 0.2
T 33 2 74.45 10.25 74.55 10.25 0.2
T 33 2 66.65 7.399999999999999 66.9 7.649999999999999 0.2
T 33 2 89.4 23.75 89.44999999999999 23.799999999999997 0.2
T 33 2 89.0 23.049999999999997 89.0 23.150000000000006 0.2
T 33 2 85.0 17.950000000000003 85.30000000000001 18.25 0.2
T 33 2 74.05 9.950000000000003 74.1 10.0 0.2
T 33 2 85.30000000000001 18.25 85.30000000000001 18.299999999999997 0.2
T 33 2 79.35 14.099999999999994 79.44999999999999 14.099999999999994 0.2
T 33 2 81.25 14.349999999999994 83.35 16.450000000000003 0.2
T 33 2 71.75 8.950000000000003 71.8 8.950000000000003 0.2
T 33 2 73.45 9.549999999999997 73.6 9.700000000000003 0.2
T 33 2 70.15 7.799999999999997 70.3 7.799999999999997 0.2
T 33 2 74.0 9.950000000000003 74.05 9.950000000000003 0.2
T 33 2 71.45 8.799999999999997 71.6 8.799999999999997 0.2
T 33 2 75.9 11.299999999999997 76.15 11.549999999999997 0.2
T 33 2 85.80000000000001 19.049999999999997 85.80000000000001 19.099999999999994 0.2
T 33 2 73.8 9.850000000000001 73.85 9.850000000000001 0.2
T 33 2 71.6 8.799999999999997 71.75 8.950000000000003 0.2
T 33 2 76.9 12.100000000000001 77.2 12.100000000000001 0.2
T 33 2 74.1 10.0 74.15 10.0 0.2
T 33 2 77.2 12.100000000000001 78.94999999999999 13.850000000000001 0.2
T 33 2 65.85 7.049999999999997 65.9 7.049999999999997 0.2
T 33 2 89.35 23.599999999999994 89.35 23.650000000000006 0.2
T 33 2 72.05 9.149999999999999 72.2 9.149999999999999 0.2
T 33 2 76.25 11.549999999999997 76.45 11.75 0.2
T 33 2 86.85 20.849999999999994 88.85 22.849999999999994 0.2
T 33 2 79.75 14.299999999999997 79.85 14.299999999999997 0.2
T 33 2 71.35 8.700000000000003 71.45 8.799999999999997 0.2
T 33 2 66.15 7.149999999999999 66.4 7.399999999999999 0.2
T 33 2 72.65 9.399999999999999 72.7 9.399999999999999 0.2
T 33 2 73.4 9.549999999999997 73.45 9.549999999999997 0.2
T 33 2 75.2 10.850000000000001 75.25 10.899999999999999 0.2
T 33 2 79.44999999999999 14.099999999999994 79.6 14.25 0.2
T 33 2 65.65 6.899999999999999 65.7 6.899999999999999 0.2
T 33 2 85.5 18.599999999999994 85.5 18.75 0.2
T 33 2 72.5 9.299999999999997 72.55 9.350000000000001 0.2
T 33 2 89.4 23.700000000000003 89.4 23.75 0.2
T 33 2 74.55 10.25 75.15 10.850000000000001 0.2
T 33 2 74.15 10.0 74.2 10.049999999999997 0.2
T 33 2 72.0 9.100000000000001 72.05 9.149999999999999 0.2
T 33 2 76.65 11.899999999999999 76.7 11.899999999999999 0.2
T 33 2 65.3098 6.598300000000002 65.65 6.899999999999999 0.2
T 33 2 85.44999999999999 18.549999999999997 85.5 18.599999999999994 0.2
T 33 2 72.75 9.450000000000003 72.95 9.450000000000003 0.2
T 33 2 73.65 9.700000000000003 73.8 9.850000000000001 0.2
T 33 2 79.6 14.25 79.69999999999999 14.25 0.2
T 33 2 85.5 18.75 85.80000000000001 19.049999999999997 0.2
T 33 2 89.44999999999999 23.900000000000006 90.55000000000001 25.0 0.2
T 33 2 85.80000000000001 19.099999999999994 86.85 20.150000000000006 0.2
T 33 2 88.85 22.849999999999994 88.85 22.900000000000006 0.2
T 33 2 73.35 9.5 73.4 9.549999999999997 0.2
T 33 2 74.2 10.049999999999997 74.25 10.049999999999997 0.2
T 33 2 79.1 13.899999999999999 79.15 13.899999999999999 0.2
T 33 2 85.30000000000001 18.299999999999997 85.44999999999999 18.450000000000003 0.2
T 33 2 86.85 20.150000000000006 86.85 20.849999999999994 0.2
T 33 2 71.8 8.950000000000003 71.95 9.100000000000001 0.2
T 33 2 89.0 23.150000000000006 89.25 23.400000000000006 0.2
T 33 2 73.95 9.899999999999999 74.0 9.950000000000003 0.2
T 33 2 75.75 11.200000000000003 75.85 11.299999999999997 0.2
T 33 2 83.75 16.650000000000006 85.0 17.900000000000006 0.2
T 33 2 89.35 23.650000000000006 89.4 23.700000000000003 0.2
T 33 2 66.0 7.149999999999999 66.15 7.149999999999999 0.2
T 33 2 72.45 9.299999999999997 72.5 9.299999999999997 0.2
T 33 2 71.15 8.600000000000001 71.25 8.700000000000003 0.2
T 33 2 88.85 22.900000000000006 89.0 23.049999999999997 0.2
T 33 2 74.25 10.049999999999997 74.45 10.25 0.2
T 33 2 65.3098 6.598300000000002 65.45 6.75 0.2
T 33 2 72.6 9.350000000000001 72.65 9.399999999999999 0.2
T 33 2 83.35 16.450000000000003 83.75 16.450000000000003 0.2
T 33 2 76.5 11.75 76.65 11.899999999999999 0.2
T 33 2 72.95 9.450000000000003 73.0 9.5 0.2
T 33 2 79.05000000000001 13.850000000000001 79.1 13.899999999999999 0.2
T 33 2 65.9 7.049999999999997 66.0 7.149999999999999 0.2
T 33 2 73.9 9.899999999999999 73.95 9.899999999999999 0.2
T 33 2 73.0 9.5 73.35 9.5 0.2
T 33 2 79.69999999999999 14.25 79.75 14.299999999999997 0.2
T 33 2 89.25 23.450000000000003 89.30000000000001 23.5 0.2
T 33 2 79.9 14.349999999999994 81.25 14.349999999999994 0.2
T 33 1 70.0 7.75 70.05 7.799999999999997 0.2
T 33 1 66.9 7.649999999999999 69.65 7.649999999999999 0.2
T 33 1 69.75 7.75 70.0 7.75 0.2
T 33 1 69.65 7.649999999999999 69.75 7.75 0.2
T 33 1 70.05 7.799999999999997 70.15 7.799999999999997 0.2
T 34 0 61.75 7.5 61.75 8.412799999999997 0.2
T 34 0 61.75 8.412799999999997 61.944199999999995 8.607 0.2
T 34 0 84.05000000000001 18.0 83.13999999999999 17.090199999999996 0.2
P 34 61.944199999999995 8.607 0.6 0.6 1
H 61.944199999999995 8.607 0.3
P 34 83.13999999999999 17.090199999999996 0.6 0.6 1
H 83.13999999999999 17.090199999999996 0.3
T 34 1 71.4166 10.985500000000002 71.8168 11.3857 0.2
T 34 1 83.13999999999999 16.573899999999995 83.13999999999999 16.679900000000004 0.2
T 34 1 61.944199999999995 8.607 64.3227 10.985500000000002 0.2
T 34 1 77.9518 11.3857 83.13999999999999 16.573899999999995 0.2
T 34 1 83.13999999999999 17.090199999999996 83.13999999999999 16.679900000000004 0.2
T 34 1 71.8168 11.3857 77.9518 11.3857 0.2
T 34 1 64.3227 10.985500000000002 71.4166 10.985500000000002 0.2
T 35 0 35.25 7.5 35.25 8.500799999999998 0.2
T 35 0 35.25 8.500799999999998 35.1482 8.602600000000002 0.2
T 35 0 89.144 11.094499999999996 90.05000000000001 12.0 0.2
P 35 35.1482 8.602600000000002 0.6 0.6 1
H 35.1482 8.602600000000002 0.3
P 35 89.144 11.094499999999996 0.6 0.6 1
H 89.144 11.094499999999996 0.3
T 35 1 63.6541 4.18 50.0945 4.18 0.2
T 35 1 36.637699999999995 7.113100000000003 35.1482 8.602600000000002 0.2
T 35 1 80.97800000000001 5.339199999999998 79.9204 4.281599999999997 0.2
T 35 1 79.9204 4.281599999999997 63.755700000000004 4.281599999999997 0.2
T 35 1 86.73400000000001 11.094499999999996 89.144 11.094499999999996 0.2
T 35 1 50.0945 4.18 47.1614 7.113100000000003 0.2
T 35 1 80.97800000000001 5.339199999999998 86.73400000000001 11.094499999999996 0.2
T 35 1 47.1614 7.113100000000003 36.637699999999995 7.113100000000003 0.2
T 35 1 63.755700000000004 4.281599999999997 63.6541 4.18 0.2
T 36 0 43.462500000000006 52.0 39.825 52.0 0.5
T 36 0 36.75 8.8125 36.7547 8.8172 0.2
T 36 0 38.2291 52.0 38.175 52.0 0.2
T 36 0 45.462500000000006 50.0 43.0625 47.599999999999994 0.5
T 36 0 36.75 7.5 36.75 8.8125 0.2
T 36 0 38.9503 51.278999999999996 38.2291 52.0 0.2
T 36 0 43.0625 47.599999999999994 43.0625 45.95 0.5
T 36 0 45.462500000000006 50.0 43.462500000000006 52.0 0.5
T 36 0 38.175 52.0 39.825 52.0 0.2
P 36 36.7547 8.8172 0.6 0.6 1
H 36.7547 8.8172 0.3
P 36 36.9615 35.634 0.6 0.6 1
H 36.9615 35.634 0.3
P 36 40.2371 40.016000000000005 0.6 0.6 1
H 40.2371 40.016000000000005 0.3
P 36 38.9503 51.278999999999996 0.6 0.6 1
H 38.9503 51.278999999999996 0.3
T 36 2 36.85209999999999 8.9146 36.7547 8.8172 0.2
T 36 2 38.9503 51.278999999999996 40.2371 49.992000000000004 0.2
T 36 2 36.85209999999999 17.269999999999996 36.85209999999999 8.9146 0.2
T 36 2 36.7548 17.3673 36.85209999999999 17.269999999999996 0.2
T 36 2 36.7548 35.4273 36.7548 17.3673 0.2
T 36 2 36.9615 35.634 36.7548 35.4273 0.2
T 36 2 40.2371 49.992000000000004 40.2371 40.016000000000005 0.2
T 36 1 40.2371 40.016000000000005 40.2371 38.9096 0.2
T 36 1 40.2371 38.9096 36.9615 35.634 0.2
T 37 0 38.175 44.0 39.825 44.0 0.2
T 37 0 39.825 44.0 43.0125 44.0 0.2
T 37 0 39.825 48.0 39.825 44.0 0.2
T 37 0 37.25 7.5 37.25 6.392099999999999 0.2
T 37 0 38.9148 43.2602 38.175 44.0 0.2
T 37 0 43.0125 44.0 43.0625 44.05 0.2
P 37 37.25 6.392099999999999 0.6 0.6 1
H 37.25 6.392099999999999 0.3
P 37 31.6087 36.7298 0.6 0.6 1
H 31.6087 36.7298 0.3
P 37 38.9148 43.2602 0.6 0.6 1
H 38.9148 43.2602 0.3
T 37 2 36.3754 15.762299999999996 36.3754 12.010199999999998 0.2
T 37 2 31.6087 36.7298 36.1622 32.1763 0.2
T 37 2 36.1622 15.975499999999997 36.3754 15.762299999999996 0.2
T 37 2 36.1519 11.786700000000003 36.1519 7.4902000000000015 0.2
T 37 2 36.1622 32.1763 36.1622 15.975499999999997 0.2
T 37 2 36.3754 12.010199999999998 36.1519 11.786700000000003 0.2
T 37 2 36.1519 7.4902000000000015 37.25 6.392099999999999 0.2
T 37 1 38.1391 43.2602 38.9148 43.2602 0.2
T 37 1 31.6087 36.7298 38.1391 43.2602 0.2
T 39 0 70.1031 8.673299999999998 64.4063 2.9765000000000015 0.2
T 39 0 64.4063 2.9765000000000015 47.292 2.9765000000000015 0.2
T 39 0 43.75 7.5 43.75 6.599800000000002 0.2
T 39 0 76.947 15.578100000000006 76.525 16.0 0.2
T 39 0 77.608 15.578100000000006 76.947 15.578100000000006 0.2
T 39 0 40.799800000000005 6.599800000000002 40.75 6.6495999999999995 0.2
T 39 0 70.1031 11.620399999999997 70.1031 8.673299999999998 0.2
T 39 0 43.75 6.599800000000002 40.799800000000005 6.599800000000002 0.2
T 39 0 96.0 24.0 96.887 23.1126 0.2
T 39 0 43.75 6.518500000000003 43.75 6.599800000000002 0.2
T 39 0 47.292 2.9765000000000015 43.75 6.518500000000003 0.2
T 39 0 40.75 6.6495999999999995 40.75 7.5 0.2
P 39 70.1031 11.620399999999997 0.6 0.6 1
H 70.1031 11.620399999999997 0.3
P 39 77.608 15.578100000000006 0.6 0.6 1
H 77.608 15.578100000000006 0.3
P 39 96.887 23.1126 0.6 0.6 1
H 96.887 23.1126 0.3
T 39 1 77.608 15.578100000000006 74.0608 15.578100000000006 0.2
T 39 1 77.608 15.578100000000006 78.50399999999999 15.578100000000006 0.2
T 39 1 79.92099999999999 15.979799999999997 87.054 23.1126 0.2
T 39 1 87.054 23.1126 96.887 23.1126 0.2
T 39 1 78.50399999999999 15.578100000000006 78.905 15.979799999999997 0.2
T 39 1 78.905 15.979799999999997 79.92099999999999 15.979799999999997 0.2
T 39 1 74.0608 15.578100000000006 70.1031 11.620399999999997 0.2
T 41 0 8.174999999999997 20.0 8.174999999999997 19.891499999999994 0.2
T 41 0 44.75 8.553600000000003 44.69799999999999 8.605600000000003 0.2
T 41 0 8.174999999999997 19.891499999999994 8.873199999999997 19.193299999999994 0.2
T 41 0 9.524999999999999 26.364999999999995 9.180300000000003 26.364999999999995 0.2
T 41 0 44.75 7.5 44.75 8.553600000000003 0.2
T 41 0 8.174999999999997 25.359700000000004 8.174999999999997 20.0 0.2
T 41 0 9.180300000000003 26.364999999999995 8.174999999999997 25.359700000000004 0.2
P 41 8.873199999999997 19.193299999999994 0.6 0.6 1
H 8.873199999999997 19.193299999999994 0.3
P 41 44.69799999999999 8.605600000000003 0.6 0.6 1
H 44.69799999999999 8.605600000000003 0.3
T 41 1 23.939400000000006 18.857699999999994 23.603800000000007 19.193299999999994 0.2
T 41 1 44.69799999999999 8.816200000000002 34.656499999999994 18.857699999999994 0.2
T 41 1 44.69799999999999 8.605600000000003 44.69799999999999 8.816200000000002 0.2
T 41 1 34.656499999999994 18.857699999999994 23.939400000000006 18.857699999999994 0.2
T 41 1 8.873199999999997 19.193299999999994 23.603800000000007 19.193299999999994 0.2
T 42 0 45.25 7.5 45.25 8.256799999999998 0.2
T 42 0 11.750399999999999 21.424599999999998 9.524999999999999 23.650000000000006 0.2
T 42 0 9.524999999999999 23.650000000000006 9.524999999999999 25.095 0.2
T 42 0 45.25 8.256799999999998 45.6083 8.615099999999998 0.2
T 42 0 13.174999999999997 20.0 11.750399999999999 21.424599999999998 0.2
P 42 11.750399999999999 21.424599999999998 0.6 0.6 1
H 11.750399999999999 21.424599999999998 0.3
P 42 45.6083 8.615099999999998 0.6 0.6 1
H 45.6083 8.615099999999998 0.3
T 42 1 30.301900000000003 19.2594 28.136700000000005 21.424599999999998 0.2
T 42 1 34.964 19.2594 30.301900000000003 19.2594 0.2
T 42 1 11.750399999999999 21.424599999999998 28.136700000000005 21.424599999999998 0.2
T 42 1 45.6083 8.615099999999998 34.964 19.2594 0.2
T 43 0 73.15 9.899999999999999 73.15 9.850000000000001 0.2
T 43 0 70.8 7.149999999999999 70.1 6.450000000000003 0.2
T 43 0 46.95 8.549999999999997 46.849999999999994 8.549999999999997 0.2
T 43 0 68.05 4.649999999999999 67.25 4.649999999999999 0.2
T 43 0 61.650000000000006 2.5 64.5 2.5 0.2
T 43 0 69.55 6.149999999999999 68.05 4.649999999999999 0.2
T 43 0 47.0 8.5 46.95 8.549999999999997 0.2
T 43 0 72.0 11.049999999999997 73.15 9.899999999999999 0.2
T 43 0 81.55000000000001 67.75 81.55000000000001 67.6 0.2
T 43 0 66.9 4.299999999999997 66.8 4.299999999999997 0.2
T 43 0 47.05 8.5 47.0 8.5 0.2
T 43 0 66.8 4.299999999999997 65.05 2.549999999999997 0.2
T 43 0 72.0 11.100000000000001 72.0 11.049999999999997 0.2
T 43 0 71.15 12.0 71.75 11.399999999999999 0.2
T 43 0 61.45 2.299999999999997 61.650000000000006 2.5 0.2
T 43 0 70.1 6.450000000000003 70.1 6.350000000000001 0.2
T 43 0 47.099999999999994 8.450000000000003 47.05 8.5 0.2
T 43 0 70.8 11.649999999999999 71.15 12.0 0.2
T 43 0 64.5 2.5 64.55 2.549999999999997 0.2
T 43 0 65.05 2.549999999999997 64.7 2.549999999999997 0.2
T 43 0 71.75 11.399999999999999 71.75 11.350000000000001 0.2
T 43 0 70.1 6.350000000000001 69.9 6.149999999999999 0.2
T 43 0 47.25 7.5 47.25 8.450000000000003 0.2
T 43 0 71.4 12.049999999999997 71.35 12.0 0.2
T 43 0 71.75 11.350000000000001 72.0 11.100000000000001 0.2
T 43 0 71.35 12.0 71.15 12.0 0.2
T 43 0 69.9 6.149999999999999 69.55 6.149999999999999 0.2
T 43 0 85.9 72.25 83.94999899999999 70.3 0.2
T 43 0 70.8 7.149999999999999 70.8 11.649999999999999 0.2
T 43 0 67.25 4.649999999999999 66.9 4.299999999999997 0.2
T 43 0 87.25 76.0 85.9 74.65 0.2
T 43 0 46.849999999999994 8.549999999999997 46.75 8.649999999999999 0.2
T 43 0 64.55 2.549999999999997 64.7 2.549999999999997 0.2
T 43 0 83.94999899999999 70.3 83.94999899999999 70.15 0.2
T 43 0 70.8 11.649999999999999 70.8 7.149999999999999 0.2
T 43 0 47.25 8.450000000000003 47.099999999999994 8.450000000000003 0.2
T 43 0 85.9 74.65 85.9 72.25 0.2
T 43 0 71.45 12.049999999999997 71.4 12.049999999999997 0.2
T 43 0 73.15 9.850000000000001 75.0 8.0 0.2
T 43 0 83.94999899999999 70.15 81.55000000000001 67.75 0.2
P 43 81.55000000000001 67.6 0.6 0.6 1
H 81.55000000000001 67.6 0.3
P 43 71.45 12.049999999999997 0.6 0.6 1
H 71.45 12.049999999999997 0.3
P 43 46.75 8.649999999999999 0.6 0.6 1
H 46.75 8.649999999999999 0.3
P 43 61.45 2.299999999999997 0.6 0.6 1
H 61.45 2.299999999999997 0.3
T 43 2 81.44999899999999 67.1 81.44999899999999 67.05 0.2
T 43 2 45.099999999999994 5.75 46.3 4.549999999999997 0.2
T 43 2 75.65 53.7 73.95 52.0 0.2
T 43 2 79.1 62.900000000000006 79.1 62.849999999999994 0.2
T 43 2 81.5 67.4 81.5 67.15 0.2
T 43 2 78.55000000000001 60.75 78.4 60.599999999999994 0.2
T 43 2 46.25 8.0 46.05 8.0 0.2
T 43 2 46.3 4.25 59.5 4.25 0.2
T 43 2 80.35 65.2 80.35 65.15 0.2
T 43 2 73.75 16.700000000000003 73.75 16.650000000000006 0.2
T 43 2 78.4 60.400000000000006 78.35 60.349999999999994 0.2
T 43 2 80.80000000000001 66.1 80.80000000000001 66.05 0.2
T 43 2 76.9 58.25 76.9 55.349999999999994 0.2
T 43 2 73.95 22.549999999999997 73.9 22.5 0.2
T 43 2 79.19999899999999 63.05 79.19999899999999 63.0 0.2
T 43 2 80.25 65.0 80.15 64.9 0.2
T 43 2 73.9 22.5 73.9 16.849998999999997 0.2
T 43 2 80.44999899999999 65.4 80.44999899999999 65.3 0.2
T 43 2 78.94999899999999 62.5 78.94999899999999 62.25 0.2
T 43 2 77.7 59.150000000000006 77.7 59.05 0.2
T 43 2 77.7 59.05 76.9 58.25 0.2
T 43 2 73.9 16.849998999999997 73.75 16.700000000000003 0.2
T 43 2 79.30000000000001 63.150000000000006 79.19999899999999 63.05 0.2
T 43 2 46.05 8.0 45.099999999999994 7.049999999999997 0.2
T 43 2 81.25 66.85 81.25 66.8 0.2
T 43 2 79.85 63.900000000000006 79.55000000000001 63.599999999999994 0.2
T 43 2 79.0 62.75 79.0 62.55 0.2
T 43 2 80.75 66.0 80.75 65.9 0.2
T 43 2 81.44999899999999 67.05 81.25 66.85 0.2
T 43 2 80.44999899999999 65.3 80.35 65.2 0.2
T 43 2 79.85 64.4 79.85 63.900000000000006 0.2
T 43 2 79.94999899999999 64.55 79.94999899999999 64.5 0.2
T 43 2 79.0 62.55 78.94999899999999 62.5 0.2
T 43 2 78.4 60.599999999999994 78.4 60.400000000000006 0.2
T 43 2 80.9 66.4 80.9 66.2 0.2
T 43 2 79.55000000000001 63.599999999999994 79.55000000000001 63.5 0.2
T 43 2 76.9 55.349999999999994 75.65 54.099999999999994 0.2
T 43 2 80.15 64.9 80.15 64.75 0.2
T 43 2 78.35 60.349999999999994 78.35 60.25 0.2
T 43 2 45.099999999999994 7.049999999999997 45.099999999999994 5.75 0.2
T 43 2 80.15 64.75 79.94999899999999 64.55 0.2
T 43 2 78.85 62.150000000000006 78.85 61.95 0.2
T 43 2 79.4 63.3 79.30000000000001 63.2 0.2
T 43 2 77.85 59.75 77.85 59.3 0.2
T 43 2 80.6 65.65 80.6 65.6 0.2
T 43 2 73.75 16.650000000000006 71.45 14.349998999999997 0.2
T 43 2 75.65 54.099999999999994 75.65 53.7 0.2
T 43 2 78.94999899999999 62.25 78.85 62.150000000000006 0.2
T 43 2 81.19999899999999 66.7 80.9 66.4 0.2
T 43 2 79.94999899999999 64.5 79.85 64.4 0.2
T 43 2 46.75 8.649999999999999 46.75 8.5 0.2
T 43 2 79.55000000000001 63.5 79.4 63.349999999999994 0.2
T 43 2 46.3 4.549999999999997 46.3 4.25 0.2
T 43 2 77.85 59.3 77.7 59.150000000000006 0.2
T 43 2 81.55000000000001 67.6 81.55000000000001 67.45 0.2
T 43 2 80.75 65.9 80.65 65.8 0.2
T 43 2 71.45 14.349998999999997 71.45 12.049999999999997 0.2
T 43 2 80.80000000000001 66.05 80.75 66.0 0.2
T 43 2 79.1 62.849999999999994 79.0 62.75 0.2
T 43 2 80.6 65.6 80.5 65.5 0.2
T 43 2 79.4 63.349999999999994 79.4 63.3 0.2
T 43 2 80.35 65.15 80.25 65.05 0.2
T 43 2 79.19999899999999 63.0 79.1 62.900000000000006 0.2
T 43 2 78.35 60.25 77.85 59.75 0.2
T 43 2 73.95 52.0 73.95 22.549999999999997 0.2
T 43 2 46.75 8.5 46.25 8.0 0.2
T 43 2 80.9 66.2 80.80000000000001 66.1 0.2
T 43 2 78.55000000000001 61.650000000000006 78.55000000000001 60.75 0.2
T 43 2 81.19999899999999 66.75 81.19999899999999 66.7 0.2
T 43 2 81.25 66.8 81.19999899999999 66.75 0.2
T 43 2 80.5 65.5 80.5 65.45 0.2
T 43 2 80.5 65.45 80.44999899999999 65.4 0.2
T 43 2 81.55000000000001 67.45 81.5 67.4 0.2
T 43 2 78.85 61.95 78.55000000000001 61.650000000000006 0.2
T 43 2 79.30000000000001 63.2 79.30000000000001 63.150000000000006 0.2
T 43 2 81.5 67.15 81.44999899999999 67.1 0.2
T 43 2 59.5 4.25 61.45 2.299999999999997 0.2
T 43 2 80.65 65.7 80.6 65.65 0.2
T 43 2 80.25 65.05 80.25 65.0 0.2
T 43 2 80.65 65.8 80.65 65.7 0.2
T 44 0 48.873400000000004 5.534100000000002 49.80329999999999 5.534100000000002 0.2
T 44 0 48.25 6.157499999999999 48.873400000000004 5.534100000000002 0.2
T 44 0 58.150000000000006 58.025000000000006 58.175 58.0 0.2
T 44 0 58.150000000000006 59.007000000000005 58.150000000000006 58.025000000000006 0.2
T 44 0 59.825 77.0 60.141000000000005 76.684 0.2
T 44 0 48.25 7.5 48.25 6.157499999999999 0.2
T 44 0 60.141000000000005 76.684 60.141000000000005 75.99 0.2
P 44 58.150000000000006 59.007000000000005 0.6 0.6 1
H 58.150000000000006 59.007000000000005 0.3
P 44 60.141000000000005 75.99 0.6 0.6 1
H 60.141000000000005 75.99 0.3
P 44 49.80329999999999 5.534100000000002 0.6 0.6 1
H 49.80329999999999 5.534100000000002 0.3
T 44 2 50.4434 8.8416 50.4434 6.174199999999999 0.2
T 44 2 50.105599999999995 9.179400000000001 50.4434 8.8416 0.2
T 44 2 50.105599999999995 41.123099999999994 50.105599999999995 9.179400000000001 0.2
T 44 2 58.150000000000006 73.999 60.141000000000005 75.99 0.2
T 44 2 49.024699999999996 42.20399999999999 58.150000000000006 51.32899999999999 0.2
T 44 2 49.024699999999996 42.20399999999999 50.105599999999995 41.123099999999994 0.2
T 44 2 50.4434 6.174199999999999 49.80329999999999 5.534100000000002 0.2
T 44 2 58.150000000000006 51.32899999999999 58.150000000000006 73.999 0.2
T 45 0 79.19999899999999 65.0 79.6 64.6 0.2
T 45 0 79.15 63.400000000000006 79.15 63.05 0.2
T 45 0 49.75 7.5 49.75 6.4384000000000015 0.2
T 45 0 79.6 64.45 79.65 64.4 0.2
T 45 0 79.65 63.900000000000006 79.15 63.400000000000006 0.2
T 45 0 77.6 75.5 77.95 75.5 0.2
T 45 0 79.6 64.6 79.6 64.45 0.2
T 45 0 79.138 63.025000000000006 80.399 63.025000000000006 0.2
T 45 0 79.65 64.4 79.65 63.900000000000006 0.2
T 45 0 77.1 76.0 77.6 75.5 0.2
T 45 0 49.75 6.4384000000000015 49.80200000000001 6.386400000000002 0.2
P 45 72.104 28.117999999999995 0.6 0.6 1
H 72.104 28.117999999999995 0.3
P 45 69.472 6.9983 0.6 0.6 1
H 69.472 6.9983 0.3
P 45 77.95 75.5 0.6 0.6 1
H 77.95 75.5 0.3
P 45 73.452 56.599000000000004 0.6 0.6 1
H 73.452 56.599000000000004 0.3
P 45 80.399 63.025000000000006 0.6 0.6 1
H 80.399 63.025000000000006 0.3
P 45 79.19999899999999 65.0 0.6 0.6 1
H 79.19999899999999 65.0 0.3
P 45 49.80200000000001 6.386400000000002 0.6 0.6 1
H 49.80200000000001 6.386400000000002 0.3
T 45 2 78.35 71.35 78.85 70.85 0.2
T 45 2 79.1 65.1 79.19999899999999 65.0 0.2
T 45 2 73.452 56.599000000000004 72.104 55.251000000000005 0.2
T 45 2 78.85 70.85 78.85 68.2 0.2
T 45 2 77.95 75.3 78.30000000000001 74.95 0.2
T 45 2 72.104 55.251000000000005 72.104 28.117999999999995 0.2
T 45 2 78.30000000000001 74.8 78.35 74.75 0.2
T 45 2 69.472 25.486000000000004 69.472 6.9983 0.2
T 45 2 79.1 67.95 79.1 65.1 0.2
T 45 2 77.95 75.5 77.95 75.3 0.2
T 45 2 72.104 28.117999999999995 69.472 25.486000000000004 0.2
T 45 2 78.30000000000001 74.95 78.30000000000001 74.8 0.2
T 45 2 78.35 74.75 78.35 71.35 0.2
T 45 2 78.85 68.2 79.1 67.95 0.2
T 45 1 79.87799999999999 63.025000000000006 73.452 56.599000000000004 0.2
T 45 1 69.472 6.9983 67.8587 5.384999999999998 0.2
T 45 1 54.7439 5.132399999999997 51.056 5.132399999999997 0.2
T 45 1 63.7231 5.384999999999998 63.3215 4.983400000000003 0.2
T 45 1 60.518699999999995 5.484999999999999 55.096500000000006 5.484999999999999 0.2
T 45 1 55.096500000000006 5.484999999999999 54.7439 5.132399999999997 0.2
T 45 1 63.3215 4.983400000000003 61.020300000000006 4.983400000000003 0.2
T 45 1 71.895 28.117999999999995 72.104 28.117999999999995 0.2
T 45 1 61.020300000000006 4.983400000000003 60.518699999999995 5.484999999999999 0.2
T 45 1 67.8587 5.384999999999998 63.7231 5.384999999999998 0.2
T 45 1 80.399 63.025000000000006 79.87799999999999 63.025000000000006 0.2
T 45 1 51.056 5.132399999999997 49.80200000000001 6.386400000000002 0.2
T 46 0 50.25 8.401699999999998 50.032399999999996 8.401699999999998 0.2
T 46 0 28.616100000000003 8.043799999999997 29.174999999999997 8.602699999999999 0.2
T 46 0 29.174999999999997 8.602699999999999 29.174999999999997 9.0 0.2
T 46 0 50.032399999999996 8.401699999999998 49.81529999999999 8.6188 0.2
T 46 0 50.25 7.5 50.25 8.401699999999998 0.2
P 46 49.81529999999999 8.6188 0.6 0.6 1
H 49.81529999999999 8.6188 0.3
P 46 46.92359999999999 4.9007000000000005 0.6 0.6 1
H 46.92359999999999 4.9007000000000005 0.3
P 46 28.616100000000003 8.043799999999997 0.6 0.6 1
H 28.616100000000003 8.043799999999997 0.3
P 46 47.361999999999995 10.460299999999997 0.6 0.6 1
H 47.361999999999995 10.460299999999997 0.3
T 46 2 47.361999999999995 10.460299999999997 47.4469 10.375399999999999 0.2
T 46 2 46.92359999999999 5.2074 46.92359999999999 4.9007000000000005 0.2
T 46 2 47.4469 10.375399999999999 47.4469 5.730699999999999 0.2
T 46 2 47.4469 5.730699999999999 46.92359999999999 5.2074 0.2
T 46 1 49.182500000000005 8.2134 49.40989999999999 8.2134 0.2
T 46 1 47.88120000000001 9.941099999999999 47.88120000000001 9.514699999999998 0.2
T 46 1 47.88120000000001 9.514699999999998 49.182500000000005 8.2134 0.2
T 46 1 47.361999999999995 10.460299999999997 47.88120000000001 9.941099999999999 0.2
T 46 1 49.40989999999999 8.2134 49.81529999999999 8.6188 0.2
T 46 1 46.92359999999999 4.9007000000000005 31.759200000000007 4.9007000000000005 0.2
T 46 1 31.759200000000007 4.9007000000000005 28.616100000000003 8.043799999999997 0.2
T 47 0 50.75 7.5 50.75 5.561100000000003 0.2
T 47 0 50.09739999999999 4.9084999999999965 47.7393 4.9084999999999965 0.2
T 47 0 39.175 2.519599999999997 39.175 3.5 0.2
T 47 0 50.75 5.561100000000003 50.09739999999999 4.9084999999999965 0.2
P 47 39.175 2.519599999999997 0.6 0.6 1
H 39.175 2.519599999999997 0.3
P 47 47.7393 4.9084999999999965 0.6 0.6 1
H 47.7393 4.9084999999999965 0.3
T 47 1 47.7393 4.863900000000001 45.394999999999996 2.519599999999997 0.2
T 47 1 47.7393 4.9084999999999965 47.7393 4.863900000000001 0.2
T 47 1 45.394999999999996 2.519599999999997 39.175 2.519599999999997 0.2
T 48 0 51.25 6.438299999999998 51.452600000000004 6.235700000000001 0.2
T 48 0 51.25 7.5 51.25 6.438299999999998 0.2
T 48 0 14.112499999999997 55.599999999999994 14.112499999999997 56.349999999999994 0.2
P 48 14.112499999999997 55.599999999999994 0.6 0.6 1
H 14.112499999999997 55.599999999999994 0.3
P 48 51.452600000000004 6.235700000000001 0.6 0.6 1
H 51.452600000000004 6.235700000000001 0.3
T 48 1 7.228499999999997 48.715900000000005 7.228499999999997 39.143600000000006 0.2
T 48 1 9.9666 36.4055 13.787399999999998 36.4055 0.2
T 48 1 46.1652 10.8063 47.112899999999996 9.858600000000003 0.2
T 48 1 44.106700000000004 10.806399999999996 46.1652 10.806399999999996 0.2
T 48 1 46.1652 10.806399999999996 46.1652 10.8063 0.2
T 48 1 47.113 9.858600000000003 47.113 9.7149 0.2
T 48 1 47.112899999999996 9.858600000000003 47.113 9.858600000000003 0.2
T 48 1 47.113 9.7149 49.057500000000005 7.770400000000002 0.2
T 48 1 34.4503 20.4628 44.106700000000004 10.806399999999996 0.2
T 48 1 49.9179 7.770400000000002 51.452600000000004 6.235700000000001 0.2
T 48 1 49.057500000000005 7.770400000000002 49.9179 7.770400000000002 0.2
T 48 1 29.730099999999993 20.4628 34.4503 20.4628 0.2
T 48 1 7.228499999999997 39.143600000000006 9.9666 36.4055 0.2
T 48 1 13.787399999999998 36.4055 29.730099999999993 20.4628 0.2
T 48 1 14.112499999999997 55.599999999999994 7.228499999999997 48.715900000000005 0.2
T 49 0 89.906 18.1443 89.04499999999999 18.1443 0.2
T 49 0 52.6438 9.686700000000002 52.6438 8.5107 0.2
T 49 0 90.05000000000001 18.0 89.906 18.1443 0.2
T 49 0 52.75 8.404499999999999 52.75 7.5 0.2
T 49 0 52.7809 9.823799999999999 52.6438 9.686700000000002 0.2
T 49 0 52.6438 8.5107 52.75 8.404499999999999 0.2
P 49 89.04499999999999 16.088800000000006 0.6 0.6 1
H 89.04499999999999 16.088800000000006 0.3
P 49 89.04499999999999 18.1443 0.6 0.6 1
H 89.04499999999999 18.1443 0.3
P 49 52.7809 9.823799999999999 0.6 0.6 1
H 52.7809 9.823799999999999 0.3
T 49 2 89.04499999999999 18.1443 89.04499999999999 16.088800000000006 0.2
T 49 1 67.7859 10.583799999999997 71.7831 10.583799999999997 0.2
T 49 1 52.7809 9.823799999999999 52.5406 9.5835 0.2
T 49 1 53.597300000000004 7.5512000000000015 60.182100000000005 7.5512000000000015 0.2
T 49 1 61.9465 5.7867999999999995 62.9889 5.7867999999999995 0.2
T 49 1 71.7831 10.583799999999997 71.9832 10.783900000000003 0.2
T 49 1 62.9889 5.7867999999999995 67.7859 10.583799999999997 0.2
T 49 1 52.5406 9.5835 52.5406 8.6079 0.2
T 49 1 71.9832 10.783900000000003 83.74010000000001 10.783900000000003 0.2
T 49 1 52.5406 8.6079 53.597300000000004 7.5512000000000015 0.2
T 49 1 83.74010000000001 10.783900000000003 89.04499999999999 16.088800000000006 0.2
T 49 1 60.182100000000005 7.5512000000000015 61.9465 5.7867999999999995 0.2
T 50 0 53.25 7.5 53.25 8.751399999999997 0.2
T 50 0 53.25 8.751399999999997 53.2624 8.763800000000003 0.2
T 50 0 80.0625 36.05 80.06200000000001 36.05 0.2
T 50 0 80.06200000000001 35.2332 80.06200000000001 36.05 0.2
P 50 53.2624 8.763800000000003 0.6 0.6 1
H 53.2624 8.763800000000003 0.3
P 50 80.06200000000001 35.2332 0.6 0.6 1
H 80.06200000000001 35.2332 0.3
T 50 1 75.3974 35.2332 53.6174 13.453200000000002 0.2
T 50 1 53.6174 13.453200000000002 53.6174 9.1188 0.2
T 50 1 77.383 35.2332 75.3974 35.2332 0.2
T 50 1 80.06200000000001 35.2332 77.383 35.2332 0.2
T 50 1 53.6174 9.1188 53.2624 8.763800000000003 0.2
T 52 0 22.5 18.474999999999994 27.5 18.474999999999994 0.2
T 52 0 22.5 18.474999999999994 20.814999999999998 20.159999999999997 0.2
T 52 0 20.814999999999998 22.790000000000006 22.5 24.474999999999994 0.2
T 52 0 57.200199999999995 6.975000000000001 57.25 7.024799999999999 0.2
T 52 0 55.75 6.598300000000002 57.200199999999995 6.598300000000002 0.2
T 52 0 27.5 24.474999999999994 22.5 24.474999999999994 0.2
T 52 0 55.75 7.5 55.75 6.598300000000002 0.2
T 52 0 57.200199999999995 6.598300000000002 57.200199999999995 6.975000000000001 0.2
T 52 0 57.25 7.024799999999999 57.25 7.5 0.2
T 52 0 28.587999999999994 17.387 27.5 18.474999999999994 0.2
T 52 0 20.814999999999998 20.159999999999997 20.814999999999998 22.790000000000006 0.2
T 52 0 55.75 6.598300000000002 55.5321 6.380400000000002 0.2
P 52 55.5321 6.380400000000002 0.6 0.6 1
H 55.5321 6.380400000000002 0.3
P 52 28.587999999999994 17.387 0.6 0.6 1
H 28.587999999999994 17.387 0.3
T 52 1 50.85080000000001 5.927999999999997 50.85080000000001 6.1936000000000035 0.2
T 52 1 28.587999999999994 15.206000000000003 28.587999999999994 17.387 0.2
T 52 1 42.781099999999995 7.943899999999999 36.6965 14.028499999999994 0.2
T 52 1 49.675700000000006 7.368699999999997 48.8912 7.368699999999997 0.2
T 52 1 48.8912 7.368699999999997 48.316 7.943899999999999 0.2
T 52 1 50.85080000000001 6.1936000000000035 49.675700000000006 7.368699999999997 0.2
T 52 1 55.5321 6.380400000000002 55.4239 6.380400000000002 0.2
T 52 1 36.6965 14.028499999999994 29.765500000000003 14.028499999999994 0.2
T 52 1 48.316 7.943899999999999 42.781099999999995 7.943899999999999 0.2
T 52 1 54.6053 5.561799999999998 51.217 5.561799999999998 0.2
T 52 1 29.765500000000003 14.028499999999994 28.587999999999994 15.206000000000003 0.2
T 52 1 51.217 5.561799999999998 50.85080000000001 5.927999999999997 0.2
T 52 1 55.4239 6.380400000000002 54.6053 5.561799999999998 0.2
T 53 0 48.8721 13.346600000000002 47.353899999999996 14.864800000000002 0.2
T 53 0 47.353899999999996 14.864800000000002 47.353899999999996 16.6211 0.2
T 53 0 52.5386 13.346600000000002 48.8721 13.346600000000002 0.2
T 53 0 45.5 24.474999999999994 40.5 24.474999999999994 0.2
T 53 0 43.0 18.474999999999994 43.0 22.401200000000003 0.2
T 53 0 45.5 24.474999999999994 46.974999999999994 23.0 0.2
T 53 0 47.353899999999996 16.6211 45.5 18.474999999999994 0.2
T 53 0 45.5 18.474999999999994 43.0 18.474999999999994 0.2
T 53 0 56.75 9.135199999999998 52.5386 13.346600000000002 0.2
T 53 0 58.25 7.5 58.25 8.401699999999998 0.2
T 53 0 45.376999999999995 23.0 44.7782 22.401200000000003 0.2
T 53 0 46.974999999999994 23.0 45.376999999999995 23.0 0.2
T 53 0 44.7782 22.401200000000003 43.0 22.401200000000003 0.2
T 53 0 56.75 8.401699999999998 58.25 8.401699999999998 0.2
T 53 0 56.75 7.5 56.75 8.401699999999998 0.2
T 53 0 43.0 18.474999999999994 40.5 18.474999999999994 0.2
T 53 0 56.75 8.401699999999998 56.75 9.135199999999998 0.2
T 54 0 76.352 22.1734 75.447 22.1734 0.2
T 54 0 76.525 22.0 76.352 22.1734 0.2
T 54 0 95.773 30.226600000000005 96.0 30.0 0.2
T 54 0 62.25 7.5 62.25 6.3992 0.2
T 54 0 62.25 6.3992 62.248099999999994 6.397300000000001 0.2
T 54 0 94.74700000000001 30.226600000000005 95.773 30.226600000000005 0.2
P 54 75.447 22.1734 0.6 0.6 1
H 75.447 22.1734 0.3
P 54 94.74700000000001 30.226600000000005 0.6 0.6 1
H 94.74700000000001 30.226600000000005 0.3
P 54 62.248099999999994 6.397300000000001 0.6 0.6 1
H 62.248099999999994 6.397300000000001 0.3
T 54 1 62.248099999999994 6.397300000000001 61.336200000000005 7.309199999999997 0.2
T 54 1 83.5 30.226600000000005 75.447 22.1734 0.2
T 54 1 94.74700000000001 30.226600000000005 83.5 30.226600000000005 0.2
T 54 1 61.336200000000005 8.889800000000001 74.6198 22.1734 0.2
T 54 1 61.336200000000005 7.309199999999997 61.336200000000005 8.889800000000001 0.2
T 54 1 74.6198 22.1734 75.447 22.1734 0.2
T 56 0 65.462 76.362 64.825 77.0 0.2
T 56 0 66.514 76.362 65.462 76.362 0.2
T 56 0 63.8685 8.401699999999998 64.0727 8.605899999999998 0.2
T 56 0 63.75 8.401699999999998 63.8685 8.401699999999998 0.2
T 56 0 64.182 56.992999999999995 63.175 58.0 0.2
T 56 0 63.75 7.5 63.75 8.401699999999998 0.2
T 56 0 64.389 56.992999999999995 64.182 56.992999999999995 0.2
P 56 64.0727 8.605899999999998 0.6 0.6 1
H 64.0727 8.605899999999998 0.3
P 56 66.514 76.362 0.6 0.6 1
H 66.514 76.362 0.3
P 56 64.389 56.992999999999995 0.6 0.6 1
H 64.389 56.992999999999995 0.3
T 56 2 64.0727 8.605899999999998 65.754 10.287199999999999 0.2
T 56 2 66.514 76.362 66.514 59.119 0.2
T 56 2 65.754 10.287199999999999 65.754 55.628 0.2
T 56 2 66.514 59.119 64.389 56.992999999999995 0.2
T 56 2 64.389 56.992999999999995 65.754 55.628 0.2
T 57 0 85.06200000000001 30.084100000000007 85.06200000000001 36.05 0.2
T 57 0 85.06200000000001 29.950500000000005 85.06200000000001 30.084100000000007 0.2
T 57 0 85.0625 29.950000000000003 85.06200000000001 29.950500000000005 0.2
T 57 0 85.06200000000001 29.950000000000003 85.06200000000001 29.950500000000005 0.2
T 57 0 81.13399999999999 30.084100000000007 85.06200000000001 30.084100000000007 0.2
T 57 0 80.05000000000001 29.0 81.13399999999999 30.084100000000007 0.2
T 57 0 85.06200000000001 29.950000000000003 85.06200000000001 30.084100000000007 0.2
T 58 0 48.3 77.0 49.099999999999994 77.8 0.2
T 58 0 67.15 77.0 68.15 76.0 0.2
T 58 0 66.4 77.35 66.75 77.0 0.2
T 58 0 65.55 77.8 66.0 77.35 0.2
T 58 0 66.0 77.35 66.4 77.35 0.2
T 58 0 49.099999999999994 77.8 65.55 77.8 0.2
T 58 0 66.75 77.0 67.15 77.0 0.2
T 58 0 68.15 76.0 72.0 76.0 0.2
T 58 0 48.150000000000006 77.0 48.3 77.0 0.2
T 60 0 63.150000000000006 77.0 63.900000000000006 77.0 0.2
T 60 0 81.44999899999999 76.65 82.1 76.0 0.2
T 60 0 82.1 76.0 82.15 76.0 0.2
P 60 63.900000000000006 77.0 0.6 0.6 1
H 63.900000000000006 77.0 0.3
P 60 81.44999899999999 76.65 0.6 0.6 1
H 81.44999899999999 76.65 0.3
T 60 2 80.80000000000001 77.2 81.35 76.65 0.2
T 60 2 81.35 76.65 81.44999899999999 76.65 0.2
T 60 2 70.6 77.0 70.8 77.2 0.2
T 60 2 63.900000000000006 77.0 70.6 77.0 0.2
T 60 2 70.8 77.2 80.80000000000001 77.2 0.2
T 61 0 81.93799999999999 39.287499999999994 81.93799999999999 37.0 0.2
T 61 0 82.888 37.95 85.06200000000001 37.95 0.2
T 61 0 81.9375 37.0 81.93799999999999 37.0 0.2
T 61 0 80.225 41.0 81.93799999999999 39.287499999999994 0.2
T 61 0 85.06200000000001 37.95 85.0625 37.95 0.2
T 61 0 81.93799999999999 37.0 82.888 37.95 0.2
T 62 0 92.94999999999999 34.775000000000006 91.17500000000001 33.0 0.2
T 62 0 91.17500000000001 30.775000000000006 92.94999999999999 29.0 0.2
T 62 0 91.17500000000001 33.0 91.17500000000001 30.775000000000006 0.2
T 62 0 92.94999999999999 37.0 92.94999999999999 34.775000000000006 0.2
T 63 0 91.05000000000001 29.0 86.93799999999999 29.0 0.2
T 63 0 86.93799999999999 29.0 86.9375 29.0 0.2
T 64 0 91.05000000000001 37.0 86.93799999999999 37.0 0.2
T 64 0 86.93799999999999 37.0 86.9375 37.0 0.2
T 65 0 31.174999999999997 73.0 28.825000000000003 73.0 0.8
T 65 0 81.05199999999999 9.051699999999997 81.05199999999999 14.534099999999995 0.2
T 65 0 80.0 8.0 81.05199999999999 9.051699999999997 0.2
T 65 0 87.06200000000001 65.223 87.055 65.216 0.2
T 65 0 27.174999999999997 73.0 27.914900000000003 72.26 0.2
T 65 0 27.174999999999997 73.0 28.825000000000003 73.0 0.2
T 65 0 30.022599999999997 72.857 31.031999999999996 72.857 0.8
T 65 0 31.031999999999996 72.857 31.174999999999997 73.0 0.8
T 65 0 81.05199999999999 14.534099999999995 80.59800000000001 14.988200000000006 0.2
P 65 31.420199999999994 69.969 0.6 0.6 1
H 31.420199999999994 69.969 0.3
P 65 27.914900000000003 72.26 0.6 0.6 1
H 27.914900000000003 72.26 0.3
P 65 87.055 65.216 0.6 0.6 1
H 87.055 65.216 0.3
P 65 80.59800000000001 14.988200000000006 0.6 0.6 1
H 80.59800000000001 14.988200000000006 0.3
P 65 30.022599999999997 72.857 0.6 0.6 1
H 30.022599999999997 72.857 0.3
T 65 2 81.143 41.5296 81.143 15.533600000000007 0.2
T 65 2 87.055 47.4413 81.143 41.5296 0.2
T 65 2 30.022599999999997 72.857 30.022599999999997 71.367 0.8
T 65 2 87.055 65.216 87.055 47.4413 0.2
T 65 2 81.143 15.533600000000007 80.59800000000001 14.988200000000006 0.2
T 65 2 30.022599999999997 71.367 31.420199999999994 69.969 0.8
T 65 1 65.799 67.05 57.647999999999996 67.05 0.2
T 65 1 47.8202 76.878 32.532399999999996 76.878 0.2
T 65 1 32.532399999999996 76.878 27.914900000000003 72.26 0.2
T 65 1 88.50999999999999 74.73 89.78 76.0 0.2
T 65 1 69.95 67.05 73.906 63.093 0.2
T 65 1 57.647999999999996 67.05 47.8202 76.878 0.2
T 65 1 73.906 63.093 77.428 63.093 0.2
T 65 1 85.452 63.613 87.055 65.216 0.2
T 65 1 65.799 67.05 69.95 67.05 0.2
T 65 1 77.428 63.093 78.0 63.666 0.2
T 65 1 83.232 63.613 85.452 63.613 0.2
T 65 1 88.50999999999999 66.671 88.50999999999999 74.73 0.2
T 65 1 83.179 63.666 83.232 63.613 0.2
T 65 1 87.055 65.216 88.50999999999999 66.671 0.2
T 65 1 78.0 63.666 83.179 63.666 0.2
T 66 0 53.150000000000006 77.0 53.900000000000006 77.0 0.2
T 66 0 70.2 77.45 70.35 77.3 0.2
T 66 0 73.2 77.2 74.4 76.0 0.2
T 66 0 70.35 77.3 70.75 77.3 0.2
T 66 0 70.8 77.25 71.0 77.25 0.2
T 66 0 70.05 77.45 70.2 77.45 0.2
T 66 0 74.4 76.0 74.55 76.0 0.2
T 66 0 70.75 77.3 70.8 77.25 0.2
T 66 0 71.05 77.2 73.2 77.2 0.2
T 66 0 69.8 77.7 70.05 77.45 0.2
T 66 0 71.0 77.25 71.05 77.2 0.2
P 66 53.900000000000006 77.0 0.6 0.6 1
H 53.900000000000006 77.0 0.3
P 66 69.8 77.7 0.6 0.6 1
H 69.8 77.7 0.3
T 66 2 63.599999999999994 77.55 63.650000000000006 77.6 0.2
T 66 2 63.55 77.55 63.599999999999994 77.55 0.2
T 66 2 53.900000000000006 77.0 63.0 77.0 0.2
T 66 2 63.650000000000006 77.6 63.8 77.6 0.2
T 66 2 69.75 77.65 69.8 77.7 0.2
T 66 2 63.849999999999994 77.65 69.75 77.65 0.2
T 66 2 63.0 77.0 63.55 77.55 0.2
T 66 2 63.8 77.6 63.849999999999994 77.65 0.2
T 67 0 69.55 78.4 69.6 78.35 0.2
T 67 0 69.6 78.35 69.85 78.35 0.2
T 67 0 61.099999999999994 78.44999899999999 64.85 78.44999899999999 0.2
T 67 0 70.1 78.25 70.15 78.25 0.2
T 67 0 69.85 78.35 69.9 78.30000000000001 0.2
T 67 0 64.85 78.44999899999999 64.9 78.4 0.2
T 67 0 77.45 77.2 78.25 77.2 0.2
T 67 0 70.05 78.30000000000001 70.1 78.25 0.2
T 67 0 78.25 77.2 79.44999899999999 76.0 0.2
T 67 0 58.150000000000006 77.0 58.849999999999994 76.3 0.2
T 67 0 64.9 78.4 69.55 78.4 0.2
T 67 0 79.44999899999999 76.0 79.6 76.0 0.2
T 67 0 70.15 78.25 70.3 78.1 0.2
T 67 0 69.9 78.30000000000001 70.05 78.30000000000001 0.2
T 67 0 70.3 78.1 76.55 78.1 0.2
T 67 0 61.05 78.5 61.099999999999994 78.44999899999999 0.2
T 67 0 76.55 78.1 77.45 77.2 0.2
P 67 61.05 78.5 0.6 0.6 1
H 61.05 78.5 0.3
P 67 58.849999999999994 76.3 0.6 0.6 1
H 58.849999999999994 76.3 0.3
T 67 1 58.849999999999994 76.3 61.05 78.5 0.2
S 28 56.0 48.5 0 0
E 28 63.0625 44.05 0 0
E 28 59.825 48.0 0 0
E 28 63.012 44.0 0 0
E 28 63.062 44.05 0 0
E 28 63.0145 44.0025 0 0
E 28 63.016999999999996 44.004999999999995 0 0
E 28 63.019499999999994 44.00749999999999 0 0
E 28 63.022000000000006 44.010000000000005 0 0
E 28 63.0245 44.0125 0 0
E 28 63.027 44.015 0 0
E 28 63.0295 44.0175 0 0
E 28 63.032 44.019999999999996 0 0
E 28 63.034499999999994 44.022499999999994 0 0
E 28 63.037000000000006 44.025000000000006 0 0
E 28 63.039500000000004 44.0275 0 0
E 28 63.042 44.03 0 0
E 28 63.0445 44.0325 0 0
E 28 63.047 44.035 0 0
E 28 63.049499999999995 44.037499999999994 0 0
E 28 63.05200000000001 44.040000000000006 0 0
E 28 63.054500000000004 44.042500000000004 0 0
E 28 63.057 44.045 0 0
E 28 63.0595 44.0475 0 0
E 28 63.0625 44.05 0 0
E 28 63.062 44.05 0 0
E 28 63.062475000000006 44.05 0 0
E 28 63.06245 44.05 0 0
E 28 63.062425000000005 44.05 0 0
E 28 63.0624 44.05 0 0
E 28 63.062375 44.05 0 0
E 28 63.062349999999995 44.05 0 0
E 28 63.062325 44.05 0 0
E 28 63.06229999999999 44.05 0 0
E 28 63.062275 44.05 0 0
E 28 63.062250000000006 44.05 0 0
E 28 63.062225 44.05 0 0
E 28 63.062200000000004 44.05 0 0
E 28 63.062174999999996 44.05 0 0
E 28 63.06215 44.05 0 0
E 28 63.062124999999995 44.05 0 0
E 28 63.0621 44.05 0 0
E 28 63.06207499999999 44.05 0 0
E 28 63.06205 44.05 0 0
E 28 63.062025000000006 44.05 0 0
E 28 59.8125 43.7 0 0
E 28 59.825 44.0 0 0
E 28 59.825 48.0 0 0
E 28 59.825 44.2 0 0
E 28 59.825 44.400000000000006 0 0
E 28 59.825 44.599999999999994 0 0
E 28 59.825 44.8 0 0
E 28 59.825 45.0 0 0
E 28 59.825 45.2 0 0
E 28 59.825 45.400000000000006 0 0
E 28 59.825 45.599999999999994 0 0
E 28 59.825 45.8 0 0
E 28 59.825 46.0 0 0
E 28 59.825 46.2 0 0
E 28 59.825 46.400000000000006 0 0
E 28 59.825 46.599999999999994 0 0
E 28 59.825 46.8 0 0
E 28 59.825 47.0 0 0
E 28 59.825 47.2 0 0
E 28 59.825 47.400000000000006 0 0
E 28 59.825 47.599999999999994 0 0
E 28 59.825 47.8 0 0
E 28 59.825 44.0 0 0
E 28 63.012 44.0 0 0
E 28 59.984350000000006 44.0 0 0
E 28 60.143699999999995 44.0 0 0
E 28 60.30305 44.0 0 0
E 28 60.4624 44.0 0 0
E 28 60.621750000000006 44.0 0 0
E 28 60.781099999999995 44.0 0 0
E 28 60.94045 44.0 0 0
E 28 61.0998 44.0 0 0
E 28 61.259150000000005 44.0 0 0
E 28 61.418499999999995 44.0 0 0
E 28 61.57785 44.0 0 0
E 28 61.7372 44.0 0 0
E 28 61.896550000000005 44.0 0 0
E 28 62.055899999999994 44.0 0 0
E 28 62.21525 44.0 0 0
E 28 62.3746 44.0 0 0
E 28 62.533950000000004 44.0 0 0
E 28 62.693299999999994 44.0 0 0
E 28 62.85265 44.0 0 0
E 28 59.8125 43.7 0 0
E 28 59.825 44.0 0 0
E 28 59.813125 43.715 0 0
E 28 59.81375 43.730000000000004 0 0
E 28 59.814375 43.745000000000005 0 0
E 28 59.815 43.760000000000005 0 0
E 28 59.815625 43.775000000000006 0 0
E 28 59.81625 43.790000000000006 0 0
E 28 59.816874999999996 43.80500000000001 0 0
E 28 59.817499999999995 43.81999999999999 0 0
E 28 59.818124999999995 43.834999999999994 0 0
E 28 59.818749999999994 43.849999999999994 0 0
E 28 59.819374999999994 43.864999999999995 0 0
E 28 59.81999999999999 43.879999999999995 0 0
E 28 59.82062500000001 43.894999999999996 0 0
E 28 59.821250000000006 43.91 0 0
E 28 59.821875000000006 43.925 0 0
E 28 59.822500000000005 43.94 0 0
E 28 59.823125000000005 43.955 0 0
E 28 59.823750000000004 43.97 0 0
E 28 59.824375 43.985 0 0
