P 1 12.524999999999999 40.0 1.15 2.7 0
P 2 15.474999999999994 40.0 1.15 2.7 0
P 3 27.525000000000006 55.0 1.15 2.7 0
P 2 30.474999999999994 55.0 1.15 2.7 0
P 4 22.537499999999994 50.0 1.125 1.75 0
P 2 25.462500000000006 50.0 1.125 1.75 0
P 5 72.5 24.474999999999994 2.7 1.15 0
P 2 72.5 21.525000000000006 2.7 1.15 0
P 6 69.525 49.0 1.15 2.7 0
P 2 72.475 49.0 1.15 2.7 0
P 7 23.0625 55.05 1.475 0.6 0
P 3 23.0625 56.95 1.475 0.6 0
P 8 24.9375 56.0 1.475 0.6 0
P 9 23.112499999999997 44.349999999999994 0.925 0.45 0
P 4 23.112499999999997 45.650000000000006 0.925 0.45 0
P 10 24.887500000000003 45.0 0.925 0.45 0
P 11 41.525000000000006 64.0 1.15 2.7 0
P 2 44.474999999999994 64.0 1.15 2.7 0
P 2 7.0 48.0 1.5 1.5 0
P 2 7.0 60.0 1.5 1.5 0
P 12 10.174999999999997 61.0 0.8 0.95 0
P 2 11.825000000000003 61.0 0.8 0.95 0
P 2 96.0 45.0 1.5 1.5 0
P 13 52.175 69.0 0.8 0.95 0
P 14 53.825 69.0 0.8 0.95 0
P 15 67.175 75.0 0.8 0.95 0
P 16 68.825 75.0 0.8 0.95 0
P 17 36.5 18.474999999999994 2.7 1.15 0
P 2 36.5 15.525000000000006 2.7 1.15 0
P 18 19.0625 56.05 1.475 0.6 0
P 19 19.0625 57.95 1.475 0.6 0
P 7 20.9375 57.0 1.475 0.6 0
P 19 28.525000000000006 49.0 1.15 2.7 0
P 2 31.474999999999994 49.0 1.15 2.7 0
P 20 47.599999999999994 43.0 1.1 1.1 0
P 21 50.400000000000006 43.0 1.1 1.1 0
P 2 80.0 12.0 1.5 1.5 0
P 2 96.0 33.0 1.5 1.5 0
P 22 49.5 24.474999999999994 2.7 1.15 0
P 2 49.5 21.525000000000006 2.7 1.15 0
P 23 27.174999999999997 73.0 0.8 0.95 0
P 24 28.825000000000003 73.0 0.8 0.95 0
P 25 48.175 58.0 0.8 0.95 0
P 2 49.825 58.0 0.8 0.95 0
P 26 53.175 58.0 0.8 0.95 0
P 2 54.825 58.0 0.8 0.95 0
P 2 33.175 55.0 0.8 0.95 0
P 27 34.825 55.0 0.8 0.95 0
P 28 90.17500000000001 45.0 0.8 0.95 0
P 29 91.82499999999999 45.0 0.8 0.95 0
P 16 85.0 8.0 1.5 1.5 0
P 9 18.174999999999997 48.0 0.8 0.95 0
P 2 19.825000000000003 48.0 0.8 0.95 0
P 6 96.0 42.0 1.5 1.5 0
P 30 58.5 24.474999999999994 2.7 1.15 0
P 2 58.5 21.525000000000006 2.7 1.15 0
P 7 19.049999999999997 61.0 1.0 1.45 0
P 2 20.950000000000003 61.0 1.0 1.45 0
P 1 19.75 35.0 4.0 5.5 0
P 10 28.25 35.0 4.0 5.5 0
P 13 7.0 51.0 1.5 1.5 0
P 31 38.175 52.0 0.8 0.95 0
P 32 39.825 52.0 0.8 0.95 0
P 33 33.175 61.0 0.8 0.95 0
P 10 34.825 61.0 0.8 0.95 0
P 34 18.537499999999994 69.0 1.125 1.75 0
P 35 21.462500000000006 69.0 1.125 1.75 0
P 30 58.5 18.474999999999994 2.7 1.15 0
P 2 58.5 15.525000000000006 2.7 1.15 0
P 36 63.0625 44.05 1.475 0.6 0
P 37 63.0625 45.95 1.475 0.6 0
P 38 64.9375 45.0 1.475 0.6 0
P 39 13.174999999999997 33.0 0.8 0.95 0
P 2 14.825000000000003 33.0 0.8 0.95 0
P 40 96.0 48.0 1.5 1.5 0
P 41 84.05000000000001 18.0 1.0 1.45 0
P 2 85.94999999999999 18.0 1.0 1.45 0
P 42 35.25 7.5 0.3 1.2 0
P 43 35.75 7.5 0.3 1.2 0
P 44 36.25 7.5 0.3 1.2 0
P 31 36.75 7.5 0.3 1.2 0
P 45 37.25 7.5 0.3 1.2 0
P 4 37.75 7.5 0.3 1.2 0
P 9 38.25 7.5 0.3 1.2 0
P 2 38.75 7.5 0.3 1.2 0
P 1 39.25 7.5 0.3 1.2 0
P 14 39.75 7.5 0.3 1.2 0
P 46 40.25 7.5 0.3 1.2 0
P 47 40.75 7.5 0.3 1.2 0
P 19 41.25 7.5 0.3 1.2 0
P 19 41.75 7.5 0.3 1.2 0
P 48 42.25 7.5 0.3 1.2 0
P 49 42.75 7.5 0.3 1.2 0
P 49 43.25 7.5 0.3 1.2 0
P 47 43.75 7.5 0.3 1.2 0
P 50 44.25 7.5 0.3 1.2 0
P 51 44.75 7.5 0.3 1.2 0
P 52 45.25 7.5 0.3 1.2 0
P 53 45.75 7.5 0.3 1.2 0
P 54 46.25 7.5 0.3 1.2 0
P 16 46.75 7.5 0.3 1.2 0
P 55 47.25 7.5 0.3 1.2 0
P 2 47.75 7.5 0.3 1.2 0
P 56 48.25 7.5 0.3 1.2 0
P 25 48.75 7.5 0.3 1.2 0
P 26 49.25 7.5 0.3 1.2 0
P 57 49.75 7.5 0.3 1.2 0
P 58 50.25 7.5 0.3 1.2 0
P 59 50.75 7.5 0.3 1.2 0
P 60 51.25 7.5 0.3 1.2 0
P 27 51.75 7.5 0.3 1.2 0
P 2 52.25 7.5 0.3 1.2 0
P 61 52.75 7.5 0.3 1.2 0
P 62 53.25 7.5 0.3 1.2 0
P 28 53.75 7.5 0.3 1.2 0
P 29 54.25 7.5 0.3 1.2 0
P 63 54.75 7.5 0.3 1.2 0
P 64 55.25 7.5 0.3 1.2 0
P 65 55.75 7.5 0.3 1.2 0
P 17 56.25 7.5 0.3 1.2 0
P 66 56.75 7.5 0.3 1.2 0
P 65 57.25 7.5 0.3 1.2 0
P 17 57.75 7.5 0.3 1.2 0
P 66 58.25 7.5 0.3 1.2 0
P 22 58.75 7.5 0.3 1.2 0
P 30 59.25 7.5 0.3 1.2 0
P 5 59.75 7.5 0.3 1.2 0
P 5 60.25 7.5 0.3 1.2 0
P 30 60.75 7.5 0.3 1.2 0
P 22 61.25 7.5 0.3 1.2 0
P 41 61.75 7.5 0.3 1.2 0
P 67 62.25 7.5 0.3 1.2 0
P 6 62.75 7.5 0.3 1.2 0
P 68 63.25 7.5 0.3 1.2 0
P 69 63.75 7.5 0.3 1.2 0
P 70 64.25 7.5 0.3 1.2 0
P 40 64.75 7.5 0.3 1.2 0
P -10000 33.7 10.75 2.0 1.8 0
P -10000 66.3 10.75 2.0 1.8 0
P 71 80.05000000000001 29.0 1.0 1.45 0
P 2 81.94999999999999 29.0 1.0 1.45 0
P 72 48.175 77.0 0.8 0.95 0
P 25 49.825 77.0 0.8 0.95 0
P 54 29.174999999999997 13.5 0.8 0.95 0
P 14 30.825000000000003 13.5 0.8 0.95 0
P 52 9.524999999999999 25.095 1.95 0.6 0
P 51 9.524999999999999 26.364999999999995 1.95 0.6 0
P 39 9.524999999999999 27.635000000000005 1.95 0.6 0
P 2 9.524999999999999 28.905 1.95 0.6 0
P 2 14.474999999999994 28.905 1.95 0.6 0
P 2 14.474999999999994 27.635000000000005 1.95 0.6 0
P 2 14.474999999999994 26.364999999999995 1.95 0.6 0
P 13 14.474999999999994 25.095 1.95 0.6 0
P 1 58.175 48.0 0.8 0.95 0
P 36 59.825 48.0 0.8 0.95 0
P 73 90.17500000000001 70.0 0.8 0.95 0
P 74 91.82499999999999 70.0 0.8 0.95 0
P 11 45.212500000000006 61.0 0.875 0.95 0
P 75 46.787499999999994 61.0 0.875 0.95 0
P 16 68.175 58.0 0.8 0.95 0
P 2 69.825 58.0 0.8 0.95 0
P -10000 5.0 5.0 3.2 3.2 1
H 5.0 5.0 3.2
P 75 49.537499999999994 61.0 1.125 1.75 0
P 76 52.462500000000006 61.0 1.125 1.75 0
P 65 22.5 24.474999999999994 2.7 1.15 0
P 2 22.5 21.525000000000006 2.7 1.15 0
P 38 67.35 43.0 0.9 1.2 0
P 6 70.65 43.0 0.9 1.2 0
P 23 87.0625 66.05 1.475 0.6 0
P 2 87.0625 67.95 1.475 0.6 0
P 73 88.9375 67.0 1.475 0.6 0
P 66 40.5 24.474999999999994 2.7 1.15 0
P 2 40.5 21.525000000000006 2.7 1.15 0
P 35 21.525000000000006 65.0 1.15 2.7 0
P 2 24.474999999999994 65.0 1.15 2.7 0
P 77 35.537499999999994 69.0 1.125 1.75 0
P 11 38.462500000000006 69.0 1.125 1.75 0
P 5 67.5 24.474999999999994 2.7 1.15 0
P 2 67.5 21.525000000000006 2.7 1.15 0
P -10000 95.0 75.0 3.2 3.2 1
H 95.0 75.0 3.2
P 17 31.5 24.474999999999994 2.7 1.15 0
P 2 31.5 21.525000000000006 2.7 1.15 0
P 55 71.175 12.0 0.8 0.95 0
P 50 72.825 12.0 0.8 0.95 0
P 78 63.175 77.0 0.8 0.95 0
P 69 64.825 77.0 0.8 0.95 0
P 49 7.0 39.0 1.5 1.5 0
P 76 72.5375 55.0 1.125 1.75 0
P 1 75.4625 55.0 1.125 1.75 0
P 34 13.0 69.0 1.7 1.7 1
H 13.0 69.0 1.0
P 2 13.0 71.54 1.7 1.7 1
H 13.0 71.54 1.0
P 77 31.75 68.75 0.235 0.235 0
P 79 32.25 68.75 0.235 0.235 0
P 2 31.75 69.25 0.235 0.235 0
P 24 32.25 69.25 0.235 0.235 0
P 19 14.174999999999997 61.0 0.8 0.95 0
P 18 15.825000000000003 61.0 0.8 0.95 0
P 80 80.225 41.0 0.9 0.95 0
P 2 81.775 41.0 0.9 0.95 0
P 67 76.525 22.0 1.15 2.7 0
P 2 79.475 22.0 1.15 2.7 0
P 1 7.0 57.0 1.5 1.5 0
P 11 47.212500000000006 69.0 0.875 0.95 0
P 13 48.787499999999994 69.0 0.875 0.95 0
P 27 33.175 58.0 0.8 0.95 0
P 3 34.825 58.0 0.8 0.95 0
P 5 72.5 18.474999999999994 2.7 1.15 0
P 2 72.5 15.525000000000006 2.7 1.15 0
P 13 5.225000000000001 24.0 0.9 0.95 0
P 2 6.774999999999999 24.0 0.9 0.95 0
P 65 22.5 18.474999999999994 2.7 1.15 0
P 2 22.5 15.525000000000006 2.7 1.15 0
P 81 91.17500000000001 33.0 0.8 0.95 0
P 10 92.82499999999999 33.0 0.8 0.95 0
P 40 85.0625 28.049999999999997 1.475 0.6 0
P 71 85.0625 29.950000000000003 1.475 0.6 0
P 82 86.9375 29.0 1.475 0.6 0
P 30 63.5 18.474999999999994 2.7 1.15 0
P 2 63.5 15.525000000000006 2.7 1.15 0
P 56 58.175 58.0 0.8 0.95 0
P 50 59.825 58.0 0.8 0.95 0
P 39 8.174999999999997 33.0 0.8 0.95 0
P 13 9.825000000000003 33.0 0.8 0.95 0
P 21 49.175 45.0 0.8 0.95 0
P 49 50.825 45.0 0.8 0.95 0
P 71 85.0625 36.05 1.475 0.6 0
P 80 85.0625 37.95 1.475 0.6 0
P 83 86.9375 37.0 1.475 0.6 0
P 84 70.1375 61.075 1.475 0.4 0
P 85 70.1375 61.724999999999994 1.475 0.4 0
P 86 70.1375 62.375 1.475 0.4 0
P 87 70.1375 63.025000000000006 1.475 0.4 0
P 88 70.1375 63.675 1.475 0.4 0
P 89 70.1375 64.325 1.475 0.4 0
P 90 70.1375 64.975 1.475 0.4 0
P 91 70.1375 65.625 1.475 0.4 0
P 15 70.1375 66.275 1.475 0.4 0
P 2 70.1375 66.925 1.475 0.4 0
P 92 75.8625 66.925 1.475 0.4 0
P 78 75.8625 66.275 1.475 0.4 0
P 2 75.8625 65.625 1.475 0.4 0
P 93 75.8625 64.975 1.475 0.4 0
P 2 75.8625 64.325 1.475 0.4 0
P 94 75.8625 63.675 1.475 0.4 0
P 2 75.8625 63.025000000000006 1.475 0.4 0
P 72 75.8625 62.375 1.475 0.4 0
P 84 75.8625 61.724999999999994 1.475 0.4 0
P 13 75.8625 61.075 1.475 0.4 0
P 11 7.0 63.0 1.5 1.5 0
P 95 43.0625 44.05 1.475 0.6 0
P 32 43.0625 45.95 1.475 0.6 0
P 20 44.9375 45.0 1.475 0.6 0
P 5 67.5 18.474999999999994 2.7 1.15 0
P 2 67.5 15.525000000000006 2.7 1.15 0
P 66 40.5 18.474999999999994 2.7 1.15 0
P 2 40.5 15.525000000000006 2.7 1.15 0
P -10000 95.0 5.0 3.2 3.2 1
H 95.0 5.0 3.2
P 76 54.525000000000006 62.0 1.15 2.7 0
P 2 57.474999999999994 62.0 1.15 2.7 0
P 59 39.175 3.5 0.8 0.95 0
P 2 40.825 3.5 0.8 0.95 0
P 55 75.0 8.0 1.5 1.5 0
P 35 25.537499999999994 69.0 1.125 1.75 0
P 79 28.462500000000006 69.0 1.125 1.75 0
P 23 80.0 8.0 1.5 1.5 0
P 67 96.0 30.0 1.5 1.5 0
P 1 42.537499999999994 50.0 1.125 1.75 0
P 32 45.462500000000006 50.0 1.125 1.75 0
P 30 63.5 24.474999999999994 2.7 1.15 0
P 2 63.5 21.525000000000006 2.7 1.15 0
P 74 87.225 60.0 0.9 0.95 0
P 2 88.775 60.0 0.9 0.95 0
P 60 14.112499999999997 56.349999999999994 0.925 0.45 0
P 12 14.112499999999997 57.650000000000006 0.925 0.45 0
P 18 15.887500000000003 57.0 0.925 0.45 0
P 65 27.5 18.474999999999994 2.7 1.15 0
P 2 27.5 15.525000000000006 2.7 1.15 0
P 38 59.75 35.0 4.0 5.5 0
P 2 68.25 35.0 4.0 5.5 0
P 66 45.5 24.474999999999994 2.7 1.15 0
P 2 45.5 21.525000000000006 2.7 1.15 0
P 43 58.175 52.0 0.8 0.95 0
P 37 59.825 52.0 0.8 0.95 0
P 23 67.0625 67.05 1.475 0.6 0
P 2 67.0625 68.95 1.475 0.6 0
P 84 68.9375 68.0 1.475 0.6 0
P 94 53.175 77.0 0.8 0.95 0
P 26 54.825 77.0 0.8 0.95 0
P 13 78.225 59.0 0.9 0.95 0
P 2 79.775 59.0 0.9 0.95 0
P 34 7.0 69.0 1.5 1.5 0
P 52 13.174999999999997 20.0 0.8 0.95 0
P 13 14.825000000000003 20.0 0.8 0.95 0
P 6 69.175 45.0 0.8 0.95 0
P 64 70.825 45.0 0.8 0.95 0
P 62 80.0625 36.05 1.475 0.6 0
P 2 80.0625 37.95 1.475 0.6 0
P 80 81.9375 37.0 1.475 0.6 0
P 40 90.17500000000001 41.0 0.8 0.95 0
P 28 91.82499999999999 41.0 0.8 0.95 0
P -10000 5.0 75.0 3.2 3.2 1
H 5.0 75.0 3.2
P 93 58.175 77.0 0.8 0.95 0
P 56 59.825 77.0 0.8 0.95 0
P 17 31.5 18.474999999999994 2.7 1.15 0
P 2 31.5 15.525000000000006 2.7 1.15 0
P 2 96.0 57.0 1.5 1.5 0
P 66 45.5 18.474999999999994 2.7 1.15 0
P 2 45.5 15.525000000000006 2.7 1.15 0
P 2 96.0 21.0 1.5 1.5 0
P 24 31.174999999999997 73.0 0.8 0.95 0
P 2 32.825 73.0 0.8 0.95 0
P 47 96.0 24.0 1.5 1.5 0
P 65 27.5 24.474999999999994 2.7 1.15 0
P 2 27.5 21.525000000000006 2.7 1.15 0
P 20 39.75 35.0 4.0 5.5 0
P 2 48.25 35.0 4.0 5.5 0
P 40 90.525 25.0 1.15 2.7 0
P 2 93.475 25.0 1.15 2.7 0
P 69 63.175 58.0 0.8 0.95 0
P 50 64.825 58.0 0.8 0.95 0
P 53 29.174999999999997 11.0 0.8 0.95 0
P 14 30.825000000000003 11.0 0.8 0.95 0
P 1 32.525000000000006 40.0 1.15 2.7 0
P 2 35.474999999999994 40.0 1.15 2.7 0
P 1 52.525000000000006 40.0 1.15 2.7 0
P 2 55.474999999999994 40.0 1.15 2.7 0
P 3 36.175 55.0 0.8 0.95 0
P 70 37.825 55.0 0.8 0.95 0
P 44 58.175 44.0 0.8 0.95 0
P 36 59.825 44.0 0.8 0.95 0
P 1 62.537499999999994 50.0 1.125 1.75 0
P 37 65.4625 50.0 1.125 1.75 0
P 22 54.5 24.474999999999994 2.7 1.15 0
P 2 54.5 21.525000000000006 2.7 1.15 0
P 2 10.0 76.0 1.5 1.5 0
P 84 67.175 72.0 0.8 0.95 0
P 13 68.825 72.0 0.8 0.95 0
P 8 28.049999999999997 59.0 1.0 1.45 0
P 33 29.950000000000003 59.0 1.0 1.45 0
P 85 72.0 76.0 1.7 1.7 1
H 72.0 76.0 1.0
P 2 72.0 73.46 1.7 1.7 1
H 72.0 73.46 1.0
P 87 74.54 76.0 1.7 1.7 1
H 74.54 76.0 1.0
P 2 74.54 73.46 1.7 1.7 1
H 74.54 73.46 1.0
P 96 77.08 76.0 1.7 1.7 1
H 77.08 76.0 1.0
P 2 77.08 73.46 1.7 1.7 1
H 77.08 73.46 1.0
P 89 79.62 76.0 1.7 1.7 1
H 79.62 76.0 1.0
P 2 79.62 73.46 1.7 1.7 1
H 79.62 73.46 1.0
P 91 82.16 76.0 1.7 1.7 1
H 82.16 76.0 1.0
P 2 82.16 73.46 1.7 1.7 1
H 82.16 73.46 1.0
P 92 84.69999999999999 76.0 1.7 1.7 1
H 84.69999999999999 76.0 1.0
P 2 84.69999999999999 73.46 1.7 1.7 1
H 84.69999999999999 73.46 1.0
P 97 87.24000000000001 76.0 1.7 1.7 1
H 87.24000000000001 76.0 1.0
P 2 87.24000000000001 73.46 1.7 1.7 1
H 87.24000000000001 73.46 1.0
P 23 89.78 76.0 1.7 1.7 1
H 89.78 76.0 1.0
P 74 89.78 73.46 1.7 1.7 1
H 89.78 73.46 1.0
P 45 38.175 44.0 0.8 0.95 0
P 95 39.825 44.0 0.8 0.95 0
P 22 54.5 18.474999999999994 2.7 1.15 0
P 2 54.5 15.525000000000006 2.7 1.15 0
P 64 96.0 36.0 1.5 1.5 0
P 19 27.599999999999994 44.0 1.1 1.1 0
P 10 30.400000000000006 44.0 1.1 1.1 0
P 82 91.05000000000001 29.0 1.0 1.45 0
P 81 92.94999999999999 29.0 1.0 1.45 0
P 51 8.174999999999997 20.0 0.8 0.95 0
P 13 9.825000000000003 20.0 0.8 0.95 0
P 17 36.5 24.474999999999994 2.7 1.15 0
P 2 36.5 21.525000000000006 2.7 1.15 0
P 13 53.224999999999994 73.0 0.9 0.95 0
P 2 54.775000000000006 73.0 0.9 0.95 0
P 22 49.5 18.474999999999994 2.7 1.15 0
P 2 49.5 15.525000000000006 2.7 1.15 0
P 29 86.05000000000001 45.0 1.0 1.45 0
P 2 87.94999999999999 45.0 1.0 1.45 0
P 49 49.525000000000006 49.0 1.15 2.7 0
P 2 52.474999999999994 49.0 1.15 2.7 0
P 76 60.525000000000006 62.0 1.15 2.7 0
P 2 63.474999999999994 62.0 1.15 2.7 0
P 83 91.05000000000001 37.0 1.0 1.45 0
P 81 92.94999999999999 37.0 1.0 1.45 0
P 11 35.525000000000006 64.0 1.15 2.7 0
P 2 38.474999999999994 64.0 1.15 2.7 0
P 61 90.05000000000001 18.0 1.0 1.45 0
P 2 91.94999999999999 18.0 1.0 1.45 0
P 42 90.05000000000001 12.0 1.0 1.45 0
P 2 91.94999999999999 12.0 1.0 1.45 0
P 58 29.174999999999997 9.0 0.8 0.95 0
P 2 30.825000000000003 9.0 0.8 0.95 0
P 2 7.0 36.0 1.5 1.5 0
P 13 57.175 69.0 0.8 0.95 0
P 50 58.825 69.0 0.8 0.95 0
P 1 38.175 48.0 0.8 0.95 0
P 95 39.825 48.0 0.8 0.95 0
P 47 76.525 16.0 1.15 2.7 0
P 2 79.475 16.0 1.15 2.7 0
P 73 79.13749999999999 61.075 1.475 0.4 0
P 55 79.13749999999999 61.724999999999994 1.475 0.4 0
P 98 79.13749999999999 62.375 1.475 0.4 0
P 57 79.13749999999999 63.025000000000006 1.475 0.4 0
P 99 79.13749999999999 63.675 1.475 0.4 0
P 2 79.13749999999999 64.325 1.475 0.4 0
P 100 79.13749999999999 64.975 1.475 0.4 0
P 2 79.13749999999999 65.625 1.475 0.4 0
P 101 79.13749999999999 66.275 1.475 0.4 0
P 2 79.13749999999999 66.925 1.475 0.4 0
P 2 84.86250000000001 66.925 1.475 0.4 0
P 102 84.86250000000001 66.275 1.475 0.4 0
P 2 84.86250000000001 65.625 1.475 0.4 0
P 103 84.86250000000001 64.975 1.475 0.4 0
P 2 84.86250000000001 64.325 1.475 0.4 0
P 96 84.86250000000001 63.675 1.475 0.4 0
P 2 84.86250000000001 63.025000000000006 1.475 0.4 0
P 97 84.86250000000001 62.375 1.475 0.4 0
P 73 84.86250000000001 61.724999999999994 1.475 0.4 0
P 74 84.86250000000001 61.075 1.475 0.4 0
P 70 96.0 54.0 1.5 1.5 0
P 19 7.0 45.0 1.5 1.5 0
T 1 0 39.7915 50.0 39.2668 49.475300000000004 0.5
T 1 0 19.75 35.0 17.525000000000006 35.0 0.5
T 1 0 39.25 7.5 39.25 8.547699999999999 0.2
T 1 0 30.315700000000007 31.766099999999994 32.525000000000006 33.97539999999999 0.5
T 1 0 62.893 50.355000000000004 65.558 53.021 0.5
T 1 0 32.525000000000006 42.349999999999994 32.525000000000006 40.0 0.5
T 1 0 57.315 52.56100000000001 57.315 48.8596 0.5
T 1 0 62.538 50.0 62.893 50.355000000000004 0.5
T 1 0 39.2668 49.475300000000004 37.312200000000004 51.43000000000001 0.5
T 1 0 57.732 52.977999999999994 57.315 52.56100000000001 0.5
T 1 0 42.537499999999994 50.0 39.7915 50.0 0.5
T 1 0 12.524999999999999 51.474999999999994 12.524999999999999 40.0 0.5
T 1 0 38.175 48.0 39.2668 49.091800000000006 0.5
T 1 0 37.312200000000004 52.556 37.710300000000004 52.95399999999999 0.5
T 1 0 32.525000000000006 33.97539999999999 32.525000000000006 40.0 0.5
T 1 0 52.525000000000006 40.0 58.175 45.650000000000006 0.5
T 1 0 22.983900000000006 31.766099999999994 30.315700000000007 31.766099999999994 0.5
T 1 0 38.175 48.0 32.525000000000006 42.349999999999994 0.5
T 1 0 60.269999999999996 52.977999999999994 57.732 52.977999999999994 0.5
T 1 0 19.75 35.0 22.983900000000006 31.766099999999994 0.5
T 1 0 58.175 45.650000000000006 58.175 48.0 0.5
T 1 0 39.2668 49.091800000000006 39.2668 49.475300000000004 0.5
T 1 0 75.4625 55.0 75.462 55.0 0.2
T 1 0 39.25 8.547699999999999 35.372 12.425699999999999 0.2
T 1 0 62.537499999999994 50.0 62.538 50.0 0.2
T 1 0 65.558 53.021 73.484 53.021 0.5
T 1 0 62.893 50.355000000000004 60.269999999999996 52.977999999999994 0.5
T 1 0 17.525000000000006 35.0 12.524999999999999 40.0 0.5
T 1 0 37.312200000000004 51.43000000000001 37.312200000000004 52.556 0.5
T 1 0 7.0 57.0 12.524999999999999 51.474999999999994 0.5
T 1 0 56.923 52.95399999999999 57.315 52.56100000000001 0.5
T 1 0 73.484 53.021 75.462 55.0 0.5
T 1 0 37.710300000000004 52.95399999999999 56.923 52.95399999999999 0.5
T 1 0 57.315 48.8596 58.175 48.0 0.5
P 1 35.372 12.425699999999999 0.6 0.6 1
H 35.372 12.425699999999999 0.3
T 2 0 31.5 15.525000000000006 30.435199999999995 15.525000000000006 0.2
T 2 0 84.86250000000001 66.925 82.6473 66.925 0.2
T 2 0 77.5378 66.7756 78.9881 66.7756 0.2
T 2 0 60.2076 59.4782 61.4012 59.4782 0.2
T 2 0 40.825 3.5 40.825 3.6418000000000035 0.2
T 2 0 14.474999999999994 27.635000000000005 14.474999999999994 28.905 0.2
T 2 0 78.9881 66.7756 79.13749999999999 66.925 0.2
T 2 0 27.614800000000002 15.639799999999994 29.927599999999998 15.639799999999994 0.2
T 2 0 29.522400000000005 70.1865 29.822400000000002 70.1865 0.2
T 2 0 49.5 21.525000000000006 50.4842 20.540800000000004 0.2
T 2 0 30.825000000000003 9.0 30.103099999999998 9.721899999999998 0.2
T 2 0 30.103099999999998 9.721899999999998 30.103099999999998 14.653199999999998 0.2
T 2 0 29.927599999999998 15.639799999999994 30.238799999999998 15.328599999999994 0.2
T 2 0 91.94999999999999 18.0 91.94999999999999 12.0 0.2
T 2 0 76.5621 64.325 76.9558 63.93129999999999 0.2
T 2 0 6.774999999999999 24.0 6.774999999999999 26.602900000000005 0.2
T 2 0 57.474999999999994 60.549400000000006 59.136399999999995 60.549400000000006 0.2
T 2 0 7.0 60.0 7.261200000000002 60.2612 0.2
T 2 0 50.4842 20.540800000000004 53.5158 20.540800000000004 0.2
T 2 0 67.5 15.525000000000006 72.5 15.525000000000006 0.2
T 2 0 84.86250000000001 66.9765 84.86250000000001 66.925 0.2
T 2 0 77.5378 65.625 77.5378 66.7756 0.2
T 2 0 80.9974 41.77760000000001 79.6756 41.77760000000001 0.2
T 2 0 40.825 4.680300000000003 38.75 6.755299999999998 0.2
T 2 0 27.5 15.525000000000006 27.614800000000002 15.639799999999994 0.2
T 2 0 30.103099999999998 14.653199999999998 30.238799999999998 14.788899999999998 0.2
T 2 0 55.8365 60.549400000000006 54.825 59.53789999999999 0.2
T 2 0 32.825 72.0421 32.825 73.0 0.2
T 2 0 63.5 21.525000000000006 67.5 21.525000000000006 0.2
T 2 0 75.8625 64.325 76.5621 64.325 0.2
T 2 0 58.5 15.525000000000006 63.5 15.525000000000006 0.2
T 2 0 79.4493 40.8399 79.4493 38.563199999999995 0.2
T 2 0 51.648799999999994 59.823800000000006 49.825 58.0 0.2
T 2 0 24.474999999999994 65.0 20.950000000000003 61.474999999999994 0.2
T 2 0 85.9067 63.174400000000006 85.0119 63.174400000000006 0.2
T 2 0 76.0119 63.174400000000006 75.8625 63.025000000000006 0.2
T 2 0 40.825 3.6418000000000035 44.922 3.6418000000000035 0.2
T 2 0 94.94999999999999 23.525000000000006 94.94999999999999 21.0 0.2
T 2 0 82.6473 66.925 79.13749999999999 66.925 0.2
T 2 0 77.5378 65.625 76.928 65.625 0.2
T 2 0 55.47539999999999 39.9996 55.474999999999994 40.0 0.2
T 2 0 27.111500000000007 69.894 27.111500000000007 70.1762 0.2
T 2 0 78.44900000000001 64.325 78.0994 63.97539999999999 0.2
T 2 0 76.9558 63.7752 76.9558 63.174400000000006 0.2
T 2 0 79.13749999999999 64.325 78.44900000000001 64.325 0.2
T 2 0 79.475 14.3446 79.475 12.524999999999999 0.2
T 2 0 85.0119 65.4756 84.86250000000001 65.625 0.2
T 2 0 32.1726 48.302400000000006 31.474999999999994 49.0 0.2
T 2 0 79.475 16.0 79.475 14.3446 0.2
T 2 0 84.9057 19.044300000000007 85.94999999999999 18.0 0.2
T 2 0 83.94999999999999 41.0 81.775 41.0 0.2
T 2 0 47.75 9.334800000000001 48.560100000000006 10.1449 0.2
T 2 0 40.825 3.6418000000000035 40.825 4.680300000000003 0.2
T 2 0 85.9067 64.0267 85.9067 63.174400000000006 0.2
T 2 0 87.775 59.0 88.775 60.0 0.2
T 2 0 36.6417 21.383300000000006 36.5 21.525000000000006 0.2
T 2 0 20.698899999999995 48.873900000000006 19.825000000000003 48.0 0.2
T 2 0 14.474999999999994 28.905 14.825000000000003 29.254999999999995 0.2
T 2 0 88.775 60.0 93.0 60.0 0.2
T 2 0 31.5 21.525000000000006 27.5 21.525000000000006 0.2
T 2 0 96.0 31.534000000000006 96.0 33.0 0.2
T 2 0 10.037500000000001 62.03789999999999 10.787100000000002 62.03789999999999 0.2
T 2 0 63.474999999999994 61.55200000000001 66.273 61.55200000000001 0.2
T 2 0 32.129599999999996 22.154600000000002 35.870400000000004 22.154600000000002 0.2
T 2 0 73.6804 14.3446 72.5 15.525000000000006 0.2
T 2 0 25.712000000000003 63.763000000000005 24.474999999999994 65.0 0.2
T 2 0 57.474999999999994 60.549400000000006 55.8365 60.549400000000006 0.2
T 2 0 76.9558 63.174400000000006 76.9006 63.174400000000006 0.2
T 2 0 54.5 21.525000000000006 58.5 21.525000000000006 0.2
T 2 0 50.474999999999994 35.0 48.25 35.0 0.2
T 2 0 93.475 25.0 94.94999999999999 23.525000000000006 0.2
T 2 0 14.474999999999994 26.364999999999995 14.474999999999994 27.635000000000005 0.2
T 2 0 38.238 63.763000000000005 38.474999999999994 64.0 0.2
T 2 0 79.775 59.0 87.775 59.0 0.2
T 2 0 67.5 21.525000000000006 72.5 21.525000000000006 0.2
T 2 0 79.475 12.524999999999999 80.0 12.0 0.2
T 2 0 55.474999999999994 40.0 50.474999999999994 35.0 0.2
T 2 0 24.563699999999997 49.101200000000006 25.462500000000006 50.0 0.2
T 2 0 79.13749999999999 65.625 77.5378 65.625 0.2
T 2 0 67.0625 68.95 69.3761 68.95 0.2
T 2 0 76.8281 63.174400000000006 76.0119 63.174400000000006 0.2
T 2 0 27.5 21.525000000000006 22.5 21.525000000000006 0.2
T 2 0 27.897499999999994 63.763000000000005 25.712000000000003 63.763000000000005 0.2
T 2 0 40.5 21.525000000000006 40.3583 21.383300000000006 0.2
T 2 0 82.6473 65.7744 84.7131 65.7744 0.2
T 2 0 79.475 18.791799999999995 79.475 16.0 0.2
T 2 0 34.637699999999995 40.8373 35.474999999999994 40.0 0.2
T 2 0 50.3351 10.1449 52.25 8.229999999999997 0.2
T 2 0 27.5 15.525000000000006 22.5 15.525000000000006 0.2
T 2 0 35.870400000000004 22.154600000000002 36.5 21.525000000000006 0.2
T 2 0 76.928 65.625 75.8625 65.625 0.2
T 2 0 85.96879999999999 65.4756 85.0119 65.4756 0.2
T 2 0 79.475 19.044300000000007 84.9057 19.044300000000007 0.2
T 2 0 85.608 67.722 86.83449999999999 67.722 0.2
T 2 0 54.5 15.525000000000006 58.5 15.525000000000006 0.2
T 2 0 82.6473 66.925 82.6473 65.7744 0.2
T 2 0 9.775599999999997 61.775999999999996 10.037500000000001 62.03789999999999 0.2
T 2 0 30.462500000000006 55.0 30.474999999999994 55.0 0.2
T 2 0 77.1125 35.0 80.0625 37.95 0.2
T 2 0 20.950000000000003 61.474999999999994 20.950000000000003 61.0 0.2
T 2 0 54.825 58.0 54.825 59.53789999999999 0.2
T 2 0 27.111500000000007 70.1762 28.9825 70.1762 0.2
T 2 0 40.3583 21.383300000000006 38.5 21.383300000000006 0.2
T 2 0 24.215100000000007 49.101200000000006 24.563699999999997 49.101200000000006 0.2
T 2 0 48.560100000000006 10.1449 50.3351 10.1449 0.2
T 2 0 32.733900000000006 71.951 32.825 72.0421 0.2
T 2 0 76.8281 63.174400000000006 76.9006 63.174400000000006 0.2
T 2 0 72.0 71.5739 69.3761 68.95 0.2
T 2 0 79.4493 38.563199999999995 80.0625 37.95 0.2
T 2 0 28.992800000000003 70.1865 29.522400000000005 70.1865 0.2
T 2 0 14.323499999999996 40.0 15.474999999999994 40.0 0.2
T 2 0 14.474999999999994 28.905 9.524999999999999 28.905 0.2
T 2 0 85.0119 63.174400000000006 84.86250000000001 63.025000000000006 0.2
T 2 0 53.81529999999999 59.823800000000006 51.648799999999994 59.823800000000006 0.2
T 2 0 29.822400000000002 70.1865 30.758899999999997 69.25 0.2
T 2 0 81.775 41.0 80.9974 41.77760000000001 0.2
T 2 0 45.5 21.525000000000006 49.5 21.525000000000006 0.2
T 2 0 44.31399999999999 64.161 44.474999999999994 64.0 0.2
T 2 0 47.75 7.5 47.75 9.334800000000001 0.2
T 2 0 30.758899999999997 69.25 31.75 69.25 0.2
T 2 0 69.3761 68.95 70.1375 68.1886 0.2
T 2 0 85.608 67.722 84.86250000000001 66.9765 0.2
T 2 0 13.0 71.54 10.0 74.54 0.2
T 2 0 96.0 21.0 94.94999999999999 21.0 0.2
T 2 0 76.928 64.6909 76.928 65.625 0.2
T 2 0 38.5 21.383300000000006 36.6417 21.383300000000006 0.2
T 2 0 14.825000000000003 29.254999999999995 14.825000000000003 33.0 0.2
T 2 0 76.9558 61.819199999999995 79.775 59.0 0.2
T 2 0 38.5 15.525000000000006 38.5 21.383300000000006 0.2
T 2 0 85.96879999999999 64.6854 85.96879999999999 65.4756 0.2
T 2 0 61.4012 59.4782 63.474999999999994 61.55200000000001 0.2
T 2 0 38.5 15.525000000000006 36.5 15.525000000000006 0.2
T 2 0 59.136399999999995 60.549400000000006 60.2076 59.4782 0.2
T 2 0 54.101200000000006 59.53789999999999 53.81529999999999 59.823800000000006 0.2
T 2 0 54.825 59.53789999999999 54.101200000000006 59.53789999999999 0.2
T 2 0 66.273 61.55200000000001 69.825 58.0 0.2
T 2 0 10.787100000000002 62.03789999999999 11.825000000000003 61.0 0.2
T 2 0 76.9558 63.93129999999999 76.9558 63.7752 0.2
T 2 0 79.6756 41.77760000000001 79.47389999999999 41.575900000000004 0.2
T 2 0 79.47389999999999 40.86450000000001 79.4493 40.8399 0.2
T 2 0 34.096599999999995 40.8373 34.637699999999995 40.8373 0.2
T 2 0 45.5 15.525000000000006 40.5 15.525000000000006 0.2
T 2 0 9.077100000000002 28.905 9.524999999999999 28.905 0.2
T 2 0 76.9558 63.174400000000006 76.9558 61.819199999999995 0.2
T 2 0 79.475 14.3446 73.6804 14.3446 0.2
T 2 0 76.5621 64.325 76.928 64.6909 0.2
T 2 0 49.5 15.525000000000006 54.5 15.525000000000006 0.2
T 2 0 30.238799999999998 14.788899999999998 30.238799999999998 15.328599999999994 0.2
T 2 0 38.75 6.755299999999998 38.75 7.5 0.2
T 2 0 72.0 73.46 72.0 71.5739 0.2
T 2 0 68.25 35.0 77.1125 35.0 0.2
T 2 0 10.0 74.54 10.0 76.0 0.2
T 2 0 79.475 18.791799999999995 79.475 19.044300000000007 0.2
T 2 0 7.261200000000002 61.775999999999996 9.775599999999997 61.775999999999996 0.2
T 2 0 96.03399999999999 31.5 96.0 31.534000000000006 0.2
T 2 0 30.435199999999995 15.525000000000006 30.238799999999998 15.328599999999994 0.2
T 2 0 31.5 21.525000000000006 32.129599999999996 22.154600000000002 0.2
T 2 0 77.1119 63.7752 76.9558 63.7752 0.2
T 2 0 8.1098 46.57470000000001 7.0 47.6845 0.2
T 2 0 86.83449999999999 67.722 87.0625 67.95 0.2
T 2 0 7.0 47.6845 7.0 48.0 0.2
T 2 0 53.5158 20.540800000000004 54.5 21.525000000000006 0.2
T 2 0 77.8992 63.7752 77.1119 63.7752 0.2
T 2 0 85.60839999999999 64.325 85.96879999999999 64.6854 0.2
T 2 0 85.60839999999999 64.325 85.9067 64.0267 0.2
T 2 0 79.47389999999999 41.575900000000004 79.47389999999999 40.86450000000001 0.2
T 2 0 25.462500000000006 50.0 30.462500000000006 55.0 0.2
T 2 0 33.175 55.0 30.474999999999994 55.0 0.2
T 2 0 95.68100000000001 25.7414 94.2164 25.7414 0.2
T 2 0 28.9825 70.1762 28.992800000000003 70.1865 0.2
T 2 0 63.474999999999994 61.55200000000001 63.474999999999994 62.0 0.2
T 2 0 55.59 57.235 54.825 58.0 0.2
T 2 0 43.1596 64.161 44.31399999999999 64.161 0.2
T 2 0 52.25 8.229999999999997 52.25 7.5 0.2
T 2 0 93.0 60.0 96.0 57.0 0.2
T 2 0 55.518 72.257 54.775000000000006 73.0 0.2
T 2 0 40.5 15.525000000000006 38.5 15.525000000000006 0.2
T 2 0 37.0 63.763000000000005 38.238 63.763000000000005 0.2
T 2 0 70.1375 68.1886 70.1375 66.925 0.2
T 2 0 55.539 72.257 55.518 72.257 0.2
T 2 0 53.18600000000001 48.289 52.474999999999994 49.0 0.2
T 2 0 53.774 48.289 53.18600000000001 48.289 0.2
T 2 0 6.774999999999999 26.602900000000005 9.077100000000002 28.905 0.2
T 2 0 94.2164 25.7414 93.475 25.0 0.2
T 2 0 87.94999999999999 45.0 83.94999999999999 41.0 0.2
T 2 0 21.201899999999995 48.873900000000006 20.698899999999995 48.873900000000006 0.2
T 2 0 57.474999999999994 60.549400000000006 57.474999999999994 62.0 0.2
T 2 0 57.370000000000005 39.9996 55.47539999999999 39.9996 0.2
T 2 0 78.0994 63.97539999999999 77.8992 63.7752 0.2
T 2 0 84.86250000000001 64.325 85.60839999999999 64.325 0.2
T 2 0 7.261200000000002 60.2612 7.261200000000002 61.775999999999996 0.2
T 2 0 33.6328 48.302400000000006 32.1726 48.302400000000006 0.2
T 2 0 84.7131 65.7744 84.86250000000001 65.625 0.2
T 2 0 94.94999999999999 21.0 91.94999999999999 18.0 0.2
T 2 0 79.475 19.044300000000007 79.475 22.0 0.2
P 2 85.608 67.722 0.6 0.6 1
H 85.608 67.722 0.3
P 2 57.370000000000005 39.9996 0.6 0.6 1
H 57.370000000000005 39.9996 0.3
P 2 56.44799999999999 45.37820000000001 0.6 0.6 1
H 56.44799999999999 45.37820000000001 0.3
P 2 55.59 57.235 0.6 0.6 1
H 55.59 57.235 0.3
P 2 24.215100000000007 49.101200000000006 0.6 0.6 1
H 24.215100000000007 49.101200000000006 0.3
P 2 34.096599999999995 40.8373 0.6 0.6 1
H 34.096599999999995 40.8373 0.3
P 2 95.68100000000001 25.7414 0.6 0.6 1
H 95.68100000000001 25.7414 0.3
P 2 32.733900000000006 71.951 0.6 0.6 1
H 32.733900000000006 71.951 0.3
P 2 21.201899999999995 48.873900000000006 0.6 0.6 1
H 21.201899999999995 48.873900000000006 0.3
P 2 43.1596 64.161 0.6 0.6 1
H 43.1596 64.161 0.3
P 2 27.897499999999994 63.763000000000005 0.6 0.6 1
H 27.897499999999994 63.763000000000005 0.3
P 2 53.774 48.289 0.6 0.6 1
H 53.774 48.289 0.3
P 2 37.0 63.763000000000005 0.6 0.6 1
H 37.0 63.763000000000005 0.3
P 2 27.111500000000007 69.894 0.6 0.6 1
H 27.111500000000007 69.894 0.3
P 2 96.03399999999999 31.5 0.6 0.6 1
H 96.03399999999999 31.5 0.3
P 2 14.323499999999996 40.0 0.6 0.6 1
H 14.323499999999996 40.0 0.3
P 2 9.624200000000002 42.7531 0.6 0.6 1
H 9.624200000000002 42.7531 0.3
P 2 33.6328 48.302400000000006 0.6 0.6 1
H 33.6328 48.302400000000006 0.3
P 2 8.1098 46.57470000000001 0.6 0.6 1
H 8.1098 46.57470000000001 0.3
P 2 79.475 18.791799999999995 0.6 0.6 1
H 79.475 18.791799999999995 0.3
P 2 55.539 72.257 0.6 0.6 1
H 55.539 72.257 0.3
T 3 0 24.0364 55.489000000000004 24.525000000000006 55.0 0.2
T 3 0 27.942999999999998 55.0 27.525000000000006 55.0 0.2
T 3 0 34.0012 58.824 31.766800000000003 58.824 0.2
T 3 0 24.0364 55.525999999999996 24.0364 55.489000000000004 0.2
T 3 0 24.525000000000006 55.0 27.525000000000006 55.0 0.2
T 3 0 23.467100000000002 56.545 23.467100000000002 56.095 0.2
T 3 0 31.766800000000003 58.824 27.942999999999998 55.0 0.2
T 3 0 36.175 55.0 36.175 56.650000000000006 0.2
T 3 0 23.467100000000002 56.095 24.0364 55.525999999999996 0.2
T 3 0 23.0625 56.95 23.467100000000002 56.545 0.2
T 3 0 36.175 56.650000000000006 34.825 58.0 0.2
T 3 0 34.825 58.0 34.0012 58.824 0.2
T 4 0 22.537499999999994 50.0 23.075500000000005 49.462 0.5
T 4 0 37.75 7.5 37.75 8.401699999999998 0.2
T 4 0 23.075500000000005 47.4928 23.112499999999997 47.455799999999996 0.5
T 4 0 37.5565 8.595199999999998 37.5565 8.619399999999999 0.2
T 4 0 37.75 8.401699999999998 37.5565 8.595199999999998 0.2
T 4 0 23.112499999999997 47.455799999999996 23.112499999999997 45.650000000000006 0.5
T 4 0 23.075500000000005 49.462 23.075500000000005 47.4928 0.5
P 4 23.075500000000005 16.6695 0.6 0.6 1
H 23.075500000000005 16.6695 0.3
P 4 37.5565 8.619399999999999 0.6 0.6 1
H 37.5565 8.619399999999999 0.3
P 4 23.075500000000005 47.4928 0.6 0.6 1
H 23.075500000000005 47.4928 0.3
T 4 2 23.075500000000005 16.6695 23.075500000000005 20.296300000000002 0.2
T 4 2 23.075500000000005 47.4928 23.075500000000005 20.296300000000002 0.2
T 4 1 36.4534 10.019199999999998 37.5565 8.9161 0.2
T 4 1 23.075500000000005 16.6695 29.725800000000007 10.019199999999998 0.2
T 4 1 29.725800000000007 10.019199999999998 36.4534 10.019199999999998 0.2
T 4 1 37.5565 8.9161 37.5565 8.619399999999999 0.2
T 5 0 67.5 18.474999999999994 65.8372 16.812200000000004 0.2
T 5 0 60.25 7.5 60.25 6.598300000000002 0.2
T 5 0 67.6017 7.430799999999998 65.164 4.993099999999998 0.2
T 5 0 59.75 7.5 59.75 6.598300000000002 0.2
T 5 0 61.855199999999996 4.993099999999998 60.25 6.598300000000002 0.2
T 5 0 65.164 4.993099999999998 61.855199999999996 4.993099999999998 0.2
T 5 0 74.166 20.141199999999998 74.166 22.808800000000005 0.2
T 5 0 74.166 22.808800000000005 72.5 24.474999999999994 0.2
T 5 0 65.8372 16.812200000000004 65.8372 13.770499999999998 0.2
T 5 0 67.6017 12.006 67.6017 7.430799999999998 0.2
T 5 0 72.5 18.474999999999994 67.5 18.474999999999994 0.2
T 5 0 67.5 24.474999999999994 72.5 24.474999999999994 0.2
T 5 0 65.8372 13.770499999999998 67.6017 12.006 0.2
T 5 0 74.166 20.141000000000005 74.166 20.141199999999998 0.2
T 5 0 59.75 6.598300000000002 60.25 6.598300000000002 0.2
T 5 0 72.5 18.474999999999994 74.166 20.141000000000005 0.2
T 6 0 69.175 45.0 69.175 46.423199999999994 0.5
T 6 0 70.65 42.534099999999995 70.65 43.0 0.2
T 6 0 69.525 46.7732 69.525 49.0 0.5
T 6 0 69.175 44.474999999999994 69.175 45.0 0.5
T 6 0 65.1451 37.0292 70.65 42.534099999999995 0.2
T 6 0 97.221 45.4791 95.92699999999999 46.7732 0.5
T 6 0 69.175 46.423199999999994 69.525 46.7732 0.5
T 6 0 62.75 7.5 62.75 8.401699999999998 0.2
T 6 0 96.0 42.0 97.221 43.2209 0.5
T 6 0 62.75 8.401699999999998 63.7659 9.4176 0.2
T 6 0 70.65 43.0 69.175 44.474999999999994 0.5
T 6 0 63.7659 9.4176 64.0331 9.4176 0.2
T 6 0 97.221 43.2209 97.221 45.4791 0.5
T 6 0 95.92699999999999 46.7732 69.525 46.7732 0.5
P 6 65.1451 37.0292 0.6 0.6 1
H 65.1451 37.0292 0.3
P 6 64.0331 9.4176 0.6 0.6 1
H 64.0331 9.4176 0.3
T 6 2 65.1451 37.0292 64.0331 35.917199999999994 0.2
T 6 2 64.0331 35.917199999999994 64.0331 9.4176 0.2
T 7 0 20.9375 59.111999999999995 20.9375 57.0 0.2
T 7 0 22.887500000000003 55.05 23.0625 55.05 0.2
T 7 0 20.9375 57.0 22.887500000000003 55.05 0.2
T 7 0 19.049999999999997 61.0 20.9375 59.111999999999995 0.2
T 8 0 27.9375 59.0 24.9375 56.0 0.2
T 8 0 28.049999999999997 59.0 27.9375 59.0 0.2
T 9 0 24.651799999999994 43.82170000000001 23.6408 43.82170000000001 0.2
T 9 0 21.825000000000003 44.349999999999994 18.174999999999997 48.0 0.2
T 9 0 23.6408 43.82170000000001 23.112499999999997 44.349999999999994 0.2
T 9 0 38.25 7.5 38.25 6.385599999999997 0.2
T 9 0 23.112499999999997 44.349999999999994 21.825000000000003 44.349999999999994 0.2
P 9 38.6198 21.985 0.6 0.6 1
H 38.6198 21.985 0.3
P 9 38.25 6.385599999999997 0.6 0.6 1
H 38.25 6.385599999999997 0.3
P 9 28.758399999999995 25.560100000000006 0.6 0.6 1
H 28.758399999999995 25.560100000000006 0.3
P 9 24.651799999999994 43.82170000000001 0.6 0.6 1
H 24.651799999999994 43.82170000000001 0.3
T 9 2 38.6198 21.985 38.25 21.6152 0.2
T 9 2 24.651799999999994 43.82170000000001 24.651799999999994 29.666700000000006 0.2
T 9 2 24.651799999999994 29.666700000000006 28.758399999999995 25.560100000000006 0.2
T 9 2 38.25 21.6152 38.25 6.385599999999997 0.2
T 9 1 28.977800000000002 23.073300000000003 28.625200000000007 23.4259 0.2
T 9 1 28.625200000000007 25.426900000000003 28.758399999999995 25.560100000000006 0.2
T 9 1 38.6198 21.985 38.1926 22.4122 0.2
T 9 1 28.625200000000007 23.4259 28.625200000000007 25.426900000000003 0.2
T 9 1 38.1926 22.4122 29.9469 22.4122 0.2
T 9 1 29.9469 22.4122 29.285799999999995 23.073300000000003 0.2
T 9 1 29.285799999999995 23.073300000000003 28.977800000000002 23.073300000000003 0.2
T 10 0 26.053399999999996 45.075199999999995 26.987499999999997 45.075199999999995 0.5
T 10 0 29.324799999999996 45.075199999999995 30.400000000000006 44.0 0.5
T 10 0 25.9782 45.0 26.053399999999996 45.075199999999995 0.5
T 10 0 93.53999999999999 33.7148 93.53999999999999 33.792100000000005 0.5
T 10 0 92.82499999999999 33.0 93.53999999999999 33.7148 0.5
T 10 0 25.9782 37.2718 25.9782 45.0 0.5
T 10 0 34.825 59.92400000000001 34.825 61.0 0.5
T 10 0 25.9782 45.0 24.887500000000003 45.0 0.5
T 10 0 26.987499999999997 45.075199999999995 29.324799999999996 45.075199999999995 0.5
T 10 0 28.25 35.0 25.9782 37.2718 0.5
P 10 93.53999999999999 33.792100000000005 0.6 0.6 1
H 93.53999999999999 33.792100000000005 0.3
P 10 34.825 59.92400000000001 0.6 0.6 1
H 34.825 59.92400000000001 0.3
P 10 26.987499999999997 45.075199999999995 0.6 0.6 1
H 26.987499999999997 45.075199999999995 0.3
T 10 1 26.987499999999997 45.075199999999995 31.441599999999994 49.529300000000006 0.5
T 10 1 83.5 33.792100000000005 93.53999999999999 33.792100000000005 0.5
T 10 1 31.441599999999994 49.529300000000006 34.3352 49.529300000000006 0.5
T 10 1 34.825 59.92400000000001 34.3352 59.434 0.5
T 10 1 78.00999999999999 39.282 83.5 33.792100000000005 0.5
T 10 1 34.3352 59.434 34.3352 49.529300000000006 0.5
T 10 1 34.3352 49.529300000000006 53.974000000000004 49.529300000000006 0.5
T 10 1 53.974000000000004 49.529300000000006 64.221 39.282 0.5
T 10 1 64.221 39.282 78.00999999999999 39.282 0.5
T 11 0 44.525000000000006 61.0 41.525000000000006 64.0 0.8
T 11 0 20.202799999999996 68.472 20.202799999999996 69.944 0.8
T 11 0 45.212500000000006 61.0 44.525000000000006 61.0 0.8
T 11 0 35.525000000000006 64.0 35.525000000000006 66.062 0.8
T 11 0 38.462500000000006 69.0 40.245000000000005 69.0 0.8
T 11 0 7.0 63.0 14.730800000000002 63.0 0.8
T 11 0 14.730800000000002 63.0 20.202799999999996 68.472 0.8
T 11 0 36.4855 70.977 38.462500000000006 69.0 0.8
T 11 0 35.525000000000006 66.062 38.462500000000006 69.0 0.8
T 11 0 47.212500000000006 69.0 45.932500000000005 67.72 0.8
T 11 0 40.245000000000005 69.0 41.525000000000006 67.72 0.8
T 11 0 45.932500000000005 67.72 41.525000000000006 67.72 0.8
T 11 0 21.2359 70.977 36.4855 70.977 0.8
T 11 0 41.525000000000006 67.72 41.525000000000006 64.0 0.8
T 11 0 20.202799999999996 69.944 21.2359 70.977 0.8
T 12 0 14.112499999999997 57.650000000000006 13.524999999999999 57.650000000000006 0.2
T 12 0 13.524999999999999 57.650000000000006 10.174999999999997 61.0 0.2
T 13 0 76.213 60.724000000000004 75.762 60.272000000000006 0.8
T 13 0 14.825000000000003 24.745000000000005 14.825000000000003 20.0 0.8
T 13 0 8.265900000000002 18.245400000000004 9.332999999999998 18.245400000000004 0.8
T 13 0 9.906599999999997 33.081599999999995 9.825000000000003 33.0 0.8
T 13 0 76.213 60.724000000000004 75.862 61.075 0.4006
T 13 0 5.225000000000001 28.400000000000006 9.825000000000003 33.0 0.8
T 13 0 57.068 69.0 57.175 69.0 0.8
T 13 0 5.225000000000001 24.0 5.225000000000001 28.400000000000006 0.8
T 13 0 53.224999999999994 73.0 53.224999999999994 72.844 0.8
T 13 0 76.264 60.67400000000001 77.938 59.0 0.8
T 13 0 11.007100000000001 33.081599999999995 9.906599999999997 33.081599999999995 0.8
T 13 0 8.027099999999997 51.881 7.8812 51.881 0.8
T 13 0 77.938 59.0 78.225 59.0 0.8
T 13 0 48.787499999999994 68.338 48.4375 67.988 0.8
T 13 0 7.8812 51.881 7.0 51.0 0.8
T 13 0 14.474999999999994 25.095 14.825000000000003 24.745000000000005 0.8
T 13 0 67.716 73.109 68.825 72.0 0.8
T 13 0 57.175 69.0 61.284000000000006 73.109 0.8
T 13 0 48.787499999999994 69.0 48.787499999999994 68.338 0.8
T 13 0 5.225000000000001 21.286299999999997 8.265900000000002 18.245400000000004 0.8
T 13 0 13.726799999999997 18.901799999999994 14.825000000000003 20.0 0.8
T 13 0 5.225000000000001 24.0 5.225000000000001 21.286299999999997 0.8
T 13 0 48.787499999999994 69.0 52.175 69.0 0.8
T 13 0 9.332999999999998 18.245400000000004 10.456299999999999 19.368700000000004 0.8
T 13 0 54.622 71.447 52.175 69.0 0.8
T 13 0 53.224999999999994 72.844 54.622 71.447 0.8
T 13 0 54.622 71.447 57.068 69.0 0.8
T 13 0 61.284000000000006 73.109 67.716 73.109 0.8
T 13 0 76.264 60.67400000000001 76.213 60.724000000000004 0.4006
T 13 0 10.923200000000001 18.901799999999994 13.726799999999997 18.901799999999994 0.8
T 13 0 9.825000000000003 20.0 10.923200000000001 18.901799999999994 0.8
P 13 75.762 60.272000000000006 0.6 0.6 1
H 75.762 60.272000000000006 0.3
P 13 8.027099999999997 51.881 0.6 0.6 1
H 8.027099999999997 51.881 0.3
P 13 11.007100000000001 33.081599999999995 0.6 0.6 1
H 11.007100000000001 33.081599999999995 0.3
P 13 48.4375 67.988 0.6 0.6 1
H 48.4375 67.988 0.3
T 13 2 8.027099999999997 51.881 11.007100000000001 48.9012 0.8
T 13 2 11.007100000000001 48.9012 11.007100000000001 33.081599999999995 0.8
T 13 1 56.153000000000006 60.272000000000006 75.762 60.272000000000006 0.8
T 13 1 48.4375 67.988 56.153000000000006 60.272000000000006 0.8
T 13 1 8.027099999999997 51.881 24.1336 67.988 0.8
T 13 1 24.1336 67.988 48.4375 67.988 0.8
T 14 0 39.75 7.5 39.75 8.401699999999998 0.2
T 14 0 53.825 69.0 53.04600000000001 68.221 0.5
T 14 0 30.825000000000003 13.5 30.825000000000003 11.0 0.2
T 14 0 33.4537 13.5 33.751599999999996 13.202100000000002 0.2
T 14 0 39.75 8.898600000000002 39.75 8.401699999999998 0.2
T 14 0 30.825000000000003 13.5 33.4537 13.5 0.2
T 14 0 33.751599999999996 13.202100000000002 35.4465 13.202100000000002 0.2
T 14 0 35.4465 13.202100000000002 39.75 8.898600000000002 0.2
P 14 33.751599999999996 13.202100000000002 0.6 0.6 1
H 33.751599999999996 13.202100000000002 0.3
P 14 47.6281 39.9996 0.6 0.6 1
H 47.6281 39.9996 0.3
P 14 53.04600000000001 68.221 0.6 0.6 1
H 53.04600000000001 68.221 0.3
P 14 29.2269 23.674999999999997 0.6 0.6 1
H 29.2269 23.674999999999997 0.3
T 14 2 29.395399999999995 23.843500000000006 29.2269 23.674999999999997 0.2
T 14 2 32.855599999999995 14.098100000000002 32.855599999999995 22.134699999999995 0.2
T 14 2 33.751599999999996 13.202100000000002 32.855599999999995 14.098100000000002 0.2
T 14 2 47.6281 62.803 47.6281 39.9996 0.5
T 14 2 29.2269 23.674999999999997 29.933899999999994 22.968000000000004 0.5
T 14 2 31.1468 23.843500000000006 29.395399999999995 23.843500000000006 0.2
T 14 2 32.855599999999995 22.134699999999995 31.1468 23.843500000000006 0.2
T 14 2 53.04600000000001 68.221 47.6281 62.803 0.5
T 14 1 45.551500000000004 39.9996 29.2269 23.674999999999997 0.5
T 14 1 47.6281 39.9996 45.551500000000004 39.9996 0.5
T 15 0 70.138 66.275 70.819 66.275 0.2
T 15 0 70.138 66.275 70.1375 66.275 0.2
T 15 0 67.175 75.0 68.799 73.376 0.2
T 15 0 68.799 73.376 69.506 73.376 0.2
T 15 0 70.819 66.275 71.219 66.675 0.2
T 15 0 71.219 66.675 71.219 68.628 0.2
P 15 71.219 68.628 0.6 0.6 1
H 71.219 68.628 0.3
P 15 69.506 73.376 0.6 0.6 1
H 69.506 73.376 0.3
T 15 2 71.219 68.628 71.219 71.663 0.2
T 15 2 71.219 71.663 69.506 73.376 0.2
T 16 0 85.0 8.0 85.803 7.1972999999999985 0.2
T 16 0 46.75 6.412100000000002 46.770399999999995 6.3917 0.2
T 16 0 85.803 7.1972999999999985 85.803 7.016300000000001 0.2
T 16 0 68.175 58.0 67.436 58.739000000000004 0.2
T 16 0 69.745 74.779 69.046 74.779 0.2
T 16 0 69.046 74.779 68.825 75.0 0.2
T 16 0 46.75 7.5 46.75 6.412100000000002 0.2
P 16 69.745 74.779 0.6 0.6 1
H 69.745 74.779 0.3
P 16 67.436 3.645400000000002 0.6 0.6 1
H 67.436 3.645400000000002 0.3
P 16 67.436 58.739000000000004 0.6 0.6 1
H 67.436 58.739000000000004 0.3
P 16 85.803 7.016300000000001 0.6 0.6 1
H 85.803 7.016300000000001 0.3
P 16 46.770399999999995 6.3917 0.6 0.6 1
H 46.770399999999995 6.3917 0.3
T 16 2 67.436 58.739000000000004 67.9128 58.26220000000001 0.2
T 16 2 67.436 72.471 67.436 58.739000000000004 0.2
T 16 2 67.9128 4.122199999999999 67.436 3.645400000000002 0.2
T 16 2 67.9128 58.26220000000001 67.9128 4.122199999999999 0.2
T 16 2 69.745 74.779 67.436 72.471 0.2
T 16 1 85.803 7.016300000000001 82.43209999999999 3.645400000000002 0.2
T 16 1 85.803 7.016300000000001 83.52000000000001 4.733400000000003 0.2
T 16 1 66.7671 2.9765000000000015 50.5222 2.9765000000000015 0.2
T 16 1 82.43209999999999 3.645400000000002 67.436 3.645400000000002 0.2
T 16 1 47.107 6.3917 46.770399999999995 6.3917 0.2
T 16 1 50.5222 2.9765000000000015 47.107 6.3917 0.2
T 16 1 67.436 3.645400000000002 66.7671 2.9765000000000015 0.2
T 17 0 34.8249 16.799899999999994 33.1751 16.799899999999994 0.2
T 17 0 36.5 24.474999999999994 31.5 24.474999999999994 0.2
T 17 0 36.9594 18.934299999999993 36.9594 19.8724 0.2
T 17 0 34.8249 16.799899999999994 36.5 18.474999999999994 0.2
T 17 0 36.5 18.474999999999994 36.9593 18.934299999999993 0.2
T 17 0 33.1751 16.799899999999994 31.5 18.474999999999994 0.2
T 17 0 36.9593 18.934299999999993 36.9594 18.934299999999993 0.2
T 17 0 34.8249 14.944000000000003 34.8249 16.799899999999994 0.2
T 17 0 54.580600000000004 10.453600000000002 56.25 8.784199999999998 0.2
T 17 0 56.25 8.784199999999998 56.25 7.5 0.2
T 17 0 54.580600000000004 10.453600000000002 52.089299999999994 12.944899999999997 0.2
T 17 0 57.75 6.271700000000003 57.7499 6.271700000000003 0.2
T 17 0 52.089299999999994 12.944899999999997 36.824 12.944899999999997 0.2
T 17 0 57.75 7.5 57.75 6.271700000000003 0.2
T 17 0 36.9594 19.8724 37.3655 20.278499999999994 0.2
T 17 0 37.1185 24.474999999999994 36.5 24.474999999999994 0.2
T 17 0 38.3352 23.258300000000006 37.1185 24.474999999999994 0.2
T 17 0 36.824 12.944899999999997 34.8249 14.944000000000003 0.2
P 17 37.3655 20.278499999999994 0.6 0.6 1
H 37.3655 20.278499999999994 0.3
P 17 54.580600000000004 10.453600000000002 0.6 0.6 1
H 54.580600000000004 10.453600000000002 0.3
P 17 38.3352 23.258300000000006 0.6 0.6 1
H 38.3352 23.258300000000006 0.3
P 17 57.7499 6.271700000000003 0.6 0.6 1
H 57.7499 6.271700000000003 0.3
T 17 2 57.7499 7.284300000000002 57.7499 6.271700000000003 0.2
T 17 2 38.3352 23.258300000000006 37.3655 22.288600000000002 0.2
T 17 2 37.3655 22.288600000000002 37.3655 20.278499999999994 0.2
T 17 2 54.580600000000004 10.453600000000002 57.7499 7.284300000000002 0.2
T 18 0 15.825000000000003 61.0 15.825000000000003 57.062 0.2
T 18 0 18.1126 57.0 15.887500000000003 57.0 0.2
T 18 0 15.825000000000003 57.062 15.887500000000003 57.0 0.2
T 18 0 19.0625 56.05 18.1126 57.0 0.2
T 19 0 18.403499999999994 58.587 18.403499999999994 59.884 0.5
T 19 0 31.010000000000005 42.9773 30.843500000000006 42.9773 0.5
T 19 0 30.843500000000006 42.9773 28.622699999999995 42.9773 0.5
T 19 0 15.1357 61.961 14.174999999999997 61.0 0.5
T 19 0 16.326700000000002 61.961 15.1357 61.961 0.5
T 19 0 7.888100000000001 44.111900000000006 7.0 45.0 0.5
T 19 0 19.0625 57.95 18.4251 58.587 0.5
T 19 0 18.4251 58.587 18.403499999999994 58.587 0.5
T 19 0 41.25 8.608600000000003 41.25 7.5 0.2
T 19 0 31.407899999999998 43.37520000000001 31.010000000000005 42.9773 0.5
T 19 0 31.407899999999998 46.11709999999999 31.407899999999998 43.37520000000001 0.5
T 19 0 18.403499999999994 58.587 17.7967 57.980999999999995 0.5
T 19 0 28.525000000000006 49.0 31.407899999999998 46.11709999999999 0.5
T 19 0 18.403499999999994 59.884 16.326700000000002 61.961 0.5
T 19 0 28.622699999999995 42.9773 27.599999999999994 44.0 0.5
T 19 0 30.843500000000006 42.9773 30.843500000000006 42.838300000000004 0.5
T 19 0 41.75 7.5 41.25 7.5 0.2
P 19 41.25 8.608600000000003 0.6 0.6 1
H 41.25 8.608600000000003 0.3
P 19 7.888100000000001 44.111900000000006 0.6 0.6 1
H 7.888100000000001 44.111900000000006 0.3
P 19 17.7967 57.980999999999995 0.6 0.6 1
H 17.7967 57.980999999999995 0.3
P 19 30.843500000000006 42.838300000000004 0.6 0.6 1
H 30.843500000000006 42.838300000000004 0.3
T 19 2 41.4208 8.779400000000003 41.25 8.608600000000003 0.2
T 19 2 41.4208 32.260999999999996 30.843500000000006 42.838300000000004 0.5
T 19 2 41.4208 32.260999999999996 41.4208 8.779400000000003 0.2
T 19 1 17.7967 44.3715 8.1477 44.3715 0.5
T 19 1 19.329899999999995 42.838300000000004 17.7967 44.3715 0.5
T 19 1 17.7967 44.3715 17.7967 57.980999999999995 0.5
T 19 1 30.843500000000006 42.838300000000004 19.329899999999995 42.838300000000004 0.5
T 19 1 8.1477 44.3715 7.888100000000001 44.111900000000006 0.5
T 20 0 46.9375 43.0 44.9375 45.0 0.5
T 20 0 46.9375 42.1875 46.9375 43.0 0.5
T 20 0 47.599999999999994 43.0 46.9375 43.0 0.5
T 20 0 39.75 35.0 46.9375 42.1875 0.5
T 21 0 49.175 44.224999999999994 49.175 45.0 0.5
T 21 0 50.400000000000006 43.0 49.175 44.224999999999994 0.5
T 22 0 47.82170000000001 16.7967 49.5 18.474999999999994 0.2
T 22 0 58.75 8.401699999999998 58.75 8.475299999999997 0.2
T 22 0 58.75 7.5 58.75 8.401699999999998 0.2
T 22 0 58.75 8.401699999999998 59.151700000000005 8.803400000000003 0.2
T 22 0 56.025000000000006 20.0 59.2255 20.0 0.2
T 22 0 54.5 24.474999999999994 51.617000000000004 24.474999999999994 0.2
T 22 0 47.82170000000001 14.978399999999993 47.82170000000001 16.7967 0.2
T 22 0 53.477000000000004 13.7483 49.0518 13.7483 0.2
T 22 0 61.25 7.5 61.25 8.401699999999998 0.2
T 22 0 60.1588 22.118799999999993 58.877399999999994 23.400199999999998 0.2
T 22 0 55.574799999999996 23.400199999999998 54.5 24.474999999999994 0.2
T 22 0 60.1588 20.933300000000003 60.1588 22.118799999999993 0.2
T 22 0 58.877399999999994 23.400199999999998 55.574799999999996 23.400199999999998 0.2
T 22 0 54.5 18.474999999999994 56.025000000000006 20.0 0.2
T 22 0 58.75 8.475299999999997 53.477000000000004 13.7483 0.2
T 22 0 59.2255 20.0 60.1588 20.933300000000003 0.2
T 22 0 49.0518 13.7483 47.82170000000001 14.978399999999993 0.2
T 22 0 60.848299999999995 8.803400000000003 61.25 8.401699999999998 0.2
T 22 0 49.5 18.474999999999994 54.5 18.474999999999994 0.2
T 22 0 51.617000000000004 24.474999999999994 49.5 24.474999999999994 0.2
T 22 0 59.151700000000005 8.803400000000003 60.848299999999995 8.803400000000003 0.2
T 23 0 87.0625 66.05 87.06200000000001 66.05 0.2
T 23 0 81.05199999999999 9.051699999999997 81.05199999999999 14.534099999999995 0.2
T 23 0 80.0 8.0 81.05199999999999 9.051699999999997 0.2
T 23 0 87.06200000000001 65.223 87.055 65.216 0.2
T 23 0 27.174999999999997 73.0 27.914900000000003 72.26 0.2
T 23 0 65.799 67.05 67.062 67.05 0.2
T 23 0 87.06200000000001 66.05 87.06200000000001 65.223 0.2
T 23 0 67.062 67.05 67.0625 67.05 0.2
T 23 0 81.05199999999999 14.534099999999995 80.59800000000001 14.988200000000006 0.2
P 23 27.914900000000003 72.26 0.6 0.6 1
H 27.914900000000003 72.26 0.3
P 23 87.055 65.216 0.6 0.6 1
H 87.055 65.216 0.3
P 23 80.59800000000001 14.988200000000006 0.6 0.6 1
H 80.59800000000001 14.988200000000006 0.3
P 23 65.799 67.05 0.6 0.6 1
H 65.799 67.05 0.3
T 23 2 81.143 41.5296 81.143 15.533600000000007 0.2
T 23 2 87.055 47.4413 81.143 41.5296 0.2
T 23 2 87.055 65.216 87.055 47.4413 0.2
T 23 2 81.143 15.533600000000007 80.59800000000001 14.988200000000006 0.2
T 23 1 65.799 67.05 57.647999999999996 67.05 0.2
T 23 1 47.8202 76.878 32.532399999999996 76.878 0.2
T 23 1 32.532399999999996 76.878 27.914900000000003 72.26 0.2
T 23 1 88.50999999999999 74.73 89.78 76.0 0.2
T 23 1 69.95 67.05 73.906 63.093 0.2
T 23 1 57.647999999999996 67.05 47.8202 76.878 0.2
T 23 1 73.906 63.093 77.428 63.093 0.2
T 23 1 85.452 63.613 87.055 65.216 0.2
T 23 1 65.799 67.05 69.95 67.05 0.2
T 23 1 77.428 63.093 78.0 63.666 0.2
T 23 1 83.232 63.613 85.452 63.613 0.2
T 23 1 88.50999999999999 66.671 88.50999999999999 74.73 0.2
T 23 1 83.179 63.666 83.232 63.613 0.2
T 23 1 87.055 65.216 88.50999999999999 66.671 0.2
T 23 1 78.0 63.666 83.179 63.666 0.2
T 24 0 32.197199999999995 69.969 32.197199999999995 69.303 0.2348
T 24 0 31.174999999999997 73.0 28.825000000000003 73.0 0.8
T 24 0 32.197199999999995 69.969 31.420199999999994 69.969 0.8
T 24 0 30.022599999999997 72.857 31.031999999999996 72.857 0.8
T 24 0 32.197199999999995 69.303 32.25 69.25 0.2348
T 24 0 31.031999999999996 72.857 31.174999999999997 73.0 0.8
P 24 31.420199999999994 69.969 0.6 0.6 1
H 31.420199999999994 69.969 0.3
P 24 30.022599999999997 72.857 0.6 0.6 1
H 30.022599999999997 72.857 0.3
T 24 2 30.022599999999997 72.857 30.022599999999997 71.367 0.8
T 24 2 30.022599999999997 71.367 31.420199999999994 69.969 0.8
T 25 0 48.75 9.468600000000002 48.778499999999994 9.497100000000003 0.2
T 25 0 47.997 57.822 48.175 58.0 0.2
T 25 0 48.75 7.5 48.75 8.401699999999998 0.2
T 25 0 49.825 77.0 47.824 74.999 0.2
T 25 0 48.75 8.401699999999998 48.75 9.468600000000002 0.2
T 25 0 45.5801 57.822 47.997 57.822 0.2
P 25 48.778499999999994 9.497100000000003 0.6 0.6 1
H 48.778499999999994 9.497100000000003 0.3
P 25 47.824 74.999 0.6 0.6 1
H 47.824 74.999 0.3
P 25 45.5801 57.822 0.6 0.6 1
H 45.5801 57.822 0.3
T 25 2 48.778499999999994 9.497100000000003 48.778499999999994 14.075599999999994 0.2
T 25 2 45.5801 72.755 47.824 74.999 0.2
T 25 2 45.5801 57.822 45.786500000000004 57.616 0.2
T 25 2 45.5801 57.822 45.5801 72.755 0.2
T 25 2 45.786500000000004 17.0676 45.786500000000004 57.616 0.2
T 25 2 48.778499999999994 14.075599999999994 45.786500000000004 17.0676 0.2
T 26 0 53.774 57.056 53.175 57.656000000000006 0.2
T 26 0 54.825 77.0 55.539 76.286 0.2
T 26 0 55.539 76.286 55.539 76.17 0.2
T 26 0 53.175 57.656000000000006 53.175 58.0 0.2
T 26 0 49.25 6.733499999999999 48.9143 6.397799999999997 0.2
T 26 0 49.25 7.5 49.25 6.733499999999999 0.2
P 26 48.9143 6.397799999999997 0.6 0.6 1
H 48.9143 6.397799999999997 0.3
P 26 55.539 76.17 0.6 0.6 1
H 55.539 76.17 0.3
P 26 53.774 57.056 0.6 0.6 1
H 53.774 57.056 0.3
T 26 2 48.4025 41.862399999999994 48.4025 51.684 0.2
T 26 2 49.3802 40.884699999999995 48.4025 41.862399999999994 0.2
T 26 2 48.9143 8.7134 49.3802 9.179299999999998 0.2
T 26 2 49.3802 9.179299999999998 49.3802 40.884699999999995 0.2
T 26 2 55.539 76.17 53.774 74.405 0.2
T 26 2 48.4025 51.684 53.774 57.056 0.2
T 26 2 48.9143 6.397799999999997 48.9143 8.7134 0.2
T 26 2 53.774 74.405 53.774 57.056 0.2
T 27 0 33.175 58.0 33.175 56.650000000000006 0.2
T 27 0 33.175 56.650000000000006 34.825 55.0 0.2
T 27 0 52.143600000000006 6.395600000000002 52.254400000000004 6.395600000000002 0.2
T 27 0 51.75 6.789200000000001 52.143600000000006 6.395600000000002 0.2
T 27 0 35.147499999999994 54.013000000000005 34.825 54.336 0.2
T 27 0 34.825 54.336 34.825 55.0 0.2
T 27 0 51.75 7.5 51.75 6.789200000000001 0.2
P 27 52.254400000000004 6.395600000000002 0.6 0.6 1
H 52.254400000000004 6.395600000000002 0.3
P 27 35.147499999999994 54.013000000000005 0.6 0.6 1
H 35.147499999999994 54.013000000000005 0.3
T 27 2 43.199 15.474199999999996 43.199 36.18429999999999 0.2
T 27 2 52.254400000000004 6.1865999999999985 51.0001 4.932299999999998 0.2
T 27 2 49.468 4.932299999999998 47.9637 6.4365999999999985 0.2
T 27 2 35.147499999999994 44.2358 43.199 36.18429999999999 0.2
T 27 2 47.9637 6.4365999999999985 47.9637 10.709499999999998 0.2
T 27 2 52.254400000000004 6.395600000000002 52.254400000000004 6.1865999999999985 0.2
T 27 2 47.9637 10.709499999999998 43.199 15.474199999999996 0.2
T 27 2 51.0001 4.932299999999998 49.468 4.932299999999998 0.2
T 27 2 35.147499999999994 54.013000000000005 35.147499999999994 44.2358 0.2
T 28 0 53.75 7.5 53.75 6.374600000000001 0.2
T 28 0 53.75 6.374600000000001 53.7371 6.361699999999999 0.2
T 28 0 91.911 40.9144 91.82499999999999 41.0 0.2
T 28 0 91.82499999999999 43.349999999999994 90.17500000000001 45.0 0.2
T 28 0 92.749 40.9144 91.911 40.9144 0.2
T 28 0 91.82499999999999 41.0 91.82499999999999 43.349999999999994 0.2
P 28 53.7371 6.361699999999999 0.6 0.6 1
H 53.7371 6.361699999999999 0.3
P 28 92.749 40.9144 0.6 0.6 1
H 92.749 40.9144 0.3
P 28 55.7084 14.125399999999999 0.6 0.6 1
H 55.7084 14.125399999999999 0.3
T 28 2 55.7084 14.125399999999999 52.179199999999994 10.596200000000003 0.2
T 28 2 52.179199999999994 7.919600000000003 53.7371 6.361699999999999 0.2
T 28 2 52.179199999999994 10.596200000000003 52.179199999999994 7.919600000000003 0.2
T 28 1 95.67599999999999 37.986900000000006 95.67599999999999 34.907 0.2
T 28 1 92.749 40.9144 95.67599999999999 37.986900000000006 0.2
T 28 1 57.2226 14.125399999999999 75.312 32.2148 0.2
T 28 1 92.98400000000001 32.2148 75.312 32.2148 0.2
T 28 1 55.7084 14.125399999999999 57.2226 14.125399999999999 0.2
T 28 1 95.67599999999999 34.907 92.98400000000001 32.2148 0.2
T 29 0 86.05000000000001 45.0 85.12899999999999 44.078599999999994 0.2
T 29 0 91.863 45.03830000000001 91.82499999999999 45.0 0.2
T 29 0 55.345600000000005 5.604399999999998 55.345600000000005 4.883299999999998 0.2
T 29 0 54.25 7.5 54.25 6.700000000000003 0.2
T 29 0 92.74000000000001 45.03830000000001 91.863 45.03830000000001 0.2
T 29 0 54.25 6.700000000000003 55.345600000000005 5.604399999999998 0.2
P 29 85.12899999999999 44.078599999999994 0.6 0.6 1
H 85.12899999999999 44.078599999999994 0.3
P 29 92.74000000000001 45.03830000000001 0.6 0.6 1
H 92.74000000000001 45.03830000000001 0.3
P 29 55.345600000000005 4.883299999999998 0.6 0.6 1
H 55.345600000000005 4.883299999999998 0.3
T 29 1 55.6472 4.581699999999998 55.345600000000005 4.883299999999998 0.2
T 29 1 63.48779999999999 4.581699999999998 55.6472 4.581699999999998 0.2
T 29 1 79.51240000000001 4.883299999999998 63.7894 4.883299999999998 0.2
T 29 1 80.37 5.7409000000000034 97.49199999999999 22.862700000000004 0.2
T 29 1 80.37 5.7409000000000034 79.51240000000001 4.883299999999998 0.2
T 29 1 97.49199999999999 38.36750000000001 91.781 44.078599999999994 0.2
T 29 1 92.74000000000001 45.03830000000001 91.781 44.078599999999994 0.2
T 29 1 91.781 44.078599999999994 85.12899999999999 44.078599999999994 0.2
T 29 1 97.49199999999999 22.862700000000004 97.49199999999999 38.36750000000001 0.2
T 29 1 63.7894 4.883299999999998 63.48779999999999 4.581699999999998 0.2
T 30 0 65.2194 5.747399999999999 65.2194 5.747300000000003 0.2
T 30 0 60.75 6.7562 60.75 7.5 0.2
T 30 0 65.1547 16.820300000000003 65.1547 12.100000000000001 0.2
T 30 0 64.9983 8.702399999999997 65.9477 7.753 0.2
T 30 0 65.9477 6.363599999999998 65.3315 5.747399999999999 0.2
T 30 0 61.0 18.474999999999994 58.5 18.474999999999994 0.2
T 30 0 63.5 18.474999999999994 65.1547 16.820300000000003 0.2
T 30 0 64.8669 5.3947999999999965 62.1114 5.3947999999999965 0.2
T 30 0 65.2194 5.747300000000003 64.8669 5.3947999999999965 0.2
T 30 0 61.0 24.474999999999994 58.5 24.474999999999994 0.2
T 30 0 59.25 8.176699999999997 59.25 7.5 0.2
T 30 0 63.5 24.474999999999994 61.0 24.474999999999994 0.2
T 30 0 59.474999999999994 8.401699999999998 59.25 8.176699999999997 0.2
T 30 0 62.1114 5.3947999999999965 60.75 6.7562 0.2
T 30 0 63.5 18.474999999999994 61.0 18.474999999999994 0.2
T 30 0 60.75 8.190399999999997 60.538700000000006 8.401699999999998 0.2
T 30 0 64.9983 11.943600000000004 64.9983 8.702399999999997 0.2
T 30 0 60.75 7.5 60.75 8.190399999999997 0.2
T 30 0 60.538700000000006 8.401699999999998 59.474999999999994 8.401699999999998 0.2
T 30 0 65.3315 5.747399999999999 65.2194 5.747399999999999 0.2
T 30 0 61.0 18.474999999999994 61.0 24.474999999999994 0.2
T 30 0 65.1547 12.100000000000001 64.9983 11.943600000000004 0.2
T 30 0 65.9477 7.753 65.9477 6.363599999999998 0.2
T 31 0 36.75 8.8125 36.7547 8.8172 0.2
T 31 0 38.2291 52.0 38.175 52.0 0.2
T 31 0 36.75 7.5 36.75 8.8125 0.2
T 31 0 38.9503 51.278999999999996 38.2291 52.0 0.2
P 31 36.7547 8.8172 0.6 0.6 1
H 36.7547 8.8172 0.3
P 31 36.9615 35.634 0.6 0.6 1
H 36.9615 35.634 0.3
P 31 40.2371 40.016000000000005 0.6 0.6 1
H 40.2371 40.016000000000005 0.3
P 31 38.9503 51.278999999999996 0.6 0.6 1
H 38.9503 51.278999999999996 0.3
T 31 2 36.85209999999999 8.9146 36.7547 8.8172 0.2
T 31 2 38.9503 51.278999999999996 40.2371 49.992000000000004 0.2
T 31 2 36.85209999999999 17.269999999999996 36.85209999999999 8.9146 0.2
T 31 2 36.7548 17.3673 36.85209999999999 17.269999999999996 0.2
T 31 2 36.7548 35.4273 36.7548 17.3673 0.2
T 31 2 36.9615 35.634 36.7548 35.4273 0.2
T 31 2 40.2371 49.992000000000004 40.2371 40.016000000000005 0.2
T 31 1 40.2371 40.016000000000005 40.2371 38.9096 0.2
T 31 1 40.2371 38.9096 36.9615 35.634 0.2
T 32 0 43.462500000000006 52.0 39.825 52.0 0.5
T 32 0 45.462500000000006 50.0 43.0625 47.599999999999994 0.5
T 32 0 43.0625 47.599999999999994 43.0625 45.95 0.5
T 32 0 45.462500000000006 50.0 43.462500000000006 52.0 0.5
T 33 0 29.950000000000003 59.0 31.174999999999997 59.0 0.2
T 33 0 31.174999999999997 59.0 33.175 61.0 0.2
T 34 0 13.0 69.0 7.0 69.0 0.8
T 34 0 13.0 69.0 18.537499999999994 69.0 0.8
T 35 0 21.462500000000006 65.062 21.525000000000006 65.0 0.8
T 35 0 25.537499999999994 69.0 21.462500000000006 69.0 0.8
T 35 0 21.462500000000006 69.0 21.462500000000006 65.062 0.8
T 36 0 59.825 44.0 63.012 44.0 0.2
T 36 0 59.825 44.0 59.825 48.0 0.2
T 36 0 63.0625 44.05 63.062 44.05 0.2
T 36 0 63.012 44.0 63.062 44.05 0.2
T 37 0 62.982 47.599999999999994 63.062 47.599999999999994 0.5
T 37 0 59.825 52.0 59.825 50.757000000000005 0.5
T 37 0 63.062 47.599999999999994 63.062 45.95 0.5
T 37 0 65.4625 50.0 65.462 50.0 0.2
T 37 0 65.462 50.0 63.062 47.599999999999994 0.5
T 37 0 59.825 50.757000000000005 62.982 47.599999999999994 0.5
T 37 0 63.0625 45.95 63.062 45.95 0.2
T 38 0 64.9375 45.0 64.938 45.0 0.2
T 38 0 66.938 43.0 64.938 45.0 0.5
T 38 0 66.938 43.0 66.938 42.1875 0.5
T 38 0 67.35 43.0 66.938 43.0 0.5
T 38 0 66.938 42.1875 59.75 35.0 0.5
T 39 0 6.319800000000001 23.1708 6.019100000000002 23.471500000000006 0.2
T 39 0 12.385399999999997 33.78959999999999 13.174999999999997 33.0 0.2
T 39 0 6.019100000000002 27.013800000000003 12.005299999999998 33.0 0.2
T 39 0 8.964599999999997 33.78959999999999 12.385399999999997 33.78959999999999 0.2
T 39 0 7.650500000000001 26.105199999999996 7.650500000000001 23.648600000000002 0.2
T 39 0 12.005299999999998 33.0 13.174999999999997 33.0 0.2
T 39 0 6.019100000000002 23.471500000000006 6.019100000000002 27.013800000000003 0.2
T 39 0 9.524999999999999 27.635000000000005 9.180300000000003 27.635000000000005 0.2
T 39 0 9.180300000000003 27.635000000000005 7.650500000000001 26.105199999999996 0.2
T 39 0 7.650500000000001 23.648600000000002 7.172699999999999 23.1708 0.2
T 39 0 7.172699999999999 23.1708 6.319800000000001 23.1708 0.2
T 39 0 8.174999999999997 33.0 8.964599999999997 33.78959999999999 0.2
T 40 0 91.00200000000001 40.1729 91.875 40.1729 0.2
T 40 0 95.72399999999999 40.1729 97.774 42.22280000000001 0.2
T 40 0 64.75 7.5 64.75 6.598300000000002 0.2
T 40 0 87.965 25.147599999999997 89.08099999999999 25.147599999999997 0.2
T 40 0 91.875 40.1729 95.72399999999999 40.1729 0.2
T 40 0 97.774 42.22280000000001 97.774 46.226299999999995 0.2
T 40 0 91.875 40.1729 91.875 35.325199999999995 0.2
T 40 0 85.0625 28.049999999999997 85.06200000000001 28.049999999999997 0.2
T 40 0 85.06200000000001 28.5124 85.06200000000001 28.049999999999997 0.2
T 40 0 91.875 35.325199999999995 85.06200000000001 28.5124 0.2
T 40 0 90.17500000000001 41.0 91.00200000000001 40.1729 0.2
T 40 0 89.08099999999999 25.147599999999997 89.22900000000001 25.0 0.2
T 40 0 97.774 46.226299999999995 96.0 48.0 0.2
T 40 0 85.06200000000001 28.049999999999997 87.965 25.147599999999997 0.2
T 40 0 64.75 6.598300000000002 65.3098 6.598300000000002 0.2
T 40 0 89.22900000000001 25.0 90.525 25.0 0.2
P 40 65.3098 6.598300000000002 0.6 0.6 1
H 65.3098 6.598300000000002 0.3
P 40 89.08099999999999 25.147599999999997 0.6 0.6 1
H 89.08099999999999 25.147599999999997 0.3
T 40 1 87.505 25.147599999999997 78.54400000000001 16.186499999999995 0.2
T 40 1 89.08099999999999 25.147599999999997 87.505 25.147599999999997 0.2
T 41 0 61.75 7.5 61.75 8.412799999999997 0.2
T 41 0 61.75 8.412799999999997 61.944199999999995 8.607 0.2
T 41 0 84.05000000000001 18.0 83.13999999999999 17.090199999999996 0.2
P 41 61.944199999999995 8.607 0.6 0.6 1
H 61.944199999999995 8.607 0.3
P 41 83.13999999999999 17.090199999999996 0.6 0.6 1
H 83.13999999999999 17.090199999999996 0.3
T 41 1 71.4166 10.985500000000002 71.8168 11.3857 0.2
T 41 1 83.13999999999999 16.573899999999995 83.13999999999999 16.679900000000004 0.2
T 41 1 61.944199999999995 8.607 64.3227 10.985500000000002 0.2
T 41 1 77.9518 11.3857 83.13999999999999 16.573899999999995 0.2
T 41 1 83.13999999999999 17.090199999999996 83.13999999999999 16.679900000000004 0.2
T 41 1 71.8168 11.3857 77.9518 11.3857 0.2
T 41 1 64.3227 10.985500000000002 71.4166 10.985500000000002 0.2
T 42 0 35.25 7.5 35.25 8.500799999999998 0.2
T 42 0 35.25 8.500799999999998 35.1482 8.602600000000002 0.2
T 42 0 89.144 11.094499999999996 90.05000000000001 12.0 0.2
P 42 35.1482 8.602600000000002 0.6 0.6 1
H 35.1482 8.602600000000002 0.3
P 42 89.144 11.094499999999996 0.6 0.6 1
H 89.144 11.094499999999996 0.3
T 42 1 63.6541 4.18 50.0945 4.18 0.2
T 42 1 36.637699999999995 7.113100000000003 35.1482 8.602600000000002 0.2
T 42 1 80.97800000000001 5.339199999999998 79.9204 4.281599999999997 0.2
T 42 1 79.9204 4.281599999999997 63.755700000000004 4.281599999999997 0.2
T 42 1 86.73400000000001 11.094499999999996 89.144 11.094499999999996 0.2
T 42 1 50.0945 4.18 47.1614 7.113100000000003 0.2
T 42 1 80.97800000000001 5.339199999999998 86.73400000000001 11.094499999999996 0.2
T 42 1 47.1614 7.113100000000003 36.637699999999995 7.113100000000003 0.2
T 42 1 63.755700000000004 4.281599999999997 63.6541 4.18 0.2
T 43 0 58.175 51.735 58.175 52.0 0.2
T 43 0 58.790000000000006 51.120000000000005 58.175 51.735 0.2
T 43 0 35.75 6.369 35.75 7.5 0.2
P 43 58.790000000000006 51.120000000000005 0.6 0.6 1
H 58.790000000000006 51.120000000000005 0.3
P 43 35.75 6.369 0.6 0.6 1
H 35.75 6.369 0.3
P 43 34.6289 21.547300000000007 0.6 0.6 1
H 34.6289 21.547300000000007 0.3
P 43 56.742999999999995 39.24550000000001 0.6 0.6 1
H 56.742999999999995 39.24550000000001 0.3
T 43 2 35.76049999999999 12.888100000000001 35.973699999999994 12.674900000000001 0.2
T 43 2 35.75 11.952800000000003 35.75 6.369 0.2
T 43 2 58.790000000000006 46.218199999999996 58.790000000000006 51.120000000000005 0.2
T 43 2 35.76049999999999 20.4157 35.76049999999999 12.888100000000001 0.2
T 43 2 56.742999999999995 39.24550000000001 56.742999999999995 44.1712 0.2
T 43 2 56.742999999999995 44.1712 58.790000000000006 46.218199999999996 0.2
T 43 2 34.6289 21.547300000000007 35.76049999999999 20.4157 0.2
T 43 2 35.973699999999994 12.176499999999997 35.75 11.952800000000003 0.2
T 43 2 35.973699999999994 12.674900000000001 35.973699999999994 12.176499999999997 0.2
T 43 1 56.742999999999995 39.24550000000001 38.880799999999994 21.383300000000006 0.2
T 43 1 38.880799999999994 21.383300000000006 34.7929 21.383300000000006 0.2
T 43 1 34.7929 21.383300000000006 34.6289 21.547300000000007 0.2
T 44 0 36.25 8.401699999999998 35.348299999999995 9.303400000000003 0.2
T 44 0 36.25 7.5 36.25 8.401699999999998 0.2
T 44 0 35.348299999999995 9.303400000000003 34.71510000000001 9.303400000000003 0.2
T 44 0 57.435 43.259699999999995 58.175 44.0 0.2
P 44 57.435 43.259699999999995 0.6 0.6 1
H 57.435 43.259699999999995 0.3
P 44 30.9242 23.177899999999994 0.6 0.6 1
H 30.9242 23.177899999999994 0.3
P 44 34.71510000000001 9.303400000000003 0.6 0.6 1
H 34.71510000000001 9.303400000000003 0.3
T 44 2 34.71510000000001 9.303400000000003 30.9242 13.094299999999997 0.2
T 44 2 30.9242 13.094299999999997 30.9242 23.177899999999994 0.2
T 44 1 57.435 43.259699999999995 37.352900000000005 23.177899999999994 0.2
T 44 1 37.352900000000005 23.177899999999994 30.9242 23.177899999999994 0.2
T 45 0 37.25 7.5 37.25 6.392099999999999 0.2
T 45 0 38.9148 43.2602 38.175 44.0 0.2
P 45 37.25 6.392099999999999 0.6 0.6 1
H 37.25 6.392099999999999 0.3
P 45 31.6087 36.7298 0.6 0.6 1
H 31.6087 36.7298 0.3
P 45 38.9148 43.2602 0.6 0.6 1
H 38.9148 43.2602 0.3
T 45 2 36.3754 15.762299999999996 36.3754 12.010199999999998 0.2
T 45 2 31.6087 36.7298 36.1622 32.1763 0.2
T 45 2 36.1622 15.975499999999997 36.3754 15.762299999999996 0.2
T 45 2 36.1519 11.786700000000003 36.1519 7.4902000000000015 0.2
T 45 2 36.1622 32.1763 36.1622 15.975499999999997 0.2
T 45 2 36.3754 12.010199999999998 36.1519 11.786700000000003 0.2
T 45 2 36.1519 7.4902000000000015 37.25 6.392099999999999 0.2
T 45 1 38.1391 43.2602 38.9148 43.2602 0.2
T 45 1 31.6087 36.7298 38.1391 43.2602 0.2
T 47 0 70.1031 8.673299999999998 64.4063 2.9765000000000015 0.2
T 47 0 64.4063 2.9765000000000015 47.292 2.9765000000000015 0.2
T 47 0 43.75 7.5 43.75 6.599800000000002 0.2
T 47 0 76.947 15.578100000000006 76.525 16.0 0.2
T 47 0 77.608 15.578100000000006 76.947 15.578100000000006 0.2
T 47 0 40.799800000000005 6.599800000000002 40.75 6.6495999999999995 0.2
T 47 0 70.1031 11.620399999999997 70.1031 8.673299999999998 0.2
T 47 0 43.75 6.599800000000002 40.799800000000005 6.599800000000002 0.2
T 47 0 96.0 24.0 96.887 23.1126 0.2
T 47 0 43.75 6.518500000000003 43.75 6.599800000000002 0.2
T 47 0 47.292 2.9765000000000015 43.75 6.518500000000003 0.2
T 47 0 40.75 6.6495999999999995 40.75 7.5 0.2
P 47 70.1031 11.620399999999997 0.6 0.6 1
H 70.1031 11.620399999999997 0.3
P 47 77.608 15.578100000000006 0.6 0.6 1
H 77.608 15.578100000000006 0.3
P 47 96.887 23.1126 0.6 0.6 1
H 96.887 23.1126 0.3
T 47 1 77.608 15.578100000000006 74.0608 15.578100000000006 0.2
T 47 1 77.608 15.578100000000006 78.50399999999999 15.578100000000006 0.2
T 47 1 79.92099999999999 15.979799999999997 87.054 23.1126 0.2
T 47 1 87.054 23.1126 96.887 23.1126 0.2
T 47 1 78.50399999999999 15.578100000000006 78.905 15.979799999999997 0.2
T 47 1 78.905 15.979799999999997 79.92099999999999 15.979799999999997 0.2
T 47 1 74.0608 15.578100000000006 70.1031 11.620399999999997 0.2
T 49 0 42.75 8.401699999999998 42.75 10.7211 0.2
T 49 0 42.75 7.5 42.75 8.401699999999998 0.2
T 49 0 49.790400000000005 48.7346 50.824 48.7346 0.5
T 49 0 50.825 48.7334 50.824 48.7346 0.5
T 49 0 7.0 39.0 7.066800000000001 38.9332 0.5
T 49 0 42.75 10.7211 43.89660000000001 11.8677 0.2
T 49 0 43.25 7.5 42.75 7.5 0.2
T 49 0 49.525000000000006 49.0 49.790400000000005 48.7346 0.5
T 49 0 50.825 45.0 50.825 48.7334 0.5
T 49 0 7.066800000000001 38.9332 8.298900000000003 38.9332 0.5
P 49 50.824 48.7346 0.6 0.6 1
H 50.824 48.7346 0.3
P 49 43.89660000000001 11.8677 0.6 0.6 1
H 43.89660000000001 11.8677 0.3
P 49 8.298900000000003 38.9332 0.6 0.6 1
H 8.298900000000003 38.9332 0.3
T 49 1 8.298900000000003 38.9332 28.001599999999996 38.9332 0.5
T 49 1 28.001599999999996 23.2693 30.406400000000005 20.864500000000007 0.2
T 49 1 50.824 48.7346 37.803 48.7346 0.5
T 49 1 37.803 48.7346 28.001599999999996 38.9332 0.5
T 49 1 30.406400000000005 20.864500000000007 34.8998 20.864500000000007 0.2
T 49 1 28.001599999999996 23.2693 28.001599999999996 38.9332 0.5
T 49 1 34.8998 20.864500000000007 43.89660000000001 11.8677 0.2
T 50 0 63.188500000000005 4.202300000000001 63.188500000000005 3.5782000000000025 0.2
T 50 0 64.9848 4.202300000000001 63.188500000000005 4.202300000000001 0.2
T 50 0 44.25 6.598300000000002 46.646 4.202300000000001 0.2
T 50 0 69.5014 11.9619 69.5014 8.718899999999998 0.2
T 50 0 72.825 12.0 72.0388 12.786200000000001 0.2
T 50 0 63.897000000000006 58.928 64.825 58.0 0.5
T 50 0 58.852999999999994 69.0 59.622 68.23 0.5
T 50 0 44.25 7.5 44.25 6.598300000000002 0.2
T 50 0 60.753 58.928 63.897000000000006 58.928 0.5
T 50 0 60.117999999999995 58.293000000000006 60.753 58.928 0.5
T 50 0 46.646 4.202300000000001 63.188500000000005 4.202300000000001 0.2
T 50 0 59.009 58.754000000000005 59.47 58.293000000000006 0.5
T 50 0 58.825 69.0 58.852999999999994 69.0 0.5
T 50 0 60.117999999999995 58.293000000000006 59.825 58.0 0.5
T 50 0 59.47 58.293000000000006 60.117999999999995 58.293000000000006 0.5
T 50 0 72.0388 12.786200000000001 70.3257 12.786200000000001 0.2
T 50 0 70.3257 12.786200000000001 69.5014 11.9619 0.2
T 50 0 69.5014 8.718899999999998 64.9848 4.202300000000001 0.2
P 50 59.622 68.23 0.6 0.6 1
H 59.622 68.23 0.3
P 50 63.188500000000005 3.5782000000000025 0.6 0.6 1
H 63.188500000000005 3.5782000000000025 0.3
P 50 59.009 58.754000000000005 0.6 0.6 1
H 59.009 58.754000000000005 0.3
T 50 2 61.3267 48.8257 61.3267 5.439999999999998 0.2
T 50 2 61.3267 5.439999999999998 63.188500000000005 3.5782000000000025 0.2
T 50 2 65.132 52.631 59.009 58.754000000000005 0.5
T 50 2 59.009 58.754000000000005 59.009 67.617 0.5
T 50 2 65.132 52.631 61.3267 48.8257 0.2
T 50 2 59.009 67.617 59.622 68.23 0.5
T 51 0 8.174999999999997 20.0 8.174999999999997 19.891499999999994 0.2
T 51 0 44.75 8.553600000000003 44.69799999999999 8.605600000000003 0.2
T 51 0 8.174999999999997 19.891499999999994 8.873199999999997 19.193299999999994 0.2
T 51 0 9.524999999999999 26.364999999999995 9.180300000000003 26.364999999999995 0.2
T 51 0 44.75 7.5 44.75 8.553600000000003 0.2
T 51 0 8.174999999999997 25.359700000000004 8.174999999999997 20.0 0.2
T 51 0 9.180300000000003 26.364999999999995 8.174999999999997 25.359700000000004 0.2
P 51 8.873199999999997 19.193299999999994 0.6 0.6 1
H 8.873199999999997 19.193299999999994 0.3
P 51 44.69799999999999 8.605600000000003 0.6 0.6 1
H 44.69799999999999 8.605600000000003 0.3
T 51 1 23.939400000000006 18.857699999999994 23.603800000000007 19.193299999999994 0.2
T 51 1 44.69799999999999 8.816200000000002 34.656499999999994 18.857699999999994 0.2
T 51 1 44.69799999999999 8.605600000000003 44.69799999999999 8.816200000000002 0.2
T 51 1 34.656499999999994 18.857699999999994 23.939400000000006 18.857699999999994 0.2
T 51 1 8.873199999999997 19.193299999999994 23.603800000000007 19.193299999999994 0.2
T 52 0 45.25 7.5 45.25 8.256799999999998 0.2
T 52 0 11.750399999999999 21.424599999999998 9.524999999999999 23.650000000000006 0.2
T 52 0 9.524999999999999 23.650000000000006 9.524999999999999 25.095 0.2
T 52 0 45.25 8.256799999999998 45.6083 8.615099999999998 0.2
T 52 0 13.174999999999997 20.0 11.750399999999999 21.424599999999998 0.2
P 52 11.750399999999999 21.424599999999998 0.6 0.6 1
H 11.750399999999999 21.424599999999998 0.3
P 52 45.6083 8.615099999999998 0.6 0.6 1
H 45.6083 8.615099999999998 0.3
T 52 1 30.301900000000003 19.2594 28.136700000000005 21.424599999999998 0.2
T 52 1 34.964 19.2594 30.301900000000003 19.2594 0.2
T 52 1 11.750399999999999 21.424599999999998 28.136700000000005 21.424599999999998 0.2
T 52 1 45.6083 8.615099999999998 34.964 19.2594 0.2
T 53 0 45.75 7.5 45.75 6.390900000000002 0.2
T 53 0 28.508899999999997 10.3339 28.508899999999997 10.174799999999998 0.2
T 53 0 29.174999999999997 11.0 28.508899999999997 10.3339 0.2
P 53 28.508899999999997 10.174799999999998 0.6 0.6 1
H 28.508899999999997 10.174799999999998 0.3
P 53 45.75 6.390900000000002 0.6 0.6 1
H 45.75 6.390900000000002 0.3
T 53 1 45.0916 5.732500000000002 45.75 6.390900000000002 0.2
T 53 1 28.508899999999997 10.174799999999998 32.9512 5.732500000000002 0.2
T 53 1 32.9512 5.732500000000002 45.0916 5.732500000000002 0.2
T 54 0 29.637100000000004 15.0381 29.637100000000004 13.9621 0.2
T 54 0 45.8579 9.2211 43.417199999999994 9.2211 0.2
T 54 0 46.25 8.829 45.8579 9.2211 0.2
T 54 0 46.25 7.5 46.25 8.829 0.2
T 54 0 29.637100000000004 13.9621 29.174999999999997 13.5 0.2
P 54 29.637100000000004 15.0381 0.6 0.6 1
H 29.637100000000004 15.0381 0.3
P 54 43.417199999999994 9.2211 0.6 0.6 1
H 43.417199999999994 9.2211 0.3
T 54 1 29.637100000000004 15.0381 37.6002 15.0381 0.2
T 54 1 37.6002 15.0381 43.417199999999994 9.2211 0.2
T 55 0 47.25 9.420000000000002 48.418400000000005 10.5884 0.2
T 55 0 75.0 8.0 72.8638 10.136200000000002 0.2
T 55 0 79.138 61.724999999999994 80.74000000000001 61.724999999999994 0.2
T 55 0 47.25 8.401699999999998 47.25 9.420000000000002 0.2
T 55 0 72.8638 10.136200000000002 72.677 10.136200000000002 0.2
T 55 0 72.677 10.497999999999998 72.677 10.136200000000002 0.2
T 55 0 79.138 61.724999999999994 79.13749999999999 61.724999999999994 0.2
T 55 0 71.175 12.0 72.677 10.497999999999998 0.2
T 55 0 47.25 7.5 47.25 8.401699999999998 0.2
T 55 0 48.418400000000005 10.5884 50.7505 10.5884 0.2
P 55 72.677 10.136200000000002 0.6 0.6 1
H 72.677 10.136200000000002 0.3
P 55 80.74000000000001 61.724999999999994 0.6 0.6 1
H 80.74000000000001 61.724999999999994 0.3
P 55 50.7505 10.5884 0.6 0.6 1
H 50.7505 10.5884 0.3
T 55 2 80.74000000000001 17.859499999999997 80.74000000000001 17.811499999999995 0.2
T 55 2 80.74000000000001 17.859499999999997 80.74000000000001 61.724999999999994 0.2
T 55 2 73.0647 10.136200000000002 72.677 10.136200000000002 0.2
T 55 2 80.74000000000001 17.811499999999995 73.0647 10.136200000000002 0.2
T 55 1 72.2753 9.734499999999997 67.5046 9.734499999999997 0.2
T 55 1 53.431 7.149500000000003 50.7505 9.829999999999998 0.2
T 55 1 61.68000000000001 5.385100000000001 59.9156 7.149500000000003 0.2
T 55 1 63.155199999999994 5.385100000000001 61.68000000000001 5.385100000000001 0.2
T 55 1 67.5046 9.734499999999997 63.155199999999994 5.385100000000001 0.2
T 55 1 50.7505 9.829999999999998 50.7505 10.5884 0.2
T 55 1 72.677 10.136200000000002 72.2753 9.734499999999997 0.2
T 55 1 59.9156 7.149500000000003 53.431 7.149500000000003 0.2
T 56 0 48.873400000000004 5.534100000000002 49.80329999999999 5.534100000000002 0.2
T 56 0 48.25 6.157499999999999 48.873400000000004 5.534100000000002 0.2
T 56 0 58.150000000000006 58.025000000000006 58.175 58.0 0.2
T 56 0 58.150000000000006 59.007000000000005 58.150000000000006 58.025000000000006 0.2
T 56 0 59.825 77.0 60.141000000000005 76.684 0.2
T 56 0 48.25 7.5 48.25 6.157499999999999 0.2
T 56 0 60.141000000000005 76.684 60.141000000000005 75.99 0.2
P 56 58.150000000000006 59.007000000000005 0.6 0.6 1
H 58.150000000000006 59.007000000000005 0.3
P 56 60.141000000000005 75.99 0.6 0.6 1
H 60.141000000000005 75.99 0.3
P 56 49.80329999999999 5.534100000000002 0.6 0.6 1
H 49.80329999999999 5.534100000000002 0.3
T 56 2 50.4434 8.8416 50.4434 6.174199999999999 0.2
T 56 2 50.105599999999995 9.179400000000001 50.4434 8.8416 0.2
T 56 2 50.105599999999995 41.123099999999994 50.105599999999995 9.179400000000001 0.2
T 56 2 58.150000000000006 73.999 60.141000000000005 75.99 0.2
T 56 2 49.024699999999996 42.20399999999999 58.150000000000006 51.32899999999999 0.2
T 56 2 49.024699999999996 42.20399999999999 50.105599999999995 41.123099999999994 0.2
T 56 2 50.4434 6.174199999999999 49.80329999999999 5.534100000000002 0.2
T 56 2 58.150000000000006 51.32899999999999 58.150000000000006 73.999 0.2
T 57 0 79.138 63.025000000000006 80.399 63.025000000000006 0.2
T 57 0 79.138 63.025000000000006 79.13749999999999 63.025000000000006 0.2
T 57 0 49.75 7.5 49.75 6.4384000000000015 0.2
T 57 0 49.75 6.4384000000000015 49.80200000000001 6.386400000000002 0.2
P 57 49.80200000000001 6.386400000000002 0.6 0.6 1
H 49.80200000000001 6.386400000000002 0.3
P 57 69.472 6.9983 0.6 0.6 1
H 69.472 6.9983 0.3
P 57 73.452 56.599000000000004 0.6 0.6 1
H 73.452 56.599000000000004 0.3
P 57 72.104 28.117999999999995 0.6 0.6 1
H 72.104 28.117999999999995 0.3
P 57 80.399 63.025000000000006 0.6 0.6 1
H 80.399 63.025000000000006 0.3
T 57 2 69.472 25.486000000000004 69.472 6.9983 0.2
T 57 2 72.104 28.117999999999995 69.472 25.486000000000004 0.2
T 57 2 73.452 56.599000000000004 72.104 55.251000000000005 0.2
T 57 2 72.104 55.251000000000005 72.104 28.117999999999995 0.2
T 57 1 71.895 28.117999999999995 72.104 28.117999999999995 0.2
T 57 1 67.8587 5.384999999999998 63.7231 5.384999999999998 0.2
T 57 1 54.7439 5.132399999999997 51.056 5.132399999999997 0.2
T 57 1 63.3215 4.983400000000003 61.020300000000006 4.983400000000003 0.2
T 57 1 51.056 5.132399999999997 49.80200000000001 6.386400000000002 0.2
T 57 1 80.399 63.025000000000006 79.87799999999999 63.025000000000006 0.2
T 57 1 63.7231 5.384999999999998 63.3215 4.983400000000003 0.2
T 57 1 61.020300000000006 4.983400000000003 60.518699999999995 5.484999999999999 0.2
T 57 1 55.096500000000006 5.484999999999999 54.7439 5.132399999999997 0.2
T 57 1 60.518699999999995 5.484999999999999 55.096500000000006 5.484999999999999 0.2
T 57 1 79.87799999999999 63.025000000000006 73.452 56.599000000000004 0.2
T 57 1 69.472 6.9983 67.8587 5.384999999999998 0.2
T 58 0 50.25 8.401699999999998 50.032399999999996 8.401699999999998 0.2
T 58 0 28.616100000000003 8.043799999999997 29.174999999999997 8.602699999999999 0.2
T 58 0 29.174999999999997 8.602699999999999 29.174999999999997 9.0 0.2
T 58 0 50.032399999999996 8.401699999999998 49.81529999999999 8.6188 0.2
T 58 0 50.25 7.5 50.25 8.401699999999998 0.2
P 58 49.81529999999999 8.6188 0.6 0.6 1
H 49.81529999999999 8.6188 0.3
P 58 46.92359999999999 4.9007000000000005 0.6 0.6 1
H 46.92359999999999 4.9007000000000005 0.3
P 58 28.616100000000003 8.043799999999997 0.6 0.6 1
H 28.616100000000003 8.043799999999997 0.3
P 58 47.361999999999995 10.460299999999997 0.6 0.6 1
H 47.361999999999995 10.460299999999997 0.3
T 58 2 47.361999999999995 10.460299999999997 47.4469 10.375399999999999 0.2
T 58 2 46.92359999999999 5.2074 46.92359999999999 4.9007000000000005 0.2
T 58 2 47.4469 10.375399999999999 47.4469 5.730699999999999 0.2
T 58 2 47.4469 5.730699999999999 46.92359999999999 5.2074 0.2
T 58 1 49.182500000000005 8.2134 49.40989999999999 8.2134 0.2
T 58 1 47.88120000000001 9.941099999999999 47.88120000000001 9.514699999999998 0.2
T 58 1 47.88120000000001 9.514699999999998 49.182500000000005 8.2134 0.2
T 58 1 47.361999999999995 10.460299999999997 47.88120000000001 9.941099999999999 0.2
T 58 1 49.40989999999999 8.2134 49.81529999999999 8.6188 0.2
T 58 1 46.92359999999999 4.9007000000000005 31.759200000000007 4.9007000000000005 0.2
T 58 1 31.759200000000007 4.9007000000000005 28.616100000000003 8.043799999999997 0.2
T 59 0 50.75 7.5 50.75 5.561100000000003 0.2
T 59 0 50.09739999999999 4.9084999999999965 47.7393 4.9084999999999965 0.2
T 59 0 39.175 2.519599999999997 39.175 3.5 0.2
T 59 0 50.75 5.561100000000003 50.09739999999999 4.9084999999999965 0.2
P 59 39.175 2.519599999999997 0.6 0.6 1
H 39.175 2.519599999999997 0.3
P 59 47.7393 4.9084999999999965 0.6 0.6 1
H 47.7393 4.9084999999999965 0.3
T 59 1 47.7393 4.863900000000001 45.394999999999996 2.519599999999997 0.2
T 59 1 47.7393 4.9084999999999965 47.7393 4.863900000000001 0.2
T 59 1 45.394999999999996 2.519599999999997 39.175 2.519599999999997 0.2
T 60 0 51.25 6.438299999999998 51.452600000000004 6.235700000000001 0.2
T 60 0 51.25 7.5 51.25 6.438299999999998 0.2
T 60 0 14.112499999999997 55.599999999999994 14.112499999999997 56.349999999999994 0.2
P 60 14.112499999999997 55.599999999999994 0.6 0.6 1
H 14.112499999999997 55.599999999999994 0.3
P 60 51.452600000000004 6.235700000000001 0.6 0.6 1
H 51.452600000000004 6.235700000000001 0.3
T 60 1 7.228499999999997 48.715900000000005 7.228499999999997 39.143600000000006 0.2
T 60 1 9.9666 36.4055 13.787399999999998 36.4055 0.2
T 60 1 46.1652 10.8063 47.112899999999996 9.858600000000003 0.2
T 60 1 44.106700000000004 10.806399999999996 46.1652 10.806399999999996 0.2
T 60 1 46.1652 10.806399999999996 46.1652 10.8063 0.2
T 60 1 47.113 9.858600000000003 47.113 9.7149 0.2
T 60 1 47.112899999999996 9.858600000000003 47.113 9.858600000000003 0.2
T 60 1 47.113 9.7149 49.057500000000005 7.770400000000002 0.2
T 60 1 34.4503 20.4628 44.106700000000004 10.806399999999996 0.2
T 60 1 49.9179 7.770400000000002 51.452600000000004 6.235700000000001 0.2
T 60 1 49.057500000000005 7.770400000000002 49.9179 7.770400000000002 0.2
T 60 1 29.730099999999993 20.4628 34.4503 20.4628 0.2
T 60 1 7.228499999999997 39.143600000000006 9.9666 36.4055 0.2
T 60 1 13.787399999999998 36.4055 29.730099999999993 20.4628 0.2
T 60 1 14.112499999999997 55.599999999999994 7.228499999999997 48.715900000000005 0.2
T 61 0 89.906 18.1443 89.04499999999999 18.1443 0.2
T 61 0 52.6438 9.686700000000002 52.6438 8.5107 0.2
T 61 0 90.05000000000001 18.0 89.906 18.1443 0.2
T 61 0 52.75 8.404499999999999 52.75 7.5 0.2
T 61 0 52.7809 9.823799999999999 52.6438 9.686700000000002 0.2
T 61 0 52.6438 8.5107 52.75 8.404499999999999 0.2
P 61 89.04499999999999 16.088800000000006 0.6 0.6 1
H 89.04499999999999 16.088800000000006 0.3
P 61 89.04499999999999 18.1443 0.6 0.6 1
H 89.04499999999999 18.1443 0.3
P 61 52.7809 9.823799999999999 0.6 0.6 1
H 52.7809 9.823799999999999 0.3
T 61 2 89.04499999999999 18.1443 89.04499999999999 16.088800000000006 0.2
T 61 1 67.7859 10.583799999999997 71.7831 10.583799999999997 0.2
T 61 1 52.7809 9.823799999999999 52.5406 9.5835 0.2
T 61 1 53.597300000000004 7.5512000000000015 60.182100000000005 7.5512000000000015 0.2
T 61 1 61.9465 5.7867999999999995 62.9889 5.7867999999999995 0.2
T 61 1 71.7831 10.583799999999997 71.9832 10.783900000000003 0.2
T 61 1 62.9889 5.7867999999999995 67.7859 10.583799999999997 0.2
T 61 1 52.5406 9.5835 52.5406 8.6079 0.2
T 61 1 71.9832 10.783900000000003 83.74010000000001 10.783900000000003 0.2
T 61 1 89.04499999999999 18.1443 83.28200000000001 18.1443 0.2
T 61 1 83.28200000000001 18.1443 81.328 16.189899999999994 0.2
T 61 1 52.5406 8.6079 53.597300000000004 7.5512000000000015 0.2
T 61 1 81.328 16.189899999999994 80.69900000000001 16.189899999999994 0.2
T 61 1 83.74010000000001 10.783900000000003 89.04499999999999 16.088800000000006 0.2
T 61 1 60.182100000000005 7.5512000000000015 61.9465 5.7867999999999995 0.2
T 62 0 53.25 7.5 53.25 8.751399999999997 0.2
T 62 0 53.25 8.751399999999997 53.2624 8.763800000000003 0.2
T 62 0 80.0625 36.05 80.06200000000001 36.05 0.2
T 62 0 80.06200000000001 35.2332 80.06200000000001 36.05 0.2
P 62 53.2624 8.763800000000003 0.6 0.6 1
H 53.2624 8.763800000000003 0.3
P 62 80.06200000000001 35.2332 0.6 0.6 1
H 80.06200000000001 35.2332 0.3
T 62 1 75.3974 35.2332 53.6174 13.453200000000002 0.2
T 62 1 53.6174 13.453200000000002 53.6174 9.1188 0.2
T 62 1 77.383 35.2332 75.3974 35.2332 0.2
T 62 1 80.06200000000001 35.2332 77.383 35.2332 0.2
T 62 1 53.6174 9.1188 53.2624 8.763800000000003 0.2
T 64 0 95.118 35.1181 96.0 36.0 0.5
T 64 0 70.825 45.0 72.787 45.0 0.5
T 64 0 55.25 7.5 55.25 8.560699999999997 0.2
T 64 0 55.25 8.560699999999997 55.197599999999994 8.613100000000003 0.2
T 64 0 95.02799999999999 35.1181 95.118 35.1181 0.5
P 64 72.941 31.823700000000002 0.6 0.6 1
H 72.941 31.823700000000002 0.3
P 64 95.02799999999999 35.1181 0.6 0.6 1
H 95.02799999999999 35.1181 0.3
P 64 55.197599999999994 8.613100000000003 0.6 0.6 1
H 55.197599999999994 8.613100000000003 0.3
P 64 72.787 45.0 0.6 0.6 1
H 72.787 45.0 0.3
T 64 2 72.941 44.846199999999996 72.941 31.823700000000002 0.2
T 64 2 72.787 45.0 72.941 44.846199999999996 0.2
T 64 1 73.78 45.0 83.662 35.1181 0.5
T 64 1 72.787 45.0 73.78 45.0 0.5
T 64 1 55.84439999999999 14.727099999999993 55.4593 14.727099999999993 0.2
T 64 1 83.662 35.1181 95.02799999999999 35.1181 0.5
T 64 1 72.941 31.823700000000002 55.84439999999999 14.727099999999993 0.2
T 64 1 55.197599999999994 13.785400000000003 55.197599999999994 8.613100000000003 0.2
T 64 1 55.106700000000004 13.8763 55.197599999999994 13.785400000000003 0.2
T 64 1 55.106700000000004 14.374499999999998 55.106700000000004 13.8763 0.2
T 64 1 55.4593 14.727099999999993 55.106700000000004 14.374499999999998 0.2
T 65 0 22.5 18.474999999999994 27.5 18.474999999999994 0.2
T 65 0 22.5 18.474999999999994 20.814999999999998 20.159999999999997 0.2
T 65 0 20.814999999999998 22.790000000000006 22.5 24.474999999999994 0.2
T 65 0 57.200199999999995 6.975000000000001 57.25 7.024799999999999 0.2
T 65 0 55.75 6.598300000000002 57.200199999999995 6.598300000000002 0.2
T 65 0 27.5 24.474999999999994 22.5 24.474999999999994 0.2
T 65 0 55.75 7.5 55.75 6.598300000000002 0.2
T 65 0 57.200199999999995 6.598300000000002 57.200199999999995 6.975000000000001 0.2
T 65 0 57.25 7.024799999999999 57.25 7.5 0.2
T 65 0 28.587999999999994 17.387 27.5 18.474999999999994 0.2
T 65 0 20.814999999999998 20.159999999999997 20.814999999999998 22.790000000000006 0.2
T 65 0 55.75 6.598300000000002 55.5321 6.380400000000002 0.2
P 65 55.5321 6.380400000000002 0.6 0.6 1
H 55.5321 6.380400000000002 0.3
P 65 28.587999999999994 17.387 0.6 0.6 1
H 28.587999999999994 17.387 0.3
T 65 1 50.85080000000001 5.927999999999997 50.85080000000001 6.1936000000000035 0.2
T 65 1 28.587999999999994 15.206000000000003 28.587999999999994 17.387 0.2
T 65 1 42.781099999999995 7.943899999999999 36.6965 14.028499999999994 0.2
T 65 1 49.675700000000006 7.368699999999997 48.8912 7.368699999999997 0.2
T 65 1 48.8912 7.368699999999997 48.316 7.943899999999999 0.2
T 65 1 50.85080000000001 6.1936000000000035 49.675700000000006 7.368699999999997 0.2
T 65 1 55.5321 6.380400000000002 55.4239 6.380400000000002 0.2
T 65 1 36.6965 14.028499999999994 29.765500000000003 14.028499999999994 0.2
T 65 1 48.316 7.943899999999999 42.781099999999995 7.943899999999999 0.2
T 65 1 54.6053 5.561799999999998 51.217 5.561799999999998 0.2
T 65 1 29.765500000000003 14.028499999999994 28.587999999999994 15.206000000000003 0.2
T 65 1 51.217 5.561799999999998 50.85080000000001 5.927999999999997 0.2
T 65 1 55.4239 6.380400000000002 54.6053 5.561799999999998 0.2
T 66 0 48.8721 13.346600000000002 47.353899999999996 14.864800000000002 0.2
T 66 0 50.275999999999996 23.0 51.17400000000001 22.101100000000002 0.2
T 66 0 47.353899999999996 14.864800000000002 47.353899999999996 16.6211 0.2
T 66 0 52.5386 13.346600000000002 48.8721 13.346600000000002 0.2
T 66 0 45.5 24.474999999999994 40.5 24.474999999999994 0.2
T 66 0 51.17400000000001 22.101100000000002 51.17400000000001 20.9923 0.2
T 66 0 46.974999999999994 23.0 50.275999999999996 23.0 0.2
T 66 0 43.0 18.474999999999994 43.0 22.401200000000003 0.2
T 66 0 45.5 24.474999999999994 46.974999999999994 23.0 0.2
T 66 0 47.353899999999996 16.6211 45.5 18.474999999999994 0.2
T 66 0 45.5 18.474999999999994 43.0 18.474999999999994 0.2
T 66 0 56.75 9.135199999999998 52.5386 13.346600000000002 0.2
T 66 0 58.25 7.5 58.25 8.401699999999998 0.2
T 66 0 45.376999999999995 23.0 44.7782 22.401200000000003 0.2
T 66 0 46.974999999999994 23.0 45.376999999999995 23.0 0.2
T 66 0 44.7782 22.401200000000003 43.0 22.401200000000003 0.2
T 66 0 56.75 8.401699999999998 58.25 8.401699999999998 0.2
T 66 0 56.75 7.5 56.75 8.401699999999998 0.2
T 66 0 43.0 18.474999999999994 40.5 18.474999999999994 0.2
T 66 0 56.75 8.401699999999998 56.75 9.135199999999998 0.2
T 67 0 76.352 22.1734 75.447 22.1734 0.2
T 67 0 76.525 22.0 76.352 22.1734 0.2
T 67 0 95.773 30.226600000000005 96.0 30.0 0.2
T 67 0 62.25 7.5 62.25 6.3992 0.2
T 67 0 62.25 6.3992 62.248099999999994 6.397300000000001 0.2
T 67 0 94.74700000000001 30.226600000000005 95.773 30.226600000000005 0.2
P 67 75.447 22.1734 0.6 0.6 1
H 75.447 22.1734 0.3
P 67 94.74700000000001 30.226600000000005 0.6 0.6 1
H 94.74700000000001 30.226600000000005 0.3
P 67 62.248099999999994 6.397300000000001 0.6 0.6 1
H 62.248099999999994 6.397300000000001 0.3
T 67 1 62.248099999999994 6.397300000000001 61.336200000000005 7.309199999999997 0.2
T 67 1 83.5 30.226600000000005 75.447 22.1734 0.2
T 67 1 94.74700000000001 30.226600000000005 83.5 30.226600000000005 0.2
T 67 1 61.336200000000005 8.889800000000001 74.6198 22.1734 0.2
T 67 1 61.336200000000005 7.309199999999997 61.336200000000005 8.889800000000001 0.2
T 67 1 74.6198 22.1734 75.447 22.1734 0.2
T 69 0 65.462 76.362 64.825 77.0 0.2
T 69 0 66.514 76.362 65.462 76.362 0.2
T 69 0 63.8685 8.401699999999998 64.0727 8.605899999999998 0.2
T 69 0 63.75 8.401699999999998 63.8685 8.401699999999998 0.2
T 69 0 64.182 56.992999999999995 63.175 58.0 0.2
T 69 0 63.75 7.5 63.75 8.401699999999998 0.2
T 69 0 64.389 56.992999999999995 64.182 56.992999999999995 0.2
P 69 64.0727 8.605899999999998 0.6 0.6 1
H 64.0727 8.605899999999998 0.3
P 69 66.514 76.362 0.6 0.6 1
H 66.514 76.362 0.3
P 69 64.389 56.992999999999995 0.6 0.6 1
H 64.389 56.992999999999995 0.3
T 69 2 64.0727 8.605899999999998 65.754 10.287199999999999 0.2
T 69 2 66.514 76.362 66.514 59.119 0.2
T 69 2 65.754 10.287199999999999 65.754 55.628 0.2
T 69 2 66.514 59.119 64.389 56.992999999999995 0.2
T 69 2 64.389 56.992999999999995 65.754 55.628 0.2
T 70 0 64.25 6.364199999999997 64.6177 5.9964999999999975 0.2
T 70 0 37.825 55.0 38.7736 55.0 0.2
T 70 0 64.25 7.5 64.25 6.364199999999997 0.2
T 70 0 96.0 52.747 96.0 54.0 0.2
P 70 96.0 52.747 0.6 0.6 1
H 96.0 52.747 0.3
P 70 38.7736 55.0 0.6 0.6 1
H 38.7736 55.0 0.3
P 70 64.6177 5.9964999999999975 0.6 0.6 1
H 64.6177 5.9964999999999975 0.3
P 70 63.084 43.2298 0.6 0.6 1
H 63.084 43.2298 0.3
T 70 2 63.084 7.530200000000001 64.6177 5.9964999999999975 0.2
T 70 2 63.084 43.2298 63.084 7.530200000000001 0.2
T 70 1 72.602 52.747 63.084 43.2298 0.2
T 70 1 63.084 43.2298 51.31399999999999 55.0 0.2
T 70 1 51.31399999999999 55.0 38.7736 55.0 0.2
T 70 1 96.0 52.747 72.602 52.747 0.2
T 71 0 85.06200000000001 30.084100000000007 85.06200000000001 36.05 0.2
T 71 0 85.06200000000001 29.950500000000005 85.06200000000001 30.084100000000007 0.2
T 71 0 85.0625 29.950000000000003 85.06200000000001 29.950500000000005 0.2
T 71 0 85.06200000000001 29.950000000000003 85.06200000000001 29.950500000000005 0.2
T 71 0 81.13399999999999 30.084100000000007 85.06200000000001 30.084100000000007 0.2
T 71 0 80.05000000000001 29.0 81.13399999999999 30.084100000000007 0.2
T 71 0 85.06200000000001 29.950000000000003 85.06200000000001 30.084100000000007 0.2
T 72 0 75.862 62.375 75.8625 62.375 0.2
T 72 0 75.862 62.375 74.618 62.375 0.2
T 72 0 47.4363 76.261 48.175 77.0 0.2
P 72 47.4363 76.261 0.6 0.6 1
H 47.4363 76.261 0.3
P 72 74.618 62.375 0.6 0.6 1
H 74.618 62.375 0.3
T 72 1 61.32299999999999 62.375 47.4363 76.261 0.2
T 72 1 74.618 62.375 61.32299999999999 62.375 0.2
T 73 0 90.17500000000001 70.0 88.93799999999999 68.762 0.2
T 73 0 88.93799999999999 68.762 88.93799999999999 67.0 0.2
T 73 0 86.25800000000001 61.556 86.089 61.724999999999994 0.2
T 73 0 84.86250000000001 61.724999999999994 84.862 61.724999999999994 0.2
T 73 0 88.93799999999999 67.0 88.93799999999999 66.197 0.2
T 73 0 84.862 61.724999999999994 84.18799999999999 61.724999999999994 0.2
T 73 0 86.089 61.724999999999994 84.862 61.724999999999994 0.2
T 73 0 84.18799999999999 61.724999999999994 83.53800000000001 61.075 0.2
T 73 0 88.9375 67.0 88.93799999999999 67.0 0.2
T 73 0 79.138 61.075 79.13749999999999 61.075 0.2
T 73 0 83.53800000000001 61.075 79.138 61.075 0.2
P 73 86.25800000000001 61.556 0.6 0.6 1
H 86.25800000000001 61.556 0.3
P 73 88.93799999999999 66.197 0.6 0.6 1
H 88.93799999999999 66.197 0.3
T 73 1 88.93799999999999 66.197 88.93799999999999 64.235 0.2
T 73 1 88.93799999999999 64.235 86.25800000000001 61.556 0.2
T 74 0 91.82499999999999 66.201 91.82499999999999 70.0 0.2
T 74 0 85.93799999999999 60.0 84.862 61.075 0.2
T 74 0 87.06200000000001 61.43899999999999 91.82499999999999 66.201 0.2
T 74 0 87.06200000000001 60.163 87.06200000000001 61.43899999999999 0.2
T 74 0 87.225 60.0 87.06200000000001 60.163 0.2
T 74 0 87.225 60.0 85.93799999999999 60.0 0.2
T 74 0 91.82499999999999 71.415 91.82499999999999 70.0 0.2
T 74 0 89.78 73.46 91.82499999999999 71.415 0.2
T 75 0 49.537499999999994 61.0 46.787499999999994 61.0 0.8
T 76 0 58.572 63.953 60.525000000000006 62.0 0.8
T 76 0 72.5375 55.0 72.538 55.0 0.8
T 76 0 54.525000000000006 62.0 56.477999999999994 63.953 0.8
T 76 0 65.505 63.974999999999994 62.5 63.974999999999994 0.8
T 76 0 53.525000000000006 61.0 54.525000000000006 62.0 0.8
T 76 0 72.538 55.0 72.538 56.94199999999999 0.8
T 76 0 62.5 63.974999999999994 60.525000000000006 62.0 0.8
T 76 0 56.477999999999994 63.953 58.572 63.953 0.8
T 76 0 72.538 56.94199999999999 65.505 63.974999999999994 0.8
T 76 0 52.462 61.0 53.525000000000006 61.0 0.8
T 77 0 31.532300000000006 68.098 31.532300000000006 68.532 0.2348
T 77 0 31.532300000000006 68.532 31.75 68.75 0.2348
T 77 0 35.537499999999994 69.0 34.5385 68.001 0.8
T 77 0 34.5385 68.001 31.629400000000004 68.001 0.8
T 77 0 31.629400000000004 68.001 31.532300000000006 68.098 0.8
T 78 0 74.209 66.275 74.176 66.242 0.2
T 78 0 63.175 76.018 63.175 77.0 0.2
T 78 0 75.862 66.275 75.8625 66.275 0.2
T 78 0 75.862 66.275 74.209 66.275 0.2
P 78 74.176 66.242 0.6 0.6 1
H 74.176 66.242 0.3
P 78 63.175 76.018 0.6 0.6 1
H 63.175 76.018 0.3
T 78 1 72.754 66.242 74.176 66.242 0.2
T 78 1 63.175 75.821 72.754 66.242 0.2
T 78 1 63.175 76.018 63.175 75.821 0.2
T 79 0 29.605800000000002 69.396 28.8587 69.396 0.8
T 79 0 33.047200000000004 69.032 32.764700000000005 68.75 0.2348
T 79 0 28.8587 69.396 28.462500000000006 69.0 0.8
T 79 0 33.047200000000004 69.032 33.287000000000006 69.032 0.8
T 79 0 32.764700000000005 68.75 32.25 68.75 0.2348
P 79 33.287000000000006 69.032 0.6 0.6 1
H 33.287000000000006 69.032 0.3
P 79 29.605800000000002 69.396 0.6 0.6 1
H 29.605800000000002 69.396 0.3
T 79 1 29.969399999999993 69.033 33.287000000000006 69.033 0.8
T 79 1 29.605800000000002 69.396 29.969399999999993 69.033 0.8
T 79 1 33.287000000000006 69.033 33.287000000000006 69.032 0.8
T 80 0 81.93799999999999 39.287499999999994 81.93799999999999 37.0 0.2
T 80 0 82.888 37.95 85.06200000000001 37.95 0.2
T 80 0 81.9375 37.0 81.93799999999999 37.0 0.2
T 80 0 80.225 41.0 81.93799999999999 39.287499999999994 0.2
T 80 0 85.06200000000001 37.95 85.0625 37.95 0.2
T 80 0 81.93799999999999 37.0 82.888 37.95 0.2
T 81 0 92.94999999999999 34.775000000000006 91.17500000000001 33.0 0.2
T 81 0 91.17500000000001 30.775000000000006 92.94999999999999 29.0 0.2
T 81 0 91.17500000000001 33.0 91.17500000000001 30.775000000000006 0.2
T 81 0 92.94999999999999 37.0 92.94999999999999 34.775000000000006 0.2
T 82 0 91.05000000000001 29.0 86.93799999999999 29.0 0.2
T 82 0 86.93799999999999 29.0 86.9375 29.0 0.2
T 83 0 91.05000000000001 37.0 86.93799999999999 37.0 0.2
T 83 0 86.93799999999999 37.0 86.9375 37.0 0.2
T 84 0 69.397 61.075 68.938 61.535 0.2
T 84 0 68.938 61.535 68.938 68.0 0.2
T 84 0 68.938 68.0 66.61 68.0 0.2
T 84 0 75.862 61.724999999999994 73.909 61.724999999999994 0.2
T 84 0 68.9375 68.0 68.938 68.0 0.2
T 84 0 73.909 61.724999999999994 73.259 61.075 0.2
T 84 0 70.1375 61.075 70.138 61.075 0.2
T 84 0 65.479 70.304 67.175 72.0 0.2
T 84 0 70.138 61.075 69.397 61.075 0.2
T 84 0 65.479 69.131 65.479 70.304 0.2
T 84 0 66.61 68.0 65.479 69.131 0.2
T 84 0 75.862 61.724999999999994 75.8625 61.724999999999994 0.2
T 84 0 73.259 61.075 70.138 61.075 0.2
T 85 0 71.354 61.724999999999994 71.381 61.751999999999995 0.2
T 85 0 70.138 61.724999999999994 71.354 61.724999999999994 0.2
T 85 0 70.138 61.724999999999994 70.1375 61.724999999999994 0.2
P 85 71.381 61.751999999999995 0.6 0.6 1
H 71.381 61.751999999999995 0.3
T 85 2 70.848 72.884 70.848 73.985 0.2
T 85 2 71.86 68.332 71.86 71.872 0.2
T 85 2 72.0 76.0 72.0 74.848 0.2
T 85 2 71.381 61.751999999999995 71.189 61.944 0.2
T 85 2 71.712 74.848 72.0 74.848 0.2
T 85 2 71.189 61.944 71.189 67.661 0.2
T 85 2 71.86 71.872 70.848 72.884 0.2
T 85 2 71.189 67.661 71.86 68.332 0.2
T 85 2 70.848 73.985 71.712 74.848 0.2
T 87 0 70.138 63.025000000000006 71.806 63.025000000000006 0.2
T 87 0 70.138 63.025000000000006 70.1375 63.025000000000006 0.2
P 87 71.806 63.025000000000006 0.6 0.6 1
H 71.806 63.025000000000006 0.3
T 87 2 73.288 74.748 73.288 68.544 0.2
T 87 2 72.931 64.15 71.806 63.025000000000006 0.2
T 87 2 73.288 68.544 73.287 68.544 0.2
T 87 2 73.287 68.544 72.931 68.187 0.2
T 87 2 74.54 76.0 73.288 74.748 0.2
T 87 2 72.931 68.187 72.931 64.15 0.2
T 89 0 79.62 76.0 79.62 75.089 0.2
T 89 0 70.138 64.325 70.1375 64.325 0.2
T 89 0 79.05600000000001 71.268 78.35 71.268 0.2
T 89 0 79.62 75.089 80.77199999999999 73.937 0.2
T 89 0 78.35 71.268 71.408 64.325 0.2
T 89 0 80.77199999999999 73.937 80.77199999999999 72.983 0.2
T 89 0 71.408 64.325 70.138 64.325 0.2
T 89 0 80.77199999999999 72.983 79.05600000000001 71.268 0.2
T 91 0 75.883 70.571 75.036 69.724 0.2
T 91 0 76.662 74.73 75.883 73.951 0.2
T 91 0 75.883 73.951 75.883 70.571 0.2
T 91 0 79.12 77.153 78.46799999999999 76.502 0.2
T 91 0 78.46799999999999 75.724 77.474 74.73 0.2
T 91 0 82.16 76.0 81.007 77.153 0.2
T 91 0 77.474 74.73 76.662 74.73 0.2
T 91 0 70.138 65.625 70.1375 65.625 0.2
T 91 0 72.14 65.625 70.138 65.625 0.2
T 91 0 75.036 68.521 72.14 65.625 0.2
T 91 0 78.46799999999999 76.502 78.46799999999999 75.724 0.2
T 91 0 81.007 77.153 79.12 77.153 0.2
T 91 0 75.036 69.724 75.036 68.521 0.2
T 92 0 78.05699999999999 69.12 79.50399999999999 69.12 0.2
T 92 0 75.862 66.925 78.05699999999999 69.12 0.2
T 92 0 83.43 74.73 84.69999999999999 76.0 0.2
T 92 0 83.43 73.046 83.43 74.73 0.2
T 92 0 79.50399999999999 69.12 83.43 73.046 0.2
T 93 0 75.862 64.975 75.182 64.975 0.2
T 93 0 75.862 64.975 75.8625 64.975 0.2
T 93 0 73.532 67.938 72.317 67.938 0.2
T 93 0 75.182 64.975 74.612 65.544 0.2
T 93 0 58.175 77.0 58.175 77.804 0.2
T 93 0 58.175 77.804 58.352000000000004 77.982 0.2
P 93 58.352000000000004 77.982 0.6 0.6 1
H 58.352000000000004 77.982 0.3
P 93 74.612 65.544 0.6 0.6 1
H 74.612 65.544 0.3
P 93 73.532 67.938 0.6 0.6 1
H 73.532 67.938 0.3
P 93 72.317 67.938 0.6 0.6 1
H 72.317 67.938 0.3
T 93 1 73.532 67.938 74.777 66.693 0.2
T 93 1 74.777 65.71 74.612 65.544 0.2
T 93 1 72.317 67.938 72.317 68.38 0.2
T 93 1 72.317 68.38 62.715999999999994 77.982 0.2
T 93 1 74.777 66.693 74.777 65.71 0.2
T 93 1 62.715999999999994 77.982 58.352000000000004 77.982 0.2
T 94 0 75.862 63.675 74.645 63.675 0.2
T 94 0 74.645 63.675 74.614 63.706 0.2
T 94 0 52.269000000000005 76.795 52.97 76.795 0.2
T 94 0 52.97 76.795 53.175 77.0 0.2
T 94 0 75.862 63.675 75.8625 63.675 0.2
P 94 52.269000000000005 76.795 0.6 0.6 1
H 52.269000000000005 76.795 0.3
P 94 74.614 63.706 0.6 0.6 1
H 74.614 63.706 0.3
T 94 1 52.269000000000005 76.795 61.524 76.795 0.2
T 94 1 61.524 76.795 74.614 63.706 0.2
T 95 0 39.825 44.0 43.0125 44.0 0.2
T 95 0 39.825 48.0 39.825 44.0 0.2
T 95 0 43.0125 44.0 43.0625 44.05 0.2
T 96 0 84.862 63.675 84.86250000000001 63.675 0.2
T 96 0 83.618 64.216 84.15899999999999 63.675 0.2
T 96 0 84.15899999999999 63.675 84.862 63.675 0.2
P 96 83.618 64.216 0.6 0.6 1
H 83.618 64.216 0.3
T 96 1 78.35 69.484 83.618 64.216 0.2
T 96 1 77.08 76.0 78.35 74.73 0.2
T 96 1 78.35 74.73 78.35 69.484 0.2
T 97 0 86.13499999999999 62.375 84.862 62.375 0.2
P 97 86.13499999999999 62.375 0.6 0.6 1
H 86.13499999999999 62.375 0.3
T 97 2 86.21000000000001 62.45 86.21000000000001 67.971 0.2
T 97 2 86.05000000000001 74.81 87.24000000000001 76.0 0.2
T 97 2 86.13499999999999 62.375 86.21000000000001 62.45 0.2
T 97 2 86.21000000000001 67.971 86.05000000000001 68.131 0.2
T 97 2 86.05000000000001 68.131 86.05000000000001 74.81 0.2
S 1 35.372 12.425699999999999 2 1
E 1 12.524999999999999 40.0 0
S 40 65.3098 6.598300000000002 2 40
E 40 90.525 25.0 0
E 2 85.608 67.722 0
E 2 85.608 67.722 1
E 2 85.608 67.722 2
E 2 57.370000000000005 39.9996 0
E 2 57.370000000000005 39.9996 1
E 2 57.370000000000005 39.9996 2
E 2 56.44799999999999 45.37820000000001 0
E 2 56.44799999999999 45.37820000000001 1
E 2 56.44799999999999 45.37820000000001 2
E 2 55.59 57.235 0
E 2 55.59 57.235 1
E 2 55.59 57.235 2
E 2 24.215100000000007 49.101200000000006 0
E 2 24.215100000000007 49.101200000000006 1
E 2 24.215100000000007 49.101200000000006 2
E 2 34.096599999999995 40.8373 0
E 2 34.096599999999995 40.8373 1
E 2 34.096599999999995 40.8373 2
E 2 95.68100000000001 25.7414 0
E 2 95.68100000000001 25.7414 1
E 2 95.68100000000001 25.7414 2
E 2 32.733900000000006 71.951 0
E 2 32.733900000000006 71.951 1
E 2 32.733900000000006 71.951 2
E 2 21.201899999999995 48.873900000000006 0
E 2 21.201899999999995 48.873900000000006 1
E 2 21.201899999999995 48.873900000000006 2
E 2 43.1596 64.161 0
E 2 43.1596 64.161 1
E 2 43.1596 64.161 2
E 2 27.897499999999994 63.763000000000005 0
E 2 27.897499999999994 63.763000000000005 1
E 2 27.897499999999994 63.763000000000005 2
E 2 53.774 48.289 0
E 2 53.774 48.289 1
E 2 53.774 48.289 2
E 2 37.0 63.763000000000005 0
E 2 37.0 63.763000000000005 1
E 2 37.0 63.763000000000005 2
E 2 27.111500000000007 69.894 0
E 2 27.111500000000007 69.894 1
E 2 27.111500000000007 69.894 2
E 2 96.03399999999999 31.5 0
E 2 96.03399999999999 31.5 1
E 2 96.03399999999999 31.5 2
E 2 14.323499999999996 40.0 0
E 2 14.323499999999996 40.0 1
E 2 14.323499999999996 40.0 2
E 2 9.624200000000002 42.7531 0
E 2 9.624200000000002 42.7531 1
E 2 9.624200000000002 42.7531 2
E 2 33.6328 48.302400000000006 0
E 2 33.6328 48.302400000000006 1
E 2 33.6328 48.302400000000006 2
E 2 8.1098 46.57470000000001 0
E 2 8.1098 46.57470000000001 1
E 2 8.1098 46.57470000000001 2
E 2 79.475 18.791799999999995 0
E 2 79.475 18.791799999999995 1
E 2 79.475 18.791799999999995 2
E 2 55.539 72.257 0
E 2 55.539 72.257 1
E 2 55.539 72.257 2
S 2 79.25 72.25 0 100
S 2 79.0 72.0 0 100
S 2 78.75 71.75 0 100
S 2 79.0 72.25 0 100
S 2 78.75 72.0 0 100
S 2 78.5 71.75 0 100
S 2 78.75 72.25 0 100
S 2 79.25 73.0 0 100
S 2 78.5 72.0 0 100
S 2 79.0 72.75 0 100
S 2 78.75 72.5 0 100
S 2 78.25 71.75 0 100
S 2 78.5 72.25 0 100
S 2 79.0 73.0 0 100
S 2 78.75 72.75 0 100
S 2 78.25 72.0 0 100
S 2 78.5 72.5 0 100
S 2 78.0 71.75 0 100
S 2 78.25 72.25 0 100
S 2 78.5 72.75 0 100
S 2 77.75 71.5 0 100
S 2 78.0 72.0 0 100
S 2 78.25 72.5 0 100
S 2 77.75 71.75 0 100
S 2 77.5 71.25 0 100
S 2 81.5 71.75 0 101
S 2 81.75 72.0 0 101
S 2 81.25 71.5 0 101
S 2 81.0 71.25 0 101
S 2 80.75 71.0 0 101
S 2 81.5 72.0 0 101
S 2 81.25 71.75 0 101
S 2 80.5 70.75 0 101
S 2 81.75 72.25 0 101
S 2 81.0 71.5 0 101
S 2 80.75 71.25 0 101
S 2 80.25 70.5 0 101
S 2 80.5 71.0 0 101
S 2 81.25 72.0 0 101
S 2 81.5 72.25 0 101
S 2 81.0 71.75 0 101
S 2 80.0 70.25 0 101
S 2 80.75 71.5 0 101
S 2 80.25 70.75 0 101
S 2 80.5 71.25 0 101
S 2 80.0 70.5 0 101
S 2 80.25 71.0 0 101
S 2 81.25 72.25 0 101
S 2 79.75 70.0 0 101
S 2 81.0 72.0 0 101
S 2 64.5 16.75 0 102
S 2 64.5 16.5 0 102
S 2 64.5 16.25 0 102
S 2 64.5 16.0 0 102
S 2 64.5 15.75 0 102
S 2 64.25 17.0 0 102
S 2 64.5 15.5 0 102
S 2 64.25 16.75 0 102
S 2 64.5 15.25 0 102
S 2 64.25 16.5 0 102
S 2 64.25 16.25 0 102
S 2 64.5 15.0 0 102
S 2 64.25 16.0 0 102
S 2 64.5 14.75 0 102
S 2 64.25 15.75 0 102
S 2 64.0 17.25 0 102
S 2 64.25 15.5 0 102
S 2 64.5 14.5 0 102
S 2 64.0 17.0 0 102
S 2 64.0 16.75 0 102
S 2 64.25 15.25 0 102
S 2 64.0 16.5 0 102
S 2 64.5 14.25 0 102
S 2 64.0 16.25 0 102
S 2 64.25 15.0 0 102
S 2 54.75 9.5 0 103
S 2 54.75 9.25 0 103
S 2 54.5 9.75 0 103
S 2 54.5 9.5 0 103
S 2 54.5 9.25 0 103
S 2 54.25 9.75 0 103
S 2 54.5 9.0 0 103
S 2 54.25 9.5 0 103
S 2 54.5 8.75 0 103
S 2 54.0 10.0 0 103
S 2 54.25 9.25 0 103
S 2 54.5 8.5 0 103
S 2 53.75 10.5 0 103
S 2 54.0 9.75 0 103
S 2 54.25 9.0 0 103
S 2 53.75 10.25 0 103
S 2 54.0 9.5 0 103
S 2 54.25 8.75 0 103
S 2 53.75 10.0 0 103
S 2 53.5 10.75 0 103
S 2 54.0 9.25 0 103
S 2 54.25 8.5 0 103
S 2 53.5 10.5 0 103
S 2 53.75 9.75 0 103
S 2 54.0 9.0 0 103
S 2 48.0 9.5 0 104
S 2 48.0 9.25 0 104
S 2 47.75 9.25 0 104
S 2 48.25 9.0 0 104
S 2 48.0 9.0 0 104
S 2 47.75 9.0 0 104
S 2 48.25 8.75 0 104
S 2 48.0 8.75 0 104
S 2 47.75 8.75 0 104
S 2 48.25 8.5 0 104
S 2 48.0 8.5 0 104
S 2 47.75 8.5 0 104
S 2 47.75 8.25 0 104
S 2 47.75 6.75 0 104
S 2 48.25 5.5 0 104
S 2 47.75 6.5 0 104
S 2 48.0 5.75 0 104
S 2 47.75 6.25 0 104
S 2 47.75 6.0 0 104
S 2 47.5 6.5 0 104
S 2 47.75 5.75 0 104
S 2 47.5 6.25 0 104
S 2 47.5 6.0 0 104
S 2 47.5 5.75 0 104
S 2 47.25 5.75 0 104
