PATH 36 279
70.15 63.05 0
70.2 63.1 0
70.25 63.15 0
70.3 63.15 0
70.35 63.15 0
70.4 63.15 0
70.45 63.15 0
70.5 63.15 0
70.55 63.15 0
70.6 63.15 0
70.65 63.15 0
70.7 63.15 0
70.75 63.15 0
70.8 63.15 0
70.85 63.15 0
70.9 63.15 0
70.95 63.15 0
71 63.15 0
71.05 63.15 0
71.1 63.15 0
71.15 63.15 0
71.2 63.15 0
71.2 63.2 0
71.2 63.25 0
71.2 63.3 0
71.2 63.35 0
71.25 63.4 0
71.3 63.45 0
71.3 63.5 0
71.3 63.55 0
71.35 63.6 0
71.35 63.65 0
71.35 63.7 0
71.35 63.75 0
71.35 63.8 0
71.35 63.85 0
71.35 63.9 0
71.35 63.95 0
71.35 64 0
71.4 64.05 0
71.4 64.1 0
71.45 64.15 0
71.45 64.2 0
71.45 64.25 0
71.45 64.3 0
71.45 64.35 0
71.5 64.4 0
71.55 64.45 0
71.6 64.5 0
71.65 64.55 0
71.7 64.6 0
71.7 64.65 0
71.7 64.7 0
71.7 64.75 0
71.7 64.8 0
71.75 64.85 0
71.75 64.9 0
71.75 64.95 0
71.75 65 0
71.75 65.05 0
71.8 65.1 0
71.85 65.15 0
71.9 65.2 0
71.95 65.25 0
72 65.3 0
72 65.35 0
72 65.4 0
72 65.45 0
72 65.5 0
72 65.55 0
72 65.6 0
72 65.65 0
72 65.7 0
72 65.75 0
72 65.8 0
72 65.85 0
72 65.9 0
72 65.95 0
72 66 0
72 66.05 0
72 66.1 0
72.05 66.15 0
72.1 66.2 0
72.1 66.25 0
72.1 66.3 0
72.1 66.35 0
72.1 66.4 0
72.1 66.45 0
72.1 66.5 0
72.1 66.55 0
72.1 66.6 0
72.1 66.65 0
72.1 66.7 0
72.1 66.75 0
72.1 66.8 0
72.1 66.85 0
72.1 66.9 0
72.1 66.95 0
72.1 67 0
72.1 67.05 0
72.1 67.1 0
72.1 67.15 0
72.1 67.2 0
72.1 67.25 0
72.1 67.3 0
72.1 67.35 0
72.1 67.4 0
72.1 67.45 0
72.1 67.5 0
72.1 67.55 0
72.1 67.6 0
72.1 67.65 0
72.1 67.7 0
72.1 67.75 0
72.15 67.8 0
72.2 67.85 0
72.25 67.9 0
72.3 67.95 0
72.35 68 0
72.4 68.05 0
72.45 68.1 0
72.5 68.15 0
72.55 68.2 0
72.6 68.25 0
72.6 68.3 0
72.6 68.35 0
72.6 68.4 0
72.6 68.45 0
72.6 68.5 0
72.6 68.55 0
72.6 68.6 0
72.6 68.65 0
72.65 68.7 0
72.65 68.75 0
72.65 68.8 0
72.65 68.85 0
72.65 68.9 0
72.65 68.95 0
72.65 69 0
72.65 69.05 0
72.65 69.1 0
72.65 69.15 0
72.65 69.2 0
72.65 69.25 0
72.65 69.3 0
72.65 69.35 0
72.65 69.4 0
72.65 69.45 0
72.65 69.5 0
72.65 69.55 0
72.65 69.6 0
72.65 69.65 0
72.65 69.7 0
72.65 69.75 0
72.65 69.8 0
72.65 69.85 0
72.65 69.9 0
72.65 69.95 0
72.65 70 0
72.65 70.05 0
72.65 70.1 0
72.65 70.15 0
72.65 70.2 0
72.65 70.25 0
72.65 70.3 0
72.65 70.35 0
72.65 70.4 0
72.65 70.45 0
72.65 70.5 0
72.65 70.55 0
72.65 70.6 0
72.65 70.65 0
72.65 70.7 0
72.65 70.75 0
72.65 70.8 0
72.65 70.85 0
72.65 70.9 0
72.65 70.95 0
72.65 71 0
72.65 71.05 0
72.65 71.1 0
72.65 71.15 0
72.65 71.2 0
72.65 71.25 0
72.65 71.3 0
72.65 71.35 0
72.65 71.4 0
72.65 71.45 0
72.65 71.5 0
72.7 71.55 0
72.75 71.6 0
72.8 71.65 0
72.85 71.7 0
72.9 71.75 0
72.95 71.8 0
72.95 71.85 0
72.95 71.9 0
73 71.95 0
73.05 72 0
73.05 72.05 0
73.05 72.1 0
73.1 72.15 0
73.15 72.2 0
73.2 72.25 0
73.2 72.3 0
73.2 72.35 0
73.2 72.4 0
73.2 72.45 0
73.2 72.5 0
73.2 72.55 0
73.2 72.6 0
73.2 72.65 0
73.2 72.7 0
73.2 72.75 0
73.2 72.8 0
73.2 72.85 0
73.2 72.9 0
73.2 72.95 0
73.2 73 0
73.2 73.05 0
73.2 73.1 0
73.2 73.15 0
73.2 73.2 0
73.2 73.25 0
73.2 73.3 0
73.2 73.35 0
73.2 73.4 0
73.2 73.45 0
73.2 73.5 0
73.2 73.55 0
73.2 73.6 0
73.2 73.65 0
73.2 73.7 0
73.2 73.75 0
73.2 73.8 0
73.2 73.85 0
73.2 73.9 0
73.2 73.95 0
73.2 74 0
73.2 74.05 0
73.2 74.1 0
73.2 74.15 0
73.2 74.2 0
73.2 74.25 0
73.2 74.3 0
73.2 74.35 0
73.2 74.4 0
73.2 74.45 0
73.2 74.5 0
73.2 74.55 0
73.2 74.6 0
73.2 74.65 0
73.25 74.7 0
73.3 74.75 0
73.35 74.8 0
73.4 74.85 0
73.45 74.9 0
73.5 74.95 0
73.55 75 0
73.6 75.05 0
73.65 75.1 0
73.7 75.15 0
73.75 75.2 0
73.8 75.25 0
73.85 75.3 0
73.9 75.35 0
73.95 75.4 0
74 75.45 0
74.05 75.5 0
74.1 75.55 0
74.15 75.6 0
74.2 75.65 0
74.25 75.7 0
74.3 75.75 0
74.35 75.8 0
74.4 75.85 0
74.45 75.9 0
74.5 75.95 0
74.55 76 0
PATH 78 101
49.15 45 0
49.15 44.95 0
49.15 44.9 0
49.15 44.85 0
49.15 44.8 0
49.15 44.75 0
49.2 44.7 0
49.25 44.65 0
49.25 44.6 0
49.3 44.55 0
49.35 44.5 0
49.4 44.45 0
49.45 44.4 0
49.45 44.35 0
49.45 44.3 0
49.45 44.25 0
49.5 44.2 0
49.55 44.15 0
49.6 44.1 0
49.65 44.05 0
49.7 44 0
49.75 43.95 0
49.8 43.9 0
49.8 43.85 0
49.8 43.8 0
49.8 43.75 0
49.8 43.7 0
49.8 43.65 0
49.8 43.6 0
49.8 43.55 0
49.85 43.5 0
49.9 43.45 0
49.95 43.4 0
50 43.35 0
50.05 43.3 0
50.1 43.25 0
50.1 43.2 0
50.1 43.15 0
50.1 43.1 0
50.1 43.05 0
50.1 43 0
50.1 42.95 0
50.1 42.9 0
50.1 42.85 0
50.1 42.8 0
50.1 42.75 0
50.1 42.7 0
50.1 42.65 0
50.1 42.6 0
50.1 42.55 0
50.1 42.5 0
50.1 42.45 0
50.1 42.4 0
50.1 42.35 0
50.1 42.3 0
50.1 42.25 0
50.1 42.2 0
50.1 42.15 0
50.1 42.1 0
50.1 42.05 0
50.1 42 0
50.1 41.95 0
50.1 41.9 0
50.1 41.85 0
50.1 41.8 0
50.15 41.75 0
50.2 41.7 0
50.25 41.65 0
50.3 41.6 0
50.3 41.55 0
50.3 41.5 0
50.3 41.45 0
50.3 41.4 0
50.3 41.35 0
50.3 41.3 0
50.3 41.25 0
50.3 41.2 0
50.3 41.15 0
50.3 41.1 0
50.3 41.05 0
50.3 41 0
50.3 40.95 0
50.3 40.9 0
50.3 40.85 0
50.3 40.8 0
50.3 40.75 0
50.3 40.7 0
50.3 40.65 0
50.3 40.6 0
50.3 40.55 0
50.3 40.5 0
50.3 40.45 0
50.3 40.4 0
50.3 40.35 0
50.3 40.3 0
50.3 40.25 0
50.3 40.2 0
50.3 40.15 0
50.3 40.1 0
50.35 40.05 0
50.4 40 0
PATH 74 770
90.05 18 0
90 17.95 0
89.95 17.95 0
89.9 17.95 0
89.85 17.95 0
89.8 17.95 0
89.75 17.95 0
89.7 17.9 0
89.65 17.85 0
89.6 17.85 0
89.55 17.85 0
89.5 17.85 0
89.45 17.8 0
89.4 17.8 0
89.35 17.8 0
89.3 17.8 0
89.25 17.8 0
89.2 17.8 0
89.15 17.8 0
89.1 17.75 0
89.05 17.75 0
89 17.75 0
88.95 17.75 0
88.9 17.75 0
88.85 17.75 0
88.8 17.75 0
88.75 17.75 0
88.7 17.75 0
88.65 17.75 0
88.6 17.75 0
88.55 17.75 0
88.5 17.75 0
88.45 17.75 0
88.4 17.75 0
88.35 17.7 0
88.3 17.65 0
88.25 17.6 0
88.2 17.55 0
88.15 17.5 0
88.1 17.45 0
88.05 17.4 0
88 17.35 0
87.95 17.3 0
87.9 17.25 0
87.85 17.2 0
87.8 17.15 0
87.75 17.15 0
87.7 17.15 0
87.65 17.15 0
87.6 17.15 0
87.55 17.15 0
87.5 17.15 0
87.45 17.15 0
87.4 17.15 0
87.35 17.15 0
87.3 17.15 0
87.25 17.1 0
87.2 17.05 0
87.15 17 0
87.1 16.95 0
87.05 16.9 0
87 16.85 0
86.95 16.85 0
86.9 16.85 0
86.85 16.85 0
86.8 16.85 0
86.75 16.85 0
86.7 16.8 0
86.65 16.75 0
86.6 16.7 0
86.55 16.7 0
86.5 16.7 0
86.45 16.7 0
86.4 16.7 0
86.35 16.7 0
86.3 16.7 0
86.25 16.7 0
86.2 16.7 0
86.15 16.7 0
86.1 16.7 0
86.05 16.7 0
86 16.7 0
85.95 16.7 0
85.9 16.7 0
85.85 16.7 0
85.8 16.7 0
85.75 16.7 0
85.7 16.7 0
85.65 16.7 0
85.6 16.7 0
85.55 16.7 0
85.5 16.7 0
85.45 16.7 0
85.4 16.65 0
85.35 16.6 0
85.3 16.55 0
85.25 16.5 0
85.2 16.45 0
85.15 16.4 0
85.1 16.35 0
85.05 16.3 0
85 16.25 0
84.95 16.2 0
84.9 16.15 0
84.85 16.1 0
84.8 16.05 0
84.75 16 0
84.7 15.95 0
84.65 15.9 0
84.6 15.85 0
84.55 15.8 0
84.5 15.75 0
84.45 15.7 0
84.4 15.65 0
84.35 15.6 0
84.3 15.55 0
84.25 15.5 0
84.2 15.45 0
84.15 15.4 0
84.1 15.35 0
84.05 15.3 0
84 15.25 0
83.95 15.2 0
83.9 15.15 0
83.85 15.1 0
83.8 15.05 0
83.75 15 0
83.7 14.95 0
83.65 14.9 0
83.6 14.85 0
83.55 14.8 0
83.5 14.75 0
83.45 14.7 0
83.4 14.7 0
83.35 14.7 0
83.3 14.7 0
83.25 14.7 0
83.2 14.65 0
83.15 14.6 0
83.1 14.55 0
83.05 14.5 0
83 14.45 0
82.95 14.4 0
82.9 14.35 0
82.85 14.3 0
82.8 14.3 0
82.75 14.3 0
82.7 14.3 0
82.65 14.3 0
82.6 14.3 0
82.55 14.3 0
82.5 14.3 0
82.45 14.3 0
82.4 14.3 0
82.35 14.3 0
82.3 14.3 0
82.25 14.3 0
82.2 14.3 0
82.15 14.3 0
82.1 14.3 0
82.05 14.3 0
82 14.3 0
81.95 14.3 0
81.9 14.3 0
81.85 14.3 0
81.8 14.3 0
81.75 14.3 0
81.7 14.3 0
81.65 14.3 0
81.6 14.3 0
81.55 14.3 0
81.5 14.3 0
81.45 14.3 0
81.4 14.3 0
81.35 14.3 0
81.3 14.3 0
81.25 14.3 0
81.2 14.3 0
81.15 14.3 0
81.1 14.3 0
81.05 14.3 0
81 14.3 0
80.95 14.3 0
80.9 14.3 0
80.85 14.3 0
80.8 14.3 0
80.75 14.3 0
80.7 14.3 0
80.65 14.3 0
80.6 14.3 0
80.55 14.3 0
80.5 14.3 0
80.45 14.3 0
80.4 14.3 0
80.35 14.3 0
80.3 14.3 0
80.25 14.3 0
80.2 14.3 0
80.15 14.3 0
80.1 14.3 0
80.05 14.3 0
80 14.3 0
79.95 14.3 0
79.9 14.3 0
79.85 14.3 0
79.8 14.3 0
79.75 14.3 0
79.7 14.3 0
79.65 14.3 0
79.6 14.3 0
79.55 14.3 0
79.5 14.3 0
79.45 14.3 0
79.4 14.3 0
79.35 14.3 0
79.3 14.3 0
79.25 14.3 0
79.2 14.3 0
79.15 14.3 0
79.1 14.3 0
79.05 14.3 0
79 14.3 0
78.95 14.3 0
78.9 14.3 0
78.85 14.3 0
78.8 14.3 0
78.75 14.3 0
78.7 14.3 0
78.65 14.25 0
78.6 14.2 0
78.55 14.15 0
78.5 14.1 0
78.45 14.1 0
78.4 14.1 0
78.35 14.1 0
78.3 14.1 0
78.25 14.1 0
78.2 14.1 0
78.15 14.1 0
78.1 14.1 0
78.05 14.1 0
78 14.1 0
77.95 14.1 0
77.9 14.1 0
77.85 14.1 0
77.8 14.1 0
77.75 14.1 0
77.7 14.1 0
77.65 14.1 0
77.6 14.1 0
77.55 14.1 0
77.5 14.1 0
77.45 14.1 0
77.4 14.1 0
77.35 14.1 0
77.3 14.1 0
77.25 14.1 0
77.2 14.1 0
77.15 14.1 0
77.1 14.1 0
77.05 14.1 0
77 14.1 0
76.95 14.05 0
76.9 14 0
76.85 14 0
76.8 14 0
76.75 14 0
76.7 14 0
76.65 14 0
76.6 14 0
76.55 14 0
76.5 14 0
76.45 14 0
76.4 14 0
76.35 14 0
76.3 14 0
76.25 14 0
76.2 14 0
76.15 14 0
76.1 14 0
76.05 14 0
76 14 0
75.95 14 0
75.9 14 0
75.85 14 0
75.8 14 0
75.75 14 0
75.7 14 0
75.65 14 0
75.6 14 0
75.55 14 0
75.5 14 0
75.45 14 0
75.4 14 0
75.35 14 0
75.3 14 0
75.25 14 0
75.2 13.95 0
75.15 13.9 0
75.1 13.85 0
75.05 13.8 0
75 13.8 0
74.95 13.8 0
74.9 13.8 0
74.85 13.8 0
74.8 13.8 0
74.75 13.8 0
74.7 13.8 0
74.65 13.8 0
74.6 13.8 0
74.55 13.8 0
74.5 13.8 0
74.45 13.8 0
74.4 13.8 0
74.35 13.8 0
74.3 13.8 0
74.25 13.8 0
74.2 13.8 0
74.15 13.8 0
74.1 13.8 0
74.05 13.8 0
74 13.8 0
73.95 13.8 0
73.9 13.8 0
73.85 13.8 0
73.8 13.8 0
73.75 13.8 0
73.7 13.8 0
73.65 13.8 0
73.6 13.8 0
73.55 13.8 0
73.5 13.8 0
73.45 13.8 0
73.4 13.8 0
73.35 13.8 0
73.3 13.8 0
73.25 13.8 0
73.2 13.8 0
73.15 13.8 0
73.1 13.8 0
73.05 13.8 0
73 13.8 0
72.95 13.8 0
72.9 13.8 0
72.85 13.8 0
72.8 13.8 0
72.75 13.8 0
72.7 13.8 0
72.65 13.75 0
72.6 13.75 0
72.55 13.75 0
72.5 13.75 0
72.45 13.75 0
72.4 13.75 0
72.35 13.75 0
72.3 13.75 0
72.25 13.75 0
72.2 13.75 0
72.15 13.75 0
72.1 13.75 0
72.05 13.75 0
72 13.75 0
71.95 13.75 0
71.9 13.75 0
71.85 13.75 0
71.8 13.75 0
71.75 13.75 0
71.7 13.75 0
71.65 13.75 0
71.6 13.75 0
71.55 13.75 0
71.5 13.75 0
71.45 13.75 0
71.4 13.75 0
71.35 13.75 0
71.3 13.75 0
71.25 13.75 0
71.2 13.75 0
71.15 13.75 0
71.1 13.75 0
71.05 13.75 0
71 13.75 0
70.95 13.75 0
70.9 13.75 0
70.85 13.75 0
70.8 13.75 0
70.75 13.75 0
70.7 13.75 0
70.65 13.75 0
70.6 13.75 0
70.55 13.75 0
70.5 13.75 0
70.45 13.75 0
70.4 13.75 0
70.35 13.75 0
70.3 13.75 0
70.25 13.75 0
70.2 13.75 0
70.15 13.75 0
70.1 13.75 0
70.05 13.75 0
70 13.75 0
69.95 13.75 0
69.9 13.75 0
69.85 13.75 0
69.8 13.75 0
69.75 13.75 0
69.7 13.75 0
69.65 13.75 0
69.6 13.75 0
69.55 13.75 0
69.5 13.75 0
69.45 13.75 0
69.4 13.75 0
69.35 13.75 0
69.3 13.75 0
69.25 13.75 0
69.2 13.75 0
69.15 13.75 0
69.1 13.75 0
69.05 13.75 0
69 13.75 0
68.95 13.75 0
68.9 13.75 0
68.85 13.75 0
68.8 13.75 0
68.75 13.75 0
68.7 13.75 0
68.65 13.75 0
68.6 13.75 0
68.55 13.75 0
68.5 13.75 0
68.45 13.75 0
68.4 13.75 0
68.35 13.75 0
68.3 13.75 0
68.25 13.75 0
68.2 13.75 0
68.15 13.75 0
68.1 13.75 0
68.05 13.75 0
68 13.75 0
67.95 13.75 0
67.9 13.75 0
67.85 13.75 0
67.8 13.75 0
67.75 13.75 0
67.7 13.75 0
67.65 13.75 0
67.6 13.75 0
67.55 13.75 0
67.5 13.75 0
67.45 13.75 0
67.4 13.75 0
67.35 13.75 0
67.3 13.75 0
67.25 13.75 0
67.2 13.75 0
67.15 13.75 0
67.1 13.75 0
67.05 13.75 0
67 13.75 0
66.95 13.75 0
66.9 13.75 0
66.85 13.75 0
66.8 13.75 0
66.75 13.75 0
66.7 13.75 0
66.65 13.75 0
66.6 13.75 0
66.55 13.75 0
66.5 13.75 0
66.45 13.75 0
66.4 13.75 0
66.35 13.75 0
66.3 13.75 0
66.25 13.75 0
66.2 13.75 0
66.15 13.75 0
66.1 13.75 0
66.05 13.75 0
66 13.75 0
65.95 13.75 0
65.9 13.75 0
65.85 13.75 0
65.8 13.75 0
65.75 13.75 0
65.7 13.75 0
65.65 13.75 0
65.6 13.75 0
65.55 13.75 0
65.5 13.75 0
65.45 13.75 0
65.4 13.75 0
65.35 13.75 0
65.3 13.75 0
65.25 13.75 0
65.2 13.75 0
65.15 13.75 0
65.1 13.75 0
65.05 13.75 0
65 13.75 0
64.95 13.75 0
64.9 13.75 0
64.85 13.75 0
64.8 13.75 0
64.75 13.75 0
64.7 13.75 0
64.65 13.75 0
64.6 13.75 0
64.55 13.75 0
64.5 13.75 0
64.45 13.7 0
64.4 13.65 0
64.35 13.6 0
64.3 13.55 0
64.25 13.5 0
64.2 13.45 0
64.15 13.4 0
64.1 13.35 0
64.05 13.3 0
64 13.25 0
63.95 13.2 0
63.9 13.15 0
63.85 13.1 0
63.8 13.05 0
63.75 13 0
63.7 12.95 0
63.65 12.9 0
63.6 12.85 0
63.55 12.8 0
63.5 12.75 0
63.45 12.7 0
63.4 12.65 0
63.35 12.6 0
63.3 12.55 0
63.25 12.5 0
63.2 12.45 0
63.15 12.4 0
63.1 12.35 0
63.05 12.3 0
63 12.25 0
62.95 12.2 0
62.9 12.15 0
62.85 12.1 0
62.8 12.05 0
62.75 12 0
62.7 11.95 0
62.65 11.9 0
62.6 11.85 0
62.55 11.8 0
62.5 11.75 0
62.45 11.7 0
62.4 11.65 0
62.35 11.6 0
62.3 11.55 0
62.25 11.5 0
62.2 11.45 0
62.15 11.4 0
62.1 11.35 0
62.05 11.3 0
62 11.25 0
61.95 11.2 0
61.9 11.15 0
61.85 11.1 0
61.8 11.05 0
61.75 11 0
61.7 10.95 0
61.65 10.9 0
61.6 10.85 0
61.55 10.8 0
61.5 10.75 0
61.45 10.7 0
61.4 10.65 0
61.35 10.6 0
61.3 10.55 0
61.25 10.5 0
61.2 10.45 0
61.15 10.4 0
61.1 10.35 0
61.05 10.3 0
61 10.25 0
60.95 10.2 0
60.9 10.15 0
60.85 10.1 0
60.8 10.05 0
60.75 10 0
60.7 9.95 0
60.65 9.9 0
60.6 9.85 0
60.55 9.8 0
60.5 9.75 0
60.45 9.7 0
60.4 9.65 0
60.35 9.6 0
60.3 9.55 0
60.25 9.5 0
60.2 9.45 0
60.15 9.4 0
60.1 9.35 0
60.05 9.3 0
60 9.25 0
59.95 9.2 0
59.9 9.15 0
59.85 9.1 0
59.8 9.05 0
59.75 9 0
59.7 8.95 0
59.65 8.9 0
59.6 8.85 0
59.55 8.8 0
59.5 8.75 0
59.45 8.7 0
59.4 8.65 0
59.35 8.65 0
59.3 8.65 0
59.25 8.65 0
59.2 8.65 0
59.15 8.65 0
59.1 8.65 0
59.05 8.65 0
59 8.65 0
58.95 8.65 0
58.9 8.65 0
58.85 8.65 0
58.8 8.65 0
58.75 8.65 0
58.7 8.65 0
58.65 8.65 0
58.6 8.65 0
58.55 8.65 0
58.5 8.65 0
58.45 8.65 0
58.4 8.65 0
58.35 8.65 0
58.3 8.65 0
58.25 8.65 0
58.2 8.65 0
58.15 8.65 0
58.1 8.65 0
58.05 8.65 0
58 8.65 0
57.95 8.65 0
57.9 8.65 0
57.85 8.65 0
57.8 8.65 0
57.75 8.65 0
57.7 8.65 0
57.65 8.65 0
57.6 8.65 0
57.55 8.65 0
57.5 8.65 0
57.45 8.65 0
57.4 8.65 0
57.35 8.65 0
57.3 8.65 0
57.25 8.65 0
57.2 8.65 0
57.15 8.65 0
57.1 8.65 0
57.05 8.65 0
57 8.65 0
56.95 8.65 0
56.9 8.65 0
56.85 8.65 0
56.8 8.65 0
56.75 8.65 0
56.7 8.65 0
56.65 8.65 0
56.6 8.65 0
56.55 8.65 0
56.5 8.65 0
56.45 8.65 0
56.4 8.65 0
56.35 8.65 0
56.3 8.65 0
56.25 8.65 0
56.2 8.65 0
56.15 8.65 0
56.1 8.65 0
56.05 8.65 0
56 8.65 0
55.95 8.65 0
55.9 8.65 0
55.85 8.65 0
55.8 8.65 0
55.75 8.65 0
55.7 8.65 0
55.65 8.65 0
55.6 8.65 0
55.55 8.65 0
55.5 8.65 0
55.45 8.65 0
55.4 8.65 0
55.35 8.65 0
55.3 8.65 0
55.25 8.65 0
55.2 8.65 0
55.15 8.65 0
55.1 8.65 0
55.05 8.65 0
55 8.65 0
54.95 8.65 0
54.9 8.65 0
54.85 8.65 0
54.8 8.65 0
54.75 8.65 0
54.7 8.65 0
54.65 8.65 0
54.6 8.65 0
54.55 8.65 0
54.5 8.65 0
54.45 8.65 0
54.4 8.65 0
54.35 8.65 0
54.3 8.65 0
54.25 8.65 0
54.2 8.65 0
54.15 8.65 0
54.1 8.65 0
54.05 8.65 0
54 8.65 0
53.95 8.65 0
53.9 8.65 0
53.85 8.65 0
53.8 8.65 0
53.75 8.65 0
53.7 8.65 0
53.65 8.65 0
53.6 8.65 0
53.55 8.65 0
53.5 8.65 0
53.45 8.65 0
53.4 8.65 0
53.35 8.65 0
53.3 8.65 0
53.25 8.65 0
53.2 8.65 0
53.15 8.65 0
53.1 8.65 0
53.05 8.65 0
53 8.65 0
52.95 8.65 0
52.9 8.65 0
52.85 8.65 0
52.8 8.65 0
52.75 8.65 0
52.75 8.6 0
52.75 8.55 0
52.75 8.5 0
52.75 8.45 0
52.75 8.4 0
52.75 8.35 0
52.75 8.3 0
52.75 8.25 0
52.75 8.2 0
52.75 8.15 0
52.75 8.1 0
52.75 8.05 0
52.75 8 0
52.75 7.95 0
52.75 7.9 0
52.75 7.85 0
52.75 7.8 0
52.75 7.75 0
52.75 7.7 0
52.75 7.65 0
52.75 7.6 0
52.75 7.55 0
52.75 7.5 0
PATH 4 56
46.8 61 0
46.85 61 0
46.9 61 0
46.95 61 0
47 61 0
47.05 61 0
47.1 61 0
47.15 61 0
47.2 61 0
47.25 61 0
47.3 61 0
47.35 61 0
47.4 61 0
47.45 61 0
47.5 61 0
47.55 61 0
47.6 61 0
47.65 61 0
47.7 61 0
47.75 61 0
47.8 61 0
47.85 61 0
47.9 61 0
47.95 61 0
48 61 0
48.05 61 0
48.1 61 0
48.15 61 0
48.2 61 0
48.25 61 0
48.3 61 0
48.35 61 0
48.4 61 0
48.45 61 0
48.5 61 0
48.55 61 0
48.6 61 0
48.65 61 0
48.7 61 0
48.75 61 0
48.8 61 0
48.85 61 0
48.9 61 0
48.95 61 0
49 61 0
49.05 61 0
49.1 61 0
49.15 61 0
49.2 61 0
49.25 61 0
49.3 61 0
49.35 61 0
49.4 61 0
49.45 61 0
49.5 61 0
49.55 61 0
PATH 73 1122
90.05 12 0
90 12 0
89.95 12 0
89.9 12 0
89.85 12 0
89.8 12 0
89.75 12 0
89.7 12 0
89.65 12 0
89.6 12 0
89.55 12 0
89.5 11.95 0
89.45 11.95 0
89.4 11.95 0
89.35 11.95 0
89.3 11.95 0
89.25 11.95 0
89.2 11.95 0
89.15 11.95 0
89.1 11.9 0
89.05 11.85 0
89 11.8 0
88.95 11.75 0
88.9 11.75 0
88.85 11.75 0
88.8 11.75 0
88.75 11.75 0
88.7 11.75 0
88.65 11.75 0
88.6 11.75 0
88.55 11.75 0
88.5 11.75 0
88.45 11.75 0
88.4 11.75 0
88.35 11.75 0
88.3 11.75 0
88.25 11.75 0
88.2 11.7 0
88.15 11.65 0
88.1 11.6 0
88.05 11.6 0
88 11.6 0
87.95 11.6 0
87.9 11.6 0
87.85 11.6 0
87.8 11.6 0
87.75 11.6 0
87.7 11.55 0
87.65 11.5 0
87.6 11.45 0
87.55 11.4 0
87.5 11.35 0
87.45 11.3 0
87.4 11.25 0
87.35 11.2 0
87.3 11.15 0
87.25 11.15 0
87.2 11.1 0
87.15 11.05 0
87.1 11.05 0
87.05 11.05 0
87 11.05 0
86.95 11.05 0
86.9 11.05 0
86.85 11.05 0
86.8 11.05 0
86.75 11.05 0
86.7 11.05 0
86.65 11.05 0
86.6 11.05 0
86.55 11.05 0
86.5 11.05 0
86.45 11.05 0
86.4 11.05 0
86.35 11.05 0
86.3 11.05 0
86.25 11.05 0
86.2 11.05 0
86.15 11.05 0
86.1 11.05 0
86.05 11.05 0
86 11.05 0
85.95 11.05 0
85.9 11.05 0
85.85 11.05 0
85.8 11.05 0
85.75 11.05 0
85.7 11.05 0
85.65 11.05 0
85.6 11.05 0
85.55 11.05 0
85.5 11.05 0
85.45 11 0
85.4 10.95 0
85.35 10.9 0
85.3 10.85 0
85.25 10.8 0
85.2 10.8 0
85.15 10.8 0
85.1 10.8 0
85.05 10.8 0
85 10.8 0
84.95 10.8 0
84.9 10.8 0
84.85 10.8 0
84.8 10.8 0
84.75 10.8 0
84.7 10.8 0
84.65 10.8 0
84.6 10.8 0
84.55 10.8 0
84.5 10.8 0
84.45 10.8 0
84.4 10.8 0
84.35 10.8 0
84.3 10.8 0
84.25 10.8 0
84.2 10.8 0
84.15 10.8 0
84.1 10.8 0
84.05 10.8 0
84 10.8 0
83.95 10.8 0
83.9 10.8 0
83.85 10.8 0
83.8 10.8 0
83.75 10.8 0
83.7 10.8 0
83.65 10.8 0
83.6 10.8 0
83.55 10.8 0
83.5 10.8 0
83.45 10.8 0
83.4 10.8 0
83.35 10.8 0
83.3 10.8 0
83.25 10.8 0
83.2 10.8 0
83.15 10.8 0
83.1 10.8 0
83.05 10.8 0
83 10.8 0
82.95 10.8 0
82.9 10.8 0
82.85 10.8 0
82.8 10.8 0
82.75 10.8 0
82.7 10.8 0
82.65 10.8 0
82.6 10.8 0
82.55 10.8 0
82.5 10.8 0
82.45 10.8 0
82.4 10.8 0
82.35 10.8 0
82.3 10.8 0
82.25 10.8 0
82.2 10.8 0
82.15 10.8 0
82.1 10.8 0
82.05 10.8 0
82 10.8 0
81.95 10.8 0
81.9 10.8 0
81.85 10.8 0
81.8 10.8 0
81.75 10.8 0
81.7 10.8 0
81.65 10.8 0
81.6 10.8 0
81.55 10.8 0
81.5 10.8 0
81.45 10.8 0
81.4 10.8 0
81.35 10.8 0
81.3 10.8 0
81.25 10.8 0
81.2 10.8 0
81.15 10.8 0
81.1 10.8 0
81.05 10.8 0
81 10.8 0
80.95 10.8 0
80.9 10.8 0
80.85 10.8 0
80.8 10.8 0
80.75 10.8 0
80.7 10.8 0
80.65 10.8 0
80.6 10.8 0
80.55 10.8 0
80.5 10.8 0
80.45 10.8 0
80.4 10.8 0
80.35 10.8 0
80.3 10.8 0
80.25 10.8 0
80.2 10.8 0
80.15 10.8 0
80.1 10.8 0
80.05 10.8 0
80 10.8 0
79.95 10.8 0
79.9 10.8 0
79.85 10.8 0
79.8 10.8 0
79.75 10.8 0
79.7 10.8 0
79.65 10.8 0
79.6 10.8 0
79.55 10.8 0
79.5 10.8 0
79.45 10.8 0
79.4 10.8 0
79.35 10.8 0
79.3 10.8 0
79.25 10.8 0
79.2 10.8 0
79.15 10.8 0
79.1 10.8 0
79.05 10.8 0
79 10.8 0
78.95 10.8 0
78.9 10.8 0
78.85 10.8 0
78.8 10.8 0
78.75 10.8 0
78.7 10.8 0
78.65 10.8 0
78.6 10.8 0
78.55 10.8 0
78.5 10.8 0
78.45 10.8 0
78.4 10.8 0
78.35 10.8 0
78.3 10.8 0
78.25 10.8 0
78.2 10.8 0
78.15 10.8 0
78.1 10.8 0
78.05 10.8 0
78 10.8 0
77.95 10.8 0
77.9 10.8 0
77.85 10.8 0
77.8 10.8 0
77.75 10.8 0
77.7 10.8 0
77.65 10.8 0
77.6 10.8 0
77.55 10.8 0
77.5 10.8 0
77.45 10.8 0
77.4 10.8 0
77.35 10.8 0
77.3 10.8 0
77.25 10.8 0
77.2 10.8 0
77.15 10.8 0
77.1 10.8 0
77.05 10.8 0
77 10.8 0
76.95 10.8 0
76.9 10.8 0
76.85 10.8 0
76.8 10.8 0
76.75 10.8 0
76.7 10.8 0
76.65 10.8 0
76.6 10.8 0
76.55 10.8 0
76.5 10.8 0
76.45 10.8 0
76.4 10.8 0
76.35 10.8 0
76.3 10.8 0
76.25 10.8 0
76.2 10.8 0
76.15 10.8 0
76.1 10.8 0
76.05 10.8 0
76 10.8 0
75.95 10.8 0
75.9 10.8 0
75.85 10.8 0
75.8 10.8 0
75.75 10.8 0
75.7 10.8 0
75.65 10.8 0
75.6 10.8 0
75.55 10.8 0
75.5 10.8 0
75.45 10.8 0
75.4 10.8 0
75.35 10.8 0
75.3 10.8 0
75.25 10.8 0
75.2 10.8 0
75.15 10.8 0
75.1 10.8 0
75.05 10.8 0
75 10.8 0
74.95 10.8 0
74.9 10.8 0
74.85 10.8 0
74.8 10.8 0
74.75 10.8 0
74.7 10.8 0
74.65 10.8 0
74.6 10.8 0
74.55 10.8 0
74.5 10.8 0
74.45 10.8 0
74.4 10.8 0
74.35 10.8 0
74.3 10.8 0
74.25 10.8 0
74.2 10.8 0
74.15 10.8 0
74.1 10.8 0
74.05 10.8 0
74 10.8 0
73.95 10.8 0
73.9 10.8 0
73.85 10.8 0
73.8 10.8 0
73.75 10.8 0
73.7 10.8 0
73.65 10.8 0
73.6 10.8 0
73.55 10.8 0
73.5 10.8 0
73.45 10.8 0
73.4 10.8 0
73.35 10.8 0
73.3 10.8 0
73.25 10.8 0
73.2 10.8 0
73.15 10.8 0
73.1 10.8 0
73.05 10.8 0
73 10.8 0
72.95 10.8 0
72.9 10.8 0
72.85 10.8 0
72.8 10.8 0
72.75 10.8 0
72.7 10.8 0
72.65 10.8 0
72.6 10.8 0
72.55 10.8 0
72.5 10.8 0
72.45 10.8 0
72.4 10.8 0
72.35 10.8 0
72.3 10.8 0
72.25 10.8 0
72.2 10.8 0
72.15 10.8 0
72.1 10.8 0
72.05 10.8 0
72 10.8 0
71.95 10.8 0
71.9 10.8 0
71.85 10.8 0
71.8 10.8 0
71.75 10.8 0
71.7 10.8 0
71.65 10.8 0
71.6 10.8 0
71.55 10.8 0
71.5 10.8 0
71.45 10.8 0
71.4 10.8 0
71.35 10.8 0
71.3 10.8 0
71.25 10.8 0
71.2 10.8 0
71.15 10.8 0
71.1 10.8 0
71.05 10.8 0
71 10.8 0
70.95 10.8 0
70.9 10.8 0
70.85 10.8 0
70.8 10.8 0
70.75 10.8 0
70.7 10.8 0
70.65 10.8 0
70.6 10.8 0
70.55 10.8 0
70.5 10.8 0
70.45 10.8 0
70.4 10.8 0
70.35 10.8 0
70.3 10.8 0
70.25 10.8 0
70.2 10.8 0
70.15 10.8 0
70.1 10.8 0
70.05 10.8 0
70 10.8 0
69.95 10.8 0
69.9 10.8 0
69.85 10.8 0
69.8 10.8 0
69.75 10.8 0
69.7 10.8 0
69.65 10.8 0
69.6 10.8 0
69.55 10.8 0
69.5 10.8 0
69.45 10.8 0
69.4 10.8 0
69.35 10.8 0
69.3 10.8 0
69.25 10.8 0
69.2 10.8 0
69.15 10.8 0
69.1 10.8 0
69.05 10.8 0
69 10.8 0
68.95 10.8 0
68.9 10.8 0
68.85 10.8 0
68.8 10.8 0
68.75 10.8 0
68.7 10.8 0
68.65 10.8 0
68.6 10.8 0
68.55 10.8 0
68.5 10.8 0
68.45 10.8 0
68.4 10.8 0
68.35 10.8 0
68.3 10.8 0
68.25 10.8 0
68.2 10.8 0
68.15 10.8 0
68.1 10.8 0
68.05 10.8 0
68 10.8 0
67.95 10.8 0
67.9 10.8 0
67.85 10.8 0
67.8 10.8 0
67.75 10.8 0
67.7 10.8 0
67.65 10.8 0
67.6 10.8 0
67.55 10.8 0
67.5 10.8 0
67.45 10.8 0
67.4 10.8 0
67.35 10.8 0
67.3 10.8 0
67.25 10.8 0
67.2 10.8 0
67.15 10.8 0
67.1 10.8 0
67.05 10.8 0
67 10.8 0
66.95 10.8 0
66.9 10.8 0
66.85 10.8 0
66.8 10.8 0
66.75 10.8 0
66.7 10.8 0
66.65 10.8 0
66.6 10.8 0
66.55 10.8 0
66.5 10.8 0
66.45 10.8 0
66.4 10.8 0
66.35 10.8 0
66.3 10.8 0
66.25 10.8 0
66.2 10.8 0
66.15 10.8 0
66.1 10.8 0
66.05 10.8 0
66 10.8 0
65.95 10.8 0
65.9 10.8 0
65.85 10.8 0
65.8 10.8 0
65.75 10.8 0
65.7 10.8 0
65.65 10.8 0
65.6 10.8 0
65.55 10.8 0
65.5 10.8 0
65.45 10.8 0
65.4 10.8 0
65.35 10.8 0
65.3 10.8 0
65.25 10.8 0
65.2 10.8 0
65.15 10.8 0
65.1 10.8 0
65.05 10.8 0
65 10.8 0
64.95 10.8 0
64.9 10.8 0
64.85 10.8 0
64.8 10.8 0
64.75 10.8 0
64.7 10.8 0
64.65 10.8 0
64.6 10.8 0
64.55 10.8 0
64.5 10.8 0
64.45 10.8 0
64.4 10.8 0
64.35 10.8 0
64.3 10.8 0
64.25 10.8 0
64.2 10.8 0
64.15 10.8 0
64.1 10.8 0
64.05 10.8 0
64 10.8 0
63.95 10.8 0
63.9 10.8 0
63.85 10.8 0
63.8 10.8 0
63.75 10.8 0
63.7 10.8 0
63.65 10.8 0
63.6 10.8 0
63.55 10.8 0
63.5 10.8 0
63.45 10.8 0
63.4 10.8 0
63.35 10.8 0
63.3 10.8 0
63.25 10.8 0
63.2 10.8 0
63.15 10.8 0
63.1 10.8 0
63.05 10.8 0
63 10.8 0
63 10.8 2
62.95 10.8 2
62.9 10.8 2
62.85 10.8 2
62.8 10.8 2
62.75 10.8 2
62.7 10.8 2
62.65 10.8 2
62.6 10.8 2
62.55 10.8 2
62.5 10.8 2
62.45 10.8 2
62.4 10.8 2
62.35 10.8 2
62.3 10.8 2
62.25 10.8 2
62.2 10.8 2
62.15 10.8 2
62.1 10.8 2
62.05 10.8 2
62 10.8 2
61.95 10.8 2
61.9 10.8 2
61.85 10.75 2
61.8 10.7 2
61.75 10.7 2
61.7 10.7 2
61.65 10.7 2
61.6 10.7 2
61.55 10.7 2
61.5 10.7 2
61.45 10.7 2
61.4 10.7 2
61.35 10.7 2
61.3 10.7 2
61.25 10.7 2
61.2 10.7 2
61.15 10.7 2
61.1 10.7 2
61.05 10.7 2
61 10.7 2
60.95 10.65 2
60.9 10.6 2
60.85 10.6 2
60.8 10.55 2
60.75 10.55 2
60.7 10.55 2
60.65 10.55 2
60.6 10.55 2
60.55 10.55 2
60.5 10.55 2
60.45 10.55 2
60.4 10.55 2
60.35 10.55 2
60.3 10.55 2
60.25 10.55 2
60.2 10.55 2
60.15 10.55 2
60.1 10.55 2
60.05 10.55 2
60 10.55 2
59.95 10.55 2
59.9 10.55 2
59.85 10.55 2
59.8 10.55 2
59.75 10.55 2
59.7 10.55 2
59.65 10.55 2
59.6 10.55 2
59.55 10.55 2
59.5 10.55 2
59.45 10.55 2
59.4 10.55 2
59.35 10.55 2
59.3 10.55 2
59.25 10.55 2
59.2 10.55 2
59.15 10.55 2
59.1 10.55 2
59.05 10.55 2
59 10.55 2
58.95 10.55 2
58.9 10.55 2
58.85 10.55 2
58.8 10.55 2
58.75 10.55 2
58.7 10.55 2
58.65 10.55 2
58.6 10.55 2
58.55 10.55 2
58.5 10.55 2
58.45 10.55 2
58.4 10.55 2
58.35 10.55 2
58.3 10.55 2
58.25 10.55 2
58.2 10.55 2
58.15 10.55 2
58.1 10.55 2
58.05 10.55 2
58 10.55 2
57.95 10.55 2
57.9 10.55 2
57.85 10.55 2
57.8 10.55 2
57.75 10.55 2
57.7 10.55 2
57.65 10.55 2
57.6 10.55 2
57.55 10.55 2
57.5 10.55 2
57.45 10.55 2
57.4 10.55 2
57.35 10.55 2
57.3 10.5 2
57.25 10.5 2
57.2 10.5 2
57.15 10.5 2
57.1 10.5 2
57.05 10.5 2
57 10.5 2
56.95 10.5 2
56.9 10.5 2
56.85 10.5 2
56.8 10.5 2
56.75 10.5 2
56.7 10.5 2
56.65 10.5 2
56.6 10.5 2
56.55 10.5 2
56.5 10.5 2
56.45 10.5 2
56.4 10.5 2
56.35 10.5 2
56.3 10.5 2
56.25 10.5 2
56.2 10.5 2
56.15 10.5 2
56.1 10.5 2
56.05 10.5 2
56 10.5 2
55.95 10.5 2
55.9 10.5 2
55.85 10.5 2
55.8 10.5 2
55.75 10.5 2
55.7 10.5 2
55.65 10.5 2
55.6 10.5 2
55.55 10.5 2
55.5 10.5 2
55.45 10.5 2
55.4 10.5 2
55.35 10.5 2
55.3 10.5 2
55.25 10.5 2
55.2 10.5 2
55.15 10.5 2
55.1 10.5 2
55.05 10.5 2
55 10.5 2
54.95 10.5 2
54.9 10.5 2
54.85 10.5 2
54.8 10.5 2
54.75 10.5 2
54.7 10.5 2
54.65 10.5 2
54.6 10.5 2
54.55 10.5 2
54.5 10.5 2
54.45 10.5 2
54.4 10.5 2
54.35 10.5 2
54.3 10.5 2
54.25 10.5 2
54.2 10.5 2
54.15 10.5 2
54.1 10.5 2
54.05 10.5 2
54 10.5 2
53.95 10.5 2
53.9 10.5 2
53.85 10.5 2
53.8 10.5 2
53.75 10.5 2
53.7 10.5 2
53.65 10.5 2
53.6 10.5 2
53.55 10.5 2
53.5 10.5 2
53.45 10.5 2
53.4 10.5 2
53.35 10.5 2
53.3 10.5 2
53.25 10.5 2
53.2 10.5 2
53.15 10.5 2
53.1 10.5 2
53.05 10.5 2
53 10.5 2
52.95 10.5 2
52.9 10.5 2
52.85 10.45 2
52.8 10.45 2
52.75 10.45 2
52.7 10.45 2
52.65 10.45 2
52.6 10.45 2
52.55 10.45 2
52.5 10.45 2
52.45 10.45 2
52.4 10.45 2
52.35 10.45 2
52.3 10.45 2
52.25 10.45 2
52.2 10.45 2
52.15 10.45 2
52.1 10.45 2
52.05 10.45 2
52 10.45 2
51.95 10.45 2
51.9 10.45 2
51.85 10.45 2
51.8 10.45 2
51.75 10.45 2
51.7 10.45 2
51.65 10.45 2
51.6 10.45 2
51.55 10.45 2
51.5 10.45 2
51.45 10.45 2
51.4 10.4 2
51.35 10.4 2
51.3 10.4 2
51.25 10.4 2
51.2 10.4 2
51.15 10.4 2
51.1 10.4 2
51.05 10.4 2
51 10.4 2
50.95 10.4 2
50.9 10.4 2
50.85 10.4 2
50.8 10.4 2
50.75 10.4 2
50.7 10.4 2
50.65 10.4 2
50.6 10.4 2
50.55 10.4 2
50.5 10.4 2
50.45 10.4 2
50.4 10.4 2
50.35 10.4 2
50.3 10.4 2
50.25 10.4 2
50.2 10.4 2
50.15 10.4 2
50.1 10.4 2
50.05 10.4 2
50 10.4 2
49.95 10.4 2
49.9 10.4 2
49.85 10.4 2
49.8 10.4 2
49.75 10.4 2
49.7 10.4 2
49.65 10.4 2
49.6 10.4 2
49.55 10.4 2
49.5 10.4 2
49.45 10.4 2
49.4 10.4 2
49.35 10.4 2
49.3 10.4 2
49.25 10.4 2
49.2 10.4 2
49.15 10.4 2
49.1 10.4 2
49.05 10.4 2
49 10.4 2
48.95 10.4 2
48.9 10.4 2
48.85 10.4 2
48.8 10.4 2
48.75 10.4 2
48.7 10.4 2
48.65 10.4 2
48.6 10.4 2
48.55 10.4 2
48.5 10.4 2
48.45 10.4 2
48.4 10.4 2
48.35 10.4 2
48.3 10.4 2
48.25 10.4 2
48.2 10.4 2
48.15 10.4 2
48.1 10.4 2
48.05 10.4 2
48 10.35 2
47.95 10.35 2
47.9 10.35 2
47.85 10.35 2
47.8 10.3 2
47.75 10.3 2
47.7 10.3 2
47.65 10.3 2
47.6 10.3 2
47.55 10.3 2
47.5 10.3 2
47.45 10.3 2
47.4 10.3 2
47.35 10.3 2
47.3 10.3 2
47.25 10.3 2
47.2 10.3 2
47.15 10.3 2
47.1 10.3 2
47.05 10.3 2
47 10.3 2
46.95 10.3 2
46.9 10.3 2
46.85 10.3 2
46.8 10.3 2
46.75 10.3 2
46.7 10.3 2
46.65 10.3 2
46.6 10.3 2
46.55 10.3 2
46.5 10.3 2
46.45 10.3 2
46.4 10.3 2
46.35 10.3 2
46.3 10.25 2
46.25 10.25 2
46.2 10.25 2
46.15 10.25 2
46.1 10.25 2
46.05 10.25 2
46 10.25 2
45.95 10.25 2
45.9 10.2 2
45.85 10.15 2
45.8 10.15 2
45.75 10.15 2
45.7 10.15 2
45.65 10.15 2
45.6 10.15 2
45.55 10.15 2
45.5 10.15 2
45.45 10.15 2
45.4 10.15 2
45.35 10.15 2
45.3 10.15 2
45.25 10.15 2
45.2 10.15 2
45.15 10.1 2
45.1 10.1 2
45.05 10.1 2
45 10.1 2
44.95 10.1 2
44.9 10.1 2
44.85 10.1 2
44.8 10.1 2
44.75 10.1 2
44.7 10.1 2
44.65 10.1 2
44.6 10.1 2
44.55 10.1 2
44.5 10.1 2
44.45 10.1 2
44.4 10.1 2
44.35 10.1 2
44.3 10.1 2
44.25 10.1 2
44.2 10.1 2
44.15 10.1 2
44.1 10.1 2
44.05 10.1 2
44 10.1 2
43.95 10.1 2
43.9 10.1 2
43.85 10.1 2
43.8 10.1 2
43.75 10.1 2
43.7 10.1 2
43.65 10.1 2
43.6 10.1 2
43.55 10.05 2
43.5 10.05 2
43.45 10.05 2
43.4 10.05 2
43.35 10.05 2
43.3 10.05 2
43.25 10.05 2
43.2 10.05 2
43.15 10.05 2
43.1 10.05 2
43.05 10.05 2
43 10.05 2
42.95 10.05 2
42.9 10.05 2
42.85 10.05 2
42.8 10.05 2
42.75 10 2
42.7 10 2
42.65 10 2
42.6 10 2
42.55 10 2
42.5 10 2
42.45 10 2
42.4 10 2
42.35 10 2
42.3 10 2
42.25 10 2
42.2 10 2
42.15 10 2
42.1 10 2
42.05 10 2
42 10 2
41.95 10 2
41.9 10 2
41.85 10 2
41.8 10 2
41.75 10 2
41.7 10 2
41.65 10 2
41.6 10 2
41.55 10 2
41.5 10 2
41.45 10 2
41.4 10 2
41.35 10 2
41.3 10 2
41.25 10 2
41.2 10 2
41.15 10 2
41.1 10 2
41.05 10 2
41 10 2
40.95 10 2
40.9 10 2
40.85 10 2
40.8 10 2
40.75 10 2
40.7 10 2
40.65 10 2
40.6 10 2
40.55 10 2
40.5 10 2
40.45 9.95 2
40.4 9.9 2
40.35 9.9 2
40.3 9.9 2
40.25 9.9 2
40.2 9.9 2
40.15 9.9 2
40.1 9.9 2
40.05 9.9 2
40 9.9 2
39.95 9.9 2
39.9 9.9 2
39.85 9.9 2
39.8 9.9 2
39.75 9.9 2
39.7 9.9 2
39.65 9.9 2
39.6 9.9 2
39.55 9.9 2
39.5 9.9 2
39.45 9.9 2
39.4 9.9 2
39.35 9.9 2
39.3 9.9 2
39.25 9.9 2
39.2 9.9 2
39.15 9.9 2
39.1 9.9 2
39.05 9.9 2
39 9.9 2
38.95 9.9 2
38.9 9.9 2
38.85 9.9 2
38.8 9.9 2
38.75 9.9 2
38.7 9.9 2
38.65 9.9 2
38.6 9.9 2
38.55 9.9 2
38.5 9.9 2
38.45 9.9 2
38.4 9.9 2
38.35 9.9 2
38.3 9.85 2
38.25 9.8 2
38.2 9.8 2
38.15 9.8 2
38.1 9.8 2
38.05 9.8 2
38 9.8 2
37.95 9.8 2
37.9 9.8 2
37.85 9.75 2
37.8 9.7 2
37.75 9.7 2
37.7 9.65 2
37.65 9.6 2
37.6 9.55 2
37.55 9.5 2
37.5 9.5 2
37.45 9.5 2
37.4 9.5 2
37.35 9.45 2
37.3 9.4 2
37.25 9.35 2
37.2 9.3 2
37.15 9.25 2
37.1 9.25 2
37.05 9.25 2
37 9.25 2
37 9.25 0
36.95 9.2 0
36.9 9.15 0
36.85 9.1 0
36.8 9.05 0
36.75 9 0
36.7 8.95 0
36.65 8.9 0
36.6 8.85 0
36.55 8.8 0
36.5 8.75 0
36.45 8.7 0
36.4 8.65 0
36.35 8.65 0
36.3 8.65 0
36.25 8.65 0
36.2 8.65 0
36.15 8.65 0
36.1 8.65 0
36.05 8.65 0
36 8.65 0
35.95 8.65 0
35.9 8.65 0
35.85 8.65 0
35.8 8.65 0
35.75 8.65 0
35.7 8.65 0
35.65 8.65 0
35.6 8.65 0
35.55 8.65 0
35.5 8.65 0
35.45 8.65 0
35.4 8.65 0
35.35 8.65 0
35.3 8.65 0
35.25 8.65 0
35.25 8.6 0
35.25 8.55 0
35.25 8.5 0
35.25 8.45 0
35.25 8.4 0
35.25 8.35 0
35.25 8.3 0
35.25 8.25 0
35.25 8.2 0
35.25 8.15 0
35.25 8.1 0
35.25 8.05 0
35.25 8 0
35.25 7.95 0
35.25 7.9 0
35.25 7.85 0
35.25 7.8 0
35.25 7.75 0
35.25 7.7 0
35.25 7.65 0
35.25 7.6 0
35.25 7.55 0
35.25 7.5 0
PATH 66 85
31.75 68.75 0
31.8 68.7 0
31.8 68.65 0
31.8 68.6 0
31.8 68.55 0
31.8 68.5 0
31.8 68.45 0
31.8 68.4 0
31.8 68.35 0
31.8 68.3 0
31.85 68.3 0
31.9 68.3 0
31.95 68.3 0
32 68.3 0
32.05 68.3 0
32.1 68.3 0
32.15 68.3 0
32.2 68.3 0
32.25 68.3 0
32.3 68.3 0
32.35 68.3 0
32.4 68.3 0
32.45 68.3 0
32.5 68.3 0
32.55 68.3 0
32.6 68.3 0
32.65 68.3 0
32.7 68.3 0
32.75 68.3 0
32.8 68.3 0
32.85 68.3 0
32.9 68.3 0
32.95 68.3 0
33 68.3 0
33.05 68.3 0
33.1 68.3 0
33.15 68.3 0
33.2 68.35 0
33.25 68.35 0
33.3 68.35 0
33.35 68.4 0
33.4 68.45 0
33.45 68.45 0
33.5 68.45 0
33.55 68.45 0
33.6 68.45 0
33.65 68.45 0
33.7 68.45 0
33.75 68.45 0
33.8 68.45 0
33.85 68.45 0
33.9 68.45 0
33.95 68.45 0
34 68.45 0
34.05 68.45 0
34.1 68.45 0
34.15 68.45 0
34.2 68.45 0
34.25 68.45 0
34.3 68.45 0
34.35 68.45 0
34.4 68.45 0
34.45 68.45 0
34.5 68.45 0
34.55 68.45 0
34.6 68.45 0
34.65 68.45 0
34.7 68.45 0
34.75 68.45 0
34.8 68.45 0
34.85 68.45 0
34.9 68.45 0
34.95 68.45 0
35 68.5 0
35.05 68.55 0
35.1 68.6 0
35.15 68.65 0
35.2 68.65 0
35.25 68.7 0
35.3 68.75 0
35.35 68.8 0
35.4 68.85 0
35.45 68.9 0
35.5 68.95 0
35.55 69 0
PATH 7 356
29.15 11 0
29.2 10.95 0
29.25 10.9 0
29.3 10.85 0
29.35 10.85 0
29.4 10.8 0
29.45 10.75 0
29.5 10.7 0
29.55 10.65 0
29.6 10.6 0
29.65 10.55 0
29.7 10.5 0
29.75 10.45 0
29.8 10.4 0
29.85 10.35 0
29.9 10.3 0
29.95 10.25 0
30 10.2 0
30.05 10.2 0
30.1 10.2 0
30.15 10.2 0
30.2 10.2 0
30.25 10.2 0
30.3 10.2 0
30.35 10.2 0
30.4 10.2 0
30.45 10.2 0
30.5 10.2 0
30.55 10.2 0
30.6 10.2 0
30.65 10.2 0
30.7 10.2 0
30.75 10.2 0
30.8 10.2 0
30.85 10.2 0
30.9 10.2 0
30.95 10.2 0
31 10.2 0
31.05 10.2 0
31.1 10.2 0
31.15 10.2 0
31.2 10.2 0
31.25 10.2 0
31.3 10.2 0
31.35 10.2 0
31.4 10.2 0
31.45 10.2 0
31.5 10.2 0
31.55 10.2 0
31.6 10.2 0
31.65 10.2 0
31.7 10.2 0
31.75 10.2 0
31.8 10.2 0
31.85 10.2 0
31.9 10.2 0
31.95 10.2 0
32 10.2 0
32.05 10.2 0
32.1 10.2 0
32.15 10.2 0
32.2 10.2 0
32.25 10.2 0
32.3 10.2 0
32.35 10.2 0
32.4 10.2 0
32.45 10.2 0
32.5 10.2 0
32.55 10.2 0
32.6 10.2 0
32.65 10.2 0
32.7 10.2 0
32.75 10.2 0
32.8 10.2 0
32.85 10.2 0
32.9 10.2 0
32.95 10.2 0
33 10.2 0
33.05 10.2 0
33.1 10.2 0
33.15 10.2 0
33.2 10.2 0
33.25 10.2 0
33.3 10.2 0
33.35 10.2 0
33.4 10.2 0
33.45 10.2 0
33.5 10.2 0
33.55 10.2 0
33.6 10.2 0
33.65 10.2 0
33.7 10.2 0
33.75 10.2 0
33.8 10.2 0
33.85 10.2 0
33.9 10.2 0
33.95 10.2 0
34 10.2 0
34.05 10.2 0
34.1 10.2 0
34.15 10.2 0
34.2 10.2 0
34.25 10.2 0
34.3 10.2 0
34.35 10.2 0
34.4 10.2 0
34.45 10.2 0
34.5 10.2 0
34.55 10.2 0
34.6 10.2 0
34.65 10.2 0
34.7 10.2 0
34.75 10.2 0
34.8 10.2 0
34.85 10.2 0
34.9 10.2 0
34.95 10.2 0
35 10.2 0
35.05 10.2 0
35.1 10.2 0
35.15 10.2 0
35.2 10.2 0
35.25 10.2 0
35.3 10.2 0
35.35 10.2 0
35.4 10.2 0
35.45 10.2 0
35.5 10.2 0
35.55 10.2 0
35.6 10.2 0
35.65 10.2 0
35.7 10.2 0
35.75 10.2 0
35.8 10.2 0
35.85 10.2 0
35.9 10.2 0
35.95 10.2 0
36 10.2 0
36.05 10.2 0
36.1 10.2 0
36.15 10.2 0
36.2 10.2 0
36.25 10.2 0
36.3 10.2 0
36.35 10.2 0
36.4 10.2 0
36.45 10.2 0
36.5 10.2 0
36.55 10.2 0
36.6 10.2 0
36.65 10.2 0
36.7 10.2 0
36.75 10.2 0
36.8 10.2 0
36.85 10.2 0
36.9 10.2 0
36.95 10.2 0
37 10.2 0
37.05 10.2 0
37.1 10.2 0
37.15 10.2 0
37.2 10.2 0
37.25 10.2 0
37.3 10.2 0
37.35 10.2 0
37.4 10.2 0
37.45 10.2 0
37.5 10.2 0
37.55 10.2 0
37.6 10.2 0
37.65 10.2 0
37.7 10.2 0
37.75 10.2 0
37.8 10.2 0
37.85 10.2 0
37.9 10.2 0
37.95 10.2 0
38 10.2 0
38.05 10.2 0
38.1 10.2 0
38.15 10.2 0
38.2 10.2 0
38.25 10.2 0
38.3 10.2 0
38.35 10.2 0
38.4 10.2 0
38.45 10.2 0
38.5 10.2 0
38.55 10.2 0
38.6 10.2 0
38.65 10.2 0
38.7 10.2 0
38.75 10.2 0
38.8 10.2 0
38.85 10.2 0
38.9 10.2 0
38.95 10.2 0
39 10.2 0
39.05 10.2 0
39.1 10.2 0
39.15 10.2 0
39.2 10.2 0
39.25 10.2 0
39.3 10.2 0
39.35 10.2 0
39.4 10.2 0
39.45 10.2 0
39.5 10.2 0
39.55 10.2 0
39.6 10.2 0
39.65 10.15 0
39.7 10.1 0
39.75 10.1 0
39.8 10.1 0
39.85 10.1 0
39.9 10.1 0
39.95 10.1 0
40 10.1 0
40.05 10.1 0
40.1 10.1 0
40.15 10.1 0
40.2 10.05 0
40.25 10 0
40.3 9.95 0
40.35 9.9 0
40.4 9.85 0
40.45 9.8 0
40.5 9.75 0
40.55 9.75 0
40.6 9.75 0
40.65 9.7 0
40.7 9.65 0
40.75 9.6 0
40.8 9.6 0
40.85 9.55 0
40.9 9.55 0
40.95 9.55 0
41 9.55 0
41.05 9.5 0
41.1 9.45 0
41.15 9.45 0
41.2 9.45 0
41.25 9.45 0
41.3 9.4 0
41.35 9.35 0
41.4 9.35 0
41.45 9.3 0
41.5 9.25 0
41.55 9.25 0
41.6 9.2 0
41.65 9.2 0
41.7 9.2 0
41.75 9.2 0
41.8 9.2 0
41.85 9.2 0
41.9 9.2 0
41.95 9.15 0
42 9.15 0
42.05 9.1 0
42.1 9.1 0
42.15 9.1 0
42.2 9.05 0
42.25 9 0
42.3 8.95 0
42.35 8.9 0
42.4 8.9 0
42.45 8.9 0
42.5 8.85 0
42.55 8.85 0
42.6 8.85 0
42.65 8.85 0
42.7 8.85 0
42.75 8.85 0
42.8 8.8 0
42.85 8.8 0
42.9 8.8 0
42.95 8.8 0
43 8.75 0
43.05 8.7 0
43.1 8.65 0
43.15 8.65 0
43.2 8.65 0
43.25 8.65 0
43.3 8.65 0
43.35 8.65 0
43.4 8.65 0
43.45 8.65 0
43.5 8.65 0
43.55 8.65 0
43.6 8.65 0
43.65 8.65 0
43.7 8.65 0
43.75 8.65 0
43.8 8.65 0
43.85 8.65 0
43.9 8.65 0
43.95 8.65 0
44 8.65 0
44.05 8.65 0
44.1 8.65 0
44.15 8.65 0
44.2 8.65 0
44.25 8.65 0
44.3 8.65 0
44.35 8.65 0
44.4 8.65 0
44.45 8.65 0
44.5 8.65 0
44.55 8.65 0
44.6 8.65 0
44.65 8.65 0
44.7 8.65 0
44.75 8.65 0
44.8 8.65 0
44.85 8.65 0
44.9 8.65 0
44.95 8.65 0
45 8.65 0
45.05 8.65 0
45.1 8.65 0
45.15 8.65 0
45.2 8.65 0
45.25 8.65 0
45.3 8.65 0
45.35 8.65 0
45.4 8.65 0
45.45 8.65 0
45.5 8.65 0
45.55 8.65 0
45.6 8.65 0
45.65 8.65 0
45.7 8.65 0
45.75 8.65 0
45.75 8.6 0
45.75 8.55 0
45.75 8.5 0
45.75 8.45 0
45.75 8.4 0
45.75 8.35 0
45.75 8.3 0
45.75 8.25 0
45.75 8.2 0
45.75 8.15 0
45.75 8.1 0
45.75 8.05 0
45.75 8 0
45.75 7.95 0
45.75 7.9 0
45.75 7.85 0
45.75 7.8 0
45.75 7.75 0
45.75 7.7 0
45.75 7.65 0
45.75 7.6 0
45.75 7.55 0
45.75 7.5 0
PATH 8 270
34.15 11 0
34.2 11 0
34.25 11 0
34.3 11 0
34.35 11.05 0
34.4 11.1 0
34.45 11.15 0
34.5 11.2 0
34.55 11.25 0
34.6 11.3 0
34.65 11.35 0
34.7 11.4 0
34.75 11.45 0
34.8 11.5 0
34.85 11.55 0
34.9 11.6 0
34.95 11.65 0
35 11.7 0
35.05 11.75 0
35.1 11.8 0
35.15 11.8 0
35.2 11.8 0
35.25 11.8 0
35.3 11.8 0
35.35 11.8 0
35.4 11.8 0
35.45 11.8 0
35.5 11.8 0
35.55 11.8 0
35.6 11.8 0
35.65 11.8 0
35.7 11.8 0
35.75 11.8 0
35.8 11.8 0
35.85 11.8 0
35.9 11.8 0
35.95 11.8 0
36 11.8 0
36.05 11.8 0
36.1 11.8 0
36.15 11.8 0
36.2 11.8 0
36.25 11.8 0
36.3 11.8 0
36.35 11.8 0
36.4 11.8 0
36.45 11.8 0
36.5 11.8 0
36.55 11.8 0
36.6 11.8 0
36.65 11.8 0
36.7 11.8 0
36.75 11.8 0
36.8 11.8 0
36.85 11.8 0
36.9 11.8 0
36.95 11.8 0
37 11.8 0
37.05 11.8 0
37.1 11.8 0
37.15 11.8 0
37.2 11.8 0
37.25 11.8 0
37.3 11.8 0
37.35 11.8 0
37.4 11.8 0
37.45 11.8 0
37.5 11.8 0
37.55 11.8 0
37.6 11.8 0
37.65 11.8 0
37.7 11.8 0
37.75 11.8 0
37.8 11.8 0
37.85 11.8 0
37.9 11.8 0
37.95 11.8 0
38 11.8 0
38.05 11.8 0
38.1 11.8 0
38.15 11.8 0
38.2 11.8 0
38.25 11.8 0
38.3 11.8 0
38.35 11.8 0
38.4 11.8 0
38.45 11.8 0
38.5 11.8 0
38.55 11.8 0
38.6 11.8 0
38.65 11.8 0
38.7 11.8 0
38.75 11.8 0
38.8 11.8 0
38.85 11.8 0
38.9 11.8 0
38.95 11.8 0
39 11.8 0
39.05 11.8 0
39.1 11.8 0
39.15 11.8 0
39.2 11.8 0
39.25 11.8 0
39.3 11.8 0
39.35 11.8 0
39.4 11.8 0
39.45 11.8 0
39.5 11.8 0
39.55 11.8 0
39.6 11.8 0
39.65 11.8 0
39.7 11.8 0
39.75 11.8 0
39.8 11.8 0
39.85 11.8 0
39.9 11.8 0
39.95 11.8 0
40 11.8 0
40.05 11.8 0
40.1 11.8 0
40.15 11.8 0
40.2 11.8 0
40.25 11.8 0
40.3 11.8 0
40.35 11.8 0
40.4 11.8 0
40.45 11.8 0
40.5 11.8 0
40.55 11.8 0
40.6 11.8 0
40.65 11.8 0
40.7 11.8 0
40.75 11.8 0
40.8 11.8 0
40.85 11.8 0
40.9 11.8 0
40.95 11.8 0
41 11.8 0
41.05 11.8 0
41.1 11.8 0
41.15 11.8 0
41.2 11.8 0
41.25 11.8 0
41.3 11.8 0
41.35 11.8 0
41.4 11.8 0
41.45 11.8 0
41.5 11.8 0
41.55 11.8 0
41.6 11.75 0
41.65 11.7 0
41.7 11.65 0
41.75 11.6 0
41.8 11.55 0
41.85 11.5 0
41.9 11.45 0
41.95 11.4 0
42 11.35 0
42.05 11.3 0
42.1 11.25 0
42.15 11.2 0
42.2 11.15 0
42.25 11.1 0
42.3 11.05 0
42.35 11 0
42.4 10.95 0
42.45 10.9 0
42.5 10.85 0
42.55 10.8 0
42.6 10.75 0
42.65 10.7 0
42.7 10.65 0
42.75 10.6 0
42.8 10.55 0
42.85 10.5 0
42.9 10.45 0
42.95 10.4 0
43 10.35 0
43.05 10.3 0
43.1 10.25 0
43.15 10.2 0
43.2 10.15 0
43.25 10.15 0
43.3 10.15 0
43.35 10.15 0
43.4 10.15 0
43.45 10.15 0
43.5 10.15 0
43.55 10.15 0
43.6 10.15 0
43.65 10.1 0
43.7 10.05 0
43.75 10 0
43.8 9.95 0
43.85 9.9 0
43.9 9.85 0
43.95 9.8 0
44 9.75 0
44.05 9.7 0
44.1 9.65 0
44.15 9.6 0
44.2 9.55 0
44.25 9.5 0
44.3 9.45 0
44.35 9.4 0
44.4 9.35 0
44.45 9.3 0
44.5 9.25 0
44.55 9.2 0
44.6 9.15 0
44.65 9.15 0
44.7 9.15 0
44.75 9.15 0
44.8 9.15 0
44.85 9.15 0
44.9 9.15 0
44.95 9.15 0
45 9.15 0
45.05 9.15 0
45.1 9.15 0
45.15 9.15 0
45.2 9.15 0
45.25 9.15 0
45.3 9.15 0
45.35 9.15 0
45.4 9.15 0
45.45 9.15 0
45.5 9.15 0
45.55 9.15 0
45.6 9.15 0
45.65 9.15 0
45.7 9.15 0
45.75 9.15 0
45.8 9.15 0
45.85 9.1 0
45.9 9.1 0
45.95 9.1 0
46 9.1 0
46.05 9.05 0
46.1 9 0
46.15 8.95 0
46.2 8.9 0
46.2 8.85 0
46.2 8.8 0
46.2 8.75 0
46.25 8.7 0
46.25 8.65 0
46.25 8.6 0
46.25 8.55 0
46.25 8.5 0
46.25 8.45 0
46.25 8.4 0
46.25 8.35 0
46.25 8.3 0
46.25 8.25 0
46.25 8.2 0
46.25 8.15 0
46.25 8.1 0
46.25 8.05 0
46.25 8 0
46.25 7.95 0
46.25 7.9 0
46.25 7.85 0
46.25 7.8 0
46.25 7.75 0
46.25 7.7 0
46.25 7.65 0
46.25 7.6 0
46.25 7.55 0
46.25 7.5 0
PATH 9 357
75.85 64.95 0
75.8 64.95 0
75.75 64.95 0
75.7 64.95 0
75.65 64.95 0
75.6 64.95 0
75.55 64.95 0
75.5 64.95 0
75.45 64.95 0
75.4 64.95 0
75.35 64.95 0
75.3 64.95 0
75.25 64.95 0
75.2 64.95 0
75.15 64.95 0
75.1 64.95 0
75.05 65 0
75 65 0
74.95 65 0
74.9 65 0
74.85 65 0
74.8 65 0
74.75 65 0
74.7 65 0
74.65 65.05 0
74.6 65.1 0
74.55 65.1 0
74.5 65.1 0
74.45 65.1 0
74.4 65.1 0
74.35 65.1 0
74.3 65.15 0
74.25 65.2 0
74.2 65.25 0
74.15 65.3 0
74.1 65.35 0
74.05 65.4 0
74 65.45 0
73.95 65.5 0
73.9 65.55 0
73.85 65.6 0
73.8 65.65 0
73.75 65.7 0
73.7 65.7 0
73.65 65.7 0
73.6 65.7 0
73.55 65.7 0
73.5 65.7 0
73.45 65.75 0
73.4 65.8 0
73.35 65.85 0
73.3 65.9 0
73.25 65.95 0
73.2 66 0
73.15 66.05 0
73.15 66.05 2
73.1 66.1 2
73.05 66.1 2
73 66.1 2
72.95 66.1 2
72.9 66.15 2
72.85 66.2 2
72.8 66.25 2
72.75 66.25 2
72.7 66.3 2
72.65 66.3 2
72.6 66.35 2
72.55 66.4 2
72.5 66.45 2
72.45 66.45 2
72.4 66.5 2
72.35 66.55 2
72.3 66.6 2
72.25 66.65 2
72.2 66.7 2
72.15 66.7 2
72.1 66.7 2
72.05 66.75 2
72 66.8 2
71.95 66.8 2
71.9 66.85 2
71.85 66.9 2
71.8 66.95 2
71.75 67 2
71.7 67.05 2
71.65 67.1 2
71.6 67.15 2
71.55 67.15 2
71.5 67.15 2
71.45 67.15 2
71.4 67.15 2
71.35 67.15 2
71.3 67.15 2
71.25 67.15 2
71.2 67.2 2
71.15 67.25 2
71.1 67.3 2
71.05 67.35 2
71 67.35 2
70.95 67.4 2
70.9 67.4 2
70.85 67.45 2
70.8 67.45 2
70.75 67.5 2
70.7 67.55 2
70.65 67.55 2
70.6 67.6 2
70.55 67.65 2
70.5 67.7 2
70.45 67.75 2
70.4 67.8 2
70.35 67.8 2
70.3 67.85 2
70.25 67.85 2
70.2 67.9 2
70.15 67.9 2
70.1 67.9 2
70.05 67.9 2
70 67.9 2
69.95 67.95 2
69.9 68 2
69.85 68.05 2
69.8 68.1 2
69.75 68.15 2
69.7 68.2 2
69.65 68.2 2
69.6 68.25 2
69.55 68.25 2
69.5 68.3 2
69.45 68.35 2
69.4 68.4 2
69.35 68.45 2
69.3 68.5 2
69.25 68.55 2
69.2 68.6 2
69.15 68.65 2
69.1 68.65 2
69.05 68.7 2
69 68.7 2
68.95 68.75 2
68.9 68.8 2
68.85 68.85 2
68.8 68.9 2
68.75 68.95 2
68.7 69 2
68.65 69.05 2
68.6 69.1 2
68.55 69.15 2
68.5 69.2 2
68.45 69.25 2
68.4 69.3 2
68.35 69.3 2
68.3 69.35 2
68.25 69.4 2
68.2 69.4 2
68.15 69.45 2
68.1 69.45 2
68.05 69.45 2
68 69.5 2
67.95 69.5 2
67.9 69.5 2
67.85 69.5 2
67.8 69.55 2
67.75 69.55 2
67.7 69.6 2
67.65 69.65 2
67.6 69.7 2
67.55 69.75 2
67.5 69.8 2
67.45 69.85 2
67.4 69.9 2
67.35 69.95 2
67.3 70 2
67.25 70 2
67.2 70 2
67.15 70.05 2
67.1 70.1 2
67.05 70.15 2
67 70.2 2
66.95 70.25 2
66.9 70.3 2
66.85 70.35 2
66.8 70.4 2
66.75 70.45 2
66.7 70.5 2
66.65 70.55 2
66.6 70.6 2
66.55 70.65 2
66.5 70.7 2
66.45 70.75 2
66.4 70.75 2
66.35 70.8 2
66.3 70.8 2
66.25 70.8 2
66.2 70.8 2
66.15 70.8 2
66.1 70.8 2
66.05 70.8 2
66 70.8 2
65.95 70.8 2
65.9 70.8 2
65.85 70.8 2
65.8 70.8 2
65.75 70.8 2
65.7 70.8 2
65.65 70.8 2
65.6 70.8 2
65.55 70.8 2
65.5 70.8 2
65.45 70.8 2
65.4 70.8 2
65.35 70.85 2
65.3 70.9 2
65.25 70.95 2
65.2 71 2
65.15 71.05 2
65.1 71.1 2
65.05 71.15 2
65 71.2 2
64.95 71.25 2
64.9 71.3 2
64.85 71.35 2
64.8 71.4 2
64.75 71.45 2
64.7 71.5 2
64.65 71.55 2
64.6 71.6 2
64.55 71.65 2
64.5 71.7 2
64.45 71.75 2
64.4 71.8 2
64.35 71.85 2
64.3 71.9 2
64.25 71.95 2
64.2 72 2
64.15 72.05 2
64.1 72.1 2
64.05 72.15 2
64 72.2 2
63.95 72.25 2
63.9 72.3 2
63.85 72.35 2
63.8 72.4 2
63.75 72.45 2
63.7 72.5 2
63.65 72.55 2
63.6 72.6 2
63.55 72.65 2
63.5 72.7 2
63.45 72.75 2
63.4 72.8 2
63.35 72.85 2
63.3 72.9 2
63.25 72.95 2
63.2 73 2
63.15 73.05 2
63.1 73.1 2
63.05 73.15 2
63 73.2 2
62.95 73.25 2
62.9 73.3 2
62.85 73.35 2
62.8 73.4 2
62.75 73.45 2
62.7 73.5 2
62.65 73.55 2
62.6 73.6 2
62.55 73.65 2
62.5 73.7 2
62.45 73.75 2
62.4 73.8 2
62.35 73.85 2
62.3 73.9 2
62.25 73.95 2
62.2 74 2
62.15 74.05 2
62.1 74.1 2
62.05 74.15 2
62 74.2 2
61.95 74.25 2
61.9 74.3 2
61.85 74.35 2
61.8 74.4 2
61.75 74.45 2
61.7 74.5 2
61.65 74.55 2
61.6 74.6 2
61.55 74.65 2
61.5 74.7 2
61.45 74.75 2
61.4 74.8 2
61.35 74.85 2
61.3 74.9 2
61.25 74.95 2
61.2 75 2
61.15 75.05 2
61.1 75.1 2
61.05 75.15 2
61 75.2 2
60.95 75.25 2
60.9 75.3 2
60.85 75.35 2
60.8 75.4 2
60.75 75.45 2
60.7 75.5 2
60.65 75.55 2
60.6 75.6 2
60.55 75.65 2
60.5 75.7 2
60.45 75.75 2
60.4 75.8 2
60.35 75.85 2
60.3 75.85 2
60.25 75.85 2
60.2 75.85 2
60.15 75.9 2
60.1 75.95 2
60.05 76 2
60 76.05 2
59.95 76.1 2
59.9 76.15 2
59.85 76.2 2
59.8 76.25 2
59.75 76.3 2
59.7 76.35 2
59.65 76.35 2
59.6 76.4 2
59.55 76.45 2
59.5 76.5 2
59.45 76.55 2
59.4 76.55 2
59.35 76.55 2
59.3 76.6 2
59.25 76.6 2
59.2 76.6 2
59.15 76.65 2
59.1 76.7 2
59.05 76.7 2
59 76.7 2
58.95 76.7 2
58.9 76.7 2
58.85 76.7 2
58.8 76.7 2
58.75 76.7 2
58.7 76.7 2
58.65 76.7 2
58.6 76.7 2
58.55 76.7 2
58.5 76.7 2
58.45 76.7 2
58.4 76.75 2
58.35 76.8 2
58.3 76.85 2
58.25 76.9 2
58.2 76.95 2
58.15 77 2
58.15 77 0
PATH 10 257
75.85 66.3 0
75.8 66.3 0
75.75 66.3 0
75.7 66.3 0
75.65 66.3 0
75.6 66.35 0
75.55 66.35 0
75.5 66.35 0
75.45 66.35 0
75.4 66.35 0
75.35 66.35 0
75.3 66.35 0
75.25 66.35 0
75.2 66.35 0
75.15 66.35 0
75.1 66.35 0
75.05 66.35 0
75 66.35 0
74.95 66.35 0
74.9 66.35 0
74.85 66.35 0
74.8 66.35 0
74.75 66.4 0
74.7 66.45 0
74.65 66.5 0
74.6 66.55 0
74.55 66.55 0
74.5 66.6 0
74.45 66.65 0
74.4 66.7 0
74.35 66.75 0
74.3 66.8 0
74.25 66.85 0
74.2 66.9 0
74.15 66.95 0
74.1 67 0
74.05 67.05 0
74 67.1 0
73.95 67.15 0
73.9 67.2 0
73.85 67.2 0
73.8 67.25 0
73.75 67.3 0
73.7 67.35 0
73.65 67.4 0
73.6 67.45 0
73.55 67.5 0
73.5 67.55 0
73.45 67.6 0
73.45 67.6 2
73.4 67.65 2
73.35 67.7 2
73.3 67.75 2
73.25 67.8 2
73.2 67.85 2
73.15 67.85 2
73.1 67.9 2
73.05 67.95 2
73 68 2
72.95 68.05 2
72.9 68.1 2
72.85 68.15 2
72.8 68.2 2
72.75 68.25 2
72.7 68.3 2
72.65 68.35 2
72.6 68.4 2
72.55 68.45 2
72.5 68.5 2
72.45 68.55 2
72.4 68.6 2
72.35 68.6 2
72.3 68.65 2
72.25 68.7 2
72.2 68.75 2
72.15 68.8 2
72.1 68.8 2
72.05 68.85 2
72 68.9 2
71.95 68.95 2
71.9 69 2
71.85 69.05 2
71.8 69.1 2
71.75 69.15 2
71.7 69.2 2
71.65 69.25 2
71.6 69.3 2
71.55 69.35 2
71.5 69.4 2
71.45 69.45 2
71.4 69.5 2
71.35 69.55 2
71.3 69.6 2
71.25 69.65 2
71.2 69.7 2
71.15 69.75 2
71.1 69.8 2
71.05 69.85 2
71 69.9 2
70.95 69.95 2
70.9 70 2
70.85 70.05 2
70.8 70.1 2
70.75 70.15 2
70.7 70.2 2
70.65 70.25 2
70.6 70.3 2
70.55 70.35 2
70.5 70.4 2
70.45 70.45 2
70.4 70.5 2
70.35 70.55 2
70.3 70.6 2
70.25 70.65 2
70.2 70.7 2
70.15 70.75 2
70.1 70.8 2
70.05 70.85 2
70 70.9 2
69.95 70.95 2
69.9 71 2
69.85 71.05 2
69.8 71.1 2
69.75 71.1 2
69.7 71.15 2
69.65 71.2 2
69.6 71.2 2
69.55 71.2 2
69.5 71.25 2
69.45 71.3 2
69.4 71.35 2
69.35 71.4 2
69.3 71.45 2
69.25 71.5 2
69.2 71.55 2
69.15 71.6 2
69.1 71.65 2
69.05 71.7 2
69 71.75 2
68.95 71.8 2
68.9 71.85 2
68.85 71.9 2
68.8 71.95 2
68.75 72 2
68.7 72.05 2
68.65 72.05 2
68.6 72.1 2
68.55 72.15 2
68.5 72.2 2
68.45 72.25 2
68.4 72.3 2
68.35 72.35 2
68.3 72.4 2
68.25 72.45 2
68.2 72.45 2
68.15 72.5 2
68.1 72.55 2
68.05 72.6 2
68 72.65 2
67.95 72.7 2
67.9 72.75 2
67.85 72.8 2
67.8 72.85 2
67.75 72.9 2
67.7 72.95 2
67.65 73 2
67.6 73.05 2
67.55 73.1 2
67.5 73.15 2
67.45 73.2 2
67.4 73.25 2
67.35 73.3 2
67.3 73.35 2
67.25 73.4 2
67.2 73.45 2
67.15 73.5 2
67.1 73.55 2
67.05 73.6 2
67 73.65 2
66.95 73.7 2
66.9 73.7 2
66.85 73.75 2
66.8 73.8 2
66.75 73.85 2
66.7 73.9 2
66.65 73.95 2
66.6 74 2
66.55 74.05 2
66.5 74.1 2
66.45 74.15 2
66.4 74.2 2
66.35 74.25 2
66.3 74.3 2
66.25 74.35 2
66.2 74.4 2
66.15 74.45 2
66.1 74.5 2
66.05 74.55 2
66 74.6 2
65.95 74.65 2
65.9 74.7 2
65.85 74.75 2
65.8 74.8 2
65.75 74.85 2
65.7 74.9 2
65.65 74.95 2
65.6 75 2
65.55 75.05 2
65.5 75.1 2
65.45 75.15 2
65.4 75.2 2
65.35 75.25 2
65.3 75.3 2
65.25 75.35 2
65.2 75.4 2
65.15 75.45 2
65.1 75.5 2
65.05 75.55 2
65 75.6 2
64.95 75.65 2
64.9 75.7 2
64.85 75.75 2
64.8 75.8 2
64.75 75.85 2
64.7 75.85 2
64.65 75.85 2
64.6 75.85 2
64.55 75.85 2
64.5 75.85 2
64.45 75.9 2
64.4 75.95 2
64.35 76 2
64.3 76.05 2
64.25 76.1 2
64.2 76.15 2
64.15 76.2 2
64.1 76.25 2
64.05 76.3 2
64 76.35 2
63.95 76.4 2
63.9 76.45 2
63.85 76.5 2
63.8 76.55 2
63.75 76.6 2
63.7 76.6 2
63.65 76.65 2
63.6 76.7 2
63.55 76.75 2
63.5 76.8 2
63.45 76.8 2
63.4 76.8 2
63.35 76.8 2
63.3 76.85 2
63.25 76.9 2
63.2 76.95 2
63.15 77 2
63.15 77 0
PATH 11 457
75.85 63.65 0
75.8 63.65 0
75.75 63.65 0
75.7 63.65 0
75.65 63.65 0
75.6 63.65 0
75.55 63.65 0
75.5 63.65 0
75.45 63.65 0
75.4 63.65 0
75.35 63.65 0
75.3 63.65 0
75.25 63.65 0
75.2 63.65 0
75.15 63.65 0
75.1 63.65 0
75.05 63.7 0
75 63.7 0
74.95 63.7 0
74.9 63.7 0
74.85 63.7 0
74.8 63.7 0
74.75 63.7 0
74.7 63.7 0
74.65 63.75 0
74.6 63.8 0
74.55 63.8 0
74.5 63.8 0
74.45 63.8 0
74.4 63.85 0
74.35 63.9 0
74.3 63.95 0
74.25 64 0
74.2 64.05 0
74.15 64.1 0
74.1 64.15 0
74.05 64.15 0
74 64.15 0
73.95 64.15 0
73.9 64.15 0
73.85 64.15 0
73.8 64.15 0
73.75 64.15 0
73.7 64.15 0
73.65 64.2 0
73.6 64.25 0
73.55 64.25 0
73.5 64.25 0
73.45 64.3 0
73.4 64.35 0
73.35 64.4 0
73.3 64.45 0
73.25 64.5 0
73.2 64.55 0
73.15 64.6 0
73.1 64.65 0
73.05 64.7 0
73 64.75 0
72.95 64.8 0
72.95 64.8 2
72.9 64.85 2
72.85 64.85 2
72.8 64.85 2
72.75 64.9 2
72.7 64.9 2
72.65 64.9 2
72.6 64.95 2
72.55 64.95 2
72.5 64.95 2
72.45 64.95 2
72.4 64.95 2
72.35 64.95 2
72.3 64.95 2
72.25 65 2
72.2 65 2
72.15 65.05 2
72.1 65.1 2
72.05 65.15 2
72 65.15 2
71.95 65.15 2
71.9 65.15 2
71.85 65.15 2
71.8 65.2 2
71.75 65.2 2
71.7 65.2 2
71.65 65.2 2
71.6 65.25 2
71.55 65.3 2
71.5 65.3 2
71.45 65.35 2
71.4 65.4 2
71.35 65.4 2
71.3 65.45 2
71.25 65.45 2
71.2 65.45 2
71.15 65.5 2
71.1 65.55 2
71.05 65.6 2
71 65.65 2
70.95 65.7 2
70.9 65.75 2
70.85 65.75 2
70.8 65.75 2
70.75 65.75 2
70.7 65.75 2
70.65 65.8 2
70.6 65.85 2
70.55 65.9 2
70.5 65.95 2
70.45 66 2
70.4 66.05 2
70.35 66.05 2
70.3 66.1 2
70.25 66.1 2
70.2 66.1 2
70.15 66.15 2
70.1 66.15 2
70.05 66.2 2
70 66.2 2
69.95 66.25 2
69.9 66.3 2
69.85 66.35 2
69.8 66.4 2
69.75 66.45 2
69.7 66.5 2
69.65 66.5 2
69.6 66.5 2
69.55 66.55 2
69.5 66.6 2
69.45 66.6 2
69.4 66.6 2
69.35 66.65 2
69.3 66.7 2
69.25 66.75 2
69.2 66.8 2
69.15 66.85 2
69.1 66.85 2
69.05 66.9 2
69 66.95 2
68.95 67 2
68.9 67.05 2
68.85 67.1 2
68.8 67.1 2
68.75 67.1 2
68.7 67.1 2
68.65 67.15 2
68.6 67.2 2
68.55 67.25 2
68.5 67.3 2
68.45 67.35 2
68.4 67.4 2
68.35 67.45 2
68.3 67.5 2
68.25 67.55 2
68.2 67.55 2
68.15 67.6 2
68.1 67.65 2
68.05 67.7 2
68 67.7 2
67.95 67.75 2
67.9 67.8 2
67.85 67.85 2
67.8 67.9 2
67.75 67.95 2
67.7 68 2
67.65 68.05 2
67.6 68.1 2
67.55 68.15 2
67.5 68.2 2
67.45 68.2 2
67.4 68.25 2
67.35 68.3 2
67.3 68.35 2
67.25 68.4 2
67.2 68.45 2
67.15 68.45 2
67.1 68.5 2
67.05 68.55 2
67 68.6 2
66.95 68.65 2
66.9 68.7 2
66.85 68.75 2
66.8 68.8 2
66.75 68.8 2
66.7 68.8 2
66.65 68.85 2
66.6 68.9 2
66.55 68.95 2
66.5 69 2
66.45 69.05 2
66.4 69.1 2
66.35 69.15 2
66.3 69.2 2
66.25 69.25 2
66.2 69.3 2
66.15 69.35 2
66.1 69.4 2
66.05 69.45 2
66 69.5 2
65.95 69.55 2
65.9 69.6 2
65.85 69.65 2
65.8 69.7 2
65.75 69.75 2
65.7 69.8 2
65.65 69.85 2
65.6 69.9 2
65.55 69.95 2
65.5 70 2
65.45 70.05 2
65.4 70.1 2
65.35 70.15 2
65.3 70.2 2
65.25 70.25 2
65.2 70.25 2
65.15 70.3 2
65.1 70.35 2
65.05 70.35 2
65 70.35 2
64.95 70.35 2
64.9 70.35 2
64.85 70.4 2
64.8 70.45 2
64.75 70.5 2
64.7 70.55 2
64.65 70.6 2
64.6 70.65 2
64.55 70.7 2
64.5 70.75 2
64.45 70.8 2
64.4 70.85 2
64.35 70.9 2
64.3 70.95 2
64.25 71 2
64.2 71.05 2
64.15 71.1 2
64.1 71.15 2
64.05 71.2 2
64 71.25 2
63.95 71.3 2
63.9 71.35 2
63.85 71.4 2
63.8 71.45 2
63.75 71.5 2
63.7 71.55 2
63.65 71.6 2
63.6 71.65 2
63.55 71.7 2
63.5 71.75 2
63.45 71.8 2
63.4 71.85 2
63.35 71.9 2
63.3 71.95 2
63.25 72 2
63.2 72.05 2
63.15 72.1 2
63.1 72.15 2
63.05 72.2 2
63 72.25 2
62.95 72.3 2
62.9 72.35 2
62.85 72.4 2
62.8 72.45 2
62.75 72.5 2
62.7 72.55 2
62.65 72.6 2
62.6 72.65 2
62.55 72.7 2
62.5 72.75 2
62.45 72.8 2
62.4 72.85 2
62.35 72.9 2
62.3 72.95 2
62.25 73 2
62.2 73.05 2
62.15 73.1 2
62.1 73.15 2
62.05 73.2 2
62 73.25 2
61.95 73.3 2
61.9 73.35 2
61.85 73.4 2
61.8 73.45 2
61.75 73.5 2
61.7 73.55 2
61.65 73.6 2
61.6 73.65 2
61.55 73.7 2
61.5 73.75 2
61.45 73.8 2
61.4 73.85 2
61.35 73.9 2
61.3 73.95 2
61.25 74 2
61.2 74.05 2
61.15 74.1 2
61.1 74.15 2
61.05 74.2 2
61 74.25 2
60.95 74.3 2
60.9 74.35 2
60.85 74.4 2
60.8 74.45 2
60.75 74.5 2
60.7 74.55 2
60.65 74.6 2
60.6 74.65 2
60.55 74.7 2
60.5 74.75 2
60.45 74.8 2
60.4 74.85 2
60.35 74.9 2
60.3 74.95 2
60.25 75 2
60.2 75.05 2
60.15 75.1 2
60.1 75.15 2
60.05 75.2 2
60 75.25 2
59.95 75.3 2
59.9 75.3 2
59.85 75.35 2
59.8 75.4 2
59.75 75.45 2
59.7 75.5 2
59.65 75.55 2
59.6 75.55 2
59.55 75.6 2
59.5 75.6 2
59.45 75.65 2
59.4 75.7 2
59.35 75.75 2
59.3 75.75 2
59.25 75.75 2
59.2 75.75 2
59.15 75.75 2
59.1 75.8 2
59.05 75.8 2
59 75.8 2
58.95 75.8 2
58.9 75.85 2
58.85 75.85 2
58.8 75.9 2
58.75 75.95 2
58.7 75.95 2
58.65 75.95 2
58.6 76 2
58.55 76.05 2
58.5 76.1 2
58.45 76.15 2
58.4 76.15 2
58.35 76.15 2
58.3 76.15 2
58.25 76.2 2
58.2 76.25 2
58.15 76.25 2
58.1 76.25 2
58.05 76.25 2
58 76.25 2
57.95 76.25 2
57.9 76.25 2
57.85 76.25 2
57.8 76.25 2
57.75 76.25 2
57.7 76.25 2
57.65 76.3 2
57.6 76.3 2
57.55 76.3 2
57.5 76.3 2
57.45 76.35 2
57.4 76.4 2
57.35 76.45 2
57.3 76.45 2
57.25 76.45 2
57.2 76.45 2
57.15 76.45 2
57.1 76.45 2
57.05 76.45 2
57 76.45 2
56.95 76.45 2
56.9 76.45 2
56.85 76.45 2
56.8 76.45 2
56.75 76.45 2
56.7 76.45 2
56.65 76.45 2
56.6 76.45 2
56.55 76.45 2
56.5 76.45 2
56.45 76.45 2
56.4 76.45 2
56.35 76.45 2
56.3 76.45 2
56.25 76.45 2
56.2 76.45 2
56.15 76.5 2
56.1 76.55 2
56.05 76.6 2
56 76.6 2
55.95 76.6 2
55.9 76.6 2
55.85 76.6 2
55.8 76.6 2
55.75 76.65 2
55.7 76.7 2
55.65 76.7 2
55.6 76.7 2
55.55 76.7 2
55.5 76.75 2
55.45 76.8 2
55.4 76.8 2
55.35 76.8 2
55.3 76.8 2
55.25 76.8 2
55.2 76.8 2
55.15 76.8 2
55.1 76.8 2
55.05 76.8 2
55 76.8 2
54.95 76.8 2
54.9 76.8 2
54.85 76.8 2
54.8 76.8 2
54.75 76.8 2
54.7 76.8 2
54.65 76.8 2
54.6 76.8 2
54.55 76.8 2
54.5 76.85 2
54.45 76.9 2
54.4 76.9 2
54.35 76.9 2
54.3 76.9 2
54.25 76.9 2
54.2 76.9 2
54.15 76.9 2
54.1 76.9 2
54.05 76.9 2
54 76.9 2
53.95 76.9 2
53.9 76.9 2
53.85 76.9 2
53.8 76.95 2
53.75 76.95 2
53.7 76.95 2
53.65 77 2
53.6 77 2
53.55 77 2
53.5 77 2
53.45 77 2
53.4 77 2
53.35 77 2
53.3 77 2
53.25 77 2
53.2 77 2
53.15 77 2
53.15 77 0
PATH 12 234
70.15 66.3 0
70.2 66.35 0
70.25 66.4 0
70.3 66.4 0
70.35 66.4 0
70.4 66.4 0
70.45 66.4 0
70.5 66.4 0
70.55 66.4 0
70.6 66.4 0
70.65 66.4 0
70.7 66.4 0
70.75 66.4 0
70.8 66.4 0
70.85 66.4 0
70.9 66.4 0
70.95 66.4 0
71 66.4 0
71.05 66.4 0
71.1 66.4 0
71.15 66.4 0
71.2 66.4 0
71.2 66.45 0
71.2 66.5 0
71.2 66.55 0
71.2 66.6 0
71.2 66.65 0
71.2 66.7 0
71.2 66.75 0
71.2 66.8 0
71.2 66.85 0
71.2 66.9 0
71.2 66.95 0
71.2 67 0
71.2 67.05 0
71.2 67.1 0
71.2 67.15 0
71.2 67.2 0
71.2 67.25 0
71.2 67.3 0
71.2 67.35 0
71.2 67.4 0
71.2 67.45 0
71.15 67.5 0
71.15 67.55 0
71.15 67.6 0
71.15 67.65 0
71.15 67.7 0
71.15 67.75 0
71.15 67.8 0
71.15 67.85 0
71.1 67.9 0
71.1 67.95 0
71.1 68 0
71.1 68.05 0
71.1 68.1 0
71.1 68.15 0
71.1 68.2 0
71.1 68.25 0
71.1 68.3 0
71.1 68.35 0
71.1 68.4 0
71.1 68.45 0
71.1 68.5 0
71.1 68.55 0
71.1 68.6 0
71.1 68.65 0
71.1 68.7 0
71.1 68.75 0
71.1 68.8 0
71.1 68.85 0
71.1 68.9 0
71.1 68.95 0
71.1 69 0
71.1 69.05 0
71.1 69.1 0
71.1 69.15 0
71.1 69.2 0
71.1 69.25 0
71.1 69.3 0
71.1 69.35 0
71.1 69.4 0
71.1 69.45 0
71.1 69.5 0
71.1 69.55 0
71.1 69.6 0
71.1 69.65 0
71.1 69.7 0
71.1 69.75 0
71.1 69.8 0
71.1 69.85 0
71.1 69.9 0
71.1 69.95 0
71.1 70 0
71.1 70.05 0
71.1 70.1 0
71.1 70.15 0
71.1 70.2 0
71.1 70.25 0
71.1 70.3 0
71.1 70.35 0
71.1 70.4 0
71.05 70.45 0
71 70.5 0
70.95 70.55 0
70.9 70.6 0
70.85 70.65 0
70.8 70.7 0
70.75 70.75 0
70.7 70.8 0
70.65 70.85 0
70.6 70.9 0
70.55 70.95 0
70.5 71 0
70.45 71.05 0
70.4 71.1 0
70.35 71.15 0
70.3 71.2 0
70.25 71.25 0
70.2 71.3 0
70.2 71.35 0
70.2 71.4 0
70.2 71.45 0
70.2 71.5 0
70.2 71.55 0
70.2 71.6 0
70.2 71.65 0
70.2 71.7 0
70.2 71.75 0
70.2 71.8 0
70.2 71.85 0
70.2 71.9 0
70.2 71.95 0
70.2 72 0
70.2 72.05 0
70.2 72.1 0
70.2 72.15 0
70.2 72.2 0
70.2 72.25 0
70.2 72.3 0
70.2 72.35 0
70.2 72.4 0
70.15 72.45 0
70.1 72.5 0
70.05 72.55 0
70 72.6 0
69.95 72.65 0
69.9 72.7 0
69.85 72.75 0
69.8 72.8 0
69.75 72.85 0
69.7 72.9 0
69.65 72.95 0
69.6 73 0
69.55 73.05 0
69.5 73.1 0
69.45 73.15 0
69.45 73.2 0
69.45 73.25 0
69.45 73.3 0
69.45 73.35 0
69.45 73.4 0
69.45 73.45 0
69.45 73.5 0
69.45 73.55 0
69.45 73.6 0
69.45 73.65 0
69.45 73.7 0
69.45 73.75 0
69.45 73.8 0
69.45 73.85 0
69.45 73.9 0
69.45 73.95 0
69.45 74 0
69.45 74.05 0
69.45 74.1 0
69.45 74.15 0
69.45 74.2 0
69.45 74.25 0
69.4 74.3 0
69.35 74.35 0
69.3 74.4 0
69.25 74.45 0
69.2 74.5 0
69.15 74.55 0
69.1 74.6 0
69.05 74.65 0
69 74.7 0
68.95 74.75 0
68.95 74.8 0
68.95 74.85 0
68.95 74.9 0
68.95 74.95 0
68.95 75 0
68.95 75.05 0
68.95 75.1 0
68.95 75.15 0
68.95 75.2 0
68.95 75.25 0
68.95 75.3 0
68.95 75.35 0
68.95 75.4 0
68.95 75.45 0
68.95 75.5 0
68.95 75.55 0
68.95 75.6 0
68.95 75.65 0
68.95 75.7 0
68.95 75.75 0
68.95 75.8 0
68.95 75.85 0
68.95 75.9 0
68.95 75.95 0
68.95 76 0
68.95 76.05 0
68.95 76.1 0
68.9 76.15 0
68.85 76.2 0
68.8 76.25 0
68.75 76.3 0
68.7 76.35 0
68.65 76.4 0
68.6 76.45 0
68.55 76.5 0
68.5 76.55 0
68.45 76.6 0
68.4 76.65 0
68.35 76.7 0
68.3 76.75 0
68.25 76.8 0
68.2 76.85 0
68.15 76.9 0
68.15 76.95 0
68.15 77 0
PATH 13 557
75.85 62.4 0
75.8 62.4 0
75.75 62.4 0
75.7 62.4 0
75.65 62.4 0
75.6 62.4 0
75.55 62.4 0
75.5 62.4 0
75.45 62.4 0
75.4 62.4 0
75.35 62.4 0
75.3 62.4 0
75.25 62.4 0
75.2 62.4 0
75.15 62.4 0
75.1 62.4 0
75.05 62.4 0
75 62.4 0
74.95 62.4 0
74.9 62.4 0
74.85 62.4 0
74.8 62.4 0
74.75 62.4 0
74.7 62.4 0
74.65 62.4 0
74.6 62.4 0
74.55 62.4 0
74.5 62.4 0
74.45 62.4 0
74.4 62.4 0
74.35 62.4 0
74.3 62.4 0
74.25 62.4 0
74.2 62.4 0
74.15 62.4 0
74.1 62.4 0
74.05 62.4 0
74 62.4 0
73.95 62.4 0
73.9 62.4 0
73.85 62.4 0
73.8 62.4 0
73.75 62.4 0
73.7 62.4 0
73.65 62.4 0
73.6 62.4 0
73.55 62.4 0
73.5 62.4 0
73.45 62.4 0
73.4 62.4 0
73.35 62.4 0
73.3 62.4 0
73.25 62.4 0
73.2 62.4 0
73.15 62.4 0
73.1 62.4 0
73.05 62.45 0
73 62.5 0
72.95 62.5 0
72.9 62.5 0
72.85 62.55 0
72.8 62.6 0
72.75 62.65 0
72.7 62.7 0
72.65 62.75 0
72.6 62.8 0
72.55 62.85 0
72.5 62.9 0
72.45 62.95 0
72.4 63 0
72.35 63.05 0
72.3 63.1 0
72.3 63.1 2
72.25 63.1 2
72.2 63.1 2
72.15 63.1 2
72.1 63.1 2
72.05 63.15 2
72 63.2 2
71.95 63.2 2
71.9 63.2 2
71.85 63.25 2
71.8 63.25 2
71.75 63.25 2
71.7 63.25 2
71.65 63.25 2
71.6 63.3 2
71.55 63.3 2
71.5 63.3 2
71.45 63.3 2
71.4 63.3 2
71.35 63.3 2
71.3 63.3 2
71.25 63.3 2
71.2 63.3 2
71.15 63.3 2
71.1 63.3 2
71.05 63.3 2
71 63.3 2
70.95 63.3 2
70.9 63.3 2
70.85 63.35 2
70.8 63.4 2
70.75 63.45 2
70.7 63.45 2
70.65 63.45 2
70.6 63.45 2
70.55 63.45 2
70.5 63.5 2
70.45 63.55 2
70.4 63.6 2
70.35 63.65 2
70.3 63.7 2
70.25 63.75 2
70.2 63.75 2
70.15 63.8 2
70.1 63.85 2
70.05 63.9 2
70 63.95 2
69.95 63.95 2
69.9 64 2
69.85 64.05 2
69.8 64.05 2
69.75 64.1 2
69.7 64.15 2
69.65 64.2 2
69.6 64.25 2
69.55 64.25 2
69.5 64.25 2
69.45 64.3 2
69.4 64.3 2
69.35 64.35 2
69.3 64.35 2
69.25 64.35 2
69.2 64.4 2
69.15 64.45 2
69.1 64.5 2
69.05 64.55 2
69 64.6 2
68.95 64.65 2
68.9 64.7 2
68.85 64.7 2
68.8 64.75 2
68.75 64.8 2
68.7 64.8 2
68.65 64.8 2
68.6 64.85 2
68.55 64.9 2
68.5 64.95 2
68.45 65 2
68.4 65.05 2
68.35 65.1 2
68.3 65.15 2
68.25 65.2 2
68.2 65.25 2
68.15 65.3 2
68.1 65.35 2
68.05 65.4 2
68 65.45 2
67.95 65.5 2
67.9 65.55 2
67.85 65.55 2
67.8 65.6 2
67.75 65.65 2
67.7 65.7 2
67.65 65.75 2
67.6 65.8 2
67.55 65.85 2
67.5 65.9 2
67.45 65.95 2
67.4 66 2
67.35 66.05 2
67.3 66.05 2
67.25 66.1 2
67.2 66.15 2
67.15 66.15 2
67.1 66.15 2
67.05 66.15 2
67 66.15 2
66.95 66.2 2
66.9 66.2 2
66.85 66.2 2
66.8 66.2 2
66.75 66.2 2
66.7 66.2 2
66.65 66.2 2
66.6 66.2 2
66.55 66.2 2
66.5 66.2 2
66.45 66.2 2
66.4 66.2 2
66.35 66.2 2
66.3 66.2 2
66.25 66.2 2
66.2 66.2 2
66.15 66.2 2
66.1 66.2 2
66.05 66.25 2
66 66.3 2
65.95 66.3 2
65.9 66.3 2
65.85 66.3 2
65.8 66.35 2
65.75 66.4 2
65.7 66.4 2
65.65 66.4 2
65.6 66.4 2
65.55 66.4 2
65.5 66.45 2
65.45 66.5 2
65.4 66.55 2
65.35 66.55 2
65.3 66.55 2
65.25 66.55 2
65.2 66.55 2
65.15 66.55 2
65.1 66.55 2
65.05 66.55 2
65 66.55 2
64.95 66.55 2
64.9 66.55 2
64.85 66.55 2
64.8 66.55 2
64.75 66.55 2
64.7 66.55 2
64.65 66.55 2
64.6 66.55 2
64.55 66.55 2
64.5 66.55 2
64.45 66.55 2
64.4 66.55 2
64.35 66.55 2
64.3 66.55 2
64.25 66.55 2
64.2 66.55 2
64.15 66.55 2
64.1 66.6 2
64.05 66.65 2
64 66.7 2
63.95 66.75 2
63.9 66.75 2
63.85 66.75 2
63.8 66.75 2
63.75 66.75 2
63.7 66.75 2
63.65 66.75 2
63.6 66.75 2
63.55 66.75 2
63.5 66.75 2
63.45 66.75 2
63.4 66.75 2
63.35 66.75 2
63.3 66.75 2
63.25 66.75 2
63.2 66.75 2
63.15 66.75 2
63.1 66.75 2
63.05 66.75 2
63 66.75 2
62.95 66.75 2
62.9 66.75 2
62.85 66.75 2
62.8 66.75 2
62.75 66.75 2
62.7 66.75 2
62.65 66.75 2
62.6 66.75 2
62.55 66.75 2
62.5 66.75 2
62.45 66.75 2
62.4 66.75 2
62.35 66.75 2
62.3 66.75 2
62.25 66.75 2
62.2 66.75 2
62.15 66.75 2
62.1 66.75 2
62.05 66.75 2
62 66.75 2
61.95 66.75 2
61.9 66.75 2
61.85 66.75 2
61.8 66.75 2
61.75 66.75 2
61.7 66.75 2
61.65 66.75 2
61.6 66.75 2
61.55 66.75 2
61.5 66.75 2
61.45 66.75 2
61.4 66.75 2
61.35 66.8 2
61.3 66.85 2
61.25 66.9 2
61.2 66.95 2
61.15 67 2
61.1 67.05 2
61.05 67.1 2
61 67.15 2
60.95 67.2 2
60.9 67.25 2
60.85 67.3 2
60.8 67.35 2
60.75 67.4 2
60.7 67.45 2
60.65 67.5 2
60.6 67.55 2
60.55 67.6 2
60.5 67.65 2
60.45 67.7 2
60.4 67.75 2
60.35 67.8 2
60.3 67.85 2
60.25 67.9 2
60.2 67.95 2
60.15 68 2
60.1 68.05 2
60.05 68.1 2
60 68.15 2
59.95 68.15 2
59.9 68.15 2
59.85 68.15 2
59.8 68.15 2
59.75 68.15 2
59.7 68.15 2
59.65 68.15 2
59.6 68.2 2
59.55 68.2 2
59.5 68.2 2
59.45 68.25 2
59.4 68.25 2
59.35 68.25 2
59.3 68.25 2
59.25 68.25 2
59.2 68.25 2
59.15 68.3 2
59.1 68.3 2
59.05 68.3 2
59 68.3 2
58.95 68.3 2
58.9 68.3 2
58.85 68.3 2
58.8 68.3 2
58.75 68.3 2
58.7 68.3 2
58.65 68.3 2
58.6 68.3 2
58.55 68.3 2
58.5 68.3 2
58.45 68.35 2
58.4 68.4 2
58.35 68.4 2
58.3 68.4 2
58.25 68.4 2
58.2 68.4 2
58.15 68.4 2
58.1 68.4 2
58.05 68.4 2
58 68.45 2
57.95 68.5 2
57.9 68.55 2
57.85 68.6 2
57.8 68.65 2
57.75 68.7 2
57.7 68.75 2
57.65 68.8 2
57.6 68.85 2
57.55 68.9 2
57.5 68.95 2
57.45 69 2
57.4 69.05 2
57.35 69.1 2
57.3 69.15 2
57.25 69.2 2
57.2 69.25 2
57.15 69.3 2
57.1 69.35 2
57.05 69.4 2
57 69.45 2
56.95 69.45 2
56.9 69.5 2
56.85 69.55 2
56.8 69.55 2
56.75 69.6 2
56.7 69.65 2
56.65 69.7 2
56.6 69.75 2
56.55 69.8 2
56.5 69.85 2
56.45 69.9 2
56.4 69.9 2
56.35 69.95 2
56.3 70 2
56.25 70.05 2
56.2 70.05 2
56.15 70.1 2
56.1 70.15 2
56.05 70.2 2
56 70.2 2
55.95 70.25 2
55.9 70.3 2
55.85 70.35 2
55.8 70.4 2
55.75 70.45 2
55.7 70.5 2
55.65 70.55 2
55.6 70.6 2
55.55 70.65 2
55.5 70.7 2
55.45 70.75 2
55.4 70.8 2
55.35 70.85 2
55.3 70.9 2
55.25 70.95 2
55.2 71 2
55.15 71.05 2
55.1 71.1 2
55.05 71.15 2
55 71.2 2
54.95 71.25 2
54.9 71.3 2
54.85 71.35 2
54.8 71.4 2
54.75 71.45 2
54.7 71.5 2
54.65 71.55 2
54.6 71.6 2
54.55 71.65 2
54.5 71.7 2
54.45 71.7 2
54.4 71.7 2
54.35 71.75 2
54.3 71.8 2
54.25 71.8 2
54.2 71.85 2
54.15 71.85 2
54.1 71.85 2
54.05 71.85 2
54 71.9 2
53.95 71.95 2
53.9 71.95 2
53.85 71.95 2
53.8 72 2
53.75 72.05 2
53.7 72.1 2
53.65 72.15 2
53.6 72.2 2
53.55 72.25 2
53.5 72.3 2
53.45 72.35 2
53.4 72.4 2
53.35 72.45 2
53.3 72.5 2
53.25 72.5 2
53.2 72.55 2
53.15 72.6 2
53.1 72.65 2
53.05 72.7 2
53 72.75 2
52.95 72.8 2
52.9 72.85 2
52.85 72.9 2
52.8 72.95 2
52.75 73 2
52.7 73 2
52.65 73.05 2
52.6 73.1 2
52.55 73.15 2
52.5 73.2 2
52.45 73.25 2
52.4 73.3 2
52.35 73.35 2
52.3 73.35 2
52.25 73.4 2
52.2 73.45 2
52.15 73.5 2
52.1 73.55 2
52.05 73.6 2
52 73.65 2
51.95 73.65 2
51.9 73.7 2
51.85 73.75 2
51.8 73.8 2
51.75 73.85 2
51.7 73.9 2
51.65 73.95 2
51.6 74 2
51.55 74.05 2
51.5 74.1 2
51.45 74.15 2
51.4 74.2 2
51.35 74.25 2
51.3 74.3 2
51.25 74.35 2
51.2 74.4 2
51.15 74.45 2
51.1 74.5 2
51.05 74.55 2
51 74.6 2
50.95 74.65 2
50.9 74.7 2
50.85 74.75 2
50.8 74.8 2
50.75 74.85 2
50.7 74.9 2
50.65 74.95 2
50.6 75 2
50.55 75.05 2
50.5 75.1 2
50.45 75.15 2
50.4 75.2 2
50.35 75.25 2
50.3 75.3 2
50.25 75.35 2
50.2 75.4 2
50.15 75.45 2
50.1 75.5 2
50.05 75.55 2
50 75.6 2
49.95 75.65 2
49.9 75.7 2
49.85 75.7 2
49.8 75.75 2
49.75 75.75 2
49.7 75.8 2
49.65 75.8 2
49.6 75.85 2
49.55 75.9 2
49.5 75.95 2
49.45 76 2
49.4 76.05 2
49.35 76.05 2
49.3 76.05 2
49.25 76.05 2
49.2 76.1 2
49.15 76.1 2
49.1 76.15 2
49.05 76.2 2
49 76.25 2
48.95 76.3 2
48.9 76.35 2
48.85 76.4 2
48.8 76.45 2
48.75 76.45 2
48.7 76.5 2
48.65 76.5 2
48.6 76.55 2
48.55 76.6 2
48.5 76.65 2
48.45 76.7 2
48.4 76.75 2
48.35 76.8 2
48.3 76.85 2
48.25 76.9 2
48.2 76.95 2
48.15 77 2
48.15 77 0
PATH 63 113
28.45 69 0
28.5 69 0
28.55 69 0
28.6 69 0
28.65 69 0
28.7 69 0
28.75 69 0
28.8 69 0
28.85 69 0
28.9 69 0
28.95 69 0
29 69 0
29.05 69 0
29.1 69 0
29.15 69 0
29.2 69 0
29.25 69 0
29.3 69 0
29.35 69 0
29.4 69 0
29.45 69 0
29.5 69 0
29.55 69 0
29.6 69 0
29.65 69 0
29.7 69 0
29.75 69 0
29.8 69 0
29.85 69 0
29.9 69 0
29.95 69 0
30 69 0
30.05 69 0
30.1 69 0
30.15 69 0
30.2 69 0
30.25 69 0
30.3 69 0
30.35 69 0
30.4 69 0
30.45 69 0
30.5 69 0
30.55 69 0
30.6 69 0
30.65 69.05 0
30.7 69.1 0
30.75 69.15 0
30.8 69.2 0
30.85 69.25 0
30.9 69.3 0
30.95 69.35 0
31 69.4 0
31.05 69.45 0
31.1 69.5 0
31.15 69.55 0
31.2 69.6 0
31.25 69.65 0
31.3 69.7 0
31.35 69.7 0
31.4 69.7 0
31.45 69.7 0
31.5 69.7 0
31.55 69.7 0
31.6 69.7 0
31.65 69.7 0
31.7 69.7 0
31.75 69.7 0
31.8 69.7 0
31.85 69.7 0
31.9 69.7 0
31.95 69.7 0
32 69.7 0
32.05 69.7 0
32.1 69.7 0
32.15 69.7 0
32.2 69.7 0
32.25 69.7 0
32.3 69.7 0
32.35 69.7 0
32.4 69.7 0
32.45 69.7 0
32.5 69.7 0
32.55 69.7 0
32.6 69.7 0
32.65 69.7 0
32.7 69.7 0
32.7 69.65 0
32.7 69.6 0
32.7 69.55 0
32.7 69.5 0
32.7 69.45 0
32.7 69.4 0
32.7 69.35 0
32.7 69.3 0
32.7 69.25 0
32.7 69.2 0
32.7 69.15 0
32.7 69.1 0
32.7 69.05 0
32.7 69 0
32.7 68.95 0
32.7 68.9 0
32.7 68.85 0
32.7 68.8 0
32.65 68.8 0
32.6 68.75 0
32.55 68.75 0
32.5 68.75 0
32.45 68.75 0
32.4 68.75 0
32.35 68.75 0
32.3 68.75 0
32.25 68.75 0
PATH 62 80
14.1 57.65 0
14.05 57.7 0
14 57.75 0
13.95 57.8 0
13.9 57.85 0
13.85 57.85 0
13.8 57.9 0
13.75 57.95 0
13.7 58 0
13.65 58.05 0
13.6 58.05 0
13.55 58.05 0
13.5 58.1 0
13.45 58.15 0
13.4 58.15 0
13.35 58.2 0
13.3 58.25 0
13.25 58.3 0
13.2 58.35 0
13.15 58.4 0
13.1 58.45 0
13.05 58.5 0
13 58.55 0
12.95 58.6 0
12.9 58.65 0
12.85 58.7 0
12.8 58.75 0
12.75 58.8 0
12.7 58.85 0
12.65 58.9 0
12.6 58.95 0
12.55 59 0
12.5 59.05 0
12.45 59.1 0
12.4 59.15 0
12.35 59.2 0
12.3 59.25 0
12.25 59.3 0
12.2 59.35 0
12.15 59.35 0
12.1 59.35 0
12.05 59.35 0
12 59.35 0
11.95 59.35 0
11.9 59.35 0
11.85 59.35 0
11.8 59.4 0
11.75 59.4 0
11.7 59.45 0
11.65 59.5 0
11.6 59.55 0
11.55 59.6 0
11.5 59.65 0
11.45 59.7 0
11.4 59.75 0
11.35 59.8 0
11.3 59.85 0
11.25 59.9 0
11.2 59.95 0
11.15 60 0
11.1 60.05 0
11.05 60.1 0
11 60.15 0
10.95 60.2 0
10.9 60.25 0
10.85 60.3 0
10.8 60.35 0
10.75 60.4 0
10.7 60.45 0
10.65 60.5 0
10.6 60.55 0
10.55 60.6 0
10.5 60.65 0
10.45 60.7 0
10.4 60.75 0
10.35 60.8 0
10.3 60.85 0
10.25 60.9 0
10.2 60.95 0
10.15 61 0
PATH 61 156
44.15 11 0
44.2 10.95 0
44.25 10.9 0
44.3 10.9 0
44.35 10.85 0
44.4 10.8 0
44.45 10.75 0
44.5 10.75 0
44.55 10.7 0
44.6 10.65 0
44.65 10.6 0
44.7 10.55 0
44.75 10.5 0
44.8 10.45 0
44.85 10.4 0
44.9 10.35 0
44.95 10.3 0
45 10.25 0
45.05 10.2 0
45.1 10.15 0
45.15 10.15 0
45.2 10.15 0
45.25 10.15 0
45.3 10.15 0
45.35 10.15 0
45.4 10.15 0
45.45 10.15 0
45.5 10.15 0
45.55 10.15 0
45.6 10.15 0
45.65 10.15 0
45.7 10.15 0
45.75 10.15 0
45.8 10.15 0
45.85 10.15 0
45.9 10.15 0
45.95 10.15 0
46 10.15 0
46.05 10.15 0
46.1 10.15 0
46.15 10.15 0
46.2 10.15 0
46.25 10.15 0
46.3 10.15 0
46.35 10.15 0
46.4 10.15 0
46.45 10.15 0
46.5 10.15 0
46.55 10.15 0
46.6 10.15 0
46.65 10.1 0
46.7 10.05 0
46.75 10 0
46.8 9.95 0
46.85 9.95 0
46.9 9.95 0
46.95 9.95 0
47 9.95 0
47.05 9.95 0
47.1 9.9 0
47.15 9.9 0
47.2 9.9 0
47.25 9.9 0
47.3 9.9 0
47.35 9.9 0
47.4 9.9 0
47.45 9.9 0
47.5 9.9 0
47.55 9.9 0
47.6 9.9 0
47.65 9.9 0
47.7 9.9 0
47.75 9.9 0
47.8 9.9 0
47.85 9.9 0
47.9 9.9 0
47.95 9.9 0
48 9.85 0
48.05 9.8 0
48.1 9.75 0
48.15 9.7 0
48.2 9.65 0
48.25 9.6 0
48.3 9.55 0
48.35 9.5 0
48.4 9.45 0
48.45 9.4 0
48.5 9.35 0
48.55 9.3 0
48.6 9.25 0
48.65 9.2 0
48.7 9.15 0
48.75 9.1 0
48.8 9.05 0
48.85 9 0
48.9 8.95 0
48.95 8.9 0
49 8.85 0
49.05 8.8 0
49.1 8.75 0
49.15 8.7 0
49.2 8.65 0
49.25 8.65 0
49.3 8.65 0
49.35 8.65 0
49.4 8.65 0
49.45 8.65 0
49.5 8.65 0
49.55 8.65 0
49.6 8.65 0
49.65 8.65 0
49.7 8.65 0
49.75 8.65 0
49.8 8.65 0
49.85 8.65 0
49.9 8.65 0
49.95 8.65 0
50 8.65 0
50.05 8.65 0
50.1 8.65 0
50.15 8.65 0
50.2 8.65 0
50.25 8.65 0
50.3 8.65 0
50.35 8.65 0
50.4 8.65 0
50.45 8.65 0
50.5 8.65 0
50.55 8.65 0
50.6 8.65 0
50.65 8.65 0
50.7 8.65 0
50.75 8.65 0
50.75 8.6 0
50.75 8.55 0
50.75 8.5 0
50.75 8.45 0
50.75 8.4 0
50.75 8.35 0
50.75 8.3 0
50.75 8.25 0
50.75 8.2 0
50.75 8.15 0
50.75 8.1 0
50.75 8.05 0
50.75 8 0
50.75 7.95 0
50.75 7.9 0
50.75 7.85 0
50.75 7.8 0
50.75 7.75 0
50.75 7.7 0
50.75 7.65 0
50.75 7.6 0
50.75 7.55 0
50.75 7.5 0
PATH 17 643
80.05 36.05 0
80 36 0
79.95 35.95 0
79.9 35.9 0
79.85 35.85 0
79.8 35.8 0
79.75 35.75 0
79.7 35.7 0
79.65 35.65 0
79.6 35.6 0
79.55 35.55 0
79.5 35.5 0
79.45 35.45 0
79.4 35.4 0
79.35 35.35 0
79.3 35.3 0
79.25 35.25 0
79.2 35.2 0
79.15 35.15 0
79.1 35.1 0
79.05 35.05 0
79 35 0
78.95 34.95 0
78.9 34.9 0
78.85 34.85 0
78.8 34.8 0
78.75 34.75 0
78.7 34.7 0
78.65 34.65 0
78.6 34.6 0
78.55 34.55 0
78.5 34.5 0
78.45 34.45 0
78.4 34.4 0
78.35 34.35 0
78.3 34.3 0
78.25 34.25 0
78.2 34.2 0
78.15 34.15 0
78.1 34.1 0
78.05 34.05 0
78 34 0
77.95 33.95 0
77.9 33.9 0
77.85 33.85 0
77.8 33.8 0
77.75 33.75 0
77.7 33.7 0
77.65 33.65 0
77.6 33.6 0
77.55 33.55 0
77.5 33.5 0
77.45 33.45 0
77.4 33.4 0
77.35 33.35 0
77.3 33.3 0
77.25 33.25 0
77.2 33.2 0
77.15 33.15 0
77.1 33.1 0
77.05 33.05 0
77 33 0
76.95 32.95 0
76.9 32.9 0
76.85 32.85 0
76.8 32.8 0
76.75 32.75 0
76.7 32.7 0
76.65 32.65 0
76.6 32.6 0
76.55 32.55 0
76.5 32.5 0
76.45 32.45 0
76.4 32.4 0
76.35 32.35 0
76.3 32.3 0
76.25 32.25 0
76.2 32.2 0
76.15 32.15 0
76.1 32.1 0
76.05 32.05 0
76 32 0
75.95 31.95 0
75.9 31.9 0
75.85 31.85 0
75.8 31.8 0
75.75 31.75 0
75.7 31.7 0
75.65 31.65 0
75.6 31.6 0
75.55 31.55 0
75.5 31.5 0
75.45 31.45 0
75.4 31.4 0
75.35 31.35 0
75.3 31.3 0
75.25 31.25 0
75.2 31.2 0
75.15 31.15 0
75.1 31.1 0
75.05 31.05 0
75 31 0
74.95 30.95 0
74.9 30.9 0
74.85 30.85 0
74.8 30.8 0
74.75 30.75 0
74.7 30.7 0
74.65 30.65 0
74.6 30.6 0
74.55 30.55 0
74.5 30.5 0
74.45 30.45 0
74.4 30.4 0
74.35 30.35 0
74.3 30.3 0
74.25 30.25 0
74.2 30.2 0
74.15 30.15 0
74.1 30.1 0
74.05 30.05 0
74 30 0
73.95 29.95 0
73.9 29.9 0
73.85 29.85 0
73.8 29.8 0
73.75 29.75 0
73.7 29.7 0
73.65 29.65 0
73.6 29.6 0
73.55 29.55 0
73.5 29.5 0
73.45 29.45 0
73.4 29.4 0
73.35 29.35 0
73.3 29.3 0
73.25 29.25 0
73.2 29.2 0
73.15 29.15 0
73.1 29.1 0
73.05 29.05 0
73 29 0
72.95 28.95 0
72.9 28.9 0
72.85 28.85 0
72.8 28.8 0
72.75 28.75 0
72.7 28.7 0
72.65 28.65 0
72.6 28.6 0
72.55 28.55 0
72.5 28.5 0
72.45 28.45 0
72.4 28.4 0
72.35 28.35 0
72.3 28.3 0
72.25 28.25 0
72.2 28.2 0
72.15 28.15 0
72.1 28.1 0
72.05 28.05 0
72 28 0
71.95 27.95 0
71.9 27.9 0
71.85 27.85 0
71.8 27.8 0
71.75 27.75 0
71.7 27.7 0
71.65 27.65 0
71.6 27.6 0
71.55 27.55 0
71.5 27.5 0
71.45 27.45 0
71.4 27.4 0
71.35 27.35 0
71.3 27.3 0
71.25 27.25 0
71.2 27.2 0
71.15 27.15 0
71.1 27.1 0
71.05 27.05 0
71 27 0
70.95 26.95 0
70.9 26.9 0
70.85 26.85 0
70.8 26.8 0
70.75 26.75 0
70.7 26.7 0
70.65 26.65 0
70.6 26.6 0
70.55 26.55 0
70.5 26.5 0
70.45 26.45 0
70.4 26.4 0
70.35 26.35 0
70.3 26.3 0
70.25 26.25 0
70.2 26.2 0
70.15 26.15 0
70.1 26.1 0
70.05 26.05 0
70 26 0
69.95 25.95 0
69.9 25.9 0
69.85 25.85 0
69.8 25.8 0
69.75 25.75 0
69.7 25.7 0
69.7 25.7 2
69.65 25.65 2
69.6 25.6 2
69.55 25.55 2
69.5 25.5 2
69.45 25.45 2
69.4 25.4 2
69.35 25.35 2
69.3 25.3 2
69.25 25.25 2
69.2 25.2 2
69.15 25.15 2
69.1 25.1 2
69.05 25.05 2
69 25 2
68.95 24.95 2
68.9 24.9 2
68.85 24.85 2
68.8 24.8 2
68.75 24.75 2
68.7 24.7 2
68.65 24.65 2
68.6 24.6 2
68.55 24.55 2
68.5 24.5 2
68.45 24.45 2
68.4 24.4 2
68.35 24.35 2
68.3 24.3 2
68.25 24.25 2
68.2 24.2 2
68.15 24.15 2
68.1 24.1 2
68.05 24.05 2
68 24 2
67.95 23.95 2
67.9 23.9 2
67.85 23.85 2
67.8 23.8 2
67.75 23.75 2
67.7 23.7 2
67.65 23.65 2
67.6 23.6 2
67.55 23.55 2
67.5 23.5 2
67.45 23.45 2
67.4 23.4 2
67.35 23.35 2
67.3 23.3 2
67.25 23.25 2
67.2 23.2 2
67.15 23.15 2
67.1 23.1 2
67.05 23.05 2
67 23 2
66.95 22.95 2
66.9 22.9 2
66.85 22.85 2
66.8 22.8 2
66.75 22.75 2
66.7 22.7 2
66.65 22.65 2
66.6 22.6 2
66.55 22.55 2
66.5 22.5 2
66.45 22.45 2
66.4 22.4 2
66.35 22.35 2
66.3 22.3 2
66.25 22.25 2
66.2 22.2 2
66.15 22.15 2
66.1 22.1 2
66.05 22.05 2
66 22 2
65.95 21.95 2
65.9 21.9 2
65.85 21.85 2
65.8 21.8 2
65.75 21.75 2
65.7 21.7 2
65.65 21.65 2
65.6 21.6 2
65.55 21.55 2
65.5 21.5 2
65.45 21.45 2
65.4 21.4 2
65.35 21.35 2
65.3 21.3 2
65.25 21.25 2
65.2 21.2 2
65.15 21.15 2
65.1 21.1 2
65.05 21.05 2
65 21 2
64.95 20.95 2
64.9 20.9 2
64.85 20.85 2
64.8 20.8 2
64.75 20.75 2
64.7 20.7 2
64.65 20.65 2
64.6 20.6 2
64.55 20.55 2
64.5 20.5 2
64.45 20.45 2
64.4 20.4 2
64.35 20.35 2
64.3 20.3 2
64.25 20.25 2
64.2 20.2 2
64.15 20.15 2
64.1 20.1 2
64.05 20.05 2
64 20 2
63.95 19.95 2
63.9 19.9 2
63.85 19.85 2
63.8 19.8 2
63.75 19.75 2
63.7 19.7 2
63.65 19.65 2
63.6 19.6 2
63.55 19.55 2
63.5 19.5 2
63.45 19.45 2
63.4 19.4 2
63.35 19.35 2
63.3 19.3 2
63.25 19.25 2
63.2 19.2 2
63.15 19.15 2
63.1 19.1 2
63.05 19.05 2
63 19 2
62.95 18.95 2
62.9 18.9 2
62.85 18.85 2
62.8 18.8 2
62.75 18.75 2
62.7 18.7 2
62.65 18.65 2
62.6 18.6 2
62.55 18.55 2
62.5 18.5 2
62.45 18.45 2
62.4 18.4 2
62.35 18.35 2
62.3 18.3 2
62.25 18.25 2
62.2 18.2 2
62.15 18.15 2
62.1 18.1 2
62.05 18.05 2
62 18 2
61.95 17.95 2
61.9 17.9 2
61.85 17.85 2
61.8 17.8 2
61.75 17.75 2
61.7 17.7 2
61.65 17.65 2
61.6 17.6 2
61.55 17.55 2
61.5 17.5 2
61.45 17.45 2
61.4 17.4 2
61.35 17.35 2
61.3 17.3 2
61.25 17.25 2
61.2 17.2 2
61.15 17.15 2
61.1 17.1 2
61.05 17.05 2
61 17 2
60.95 16.95 2
60.9 16.9 2
60.85 16.85 2
60.8 16.8 2
60.75 16.75 2
60.7 16.7 2
60.65 16.65 2
60.6 16.6 2
60.55 16.55 2
60.5 16.5 2
60.45 16.45 2
60.4 16.4 2
60.35 16.35 2
60.3 16.3 2
60.25 16.25 2
60.2 16.2 2
60.15 16.15 2
60.1 16.1 2
60.05 16.05 2
60 16 2
59.95 15.95 2
59.9 15.9 2
59.85 15.85 2
59.8 15.8 2
59.75 15.75 2
59.7 15.7 2
59.65 15.65 2
59.6 15.6 2
59.55 15.55 2
59.5 15.5 2
59.45 15.45 2
59.4 15.4 2
59.35 15.35 2
59.3 15.3 2
59.25 15.25 2
59.2 15.2 2
59.15 15.15 2
59.1 15.1 2
59.05 15.05 2
59 15 2
58.95 14.95 2
58.9 14.9 2
58.85 14.85 2
58.8 14.8 2
58.75 14.75 2
58.7 14.7 2
58.65 14.65 2
58.6 14.6 2
58.55 14.55 2
58.5 14.5 2
58.45 14.45 2
58.4 14.4 2
58.35 14.35 2
58.3 14.3 2
58.25 14.25 2
58.2 14.2 2
58.15 14.15 2
58.1 14.1 2
58.05 14.05 2
58 14 2
57.95 13.95 2
57.9 13.9 2
57.85 13.85 2
57.8 13.8 2
57.75 13.75 2
57.7 13.7 2
57.65 13.65 2
57.6 13.6 2
57.55 13.55 2
57.5 13.5 2
57.45 13.45 2
57.4 13.4 2
57.35 13.35 2
57.3 13.3 2
57.25 13.25 2
57.2 13.2 2
57.15 13.15 2
57.1 13.1 2
57.05 13.05 2
57 13 2
56.95 12.95 2
56.9 12.9 2
56.85 12.85 2
56.8 12.8 2
56.75 12.75 2
56.7 12.7 2
56.65 12.65 2
56.6 12.6 2
56.55 12.55 2
56.5 12.5 2
56.45 12.45 2
56.4 12.4 2
56.35 12.35 2
56.3 12.3 2
56.25 12.25 2
56.2 12.2 2
56.15 12.15 2
56.1 12.1 2
56.05 12.05 2
56 12 2
55.95 11.95 2
55.9 11.9 2
55.85 11.85 2
55.8 11.8 2
55.75 11.75 2
55.7 11.7 2
55.65 11.65 2
55.6 11.6 2
55.6 11.6 1
55.55 11.55 1
55.5 11.5 1
55.45 11.45 1
55.4 11.4 1
55.35 11.35 1
55.3 11.3 1
55.25 11.25 1
55.2 11.2 1
55.15 11.15 1
55.1 11.1 1
55.05 11.05 1
55 11 1
54.95 10.95 1
54.9 10.9 1
54.85 10.85 1
54.8 10.8 1
54.75 10.75 1
54.7 10.7 1
54.7 10.65 1
54.7 10.6 1
54.65 10.55 1
54.65 10.5 1
54.65 10.45 1
54.65 10.4 1
54.65 10.35 1
54.65 10.3 1
54.65 10.25 1
54.65 10.2 1
54.65 10.15 1
54.6 10.1 1
54.55 10.05 1
54.5 10 1
54.45 9.95 1
54.45 9.9 1
54.45 9.85 1
54.45 9.8 1
54.4 9.75 1
54.35 9.7 1
54.35 9.65 1
54.35 9.6 1
54.35 9.55 1
54.35 9.5 1
54.35 9.45 1
54.35 9.4 1
54.35 9.35 1
54.35 9.3 1
54.35 9.25 1
54.35 9.2 1
54.35 9.15 1
54.35 9.1 1
54.35 9.05 1
54.3 9 1
54.3 8.95 1
54.3 8.9 1
54.3 8.85 1
54.25 8.8 1
54.2 8.75 1
54.2 8.7 1
54.15 8.65 1
54.1 8.6 1
54.05 8.55 1
54 8.5 1
54 8.45 1
54 8.4 1
53.95 8.35 1
53.9 8.3 1
53.9 8.25 1
53.85 8.2 1
53.85 8.15 1
53.85 8.1 1
53.85 8.05 1
53.85 8 1
53.85 7.95 1
53.85 7.9 1
53.85 7.85 1
53.85 7.8 1
53.85 7.75 1
53.85 7.7 1
53.85 7.65 1
53.85 7.6 1
53.85 7.55 1
53.85 7.5 1
53.85 7.45 1
53.85 7.4 1
53.85 7.35 1
53.85 7.3 1
53.85 7.25 1
53.85 7.2 1
53.85 7.15 1
53.85 7.1 1
53.85 7.05 1
53.85 7 1
53.85 6.95 1
53.85 6.9 1
53.85 6.85 1
53.85 6.8 1
53.85 6.75 1
53.85 6.7 1
53.8 6.65 1
53.75 6.6 1
53.7 6.55 1
53.65 6.5 1
53.6 6.45 1
53.6 6.4 1
53.55 6.35 1
53.5 6.3 1
53.45 6.25 1
53.4 6.2 1
53.4 6.15 1
53.4 6.1 1
53.35 6.05 1
53.35 6 1
53.35 5.95 1
53.35 5.9 1
53.3 5.85 1
53.25 5.8 1
53.25 5.8 0
53.25 5.85 0
53.25 5.9 0
53.25 5.95 0
53.25 6 0
53.25 6.05 0
53.25 6.1 0
53.25 6.15 0
53.25 6.2 0
53.25 6.25 0
53.25 6.3 0
53.25 6.35 0
53.25 6.4 0
53.25 6.45 0
53.25 6.5 0
53.25 6.55 0
53.25 6.6 0
53.25 6.65 0
53.25 6.7 0
53.25 6.75 0
53.25 6.8 0
53.25 6.85 0
53.25 6.9 0
53.25 6.95 0
53.25 7 0
53.25 7.05 0
53.25 7.1 0
53.25 7.15 0
53.25 7.2 0
53.25 7.25 0
53.25 7.3 0
53.25 7.35 0
53.25 7.4 0
53.25 7.45 0
53.25 7.5 0
PATH 18 980
14.1 56.35 0
14.15 56.3 0
14.2 56.25 0
14.25 56.2 0
14.3 56.15 0
14.35 56.1 0
14.4 56.05 0
14.45 56 0
14.5 55.95 0
14.55 55.9 0
14.6 55.85 0
14.65 55.8 0
14.7 55.75 0
14.75 55.7 0
14.8 55.65 0
14.85 55.6 0
14.9 55.55 0
14.95 55.5 0
15 55.45 0
15.05 55.4 0
15.1 55.35 0
15.15 55.3 0
15.2 55.25 0
15.25 55.2 0
15.3 55.15 0
15.35 55.1 0
15.4 55.05 0
15.45 55 0
15.5 54.95 0
15.55 54.9 0
15.6 54.85 0
15.65 54.8 0
15.7 54.75 0
15.75 54.7 0
15.8 54.65 0
15.85 54.6 0
15.9 54.55 0
15.95 54.5 0
16 54.45 0
16.05 54.4 0
16.1 54.35 0
16.15 54.3 0
16.2 54.25 0
16.25 54.2 0
16.3 54.15 0
16.35 54.1 0
16.4 54.05 0
16.45 54 0
16.5 53.95 0
16.55 53.9 0
16.6 53.85 0
16.65 53.8 0
16.7 53.75 0
16.75 53.7 0
16.8 53.65 0
16.85 53.6 0
16.9 53.55 0
16.95 53.5 0
17 53.45 0
17.05 53.4 0
17.1 53.35 0
17.15 53.3 0
17.2 53.25 0
17.25 53.2 0
17.3 53.15 0
17.35 53.1 0
17.4 53.05 0
17.45 53 0
17.5 52.95 0
17.55 52.9 0
17.6 52.85 0
17.65 52.8 0
17.7 52.75 0
17.75 52.7 0
17.8 52.65 0
17.85 52.6 0
17.9 52.55 0
17.95 52.5 0
18 52.45 0
18.05 52.4 0
18.1 52.35 0
18.15 52.3 0
18.2 52.25 0
18.25 52.2 0
18.3 52.15 0
18.35 52.1 0
18.4 52.05 0
18.45 52 0
18.5 51.95 0
18.55 51.9 0
18.6 51.85 0
18.65 51.8 0
18.7 51.75 0
18.75 51.7 0
18.8 51.65 0
18.85 51.6 0
18.9 51.55 0
18.95 51.5 0
19 51.45 0
19.05 51.4 0
19.1 51.35 0
19.15 51.3 0
19.2 51.25 0
19.25 51.2 0
19.3 51.15 0
19.35 51.1 0
19.4 51.05 0
19.45 51 0
19.5 50.95 0
19.55 50.9 0
19.6 50.85 0
19.65 50.8 0
19.7 50.75 0
19.75 50.7 0
19.8 50.65 0
19.85 50.6 0
19.9 50.55 0
19.95 50.5 0
20 50.45 0
20.05 50.4 0
20.1 50.35 0
20.15 50.3 0
20.2 50.25 0
20.25 50.2 0
20.3 50.15 0
20.35 50.1 0
20.4 50.05 0
20.45 50 0
20.5 49.95 0
20.55 49.9 0
20.6 49.85 0
20.65 49.8 0
20.7 49.75 0
20.75 49.7 0
20.8 49.65 0
20.85 49.6 0
20.9 49.55 0
20.95 49.5 0
21 49.45 0
21.05 49.4 0
21.1 49.35 0
21.15 49.3 0
21.2 49.25 0
21.25 49.2 0
21.3 49.15 0
21.35 49.1 0
21.4 49.05 0
21.45 49 0
21.5 48.95 0
21.55 48.9 0
21.6 48.85 0
21.65 48.8 0
21.7 48.75 0
21.75 48.7 0
21.8 48.65 0
21.85 48.6 0
21.9 48.55 0
21.95 48.5 0
22 48.45 0
22.05 48.4 0
22.1 48.35 0
22.15 48.3 0
22.2 48.25 0
22.25 48.2 0
22.3 48.15 0
22.35 48.1 0
22.4 48.05 0
22.45 48 0
22.5 47.95 0
22.55 47.9 0
22.6 47.85 0
22.65 47.8 0
22.7 47.75 0
22.75 47.7 0
22.8 47.65 0
22.85 47.6 0
22.9 47.55 0
22.95 47.5 0
23 47.45 0
23.05 47.4 0
23.1 47.35 0
23.15 47.3 0
23.2 47.25 0
23.25 47.2 0
23.3 47.15 0
23.35 47.1 0
23.4 47.05 0
23.45 47 0
23.5 46.95 0
23.55 46.9 0
23.6 46.85 0
23.65 46.8 0
23.65 46.8 2
23.65 46.75 2
23.65 46.7 2
23.65 46.65 2
23.65 46.6 2
23.7 46.55 2
23.7 46.5 2
23.7 46.45 2
23.7 46.4 2
23.7 46.35 2
23.75 46.3 2
23.8 46.25 2
23.85 46.2 2
23.9 46.15 2
23.95 46.1 2
23.95 46.05 2
23.95 46 2
24 45.95 2
24.05 45.9 2
24.05 45.85 2
24.05 45.8 2
24.1 45.75 2
24.1 45.7 2
24.1 45.65 2
24.15 45.6 2
24.2 45.55 2
24.2 45.5 2
24.2 45.45 2
24.25 45.4 2
24.25 45.35 2
24.25 45.3 2
24.25 45.25 2
24.25 45.2 2
24.25 45.15 2
24.25 45.1 2
24.25 45.05 2
24.25 45 2
24.3 44.95 2
24.35 44.9 2
24.4 44.85 2
24.45 44.8 2
24.5 44.75 2
24.55 44.7 2
24.6 44.65 2
24.65 44.6 2
24.7 44.55 2
24.75 44.5 2
24.8 44.45 2
24.85 44.4 2
24.9 44.35 2
24.95 44.3 2
25 44.25 2
25 44.2 2
25 44.15 2
25.05 44.1 2
25.1 44.05 2
25.15 44 2
25.2 43.95 2
25.25 43.9 2
25.3 43.85 2
25.35 43.8 2
25.4 43.75 2
25.45 43.7 2
25.5 43.65 2
25.55 43.6 2
25.6 43.55 2
25.65 43.5 2
25.7 43.45 2
25.75 43.4 2
25.8 43.35 2
25.85 43.3 2
25.9 43.25 2
25.95 43.2 2
26 43.15 2
26.05 43.1 2
26.1 43.05 2
26.15 43 2
26.2 42.95 2
26.25 42.9 2
26.3 42.85 2
26.35 42.8 2
26.4 42.75 2
26.45 42.7 2
26.5 42.65 2
26.55 42.6 2
26.6 42.55 2
26.65 42.5 2
26.7 42.45 2
26.75 42.4 2
26.8 42.35 2
26.85 42.3 2
26.9 42.25 2
26.95 42.2 2
27 42.15 2
27.05 42.1 2
27.1 42.05 2
27.15 42 2
27.2 41.95 2
27.25 41.9 2
27.3 41.85 2
27.35 41.8 2
27.4 41.75 2
27.45 41.7 2
27.5 41.65 2
27.5 41.6 2
27.5 41.55 2
27.55 41.5 2
27.6 41.45 2
27.65 41.4 2
27.7 41.35 2
27.75 41.3 2
27.8 41.25 2
27.85 41.2 2
27.9 41.15 2
27.95 41.1 2
28 41.05 2
28.05 41 2
28.1 40.95 2
28.15 40.9 2
28.2 40.85 2
28.25 40.8 2
28.3 40.75 2
28.35 40.7 2
28.4 40.65 2
28.45 40.6 2
28.5 40.55 2
28.55 40.5 2
28.6 40.45 2
28.65 40.4 2
28.7 40.35 2
28.75 40.3 2
28.8 40.25 2
28.85 40.2 2
28.9 40.15 2
28.95 40.1 2
29 40.05 2
29.05 40 2
29.1 39.95 2
29.15 39.9 2
29.2 39.85 2
29.25 39.8 2
29.3 39.75 2
29.35 39.7 2
29.4 39.65 2
29.45 39.6 2
29.5 39.55 2
29.55 39.5 2
29.6 39.45 2
29.65 39.4 2
29.7 39.35 2
29.7 39.3 2
29.7 39.25 2
29.75 39.2 2
29.8 39.15 2
29.85 39.1 2
29.9 39.05 2
29.95 39 2
30 38.95 2
30.05 38.9 2
30.1 38.85 2
30.15 38.8 2
30.2 38.75 2
30.25 38.7 2
30.3 38.65 2
30.35 38.6 2
30.35 38.55 2
30.35 38.5 2
30.4 38.45 2
30.4 38.4 2
30.4 38.35 2
30.4 38.3 2
30.4 38.25 2
30.4 38.2 2
30.4 38.15 2
30.45 38.1 2
30.45 38.05 2
30.45 38 2
30.45 37.95 2
30.45 37.9 2
30.45 37.85 2
30.45 37.8 2
30.45 37.75 2
30.45 37.7 2
30.45 37.65 2
30.45 37.6 2
30.45 37.55 2
30.45 37.5 2
30.5 37.45 2
30.55 37.4 2
30.55 37.35 2
30.55 37.3 2
30.55 37.25 2
30.55 37.2 2
30.55 37.15 2
30.55 37.1 2
30.6 37.05 2
30.65 37 2
30.65 36.95 2
30.65 36.9 2
30.65 36.85 2
30.65 36.8 2
30.65 36.75 2
30.65 36.7 2
30.65 36.65 2
30.65 36.6 2
30.65 36.55 2
30.65 36.5 2
30.65 36.45 2
30.65 36.4 2
30.65 36.35 2
30.65 36.3 2
30.65 36.25 2
30.65 36.2 2
30.65 36.15 2
30.65 36.1 2
30.65 36.05 2
30.65 36 2
30.65 35.95 2
30.65 35.9 2
30.65 35.85 2
30.65 35.8 2
30.65 35.75 2
30.65 35.7 2
30.65 35.65 2
30.65 35.6 2
30.65 35.55 2
30.65 35.5 2
30.7 35.45 2
30.7 35.4 2
30.75 35.35 2
30.75 35.3 2
30.75 35.25 2
30.8 35.2 2
30.8 35.15 2
30.8 35.1 2
30.85 35.05 2
30.85 35 2
30.9 34.95 2
30.9 34.9 2
30.9 34.85 2
30.95 34.8 2
31 34.75 2
31.05 34.7 2
31.1 34.65 2
31.1 34.6 2
31.15 34.55 2
31.15 34.5 2
31.2 34.45 2
31.2 34.4 2
31.25 34.35 2
31.3 34.3 2
31.35 34.25 2
31.4 34.2 2
31.45 34.15 2
31.5 34.1 2
31.55 34.05 2
31.55 34 2
31.6 33.95 2
31.65 33.9 2
31.7 33.85 2
31.7 33.8 2
31.7 33.75 2
31.7 33.7 2
31.7 33.65 2
31.75 33.6 2
31.8 33.55 2
31.85 33.5 2
31.9 33.45 2
31.95 33.4 2
32 33.35 2
32 33.3 2
32 33.25 2
32 33.2 2
32.05 33.15 2
32.05 33.1 2
32.05 33.05 2
32.05 33 2
32.05 32.95 2
32.05 32.9 2
32.05 32.85 2
32.05 32.8 2
32.05 32.75 2
32.05 32.7 2
32.05 32.65 2
32.05 32.6 2
32.1 32.55 2
32.15 32.5 2
32.2 32.45 2
32.25 32.4 2
32.3 32.35 2
32.35 32.3 2
32.35 32.25 2
32.4 32.2 2
32.45 32.15 2
32.5 32.1 2
32.55 32.05 2
32.6 32 2
32.65 31.95 2
32.65 31.9 2
32.65 31.85 2
32.65 31.8 2
32.65 31.75 2
32.7 31.7 2
32.75 31.65 2
32.75 31.6 2
32.8 31.55 2
32.85 31.5 2
32.9 31.45 2
32.9 31.4 2
32.9 31.35 2
32.9 31.3 2
32.95 31.25 2
33 31.2 2
33.05 31.15 2
33.05 31.1 2
33.05 31.05 2
33.1 31 2
33.1 30.95 2
33.1 30.9 2
33.15 30.85 2
33.2 30.8 2
33.25 30.75 2
33.3 30.7 2
33.35 30.65 2
33.4 30.6 2
33.45 30.55 2
33.5 30.5 2
33.5 30.45 2
33.5 30.4 2
33.5 30.35 2
33.5 30.3 2
33.55 30.25 2
33.6 30.2 2
33.65 30.15 2
33.7 30.1 2
33.75 30.05 2
33.75 30 2
33.8 29.95 2
33.85 29.9 2
33.9 29.85 2
33.95 29.8 2
34 29.75 2
34.05 29.7 2
34.1 29.65 2
34.15 29.6 2
34.15 29.55 2
34.2 29.5 2
34.25 29.45 2
34.3 29.4 2
34.35 29.35 2
34.4 29.3 2
34.45 29.25 2
34.5 29.2 2
34.55 29.15 2
34.6 29.1 2
34.65 29.05 2
34.7 29 2
34.75 28.95 2
34.8 28.9 2
34.8 28.85 2
34.8 28.8 2
34.85 28.75 2
34.9 28.7 2
34.95 28.65 2
34.95 28.6 2
34.95 28.55 2
35 28.5 2
35.05 28.45 2
35.1 28.4 2
35.15 28.35 2
35.15 28.3 2
35.2 28.25 2
35.25 28.2 2
35.3 28.15 2
35.35 28.1 2
35.4 28.05 2
35.45 28 2
35.5 27.95 2
35.55 27.9 2
35.6 27.85 2
35.65 27.8 2
35.7 27.75 2
35.75 27.7 2
35.75 27.65 2
35.8 27.6 2
35.8 27.55 2
35.8 27.5 2
35.8 27.45 2
35.8 27.4 2
35.85 27.35 2
35.9 27.3 2
35.95 27.25 2
36 27.2 2
36.05 27.15 2
36.05 27.1 2
36.1 27.05 2
36.15 27 2
36.2 26.95 2
36.25 26.9 2
36.3 26.85 2
36.35 26.8 2
36.4 26.75 2
36.4 26.7 2
36.4 26.65 2
36.45 26.6 2
36.5 26.55 2
36.5 26.5 2
36.5 26.45 2
36.5 26.4 2
36.55 26.35 2
36.6 26.3 2
36.65 26.25 2
36.7 26.2 2
36.75 26.15 2
36.8 26.1 2
36.85 26.05 2
36.85 26 2
36.85 25.95 2
36.9 25.9 2
36.95 25.85 2
37 25.8 2
37.05 25.75 2
37.1 25.7 2
37.15 25.65 2
37.2 25.6 2
37.25 25.55 2
37.3 25.5 2
37.35 25.45 2
37.4 25.4 2
37.45 25.35 2
37.5 25.3 2
37.55 25.25 2
37.6 25.2 2
37.65 25.15 2
37.7 25.1 2
37.75 25.05 2
37.8 25 2
37.85 24.95 2
37.9 24.9 2
37.95 24.85 2
38 24.8 2
38.05 24.75 2
38.1 24.7 2
38.15 24.65 2
38.2 24.6 2
38.25 24.55 2
38.3 24.5 2
38.35 24.45 2
38.4 24.4 2
38.45 24.35 2
38.5 24.3 2
38.55 24.25 2
38.55 24.2 2
38.55 24.15 2
38.6 24.1 2
38.65 24.05 2
38.7 24 2
38.75 23.95 2
38.8 23.9 2
38.85 23.85 2
38.9 23.8 2
38.95 23.75 2
39 23.7 2
39.05 23.65 2
39.1 23.6 2
39.15 23.55 2
39.15 23.5 2
39.2 23.45 2
39.25 23.4 2
39.3 23.35 2
39.35 23.3 2
39.4 23.25 2
39.45 23.2 2
39.5 23.15 2
39.55 23.1 2
39.6 23.05 2
39.65 23 2
39.7 22.95 2
39.75 22.9 2
39.8 22.85 2
39.85 22.8 2
39.9 22.75 2
39.95 22.7 2
40 22.65 2
40.05 22.6 2
40.1 22.55 2
40.15 22.5 2
40.2 22.45 2
40.25 22.4 2
40.3 22.35 2
40.35 22.3 2
40.4 22.25 2
40.45 22.2 2
40.5 22.15 2
40.55 22.1 2
40.6 22.05 2
40.65 22 2
40.7 21.95 2
40.75 21.9 2
40.8 21.85 2
40.85 21.8 2
40.9 21.75 2
40.95 21.7 2
41 21.65 2
41.05 21.6 2
41.1 21.55 2
41.15 21.5 2
41.2 21.45 2
41.25 21.4 2
41.3 21.35 2
41.35 21.3 2
41.4 21.25 2
41.4 21.2 2
41.4 21.15 2
41.4 21.1 2
41.45 21.05 2
41.5 21 2
41.55 20.95 2
41.6 20.9 2
41.65 20.85 2
41.7 20.8 2
41.75 20.75 2
41.8 20.7 2
41.85 20.65 2
41.9 20.6 2
41.95 20.55 2
42 20.5 2
42.05 20.45 2
42.1 20.4 2
42.15 20.35 2
42.15 20.3 2
42.15 20.25 2
42.2 20.2 2
42.25 20.15 2
42.3 20.1 2
42.35 20.05 2
42.4 20 2
42.45 19.95 2
42.5 19.9 2
42.55 19.85 2
42.6 19.8 2
42.65 19.75 2
42.7 19.7 2
42.75 19.65 2
42.8 19.6 2
42.85 19.55 2
42.9 19.5 2
42.95 19.45 2
43 19.4 2
43.05 19.35 2
43.1 19.3 2
43.15 19.25 2
43.2 19.2 2
43.25 19.15 2
43.3 19.1 2
43.35 19.05 2
43.4 19 2
43.45 18.95 2
43.5 18.9 2
43.55 18.85 2
43.6 18.8 2
43.65 18.75 2
43.7 18.7 2
43.75 18.65 2
43.8 18.6 2
43.85 18.55 2
43.9 18.5 2
43.95 18.45 2
44 18.4 2
44.05 18.35 2
44.1 18.3 2
44.15 18.25 2
44.2 18.2 2
44.25 18.15 2
44.3 18.1 2
44.35 18.05 2
44.4 18 2
44.45 17.95 2
44.5 17.9 2
44.55 17.85 2
44.6 17.8 2
44.65 17.75 2
44.7 17.7 2
44.75 17.65 2
44.8 17.6 2
44.85 17.55 2
44.9 17.5 2
44.95 17.45 2
44.95 17.4 2
44.95 17.35 2
45 17.3 2
45.05 17.25 2
45.1 17.2 2
45.15 17.15 2
45.2 17.1 2
45.25 17.05 2
45.3 17 2
45.35 16.95 2
45.4 16.9 2
45.45 16.85 2
45.5 16.8 2
45.55 16.75 2
45.6 16.7 2
45.65 16.65 2
45.7 16.6 2
45.75 16.55 2
45.8 16.5 2
45.85 16.45 2
45.9 16.4 2
45.95 16.35 2
46 16.3 2
46.05 16.25 2
46.1 16.2 2
46.15 16.15 2
46.2 16.1 2
46.25 16.05 2
46.3 16 2
46.3 15.95 2
46.35 15.9 2
46.4 15.85 2
46.45 15.8 2
46.5 15.75 2
46.55 15.7 2
46.6 15.65 2
46.65 15.6 2
46.7 15.55 2
46.75 15.5 2
46.8 15.45 2
46.85 15.4 2
46.9 15.35 2
46.95 15.3 2
47 15.25 2
47.05 15.2 2
47.1 15.15 2
47.15 15.1 2
47.2 15.05 2
47.25 15 2
47.3 14.95 2
47.35 14.9 2
47.4 14.85 2
47.45 14.8 2
47.5 14.75 2
47.55 14.7 2
47.6 14.65 2
47.65 14.6 2
47.7 14.55 2
47.75 14.5 2
47.8 14.45 2
47.85 14.4 2
47.9 14.35 2
47.95 14.3 2
48 14.25 2
48.05 14.2 2
48.1 14.15 2
48.15 14.1 2
48.2 14.05 2
48.25 14 2
48.3 13.95 2
48.35 13.9 2
48.4 13.85 2
48.45 13.8 2
48.5 13.75 2
48.55 13.7 2
48.6 13.65 2
48.65 13.6 2
48.7 13.55 2
48.75 13.5 2
48.8 13.45 2
48.85 13.4 2
48.85 13.35 2
48.85 13.3 2
48.85 13.25 2
48.85 13.2 2
48.9 13.15 2
48.95 13.1 2
48.95 13.05 2
48.95 13 2
48.95 12.95 2
48.95 12.9 2
49 12.85 2
49.05 12.8 2
49.1 12.75 2
49.15 12.7 2
49.2 12.65 2
49.25 12.6 2
49.3 12.55 2
49.35 12.5 2
49.4 12.45 2
49.4 12.4 2
49.4 12.35 2
49.45 12.3 2
49.5 12.25 2
49.55 12.2 2
49.6 12.15 2
49.6 12.1 2
49.6 12.05 2
49.65 12 2
49.7 11.95 2
49.75 11.9 2
49.8 11.85 2
49.85 11.8 2
49.9 11.75 2
49.95 11.7 2
50 11.65 2
50.05 11.6 2
50.1 11.55 2
50.15 11.5 2
50.15 11.5 0
50.2 11.45 0
50.25 11.4 0
50.25 11.35 0
50.25 11.3 0
50.25 11.25 0
50.25 11.2 0
50.25 11.15 0
50.25 11.1 0
50.25 11.05 0
50.25 11 0
50.25 10.95 0
50.25 10.9 0
50.25 10.85 0
50.25 10.8 0
50.3 10.75 0
50.35 10.7 0
50.4 10.65 0
50.45 10.6 0
50.5 10.55 0
50.55 10.5 0
50.55 10.45 0
50.6 10.4 0
50.65 10.35 0
50.7 10.3 0
50.75 10.25 0
50.75 10.2 0
50.8 10.15 0
50.85 10.1 0
50.9 10.05 0
50.95 10 0
50.95 9.95 0
51 9.9 0
51.05 9.85 0
51.05 9.8 0
51.1 9.75 0
51.1 9.7 0
51.1 9.65 0
51.15 9.6 0
51.2 9.55 0
51.2 9.5 0
51.2 9.45 0
51.2 9.4 0
51.2 9.35 0
51.25 9.3 0
51.25 9.25 0
51.25 9.2 0
51.25 9.15 0
51.25 9.1 0
51.25 9.05 0
51.25 9 0
51.25 8.95 0
51.25 8.9 0
51.25 8.85 0
51.25 8.8 0
51.25 8.75 0
51.25 8.7 0
51.25 8.65 0
51.25 8.6 0
51.25 8.55 0
51.25 8.5 0
51.25 8.45 0
51.25 8.4 0
51.25 8.35 0
51.25 8.3 0
51.25 8.25 0
51.25 8.2 0
51.25 8.15 0
51.25 8.1 0
51.25 8.05 0
51.25 8 0
51.25 7.95 0
51.25 7.9 0
51.25 7.85 0
51.25 7.8 0
51.25 7.75 0
51.25 7.7 0
51.25 7.65 0
51.25 7.6 0
51.25 7.55 0
51.25 7.5 0
PATH 60 248
39.15 11 0
39.2 11 0
39.25 11 0
39.3 11 0
39.35 11 0
39.35 11 1
39.4 10.95 1
39.45 10.9 1
39.5 10.85 1
39.55 10.8 1
39.6 10.75 1
39.65 10.7 1
39.7 10.65 1
39.75 10.6 1
39.8 10.55 1
39.85 10.5 1
39.9 10.45 1
39.95 10.4 1
40 10.35 1
40.05 10.3 1
40.1 10.25 1
40.15 10.2 1
40.2 10.15 1
40.25 10.1 1
40.3 10.05 1
40.35 10 1
40.4 9.95 1
40.45 9.9 1
40.5 9.85 1
40.55 9.8 1
40.6 9.75 1
40.65 9.7 1
40.7 9.65 1
40.75 9.6 1
40.8 9.55 1
40.85 9.5 1
40.9 9.45 1
40.95 9.4 1
41 9.35 1
41.05 9.3 1
41.1 9.25 1
41.15 9.2 1
41.2 9.15 1
41.25 9.1 1
41.3 9.05 1
41.35 9 1
41.4 8.95 1
41.45 8.9 1
41.5 8.85 1
41.55 8.8 1
41.6 8.75 1
41.65 8.7 1
41.7 8.65 1
41.75 8.6 1
41.8 8.55 1
41.85 8.5 1
41.9 8.45 1
41.95 8.4 1
42 8.35 1
42.05 8.3 1
42.1 8.25 1
42.15 8.2 1
42.2 8.15 1
42.25 8.1 1
42.3 8.05 1
42.35 8 1
42.4 7.95 1
42.45 7.9 1
42.5 7.85 1
42.55 7.8 1
42.6 7.75 1
42.65 7.7 1
42.7 7.65 1
42.75 7.6 1
42.8 7.55 1
42.85 7.5 1
42.9 7.45 1
42.95 7.4 1
43 7.35 1
43.05 7.3 1
43.1 7.25 1
43.15 7.2 1
43.2 7.15 1
43.25 7.1 1
43.3 7.05 1
43.35 7 1
43.4 6.95 1
43.45 6.9 1
43.5 6.85 1
43.55 6.8 1
43.6 6.75 1
43.65 6.7 1
43.7 6.65 1
43.75 6.6 1
43.8 6.55 1
43.85 6.5 1
43.9 6.45 1
43.95 6.4 1
44 6.35 1
44.05 6.3 1
44.1 6.25 1
44.15 6.2 1
44.2 6.15 1
44.25 6.1 1
44.3 6.05 1
44.35 6 1
44.4 5.95 1
44.45 5.9 1
44.5 5.85 1
44.55 5.8 1
44.6 5.75 1
44.6 5.75 0
44.65 5.8 0
44.7 5.8 0
44.75 5.8 0
44.8 5.8 0
44.85 5.8 0
44.9 5.8 0
44.95 5.8 0
45 5.8 0
45.05 5.8 0
45.1 5.8 0
45.15 5.85 0
45.2 5.9 0
45.25 5.9 0
45.3 5.9 0
45.35 5.9 0
45.4 5.9 0
45.45 5.9 0
45.5 5.9 0
45.55 5.9 0
45.6 5.9 0
45.65 5.9 0
45.7 5.9 0
45.75 5.9 0
45.8 5.9 0
45.85 5.9 0
45.9 5.9 0
45.95 5.9 0
46 5.9 0
46.05 5.9 0
46.1 5.9 0
46.15 5.9 0
46.2 5.9 0
46.25 5.9 0
46.3 5.9 0
46.35 5.9 0
46.4 5.9 0
46.45 5.9 0
46.5 5.95 0
46.55 5.95 0
46.6 5.95 0
46.65 5.95 0
46.7 5.95 0
46.75 5.95 0
46.8 5.95 0
46.85 5.95 0
46.9 5.95 0
46.95 5.95 0
47 5.95 0
47.05 5.95 0
47.1 5.95 0
47.15 5.95 0
47.2 5.95 0
47.25 5.95 0
47.3 5.95 0
47.35 5.95 0
47.4 5.95 0
47.45 5.95 0
47.5 5.95 0
47.55 5.95 0
47.6 5.95 0
47.65 5.95 0
47.7 5.95 0
47.75 5.95 0
47.8 5.95 0
47.85 5.95 0
47.9 5.95 0
47.95 5.95 0
48 5.95 0
48.05 5.95 0
48.1 5.95 0
48.15 5.95 0
48.2 5.95 0
48.25 5.95 0
48.3 5.95 0
48.35 5.95 0
48.4 5.95 0
48.45 5.95 0
48.5 5.95 0
48.55 5.95 0
48.6 5.95 0
48.65 5.95 0
48.7 5.95 0
48.75 6 0
48.8 6.05 0
48.85 6.1 0
48.9 6.15 0
48.95 6.2 0
49 6.25 0
49.05 6.3 0
49.1 6.35 0
49.15 6.35 0
49.2 6.35 0
49.25 6.35 0
49.3 6.35 0
49.35 6.35 0
49.4 6.35 0
49.45 6.35 0
49.5 6.35 0
49.55 6.35 0
49.6 6.35 0
49.65 6.35 0
49.7 6.35 0
49.75 6.35 0
49.8 6.35 0
49.85 6.35 0
49.9 6.35 0
49.95 6.35 0
50 6.35 0
50.05 6.35 0
50.1 6.35 0
50.15 6.35 0
50.2 6.35 0
50.25 6.35 0
50.25 6.4 0
50.25 6.45 0
50.25 6.5 0
50.25 6.55 0
50.25 6.6 0
50.25 6.65 0
50.25 6.7 0
50.25 6.75 0
50.25 6.8 0
50.25 6.85 0
50.25 6.9 0
50.25 6.95 0
50.25 7 0
50.25 7.05 0
50.25 7.1 0
50.25 7.15 0
50.25 7.2 0
50.25 7.25 0
50.25 7.3 0
50.25 7.35 0
50.25 7.4 0
50.25 7.45 0
50.25 7.5 0
PATH 52 961
38.15 52 0
38.1 51.95 0
38.05 51.9 0
38 51.85 0
38 51.8 0
37.95 51.75 0
37.95 51.7 0
37.95 51.65 0
37.95 51.6 0
37.95 51.55 0
37.95 51.5 0
37.95 51.45 0
37.95 51.4 0
37.95 51.35 0
37.95 51.3 0
37.95 51.25 0
37.95 51.2 0
37.95 51.15 0
37.95 51.1 0
37.9 51.05 0
37.9 51 0
37.9 50.95 0
37.9 50.9 0
37.9 50.85 0
37.9 50.8 0
37.9 50.75 0
37.9 50.7 0
37.9 50.65 0
37.85 50.6 0
37.8 50.55 0
37.8 50.5 0
37.8 50.45 0
37.8 50.4 0
37.8 50.35 0
37.8 50.3 0
37.8 50.25 0
37.75 50.2 0
37.7 50.15 0
37.65 50.1 0
37.6 50.05 0
37.55 50 0
37.5 49.95 0
37.45 49.9 0
37.45 49.85 0
37.45 49.8 0
37.45 49.75 0
37.45 49.7 0
37.45 49.65 0
37.45 49.6 0
37.45 49.55 0
37.45 49.5 0
37.45 49.45 0
37.45 49.4 0
37.45 49.35 0
37.45 49.3 0
37.45 49.25 0
37.45 49.2 0
37.45 49.15 0
37.45 49.1 0
37.45 49.05 0
37.45 49 0
37.45 48.95 0
37.45 48.9 0
37.45 48.85 0
37.4 48.8 0
37.4 48.75 0
37.4 48.7 0
37.4 48.65 0
37.4 48.6 0
37.4 48.55 0
37.4 48.5 0
37.4 48.45 0
37.4 48.4 0
37.4 48.35 0
37.4 48.3 0
37.4 48.25 0
37.4 48.2 0
37.4 48.15 0
37.4 48.1 0
37.4 48.05 0
37.4 48 0
37.4 47.95 0
37.4 47.9 0
37.4 47.85 0
37.4 47.8 0
37.4 47.75 0
37.4 47.7 0
37.4 47.65 0
37.4 47.6 0
37.4 47.55 0
37.4 47.5 0
37.4 47.45 0
37.4 47.4 0
37.4 47.35 0
37.4 47.3 0
37.4 47.25 0
37.4 47.2 0
37.4 47.15 0
37.4 47.1 0
37.4 47.05 0
37.4 47 0
37.4 46.95 0
37.4 46.9 0
37.4 46.85 0
37.4 46.8 0
37.4 46.75 0
37.4 46.7 0
37.4 46.65 0
37.4 46.6 0
37.4 46.55 0
37.4 46.5 0
37.4 46.45 0
37.4 46.4 0
37.4 46.35 0
37.4 46.3 0
37.4 46.25 0
37.4 46.2 0
37.4 46.15 0
37.4 46.1 0
37.4 46.05 0
37.4 46 0
37.4 45.95 0
37.4 45.9 0
37.4 45.85 0
37.4 45.8 0
37.4 45.75 0
37.4 45.7 0
37.4 45.65 0
37.4 45.6 0
37.4 45.55 0
37.4 45.5 0
37.4 45.45 0
37.4 45.4 0
37.4 45.35 0
37.4 45.3 0
37.4 45.25 0
37.4 45.2 0
37.4 45.15 0
37.4 45.1 0
37.4 45.05 0
37.4 45 0
37.4 44.95 0
37.4 44.9 0
37.4 44.85 0
37.4 44.8 0
37.4 44.75 0
37.4 44.7 0
37.4 44.65 0
37.4 44.6 0
37.4 44.55 0
37.4 44.5 0
37.4 44.45 0
37.4 44.4 0
37.4 44.35 0
37.4 44.3 0
37.4 44.25 0
37.4 44.2 0
37.4 44.15 0
37.4 44.1 0
37.4 44.05 0
37.4 44 0
37.4 43.95 0
37.4 43.9 0
37.4 43.85 0
37.4 43.8 0
37.4 43.75 0
37.4 43.7 0
37.4 43.65 0
37.4 43.6 0
37.4 43.55 0
37.4 43.5 0
37.4 43.45 0
37.4 43.4 0
37.4 43.35 0
37.4 43.3 0
37.4 43.25 0
37.4 43.2 0
37.4 43.15 0
37.4 43.1 0
37.4 43.05 0
37.4 43 0
37.4 42.95 0
37.4 42.9 0
37.4 42.85 0
37.4 42.8 0
37.4 42.75 0
37.4 42.7 0
37.4 42.65 0
37.4 42.6 0
37.4 42.55 0
37.4 42.5 0
37.4 42.45 0
37.4 42.4 0
37.4 42.35 0
37.4 42.3 0
37.4 42.25 0
37.4 42.2 0
37.4 42.15 0
37.4 42.1 0
37.4 42.05 0
37.4 42 0
37.4 41.95 0
37.4 41.9 0
37.4 41.85 0
37.4 41.8 0
37.4 41.75 0
37.4 41.7 0
37.4 41.65 0
37.4 41.6 0
37.4 41.55 0
37.4 41.5 0
37.4 41.45 0
37.4 41.4 0
37.4 41.35 0
37.4 41.3 0
37.4 41.25 0
37.4 41.2 0
37.4 41.15 0
37.4 41.1 0
37.4 41.05 0
37.4 41 0
37.4 40.95 0
37.4 40.9 0
37.4 40.85 0
37.4 40.8 0
37.4 40.75 0
37.4 40.7 0
37.4 40.65 0
37.4 40.6 0
37.4 40.55 0
37.4 40.5 0
37.4 40.45 0
37.4 40.4 0
37.4 40.35 0
37.4 40.3 0
37.4 40.25 0
37.4 40.2 0
37.4 40.15 0
37.4 40.1 0
37.4 40.05 0
37.4 40 0
37.4 39.95 0
37.4 39.9 0
37.4 39.85 0
37.4 39.8 0
37.4 39.75 0
37.4 39.7 0
37.4 39.65 0
37.4 39.6 0
37.4 39.55 0
37.4 39.5 0
37.4 39.45 0
37.4 39.4 0
37.4 39.35 0
37.4 39.3 0
37.4 39.25 0
37.4 39.2 0
37.4 39.15 0
37.4 39.1 0
37.4 39.05 0
37.4 39 0
37.4 38.95 0
37.4 38.9 0
37.4 38.85 0
37.4 38.8 0
37.4 38.75 0
37.4 38.7 0
37.4 38.65 0
37.4 38.6 0
37.4 38.55 0
37.4 38.5 0
37.4 38.45 0
37.4 38.4 0
37.4 38.35 0
37.4 38.3 0
37.4 38.25 0
37.4 38.2 0
37.4 38.15 0
37.4 38.1 0
37.4 38.05 0
37.4 38 0
37.4 37.95 0
37.4 37.9 0
37.4 37.85 0
37.4 37.8 0
37.4 37.75 0
37.4 37.7 0
37.4 37.65 0
37.4 37.6 0
37.4 37.55 0
37.4 37.5 0
37.4 37.45 0
37.4 37.4 0
37.4 37.35 0
37.4 37.3 0
37.4 37.25 0
37.4 37.2 0
37.4 37.15 0
37.4 37.1 0
37.4 37.05 0
37.4 37 0
37.4 36.95 0
37.4 36.9 0
37.4 36.85 0
37.4 36.8 0
37.4 36.75 0
37.4 36.7 0
37.4 36.65 0
37.4 36.6 0
37.4 36.55 0
37.4 36.5 0
37.4 36.45 0
37.4 36.4 0
37.4 36.35 0
37.4 36.3 0
37.4 36.25 0
37.4 36.2 0
37.4 36.15 0
37.4 36.1 0
37.4 36.05 0
37.4 36 0
37.4 35.95 0
37.4 35.9 0
37.4 35.85 0
37.4 35.8 0
37.4 35.75 0
37.4 35.7 0
37.4 35.65 0
37.4 35.6 0
37.4 35.55 0
37.4 35.5 0
37.4 35.45 0
37.4 35.4 0
37.4 35.35 0
37.4 35.3 0
37.4 35.25 0
37.4 35.2 0
37.4 35.15 0
37.4 35.1 0
37.4 35.05 0
37.4 35 0
37.4 34.95 0
37.4 34.9 0
37.4 34.85 0
37.4 34.8 0
37.4 34.75 0
37.4 34.7 0
37.4 34.65 0
37.4 34.6 0
37.4 34.55 0
37.4 34.5 0
37.4 34.45 0
37.4 34.4 0
37.4 34.35 0
37.4 34.3 0
37.4 34.25 0
37.4 34.2 0
37.4 34.15 0
37.4 34.1 0
37.4 34.05 0
37.4 34 0
37.4 33.95 0
37.4 33.9 0
37.4 33.85 0
37.4 33.8 0
37.4 33.75 0
37.4 33.7 0
37.4 33.65 0
37.4 33.6 0
37.4 33.55 0
37.4 33.5 0
37.4 33.45 0
37.4 33.4 0
37.4 33.35 0
37.4 33.3 0
37.4 33.25 0
37.4 33.2 0
37.4 33.15 0
37.4 33.1 0
37.4 33.05 0
37.4 33 0
37.4 32.95 0
37.4 32.9 0
37.4 32.85 0
37.4 32.8 0
37.4 32.75 0
37.4 32.7 0
37.4 32.65 0
37.4 32.6 0
37.4 32.55 0
37.4 32.5 0
37.4 32.45 0
37.4 32.4 0
37.4 32.35 0
37.4 32.3 0
37.4 32.25 0
37.4 32.2 0
37.4 32.15 0
37.4 32.1 0
37.4 32.05 0
37.4 32 0
37.4 31.95 0
37.4 31.9 0
37.4 31.85 0
37.4 31.8 0
37.4 31.75 0
37.4 31.7 0
37.4 31.65 0
37.4 31.6 0
37.4 31.55 0
37.4 31.5 0
37.4 31.45 0
37.4 31.4 0
37.4 31.35 0
37.4 31.3 0
37.4 31.25 0
37.4 31.2 0
37.4 31.15 0
37.4 31.1 0
37.4 31.05 0
37.4 31 0
37.4 30.95 0
37.4 30.9 0
37.4 30.85 0
37.4 30.8 0
37.4 30.75 0
37.4 30.7 0
37.4 30.65 0
37.4 30.6 0
37.4 30.55 0
37.4 30.5 0
37.4 30.45 0
37.4 30.4 0
37.4 30.35 0
37.4 30.3 0
37.4 30.25 0
37.4 30.2 0
37.4 30.15 0
37.4 30.1 0
37.4 30.05 0
37.4 30 0
37.4 29.95 0
37.4 29.9 0
37.4 29.85 0
37.4 29.8 0
37.4 29.75 0
37.4 29.7 0
37.4 29.65 0
37.4 29.6 0
37.4 29.55 0
37.4 29.5 0
37.4 29.45 0
37.4 29.4 0
37.4 29.35 0
37.4 29.3 0
37.4 29.25 0
37.4 29.2 0
37.4 29.15 0
37.4 29.1 0
37.4 29.05 0
37.4 29 0
37.4 28.95 0
37.4 28.9 0
37.4 28.85 0
37.4 28.8 0
37.4 28.75 0
37.4 28.7 0
37.4 28.65 0
37.4 28.6 0
37.4 28.55 0
37.4 28.5 0
37.4 28.45 0
37.4 28.4 0
37.4 28.35 0
37.4 28.3 0
37.4 28.25 0
37.4 28.2 0
37.4 28.15 0
37.4 28.1 0
37.4 28.05 0
37.4 28 0
37.4 27.95 0
37.4 27.9 0
37.4 27.85 0
37.4 27.8 0
37.4 27.75 0
37.4 27.7 0
37.4 27.65 0
37.4 27.6 0
37.4 27.55 0
37.4 27.5 0
37.4 27.45 0
37.4 27.4 0
37.4 27.35 0
37.4 27.3 0
37.4 27.25 0
37.4 27.2 0
37.4 27.15 0
37.4 27.1 0
37.4 27.05 0
37.4 27 0
37.4 26.95 0
37.4 26.9 0
37.4 26.85 0
37.4 26.8 0
37.4 26.75 0
37.4 26.7 0
37.4 26.65 0
37.4 26.6 0
37.4 26.55 0
37.4 26.5 0
37.4 26.45 0
37.4 26.4 0
37.4 26.35 0
37.4 26.3 0
37.4 26.25 0
37.4 26.2 0
37.45 26.15 0
37.5 26.1 0
37.55 26.05 0
37.6 26 0
37.65 25.95 0
37.7 25.9 0
37.75 25.85 0
37.8 25.8 0
37.85 25.75 0
37.9 25.7 0
37.95 25.65 0
38 25.6 0
38.05 25.55 0
38.1 25.5 0
38.15 25.45 0
38.2 25.4 0
38.2 25.35 0
38.2 25.3 0
38.2 25.25 0
38.2 25.2 0
38.2 25.15 0
38.2 25.1 0
38.2 25.05 0
38.2 25 0
38.2 24.95 0
38.2 24.9 0
38.2 24.85 0
38.2 24.8 0
38.2 24.75 0
38.2 24.7 0
38.2 24.65 0
38.2 24.6 0
38.2 24.55 0
38.2 24.5 0
38.2 24.45 0
38.2 24.4 0
38.2 24.35 0
38.2 24.3 0
38.2 24.25 0
38.2 24.2 0
38.2 24.15 0
38.2 24.1 0
38.2 24.05 0
38.2 24 0
38.2 23.95 0
38.2 23.9 0
38.2 23.85 0
38.2 23.8 0
38.2 23.75 0
38.2 23.7 0
38.2 23.65 0
38.2 23.6 0
38.2 23.55 0
38.2 23.5 0
38.2 23.45 0
38.2 23.4 0
38.2 23.35 0
38.2 23.3 0
38.2 23.25 0
38.2 23.2 0
38.2 23.15 0
38.2 23.1 0
38.2 23.05 0
38.2 23 0
38.2 22.95 0
38.2 22.9 0
38.2 22.85 0
38.2 22.8 0
38.2 22.75 0
38.2 22.7 0
38.2 22.65 0
38.2 22.6 0
38.2 22.55 0
38.2 22.5 0
38.2 22.45 0
38.2 22.4 0
38.2 22.35 0
38.2 22.3 0
38.2 22.25 0
38.2 22.2 0
38.2 22.15 0
38.2 22.1 0
38.2 22.05 0
38.2 22 0
38.2 21.95 0
38.2 21.9 0
38.2 21.85 0
38.2 21.8 0
38.2 21.75 0
38.2 21.7 0
38.2 21.65 0
38.2 21.6 0
38.2 21.55 0
38.2 21.5 0
38.2 21.45 0
38.2 21.4 0
38.2 21.35 0
38.2 21.3 0
38.2 21.25 0
38.2 21.2 0
38.2 21.15 0
38.2 21.1 0
38.2 21.05 0
38.2 21 0
38.2 20.95 0
38.2 20.9 0
38.2 20.85 0
38.2 20.8 0
38.2 20.75 0
38.2 20.7 0
38.2 20.65 0
38.2 20.6 0
38.2 20.55 0
38.2 20.5 0
38.2 20.45 0
38.2 20.4 0
38.2 20.35 0
38.2 20.3 0
38.2 20.25 0
38.2 20.2 0
38.2 20.15 0
38.2 20.1 0
38.2 20.05 0
38.2 20 0
38.2 19.95 0
38.2 19.9 0
38.2 19.85 0
38.2 19.8 0
38.2 19.75 0
38.2 19.7 0
38.2 19.65 0
38.2 19.6 0
38.2 19.55 0
38.2 19.5 0
38.2 19.45 0
38.2 19.4 0
38.2 19.35 0
38.2 19.3 0
38.2 19.25 0
38.2 19.2 0
38.2 19.15 0
38.2 19.1 0
38.2 19.05 0
38.2 19 0
38.2 18.95 0
38.2 18.9 0
38.2 18.85 0
38.2 18.8 0
38.2 18.75 0
38.2 18.7 0
38.2 18.65 0
38.2 18.6 0
38.2 18.55 0
38.2 18.5 0
38.2 18.45 0
38.2 18.4 0
38.2 18.35 0
38.2 18.3 0
38.2 18.25 0
38.2 18.2 0
38.2 18.15 0
38.2 18.1 0
38.2 18.05 0
38.2 18 0
38.2 17.95 0
38.2 17.9 0
38.2 17.85 0
38.2 17.8 0
38.2 17.75 0
38.2 17.7 0
38.2 17.65 0
38.2 17.6 0
38.2 17.55 0
38.2 17.5 0
38.2 17.45 0
38.2 17.4 0
38.2 17.35 0
38.2 17.3 0
38.2 17.25 0
38.2 17.2 0
38.2 17.15 0
38.2 17.1 0
38.2 17.05 0
38.2 17 0
38.2 16.95 0
38.2 16.9 0
38.2 16.85 0
38.2 16.8 0
38.2 16.75 0
38.2 16.7 0
38.2 16.65 0
38.2 16.6 0
38.2 16.55 0
38.2 16.5 0
38.2 16.45 0
38.2 16.4 0
38.2 16.35 0
38.2 16.3 0
38.2 16.25 0
38.2 16.2 0
38.2 16.15 0
38.2 16.1 0
38.2 16.05 0
38.2 16 0
38.2 15.95 0
38.2 15.9 0
38.2 15.85 0
38.2 15.8 0
38.2 15.75 0
38.2 15.7 0
38.2 15.65 0
38.2 15.6 0
38.2 15.55 0
38.2 15.5 0
38.2 15.45 0
38.2 15.4 0
38.2 15.35 0
38.2 15.3 0
38.2 15.25 0
38.2 15.2 0
38.2 15.15 0
38.2 15.1 0
38.2 15.05 0
38.2 15 0
38.2 14.95 0
38.2 14.9 0
38.2 14.85 0
38.2 14.8 0
38.2 14.75 0
38.2 14.7 0
38.2 14.65 0
38.2 14.6 0
38.15 14.55 0
38.1 14.5 0
38.05 14.45 0
38 14.4 0
37.95 14.35 0
37.9 14.3 0
37.85 14.25 0
37.8 14.2 0
37.75 14.15 0
37.7 14.1 0
37.65 14.05 0
37.6 14 0
37.55 13.95 0
37.5 13.9 0
37.45 13.85 0
37.4 13.8 0
37.35 13.75 0
37.35 13.7 0
37.35 13.65 0
37.35 13.6 0
37.35 13.55 0
37.35 13.5 0
37.35 13.45 0
37.35 13.4 0
37.35 13.35 0
37.35 13.3 0
37.35 13.25 0
37.35 13.2 0
37.35 13.15 0
37.35 13.1 0
37.35 13.05 0
37.35 13 0
37.35 12.95 0
37.35 12.9 0
37.35 12.9 2
37.35 12.85 2
37.3 12.8 2
37.25 12.75 2
37.2 12.7 2
37.2 12.65 2
37.2 12.6 2
37.2 12.55 2
37.2 12.5 2
37.2 12.45 2
37.2 12.4 2
37.2 12.35 2
37.2 12.3 2
37.2 12.25 2
37.2 12.2 2
37.2 12.15 2
37.2 12.1 2
37.2 12.05 2
37.2 12 2
37.15 11.95 2
37.15 11.9 2
37.15 11.85 2
37.15 11.8 2
37.15 11.75 2
37.15 11.7 2
37.15 11.65 2
37.15 11.6 2
37.15 11.55 2
37.1 11.5 2
37.1 11.45 2
37.1 11.4 2
37.1 11.35 2
37.1 11.3 2
37.1 11.25 2
37.1 11.2 2
37.05 11.15 2
37 11.1 2
37 11.05 2
36.95 11 2
36.9 10.95 2
36.9 10.9 2
36.9 10.85 2
36.9 10.8 2
36.9 10.75 2
36.9 10.7 2
36.9 10.65 2
36.9 10.6 2
36.9 10.55 2
36.85 10.5 2
36.8 10.45 2
36.75 10.4 2
36.75 10.35 2
36.75 10.3 2
36.75 10.25 2
36.75 10.2 2
36.75 10.15 2
36.75 10.1 2
36.75 10.05 2
36.75 10 2
36.75 9.95 2
36.75 9.9 2
36.7 9.85 2
36.65 9.8 2
36.6 9.75 2
36.55 9.7 2
36.5 9.65 2
36.45 9.6 2
36.45 9.55 2
36.4 9.5 2
36.4 9.45 2
36.4 9.4 2
36.4 9.35 2
36.35 9.3 2
36.35 9.25 2
36.35 9.2 2
36.35 9.15 2
36.35 9.1 2
36.35 9.05 2
36.35 9 2
36.35 8.95 2
36.35 8.9 2
36.35 8.85 2
36.35 8.8 2
36.35 8.75 2
36.35 8.7 2
36.35 8.65 2
36.35 8.6 2
36.35 8.55 2
36.35 8.5 2
36.35 8.45 2
36.35 8.4 2
36.35 8.35 2
36.35 8.3 2
36.35 8.25 2
36.35 8.2 2
36.35 8.15 2
36.35 8.1 2
36.35 8.05 2
36.35 8 2
36.35 7.95 2
36.35 7.9 2
36.35 7.85 2
36.35 7.8 2
36.35 7.75 2
36.35 7.7 2
36.35 7.65 2
36.35 7.6 2
36.35 7.55 2
36.35 7.5 2
36.35 7.45 2
36.35 7.4 2
36.35 7.35 2
36.35 7.3 2
36.35 7.25 2
36.35 7.2 2
36.35 7.15 2
36.35 7.1 2
36.4 7.05 2
36.4 7 2
36.4 6.95 2
36.45 6.9 2
36.45 6.85 2
36.45 6.8 2
36.45 6.75 2
36.45 6.7 2
36.45 6.65 2
36.45 6.6 2
36.5 6.55 2
36.5 6.5 2
36.5 6.45 2
36.5 6.4 2
36.5 6.35 2
36.5 6.3 2
36.5 6.25 2
36.5 6.2 2
36.5 6.15 2
36.5 6.1 2
36.5 6.05 2
36.55 6 2
36.6 5.95 2
36.65 5.9 2
36.7 5.85 2
36.75 5.8 2
36.75 5.8 0
36.75 5.85 0
36.75 5.9 0
36.75 5.95 0
36.75 6 0
36.75 6.05 0
36.75 6.1 0
36.75 6.15 0
36.75 6.2 0
36.75 6.25 0
36.75 6.3 0
36.75 6.35 0
36.75 6.4 0
36.75 6.45 0
36.75 6.5 0
36.75 6.55 0
36.75 6.6 0
36.75 6.65 0
36.75 6.7 0
36.75 6.75 0
36.75 6.8 0
36.75 6.85 0
36.75 6.9 0
36.75 6.95 0
36.75 7 0
36.75 7.05 0
36.75 7.1 0
36.75 7.15 0
36.75 7.2 0
36.75 7.25 0
36.75 7.3 0
36.75 7.35 0
36.75 7.4 0
36.75 7.45 0
36.75 7.5 0
PATH 51 986
58.15 52 0
58.1 51.95 0
58.05 51.9 0
58 51.85 0
57.95 51.8 0
57.9 51.75 0
57.85 51.7 0
57.8 51.65 0
57.75 51.6 0
57.7 51.55 0
57.7 51.5 0
57.7 51.45 0
57.7 51.4 0
57.7 51.35 0
57.7 51.3 0
57.65 51.25 0
57.6 51.2 0
57.55 51.15 0
57.5 51.1 0
57.45 51.05 0
57.4 51 0
57.35 50.95 0
57.3 50.9 0
57.25 50.85 0
57.2 50.8 0
57.2 50.75 0
57.2 50.7 0
57.2 50.65 0
57.2 50.6 0
57.2 50.55 0
57.2 50.5 0
57.2 50.45 0
57.2 50.4 0
57.15 50.35 0
57.1 50.3 0
57.05 50.25 0
57 50.2 0
56.95 50.15 0
56.9 50.1 0
56.85 50.05 0
56.8 50 0
56.8 49.95 0
56.8 49.9 0
56.8 49.85 0
56.8 49.8 0
56.8 49.75 0
56.8 49.7 0
56.8 49.65 0
56.8 49.6 0
56.8 49.55 0
56.75 49.5 0
56.7 49.45 0
56.65 49.4 0
56.6 49.35 0
56.55 49.3 0
56.5 49.25 0
56.45 49.2 0
56.4 49.15 0
56.35 49.1 0
56.3 49.05 0
56.25 49 0
56.2 48.95 0
56.15 48.9 0
56.1 48.85 0
56.05 48.8 0
56 48.75 0
55.95 48.7 0
55.9 48.65 0
55.85 48.6 0
55.8 48.55 0
55.75 48.5 0
55.7 48.45 0
55.65 48.4 0
55.6 48.35 0
55.55 48.3 0
55.5 48.25 0
55.45 48.2 0
55.4 48.15 0
55.35 48.1 0
55.3 48.05 0
55.25 48 0
55.2 47.95 0
55.15 47.9 0
55.1 47.85 0
55.05 47.8 0
55 47.75 0
54.95 47.7 0
54.9 47.65 0
54.85 47.6 0
54.8 47.55 0
54.75 47.5 0
54.7 47.45 0
54.65 47.4 0
54.6 47.35 0
54.55 47.3 0
54.5 47.25 0
54.45 47.2 0
54.4 47.15 0
54.35 47.1 0
54.3 47.05 0
54.25 47 0
54.2 46.95 0
54.15 46.9 0
54.1 46.85 0
54.05 46.8 0
54 46.75 0
53.95 46.7 0
53.9 46.65 0
53.9 46.6 0
53.9 46.55 0
53.9 46.5 0
53.9 46.45 0
53.9 46.4 0
53.9 46.35 0
53.9 46.3 0
53.9 46.25 0
53.9 46.2 0
53.9 46.15 0
53.9 46.1 0
53.9 46.05 0
53.9 46 0
53.9 45.95 0
53.9 45.9 0
53.9 45.85 0
53.9 45.8 0
53.9 45.75 0
53.9 45.7 0
53.9 45.65 0
53.9 45.6 0
53.9 45.55 0
53.9 45.5 0
53.9 45.45 0
53.9 45.4 0
53.9 45.35 0
53.9 45.3 0
53.9 45.25 0
53.9 45.2 0
53.9 45.15 0
53.9 45.1 0
53.9 45.05 0
53.9 45 0
53.9 44.95 0
53.9 44.9 0
53.9 44.85 0
53.9 44.8 0
53.9 44.75 0
53.9 44.7 0
53.9 44.65 0
53.9 44.6 0
53.9 44.55 0
53.9 44.5 0
53.9 44.45 0
53.9 44.4 0
53.9 44.35 0
53.9 44.3 0
53.9 44.25 0
53.9 44.2 0
53.9 44.15 0
53.9 44.1 0
53.9 44.05 0
53.9 44 0
53.9 43.95 0
53.9 43.9 0
53.9 43.85 0
53.9 43.8 0
53.9 43.75 0
53.9 43.7 0
53.9 43.65 0
53.9 43.6 0
53.9 43.55 0
53.9 43.5 0
53.9 43.45 0
53.9 43.4 0
53.9 43.35 0
53.9 43.3 0
53.9 43.25 0
53.9 43.2 0
53.9 43.15 0
53.9 43.1 0
53.9 43.05 0
53.9 43 0
53.9 42.95 0
53.9 42.9 0
53.9 42.85 0
53.9 42.8 0
53.85 42.75 0
53.8 42.7 0
53.75 42.65 0
53.7 42.6 0
53.7 42.55 0
53.7 42.5 0
53.7 42.45 0
53.7 42.4 0
53.7 42.35 0
53.7 42.3 0
53.7 42.25 0
53.7 42.2 0
53.7 42.15 0
53.7 42.1 0
53.7 42.05 0
53.7 42 0
53.7 41.95 0
53.7 41.9 0
53.7 41.85 0
53.7 41.8 0
53.7 41.75 0
53.7 41.7 0
53.7 41.65 0
53.7 41.6 0
53.7 41.55 0
53.7 41.5 0
53.7 41.45 0
53.7 41.4 0
53.7 41.35 0
53.7 41.3 0
53.7 41.25 0
53.7 41.2 0
53.7 41.15 0
53.7 41.1 0
53.7 41.05 0
53.7 41 0
53.7 40.95 0
53.7 40.9 0
53.7 40.85 0
53.7 40.8 0
53.7 40.75 0
53.7 40.7 0
53.7 40.65 0
53.7 40.6 0
53.7 40.55 0
53.7 40.5 0
53.7 40.45 0
53.7 40.4 0
53.7 40.35 0
53.7 40.3 0
53.7 40.25 0
53.7 40.2 0
53.7 40.15 0
53.7 40.1 0
53.7 40.05 0
53.7 40 0
53.7 39.95 0
53.7 39.9 0
53.7 39.85 0
53.7 39.8 0
53.7 39.75 0
53.7 39.7 0
53.7 39.65 0
53.7 39.6 0
53.7 39.55 0
53.7 39.5 0
53.7 39.45 0
53.7 39.4 0
53.7 39.35 0
53.7 39.3 0
53.7 39.25 0
53.7 39.2 0
53.7 39.15 0
53.7 39.1 0
53.7 39.05 0
53.7 39 0
53.7 38.95 0
53.7 38.9 0
53.7 38.85 0
53.7 38.8 0
53.7 38.75 0
53.7 38.7 0
53.7 38.65 0
53.7 38.6 0
53.7 38.55 0
53.7 38.5 0
53.7 38.45 0
53.7 38.4 0
53.7 38.35 0
53.7 38.3 0
53.7 38.25 0
53.7 38.2 0
53.7 38.15 0
53.7 38.1 0
53.65 38.05 0
53.6 38 0
53.55 37.95 0
53.5 37.9 0
53.45 37.85 0
53.4 37.8 0
53.35 37.75 0
53.3 37.7 0
53.25 37.65 0
53.2 37.6 0
53.15 37.55 0
53.1 37.5 0
53.05 37.45 0
53 37.4 0
52.95 37.35 0
52.9 37.3 0
52.85 37.25 0
52.8 37.2 0
52.75 37.15 0
52.7 37.1 0
52.65 37.05 0
52.6 37 0
52.55 36.95 0
52.5 36.9 0
52.45 36.85 0
52.4 36.8 0
52.35 36.75 0
52.3 36.7 0
52.25 36.65 0
52.2 36.6 0
52.15 36.55 0
52.1 36.5 0
52.05 36.45 0
52 36.4 0
51.95 36.35 0
51.9 36.3 0
51.85 36.25 0
51.8 36.2 0
51.75 36.15 0
51.7 36.1 0
51.65 36.05 0
51.65 36 0
51.65 35.95 0
51.65 35.9 0
51.65 35.85 0
51.65 35.8 0
51.65 35.75 0
51.65 35.7 0
51.65 35.65 0
51.65 35.6 0
51.65 35.55 0
51.65 35.5 0
51.65 35.45 0
51.65 35.4 0
51.65 35.35 0
51.65 35.3 0
51.65 35.25 0
51.65 35.2 0
51.65 35.15 0
51.65 35.1 0
51.65 35.05 0
51.65 35 0
51.65 34.95 0
51.65 34.9 0
51.65 34.85 0
51.65 34.8 0
51.65 34.75 0
51.65 34.7 0
51.65 34.65 0
51.65 34.6 0
51.65 34.55 0
51.65 34.5 0
51.65 34.45 0
51.65 34.4 0
51.6 34.35 0
51.55 34.3 0
51.5 34.25 0
51.45 34.2 0
51.4 34.15 0
51.35 34.1 0
51.3 34.05 0
51.25 34 0
51.2 33.95 0
51.15 33.9 0
51.1 33.85 0
51.05 33.8 0
51 33.75 0
50.95 33.7 0
50.9 33.65 0
50.85 33.6 0
50.8 33.55 0
50.75 33.5 0
50.7 33.45 0
50.65 33.4 0
50.6 33.35 0
50.6 33.3 0
50.6 33.25 0
50.6 33.2 0
50.6 33.15 0
50.6 33.1 0
50.6 33.05 0
50.6 33 0
50.6 32.95 0
50.6 32.9 0
50.6 32.85 0
50.6 32.8 0
50.6 32.75 0
50.6 32.7 0
50.6 32.65 0
50.6 32.6 0
50.6 32.55 0
50.6 32.5 0
50.6 32.45 0
50.6 32.4 0
50.6 32.35 0
50.6 32.3 0
50.6 32.25 0
50.6 32.2 0
50.6 32.15 0
50.6 32.1 0
50.6 32.05 0
50.6 32 0
50.6 31.95 0
50.6 31.9 0
50.55 31.85 0
50.5 31.8 0
50.45 31.75 0
50.4 31.7 0
50.35 31.65 0
50.3 31.6 0
50.25 31.55 0
50.2 31.5 0
50.15 31.45 0
50.1 31.4 0
50.05 31.35 0
50 31.3 0
49.95 31.25 0
49.9 31.2 0
49.85 31.15 0
49.8 31.1 0
49.75 31.05 0
49.7 31 0
49.65 30.95 0
49.6 30.9 0
49.55 30.85 0
49.5 30.8 0
49.45 30.75 0
49.4 30.7 0
49.35 30.65 0
49.3 30.6 0
49.25 30.55 0
49.2 30.5 0
49.15 30.45 0
49.1 30.4 0
49.05 30.35 0
49 30.3 0
48.95 30.25 0
48.9 30.2 0
48.85 30.15 0
48.8 30.1 0
48.75 30.05 0
48.7 30 0
48.65 29.95 0
48.6 29.9 0
48.55 29.85 0
48.5 29.8 0
48.45 29.75 0
48.4 29.7 0
48.35 29.65 0
48.3 29.6 0
48.25 29.55 0
48.2 29.5 0
48.15 29.45 0
48.1 29.4 0
48.05 29.35 0
48 29.3 0
47.95 29.25 0
47.9 29.2 0
47.85 29.15 0
47.8 29.1 0
47.75 29.05 0
47.7 29 0
47.65 28.95 0
47.6 28.9 0
47.55 28.85 0
47.5 28.8 0
47.45 28.75 0
47.4 28.7 0
47.35 28.65 0
47.3 28.6 0
47.25 28.55 0
47.2 28.5 0
47.15 28.45 0
47.1 28.4 0
47.05 28.35 0
47 28.3 0
46.95 28.25 0
46.9 28.2 0
46.85 28.15 0
46.8 28.1 0
46.75 28.05 0
46.7 28 0
46.65 27.95 0
46.6 27.9 0
46.55 27.85 0
46.5 27.8 0
46.45 27.75 0
46.4 27.7 0
46.35 27.65 0
46.3 27.6 0
46.25 27.55 0
46.2 27.5 0
46.15 27.45 0
46.1 27.4 0
46.05 27.35 0
46 27.3 0
45.95 27.25 0
45.9 27.2 0
45.85 27.15 0
45.8 27.1 0
45.75 27.05 0
45.7 27 0
45.65 26.95 0
45.6 26.9 0
45.55 26.85 0
45.5 26.8 0
45.45 26.75 0
45.4 26.7 0
45.35 26.65 0
45.3 26.6 0
45.25 26.55 0
45.2 26.5 0
45.15 26.45 0
45.1 26.4 0
45.05 26.35 0
45 26.3 0
44.95 26.25 0
44.9 26.2 0
44.85 26.15 0
44.8 26.1 0
44.75 26.05 0
44.7 26 0
44.65 25.95 0
44.6 25.9 0
44.55 25.85 0
44.5 25.8 0
44.45 25.75 0
44.4 25.7 0
44.35 25.65 0
44.3 25.6 0
44.25 25.55 0
44.2 25.5 0
44.15 25.45 0
44.1 25.4 0
44.05 25.4 0
44 25.4 0
43.95 25.4 0
43.9 25.4 0
43.85 25.4 0
43.8 25.4 0
43.75 25.35 0
43.7 25.3 0
43.65 25.25 0
43.6 25.2 0
43.55 25.15 0
43.5 25.1 0
43.45 25.05 0
43.4 25 0
43.35 24.95 0
43.3 24.9 0
43.25 24.85 0
43.2 24.8 0
43.15 24.75 0
43.1 24.7 0
43.05 24.65 0
43 24.6 0
42.95 24.55 0
42.9 24.5 0
42.85 24.45 0
42.8 24.4 0
42.75 24.35 0
42.7 24.3 0
42.65 24.25 0
42.6 24.2 0
42.55 24.15 0
42.55 24.1 0
42.55 24.05 0
42.55 24 0
42.55 23.95 0
42.55 23.9 0
42.55 23.85 0
42.55 23.8 0
42.55 23.75 0
42.55 23.7 0
42.55 23.65 0
42.55 23.6 0
42.55 23.55 0
42.55 23.5 0
42.55 23.45 0
42.55 23.4 0
42.55 23.35 0
42.55 23.3 0
42.55 23.25 0
42.55 23.2 0
42.55 23.15 0
42.5 23.1 0
42.45 23.05 0
42.45 23 0
42.45 22.95 0
42.45 22.9 0
42.45 22.85 0
42.45 22.8 0
42.45 22.75 0
42.45 22.7 0
42.45 22.65 0
42.45 22.6 0
42.45 22.55 0
42.45 22.5 0
42.45 22.45 0
42.45 22.4 0
42.45 22.35 0
42.4 22.3 0
42.35 22.25 0
42.3 22.2 0
42.25 22.15 0
42.2 22.1 0
42.2 22.05 0
42.2 22 0
42.2 21.95 0
42.2 21.9 0
42.2 21.85 0
42.2 21.8 0
42.2 21.75 0
42.2 21.7 0
42.2 21.65 0
42.2 21.6 0
42.2 21.55 0
42.2 21.5 0
42.2 21.45 0
42.2 21.4 0
42.2 21.35 0
42.2 21.3 0
42.2 21.25 0
42.2 21.2 0
42.2 21.15 0
42.2 21.1 0
42.2 21.05 0
42.2 21 0
42.2 20.95 0
42.2 20.9 0
42.2 20.85 0
42.2 20.8 0
42.2 20.75 0
42.2 20.7 0
42.2 20.65 0
42.2 20.6 0
42.15 20.55 0
42.1 20.5 0
42.05 20.45 0
42 20.4 0
41.95 20.35 0
41.9 20.3 0
41.85 20.25 0
41.8 20.2 0
41.75 20.15 0
41.7 20.1 0
41.65 20.05 0
41.6 20 0
41.55 20 0
41.5 20 0
41.45 20 0
41.4 20 0
41.35 20 0
41.3 20 0
41.25 20 0
41.2 20 0
41.15 20 0
41.1 20 0
41.05 20 0
41.05 20 2
41 19.95 2
40.95 19.9 2
40.9 19.85 2
40.85 19.8 2
40.8 19.75 2
40.75 19.7 2
40.7 19.65 2
40.65 19.6 2
40.6 19.55 2
40.55 19.5 2
40.5 19.45 2
40.45 19.4 2
40.4 19.35 2
40.35 19.3 2
40.3 19.25 2
40.25 19.2 2
40.2 19.15 2
40.15 19.1 2
40.1 19.05 2
40.05 19 2
40 18.95 2
39.95 18.9 2
39.9 18.85 2
39.85 18.8 2
39.8 18.75 2
39.75 18.7 2
39.7 18.65 2
39.65 18.6 2
39.6 18.55 2
39.55 18.5 2
39.5 18.45 2
39.45 18.4 2
39.4 18.35 2
39.35 18.3 2
39.3 18.25 2
39.25 18.2 2
39.2 18.15 2
39.15 18.1 2
39.1 18.05 2
39.05 18 2
39 17.95 2
38.95 17.9 2
38.9 17.85 2
38.85 17.8 2
38.8 17.75 2
38.75 17.7 2
38.7 17.65 2
38.65 17.6 2
38.6 17.55 2
38.55 17.5 2
38.5 17.45 2
38.45 17.4 2
38.4 17.35 2
38.35 17.3 2
38.3 17.25 2
38.25 17.2 2
38.2 17.15 2
38.15 17.1 2
38.1 17.05 2
38.05 17 2
38 16.95 2
37.95 16.9 2
37.9 16.85 2
37.85 16.8 2
37.8 16.75 2
37.75 16.7 2
37.7 16.65 2
37.7 16.6 2
37.7 16.55 2
37.7 16.5 2
37.7 16.45 2
37.7 16.4 2
37.7 16.35 2
37.7 16.3 2
37.7 16.25 2
37.7 16.2 2
37.65 16.15 2
37.6 16.1 2
37.55 16.05 2
37.5 16 2
37.45 15.95 2
37.45 15.9 2
37.45 15.85 2
37.45 15.8 2
37.45 15.75 2
37.45 15.7 2
37.4 15.65 2
37.35 15.6 2
37.35 15.55 2
37.35 15.5 2
37.35 15.45 2
37.3 15.4 2
37.25 15.35 2
37.2 15.3 2
37.15 15.25 2
37.1 15.2 2
37.05 15.15 2
37.05 15.1 2
37.05 15.05 2
37.05 15 2
37.05 14.95 2
37.05 14.9 2
37.05 14.85 2
37 14.8 2
36.95 14.75 2
36.95 14.7 2
36.95 14.65 2
36.9 14.6 2
36.85 14.55 2
36.85 14.5 2
36.85 14.45 2
36.8 14.4 2
36.8 14.35 2
36.75 14.3 2
36.7 14.25 2
36.65 14.2 2
36.6 14.15 2
36.55 14.1 2
36.5 14.05 2
36.5 14 2
36.5 13.95 2
36.5 13.9 2
36.5 13.85 2
36.5 13.8 2
36.5 13.75 2
36.5 13.7 2
36.5 13.65 2
36.5 13.6 2
36.5 13.55 2
36.5 13.5 2
36.45 13.45 2
36.4 13.4 2
36.35 13.35 2
36.3 13.3 2
36.25 13.25 2
36.2 13.2 2
36.15 13.15 2
36.1 13.1 2
36.05 13.05 2
36 13 2
35.95 12.95 2
35.9 12.9 2
35.85 12.85 2
35.85 12.8 2
35.85 12.75 2
35.85 12.7 2
35.85 12.65 2
35.85 12.6 2
35.85 12.55 2
35.85 12.5 2
35.85 12.45 2
35.85 12.4 2
35.85 12.35 2
35.85 12.3 2
35.85 12.25 2
35.85 12.2 2
35.85 12.15 2
35.85 12.1 2
35.85 12.05 2
35.85 12 2
35.85 11.95 2
35.85 11.9 2
35.85 11.85 2
35.85 11.8 2
35.85 11.75 2
35.85 11.7 2
35.85 11.65 2
35.85 11.6 2
35.85 11.55 2
35.85 11.5 2
35.85 11.45 2
35.85 11.4 2
35.85 11.35 2
35.85 11.3 2
35.85 11.25 2
35.85 11.2 2
35.85 11.15 2
35.85 11.1 2
35.85 11.05 2
35.85 11 2
35.85 10.95 2
35.85 10.9 2
35.85 10.85 2
35.85 10.8 2
35.85 10.75 2
35.85 10.7 2
35.85 10.65 2
35.85 10.6 2
35.85 10.55 2
35.85 10.5 2
35.85 10.45 2
35.85 10.4 2
35.85 10.35 2
35.85 10.3 2
35.85 10.25 2
35.85 10.2 2
35.85 10.15 2
35.85 10.1 2
35.85 10.05 2
35.85 10 2
35.85 9.95 2
35.85 9.9 2
35.85 9.85 2
35.85 9.8 2
35.85 9.75 2
35.85 9.7 2
35.85 9.65 2
35.85 9.6 2
35.85 9.55 2
35.85 9.5 2
35.85 9.45 2
35.85 9.4 2
35.85 9.35 2
35.85 9.3 2
35.85 9.25 2
35.85 9.2 2
35.85 9.15 2
35.85 9.1 2
35.85 9.05 2
35.85 9 2
35.85 8.95 2
35.85 8.9 2
35.85 8.85 2
35.85 8.8 2
35.85 8.75 2
35.85 8.7 2
35.85 8.65 2
35.85 8.6 2
35.85 8.55 2
35.85 8.5 2
35.85 8.45 2
35.85 8.4 2
35.85 8.35 2
35.85 8.3 2
35.85 8.25 2
35.85 8.2 2
35.85 8.15 2
35.85 8.1 2
35.85 8.05 2
35.85 8 2
35.85 7.95 2
35.85 7.9 2
35.85 7.85 2
35.85 7.8 2
35.85 7.75 2
35.85 7.7 2
35.85 7.65 2
35.85 7.6 2
35.85 7.55 2
35.85 7.5 2
35.85 7.45 2
35.85 7.4 2
35.85 7.35 2
35.85 7.3 2
35.85 7.25 2
35.85 7.2 2
35.85 7.15 2
35.85 7.1 2
35.85 7.05 2
35.85 7 2
35.85 6.95 2
35.85 6.9 2
35.85 6.85 2
35.85 6.8 2
35.85 6.75 2
35.85 6.7 2
35.85 6.65 2
35.85 6.6 2
35.85 6.55 2
35.85 6.5 2
35.85 6.45 2
35.85 6.4 2
35.85 6.35 2
35.85 6.3 2
35.85 6.25 2
35.85 6.2 2
35.85 6.15 2
35.85 6.1 2
35.85 6.05 2
35.85 6 2
35.85 5.95 2
35.8 5.9 2
35.75 5.85 2
35.75 5.8 2
35.7 5.75 2
35.65 5.7 2
35.6 5.65 2
35.55 5.6 2
35.55 5.6 0
35.55 5.65 0
35.55 5.7 0
35.55 5.75 0
35.55 5.8 0
35.55 5.85 0
35.55 5.9 0
35.55 5.95 0
35.55 6 0
35.55 6.05 0
35.55 6.1 0
35.55 6.15 0
35.6 6.2 0
35.65 6.25 0
35.7 6.3 0
35.75 6.35 0
35.75 6.4 0
35.75 6.45 0
35.75 6.5 0
35.75 6.55 0
35.75 6.6 0
35.75 6.65 0
35.75 6.7 0
35.75 6.75 0
35.75 6.8 0
35.75 6.85 0
35.75 6.9 0
35.75 6.95 0
35.75 7 0
35.75 7.05 0
35.75 7.1 0
35.75 7.15 0
35.75 7.2 0
35.75 7.25 0
35.75 7.3 0
35.75 7.35 0
35.75 7.4 0
35.75 7.45 0
35.75 7.5 0
PATH 49 63
24.95 56 0
25 56.05 0
25.05 56.1 0
25.1 56.15 0
25.15 56.2 0
25.2 56.25 0
25.25 56.3 0
25.3 56.35 0
25.35 56.35 0
25.4 56.4 0
25.45 56.45 0
25.5 56.5 0
25.55 56.55 0
25.6 56.6 0
25.65 56.65 0
25.7 56.7 0
25.75 56.75 0
25.8 56.8 0
25.85 56.85 0
25.9 56.9 0
25.95 56.95 0
26 57 0
26.05 57.05 0
26.1 57.1 0
26.15 57.15 0
26.2 57.2 0
26.25 57.25 0
26.3 57.3 0
26.35 57.3 0
26.4 57.35 0
26.45 57.4 0
26.5 57.45 0
26.55 57.5 0
26.6 57.55 0
26.65 57.6 0
26.7 57.65 0
26.75 57.7 0
26.8 57.75 0
26.85 57.8 0
26.9 57.85 0
26.95 57.9 0
27 57.95 0
27.05 58 0
27.1 58.05 0
27.15 58.1 0
27.2 58.15 0
27.25 58.2 0
27.3 58.25 0
27.35 58.3 0
27.4 58.35 0
27.45 58.4 0
27.5 58.45 0
27.55 58.5 0
27.6 58.55 0
27.65 58.6 0
27.7 58.65 0
27.75 58.7 0
27.8 58.75 0
27.85 58.8 0
27.9 58.85 0
27.95 58.9 0
28 58.95 0
28.05 59 0
PATH 24 472
84.05 18 0
84 18 0
83.95 18 0
83.9 18 0
83.85 18 0
83.8 18 0
83.75 18 0
83.7 18 0
83.65 18 0
83.6 18 0
83.55 18 0
83.5 18 0
83.45 18 0
83.4 18 0
83.35 18 0
83.3 18 0
83.25 18 0
83.2 18 0
83.15 17.95 0
83.1 17.95 0
83.05 17.9 0
83 17.9 0
82.95 17.9 0
82.9 17.9 0
82.85 17.9 0
82.8 17.9 0
82.75 17.9 0
82.7 17.9 0
82.65 17.9 0
82.6 17.9 0
82.55 17.9 0
82.5 17.9 0
82.45 17.9 0
82.4 17.9 0
82.35 17.9 0
82.3 17.9 0
82.25 17.9 0
82.2 17.9 0
82.15 17.9 0
82.1 17.9 0
82.05 17.9 0
82 17.9 0
81.95 17.9 0
81.9 17.9 0
81.85 17.9 0
81.8 17.9 0
81.75 17.9 0
81.7 17.9 0
81.65 17.9 0
81.6 17.9 0
81.55 17.9 0
81.5 17.9 0
81.45 17.9 0
81.4 17.85 0
81.35 17.85 0
81.3 17.85 0
81.25 17.85 0
81.2 17.85 0
81.15 17.85 0
81.1 17.85 0
81.05 17.85 0
81 17.85 0
80.95 17.85 0
80.9 17.85 0
80.85 17.85 0
80.8 17.85 0
80.75 17.85 0
80.7 17.85 0
80.65 17.85 0
80.6 17.85 0
80.55 17.85 0
80.5 17.85 0
80.45 17.85 0
80.4 17.85 0
80.35 17.85 0
80.3 17.85 0
80.25 17.85 0
80.2 17.85 0
80.15 17.85 0
80.1 17.85 0
80.05 17.85 0
80 17.85 0
79.95 17.85 0
79.9 17.85 0
79.85 17.85 0
79.8 17.85 0
79.75 17.85 0
79.7 17.85 0
79.65 17.85 0
79.6 17.85 0
79.55 17.85 0
79.5 17.85 0
79.45 17.85 0
79.4 17.85 0
79.35 17.85 0
79.3 17.85 0
79.25 17.85 0
79.2 17.85 0
79.15 17.85 0
79.1 17.85 0
79.05 17.85 0
79 17.85 0
78.95 17.85 0
78.9 17.85 0
78.85 17.85 0
78.8 17.85 0
78.75 17.85 0
78.7 17.85 0
78.65 17.85 0
78.6 17.85 0
78.55 17.85 0
78.5 17.85 0
78.45 17.85 0
78.4 17.85 0
78.35 17.85 0
78.3 17.85 0
78.25 17.85 0
78.2 17.85 0
78.15 17.85 0
78.1 17.85 0
78.05 17.85 0
78 17.85 0
78 17.85 2
77.95 17.8 2
77.9 17.75 2
77.85 17.75 2
77.8 17.75 2
77.75 17.75 2
77.7 17.75 2
77.65 17.75 2
77.6 17.75 2
77.55 17.75 2
77.5 17.7 2
77.45 17.65 2
77.4 17.65 2
77.35 17.65 2
77.3 17.65 2
77.25 17.65 2
77.2 17.65 2
77.15 17.6 2
77.1 17.55 2
77.05 17.5 2
77 17.45 2
76.95 17.4 2
76.9 17.4 2
76.85 17.4 2
76.8 17.35 2
76.75 17.3 2
76.7 17.3 2
76.65 17.25 2
76.6 17.2 2
76.55 17.15 2
76.5 17.1 2
76.45 17.1 2
76.4 17.1 2
76.35 17.05 2
76.3 17 2
76.25 16.95 2
76.2 16.9 2
76.15 16.85 2
76.1 16.85 2
76.05 16.8 2
76 16.75 2
75.95 16.75 2
75.9 16.7 2
75.85 16.7 2
75.8 16.7 2
75.75 16.65 2
75.7 16.65 2
75.65 16.65 2
75.6 16.6 2
75.55 16.55 2
75.5 16.5 2
75.45 16.45 2
75.4 16.45 2
75.35 16.45 2
75.3 16.45 2
75.25 16.45 2
75.2 16.45 2
75.15 16.4 2
75.1 16.4 2
75.05 16.4 2
75 16.4 2
74.95 16.35 2
74.9 16.3 2
74.85 16.25 2
74.8 16.2 2
74.75 16.15 2
74.7 16.1 2
74.65 16.05 2
74.6 16 2
74.55 15.95 2
74.5 15.9 2
74.45 15.85 2
74.4 15.8 2
74.35 15.75 2
74.3 15.75 2
74.25 15.7 2
74.2 15.65 2
74.15 15.6 2
74.1 15.55 2
74.05 15.5 2
74 15.45 2
73.95 15.4 2
73.9 15.35 2
73.85 15.35 2
73.8 15.35 2
73.75 15.3 2
73.7 15.25 2
73.65 15.2 2
73.6 15.15 2
73.55 15.1 2
73.5 15.05 2
73.45 15 2
73.4 14.95 2
73.35 14.9 2
73.3 14.85 2
73.25 14.8 2
73.2 14.75 2
73.15 14.75 2
73.1 14.75 2
73.05 14.75 2
73 14.7 2
72.95 14.65 2
72.9 14.65 2
72.85 14.65 2
72.8 14.65 2
72.75 14.65 2
72.7 14.65 2
72.65 14.65 2
72.6 14.65 2
72.55 14.65 2
72.5 14.65 2
72.45 14.6 2
72.4 14.55 2
72.35 14.5 2
72.3 14.5 2
72.25 14.5 2
72.2 14.45 2
72.15 14.4 2
72.1 14.35 2
72.05 14.3 2
72 14.25 2
71.95 14.2 2
71.9 14.2 2
71.85 14.2 2
71.8 14.15 2
71.75 14.15 2
71.7 14.15 2
71.65 14.1 2
71.6 14.05 2
71.55 14 2
71.5 14 2
71.45 14 2
71.4 14 2
71.35 13.95 2
71.3 13.95 2
71.25 13.95 2
71.2 13.95 2
71.15 13.95 2
71.1 13.9 2
71.05 13.85 2
71 13.8 2
70.95 13.75 2
70.9 13.7 2
70.85 13.65 2
70.8 13.6 2
70.75 13.55 2
70.7 13.5 2
70.65 13.45 2
70.6 13.4 2
70.55 13.35 2
70.5 13.3 2
70.45 13.25 2
70.4 13.2 2
70.35 13.15 2
70.3 13.1 2
70.25 13.1 2
70.2 13.1 2
70.15 13.1 2
70.1 13.05 2
70.05 13 2
70 12.95 2
69.95 12.9 2
69.9 12.9 2
69.85 12.9 2
69.8 12.9 2
69.75 12.9 2
69.7 12.9 2
69.65 12.9 2
69.6 12.9 2
69.55 12.9 2
69.5 12.9 2
69.45 12.85 2
69.4 12.85 2
69.35 12.85 2
69.3 12.85 2
69.25 12.85 2
69.2 12.85 2
69.15 12.85 2
69.1 12.8 2
69.05 12.75 2
69 12.7 2
68.95 12.65 2
68.9 12.6 2
68.85 12.55 2
68.8 12.5 2
68.75 12.45 2
68.7 12.4 2
68.65 12.35 2
68.6 12.3 2
68.55 12.25 2
68.5 12.2 2
68.45 12.15 2
68.4 12.1 2
68.35 12.05 2
68.3 12 2
68.25 11.95 2
68.2 11.9 2
68.15 11.85 2
68.1 11.8 2
68.05 11.75 2
68 11.7 2
67.95 11.65 2
67.9 11.6 2
67.85 11.55 2
67.8 11.5 2
67.75 11.45 2
67.7 11.4 2
67.65 11.35 2
67.6 11.3 2
67.55 11.25 2
67.5 11.2 2
67.45 11.15 2
67.4 11.1 2
67.35 11.05 2
67.3 11 2
67.25 10.95 2
67.2 10.95 2
67.15 10.95 2
67.1 10.95 2
67.05 10.95 2
67 10.9 2
66.95 10.9 2
66.9 10.9 2
66.85 10.9 2
66.8 10.9 2
66.75 10.85 2
66.7 10.8 2
66.65 10.75 2
66.6 10.7 2
66.55 10.65 2
66.5 10.6 2
66.45 10.55 2
66.4 10.5 2
66.35 10.45 2
66.3 10.4 2
66.25 10.35 2
66.2 10.3 2
66.15 10.25 2
66.1 10.2 2
66.05 10.15 2
66 10.1 2
65.95 10.05 2
65.9 10 2
65.85 9.95 2
65.8 9.9 2
65.75 9.85 2
65.7 9.85 2
65.65 9.8 2
65.6 9.75 2
65.55 9.7 2
65.5 9.65 2
65.45 9.6 2
65.4 9.55 2
65.35 9.5 2
65.3 9.45 2
65.25 9.4 2
65.2 9.35 2
65.15 9.3 2
65.1 9.25 2
65.05 9.25 2
65 9.25 2
64.95 9.25 2
64.9 9.25 2
64.9 9.25 0
64.85 9.2 0
64.8 9.2 0
64.75 9.15 0
64.7 9.1 0
64.65 9.05 0
64.6 9.05 0
64.55 9 0
64.5 8.95 0
64.45 8.9 0
64.4 8.9 0
64.35 8.9 0
64.3 8.85 0
64.25 8.85 0
64.2 8.85 0
64.15 8.85 0
64.1 8.85 0
64.05 8.85 0
64 8.85 0
63.95 8.85 0
63.9 8.85 0
63.85 8.85 0
63.8 8.85 0
63.75 8.85 0
63.7 8.85 0
63.65 8.85 0
63.6 8.85 0
63.55 8.85 0
63.5 8.85 0
63.45 8.85 0
63.4 8.85 0
63.35 8.85 0
63.3 8.85 0
63.25 8.85 0
63.2 8.8 0
63.15 8.75 0
63.1 8.7 0
63.05 8.7 0
63 8.7 0
62.95 8.7 0
62.9 8.65 0
62.85 8.65 0
62.8 8.65 0
62.75 8.65 0
62.7 8.65 0
62.65 8.65 0
62.6 8.65 0
62.55 8.65 0
62.5 8.65 0
62.45 8.65 0
62.4 8.65 0
62.35 8.65 0
62.3 8.65 0
62.25 8.65 0
62.2 8.65 0
62.15 8.65 0
62.1 8.65 0
62.05 8.65 0
62 8.65 0
61.95 8.65 0
61.9 8.65 0
61.85 8.65 0
61.8 8.65 0
61.75 8.65 0
61.75 8.6 0
61.75 8.55 0
61.75 8.5 0
61.75 8.45 0
61.75 8.4 0
61.75 8.35 0
61.75 8.3 0
61.75 8.25 0
61.75 8.2 0
61.75 8.15 0
61.75 8.1 0
61.75 8.05 0
61.75 8 0
61.75 7.95 0
61.75 7.9 0
61.75 7.85 0
61.75 7.8 0
61.75 7.75 0
61.75 7.7 0
61.75 7.65 0
61.75 7.6 0
61.75 7.55 0
61.75 7.5 0
PATH 47 65
29.95 59 0
30 59.05 0
30.05 59.1 0
30.1 59.1 0
30.15 59.15 0
30.2 59.2 0
30.25 59.25 0
30.3 59.3 0
30.35 59.35 0
30.4 59.4 0
30.45 59.45 0
30.5 59.5 0
30.55 59.55 0
30.6 59.55 0
30.65 59.55 0
30.7 59.55 0
30.75 59.55 0
30.8 59.55 0
30.85 59.55 0
30.9 59.55 0
30.95 59.55 0
31 59.55 0
31.05 59.55 0
31.1 59.55 0
31.15 59.55 0
31.2 59.6 0
31.25 59.65 0
31.3 59.7 0
31.35 59.75 0
31.4 59.8 0
31.45 59.85 0
31.5 59.85 0
31.55 59.85 0
31.6 59.85 0
31.65 59.85 0
31.7 59.85 0
31.75 59.85 0
31.8 59.85 0
31.85 59.85 0
31.9 59.85 0
31.95 59.9 0
32 59.95 0
32.05 60 0
32.1 60.05 0
32.15 60.1 0
32.2 60.15 0
32.25 60.2 0
32.3 60.25 0
32.35 60.3 0
32.4 60.35 0
32.45 60.4 0
32.5 60.45 0
32.55 60.45 0
32.6 60.45 0
32.65 60.5 0
32.7 60.55 0
32.75 60.6 0
32.8 60.65 0
32.85 60.7 0
32.9 60.75 0
32.95 60.8 0
33 60.85 0
33.05 60.9 0
33.1 60.95 0
33.15 61 0
PATH 46 83
86.95 29 0
87 29 0
87.05 29 0
87.1 29 0
87.15 29 0
87.2 29 0
87.25 29 0
87.3 29 0
87.35 29 0
87.4 29 0
87.45 29 0
87.5 29 0
87.55 29 0
87.6 29 0
87.65 29 0
87.7 29 0
87.75 29 0
87.8 29 0
87.85 29 0
87.9 29 0
87.95 29 0
88 29 0
88.05 29 0
88.1 29 0
88.15 29 0
88.2 29 0
88.25 29 0
88.3 29 0
88.35 29 0
88.4 29 0
88.45 29 0
88.5 29 0
88.55 29 0
88.6 29 0
88.65 29 0
88.7 29 0
88.75 29 0
88.8 29 0
88.85 29 0
88.9 29 0
88.95 29 0
89 29 0
89.05 29 0
89.1 29 0
89.15 29 0
89.2 29 0
89.25 29 0
89.3 29 0
89.35 29 0
89.4 29 0
89.45 29 0
89.5 29 0
89.55 29 0
89.6 29 0
89.65 29 0
89.7 29 0
89.75 29 0
89.8 29 0
89.85 29 0
89.9 29 0
89.95 29 0
90 29 0
90.05 29 0
90.1 29 0
90.15 29 0
90.2 29 0
90.25 29 0
90.3 29 0
90.35 29 0
90.4 29 0
90.45 29 0
90.5 29 0
90.55 29 0
90.6 29 0
90.65 29 0
90.7 29 0
90.75 29 0
90.8 29 0
90.85 29 0
90.9 29 0
90.95 29 0
91 29 0
91.05 29 0
PATH 28 807
38.15 44 0
38.15 43.95 0
38.15 43.9 0
38.15 43.85 0
38.15 43.8 0
38.15 43.75 0
38.15 43.75 2
38.15 43.7 2
38.15 43.65 2
38.15 43.6 2
38.15 43.55 2
38.15 43.5 2
38.15 43.45 2
38.15 43.4 2
38.15 43.35 2
38.15 43.3 2
38.15 43.25 2
38.15 43.2 2
38.15 43.15 2
38.15 43.1 2
38.15 43.05 2
38.15 43 2
38.15 42.95 2
38.15 42.9 2
38.15 42.85 2
38.15 42.8 2
38.15 42.75 2
38.15 42.7 2
38.15 42.65 2
38.15 42.6 2
38.15 42.55 2
38.15 42.5 2
38.15 42.45 2
38.15 42.4 2
38.15 42.35 2
38.15 42.3 2
38.15 42.25 2
38.15 42.2 2
38.15 42.15 2
38.15 42.1 2
38.15 42.05 2
38.15 42 2
38.15 41.95 2
38.15 41.9 2
38.15 41.85 2
38.15 41.8 2
38.15 41.75 2
38.15 41.7 2
38.15 41.65 2
38.15 41.6 2
38.15 41.55 2
38.15 41.5 2
38.15 41.45 2
38.15 41.4 2
38.15 41.35 2
38.15 41.3 2
38.15 41.25 2
38.15 41.2 2
38.15 41.15 2
38.15 41.1 2
38.15 41.05 2
38.15 41 2
38.15 40.95 2
38.15 40.9 2
38.15 40.85 2
38.15 40.8 2
38.15 40.75 2
38.15 40.7 2
38.15 40.65 2
38.15 40.6 2
38.15 40.55 2
38.15 40.5 2
38.15 40.45 2
38.15 40.4 2
38.15 40.35 2
38.15 40.3 2
38.15 40.25 2
38.15 40.2 2
38.15 40.15 2
38.15 40.1 2
38.15 40.05 2
38.15 40 2
38.15 39.95 2
38.15 39.9 2
38.15 39.85 2
38.15 39.8 2
38.15 39.75 2
38.15 39.7 2
38.15 39.65 2
38.15 39.6 2
38.15 39.55 2
38.15 39.5 2
38.15 39.45 2
38.15 39.4 2
38.15 39.35 2
38.15 39.3 2
38.15 39.25 2
38.15 39.2 2
38.15 39.15 2
38.15 39.1 2
38.15 39.05 2
38.15 39 2
38.15 38.95 2
38.15 38.9 2
38.15 38.85 2
38.15 38.8 2
38.15 38.75 2
38.15 38.7 2
38.15 38.65 2
38.15 38.6 2
38.15 38.55 2
38.15 38.5 2
38.15 38.45 2
38.15 38.4 2
38.15 38.35 2
38.15 38.3 2
38.15 38.25 2
38.15 38.2 2
38.15 38.15 2
38.15 38.1 2
38.15 38.05 2
38.15 38 2
38.15 37.95 2
38.15 37.9 2
38.15 37.85 2
38.15 37.8 2
38.15 37.75 2
38.15 37.7 2
38.15 37.65 2
38.15 37.6 2
38.15 37.55 2
38.15 37.5 2
38.15 37.45 2
38.15 37.4 2
38.15 37.35 2
38.15 37.3 2
38.15 37.25 2
38.15 37.2 2
38.15 37.15 2
38.15 37.1 2
38.15 37.05 2
38.15 37 2
38.15 36.95 2
38.15 36.9 2
38.15 36.85 2
38.15 36.8 2
38.15 36.75 2
38.15 36.7 2
38.15 36.65 2
38.15 36.6 2
38.15 36.55 2
38.15 36.5 2
38.15 36.45 2
38.15 36.4 2
38.15 36.35 2
38.15 36.3 2
38.15 36.25 2
38.15 36.2 2
38.15 36.15 2
38.15 36.1 2
38.15 36.05 2
38.15 36 2
38.15 35.95 2
38.15 35.9 2
38.15 35.85 2
38.15 35.8 2
38.15 35.75 2
38.15 35.7 2
38.15 35.65 2
38.15 35.6 2
38.15 35.55 2
38.15 35.5 2
38.15 35.45 2
38.15 35.4 2
38.15 35.35 2
38.15 35.3 2
38.15 35.25 2
38.15 35.2 2
38.15 35.15 2
38.15 35.1 2
38.15 35.05 2
38.15 35 2
38.15 34.95 2
38.15 34.9 2
38.15 34.85 2
38.15 34.8 2
38.15 34.75 2
38.15 34.7 2
38.15 34.65 2
38.15 34.6 2
38.15 34.55 2
38.15 34.5 2
38.15 34.45 2
38.15 34.4 2
38.15 34.35 2
38.15 34.3 2
38.15 34.25 2
38.15 34.2 2
38.15 34.15 2
38.15 34.1 2
38.15 34.05 2
38.15 34 2
38.15 33.95 2
38.15 33.9 2
38.15 33.85 2
38.15 33.8 2
38.15 33.75 2
38.15 33.7 2
38.15 33.65 2
38.15 33.6 2
38.15 33.55 2
38.15 33.5 2
38.15 33.45 2
38.15 33.4 2
38.15 33.35 2
38.15 33.3 2
38.15 33.25 2
38.15 33.2 2
38.15 33.15 2
38.15 33.1 2
38.15 33.05 2
38.15 33 2
38.15 32.95 2
38.15 32.9 2
38.15 32.85 2
38.15 32.8 2
38.15 32.75 2
38.15 32.7 2
38.15 32.65 2
38.15 32.6 2
38.15 32.55 2
38.15 32.5 2
38.15 32.45 2
38.15 32.4 2
38.15 32.35 2
38.15 32.3 2
38.15 32.25 2
38.15 32.2 2
38.15 32.15 2
38.15 32.1 2
38.15 32.05 2
38.15 32 2
38.15 31.95 2
38.15 31.9 2
38.15 31.85 2
38.15 31.8 2
38.15 31.75 2
38.15 31.7 2
38.15 31.65 2
38.15 31.6 2
38.15 31.55 2
38.15 31.5 2
38.15 31.45 2
38.15 31.4 2
38.15 31.35 2
38.15 31.3 2
38.15 31.25 2
38.15 31.2 2
38.15 31.15 2
38.15 31.1 2
38.15 31.05 2
38.15 31 2
38.15 30.95 2
38.15 30.9 2
38.15 30.85 2
38.15 30.8 2
38.15 30.75 2
38.15 30.7 2
38.15 30.65 2
38.15 30.6 2
38.15 30.55 2
38.15 30.5 2
38.15 30.45 2
38.15 30.4 2
38.15 30.35 2
38.15 30.3 2
38.15 30.25 2
38.15 30.2 2
38.15 30.15 2
38.15 30.1 2
38.15 30.05 2
38.15 30 2
38.15 29.95 2
38.15 29.9 2
38.15 29.85 2
38.15 29.8 2
38.15 29.75 2
38.15 29.7 2
38.15 29.65 2
38.15 29.6 2
38.15 29.55 2
38.15 29.5 2
38.15 29.45 2
38.15 29.4 2
38.15 29.35 2
38.15 29.3 2
38.15 29.25 2
38.15 29.2 2
38.15 29.15 2
38.15 29.1 2
38.15 29.05 2
38.15 29 2
38.15 28.95 2
38.15 28.9 2
38.15 28.85 2
38.15 28.8 2
38.15 28.75 2
38.15 28.7 2
38.15 28.65 2
38.15 28.6 2
38.15 28.55 2
38.15 28.5 2
38.15 28.45 2
38.15 28.4 2
38.15 28.35 2
38.15 28.3 2
38.15 28.25 2
38.15 28.2 2
38.15 28.15 2
38.15 28.1 2
38.15 28.05 2
38.15 28 2
38.15 27.95 2
38.15 27.9 2
38.15 27.85 2
38.15 27.8 2
38.15 27.75 2
38.15 27.7 2
38.15 27.65 2
38.15 27.6 2
38.15 27.55 2
38.15 27.5 2
38.15 27.45 2
38.15 27.4 2
38.15 27.35 2
38.15 27.3 2
38.15 27.25 2
38.15 27.2 2
38.15 27.15 2
38.15 27.1 2
38.15 27.05 2
38.15 27 2
38.15 26.95 2
38.15 26.9 2
38.2 26.85 2
38.25 26.8 2
38.3 26.75 2
38.35 26.7 2
38.4 26.65 2
38.45 26.6 2
38.5 26.55 2
38.5 26.55 0
38.5 26.5 0
38.5 26.45 0
38.5 26.4 0
38.5 26.35 0
38.5 26.3 0
38.5 26.25 0
38.5 26.2 0
38.5 26.15 0
38.5 26.1 0
38.5 26.05 0
38.5 26 0
38.5 25.95 0
38.5 25.9 0
38.5 25.85 0
38.5 25.8 0
38.55 25.75 0
38.6 25.7 0
38.65 25.65 0
38.65 25.6 0
38.65 25.55 0
38.65 25.5 0
38.7 25.45 0
38.7 25.4 0
38.7 25.35 0
38.7 25.3 0
38.7 25.25 0
38.7 25.2 0
38.7 25.15 0
38.7 25.1 0
38.7 25.05 0
38.7 25 0
38.7 24.95 0
38.7 24.9 0
38.7 24.85 0
38.7 24.8 0
38.7 24.75 0
38.7 24.7 0
38.7 24.65 0
38.7 24.6 0
38.7 24.55 0
38.7 24.5 0
38.7 24.45 0
38.7 24.4 0
38.7 24.35 0
38.7 24.3 0
38.7 24.25 0
38.7 24.2 0
38.7 24.15 0
38.7 24.1 0
38.7 24.05 0
38.7 24 0
38.7 23.95 0
38.7 23.9 0
38.7 23.85 0
38.7 23.8 0
38.7 23.75 0
38.7 23.7 0
38.7 23.65 0
38.7 23.6 0
38.7 23.55 0
38.7 23.5 0
38.7 23.45 0
38.7 23.4 0
38.7 23.35 0
38.7 23.3 0
38.7 23.25 0
38.7 23.2 0
38.7 23.15 0
38.7 23.1 0
38.7 23.05 0
38.7 23 0
38.7 22.95 0
38.7 22.9 0
38.7 22.85 0
38.7 22.8 0
38.7 22.75 0
38.7 22.7 0
38.7 22.65 0
38.7 22.6 0
38.7 22.55 0
38.7 22.5 0
38.7 22.45 0
38.7 22.4 0
38.7 22.35 0
38.7 22.3 0
38.7 22.25 0
38.7 22.2 0
38.7 22.15 0
38.7 22.1 0
38.7 22.05 0
38.7 22 0
38.7 21.95 0
38.7 21.9 0
38.7 21.85 0
38.7 21.8 0
38.7 21.75 0
38.7 21.7 0
38.7 21.65 0
38.7 21.6 0
38.7 21.55 0
38.7 21.5 0
38.7 21.45 0
38.7 21.4 0
38.7 21.35 0
38.7 21.3 0
38.7 21.25 0
38.7 21.2 0
38.7 21.15 0
38.7 21.1 0
38.7 21.05 0
38.7 21 0
38.7 20.95 0
38.7 20.9 0
38.7 20.85 0
38.7 20.8 0
38.7 20.75 0
38.7 20.7 0
38.7 20.65 0
38.7 20.6 0
38.7 20.55 0
38.7 20.5 0
38.7 20.45 0
38.7 20.4 0
38.7 20.35 0
38.7 20.3 0
38.7 20.25 0
38.7 20.2 0
38.7 20.15 0
38.7 20.1 0
38.7 20.05 0
38.7 20 0
38.7 19.95 0
38.7 19.9 0
38.7 19.85 0
38.7 19.8 0
38.7 19.75 0
38.7 19.7 0
38.7 19.65 0
38.7 19.6 0
38.7 19.55 0
38.7 19.5 0
38.7 19.45 0
38.7 19.4 0
38.7 19.35 0
38.7 19.3 0
38.7 19.25 0
38.7 19.2 0
38.7 19.15 0
38.7 19.1 0
38.7 19.05 0
38.7 19 0
38.7 18.95 0
38.7 18.9 0
38.7 18.85 0
38.7 18.8 0
38.7 18.75 0
38.7 18.7 0
38.7 18.65 0
38.7 18.6 0
38.7 18.55 0
38.7 18.5 0
38.7 18.45 0
38.7 18.4 0
38.7 18.35 0
38.7 18.3 0
38.7 18.25 0
38.7 18.2 0
38.7 18.15 0
38.7 18.1 0
38.7 18.05 0
38.7 18 0
38.7 17.95 0
38.7 17.9 0
38.7 17.85 0
38.7 17.8 0
38.7 17.75 0
38.7 17.7 0
38.7 17.65 0
38.7 17.6 0
38.7 17.55 0
38.7 17.5 0
38.7 17.45 0
38.7 17.4 0
38.7 17.35 0
38.7 17.3 0
38.7 17.25 0
38.7 17.2 0
38.7 17.15 0
38.7 17.1 0
38.7 17.05 0
38.7 17 0
38.7 16.95 0
38.7 16.9 0
38.7 16.85 0
38.7 16.8 0
38.7 16.75 0
38.7 16.7 0
38.7 16.65 0
38.7 16.6 0
38.7 16.55 0
38.7 16.5 0
38.7 16.45 0
38.7 16.4 0
38.7 16.35 0
38.7 16.3 0
38.7 16.25 0
38.7 16.2 0
38.7 16.15 0
38.7 16.1 0
38.7 16.05 0
38.7 16 0
38.7 15.95 0
38.7 15.9 0
38.7 15.85 0
38.7 15.8 0
38.7 15.75 0
38.7 15.7 0
38.7 15.65 0
38.7 15.6 0
38.7 15.55 0
38.7 15.5 0
38.7 15.45 0
38.7 15.4 0
38.7 15.35 0
38.7 15.3 0
38.7 15.25 0
38.7 15.2 0
38.7 15.15 0
38.7 15.1 0
38.7 15.05 0
38.7 15 0
38.7 14.95 0
38.7 14.9 0
38.7 14.85 0
38.7 14.8 0
38.7 14.75 0
38.7 14.7 0
38.7 14.65 0
38.7 14.6 0
38.7 14.55 0
38.7 14.5 0
38.7 14.45 0
38.7 14.4 0
38.7 14.35 0
38.7 14.3 0
38.7 14.25 0
38.7 14.2 0
38.7 14.15 0
38.7 14.1 0
38.7 14.05 0
38.7 14 0
38.7 13.95 0
38.7 13.9 0
38.7 13.85 0
38.7 13.8 0
38.7 13.75 0
38.7 13.7 0
38.7 13.65 0
38.7 13.6 0
38.7 13.55 0
38.7 13.5 0
38.7 13.45 0
38.7 13.4 0
38.7 13.35 0
38.7 13.3 0
38.7 13.25 0
38.7 13.2 0
38.7 13.15 0
38.7 13.1 0
38.7 13.05 0
38.7 13 0
38.7 12.95 0
38.7 12.9 0
38.7 12.9 1
38.7 12.85 1
38.7 12.8 1
38.7 12.75 1
38.7 12.7 1
38.7 12.65 1
38.7 12.6 1
38.7 12.55 1
38.7 12.5 1
38.7 12.45 1
38.7 12.4 1
38.7 12.35 1
38.7 12.3 1
38.7 12.25 1
38.7 12.2 1
38.7 12.15 1
38.7 12.1 1
38.7 12.05 1
38.7 12 1
38.7 11.95 1
38.7 11.9 1
38.7 11.85 1
38.7 11.8 1
38.7 11.75 1
38.7 11.7 1
38.7 11.65 1
38.7 11.6 1
38.7 11.55 1
38.7 11.5 1
38.7 11.45 1
38.7 11.4 1
38.7 11.35 1
38.7 11.3 1
38.7 11.25 1
38.7 11.2 1
38.7 11.15 1
38.7 11.1 1
38.7 11.05 1
38.7 11 1
38.7 10.95 1
38.7 10.9 1
38.7 10.85 1
38.7 10.8 1
38.7 10.75 1
38.7 10.7 1
38.7 10.65 1
38.7 10.6 1
38.7 10.55 1
38.7 10.5 1
38.7 10.45 1
38.7 10.4 1
38.7 10.35 1
38.7 10.3 1
38.7 10.25 1
38.7 10.2 1
38.7 10.15 1
38.7 10.1 1
38.7 10.05 1
38.7 10 1
38.7 9.95 1
38.7 9.9 1
38.7 9.85 1
38.7 9.8 1
38.7 9.75 1
38.7 9.7 1
38.7 9.65 1
38.7 9.6 1
38.7 9.55 1
38.7 9.5 1
38.7 9.45 1
38.7 9.4 1
38.7 9.35 1
38.65 9.3 1
38.6 9.25 1
38.6 9.2 1
38.6 9.15 1
38.6 9.1 1
38.6 9.05 1
38.55 9 1
38.55 8.95 1
38.55 8.9 1
38.55 8.85 1
38.5 8.8 1
38.5 8.75 1
38.45 8.7 1
38.4 8.65 1
38.35 8.6 1
38.35 8.55 1
38.35 8.5 1
38.35 8.45 1
38.35 8.4 1
38.35 8.35 1
38.35 8.3 1
38.35 8.25 1
38.35 8.2 1
38.35 8.15 1
38.35 8.1 1
38.35 8.05 1
38.35 8 1
38.35 7.95 1
38.35 7.9 1
38.35 7.85 1
38.35 7.8 1
38.35 7.75 1
38.35 7.7 1
38.35 7.65 1
38.35 7.6 1
38.35 7.55 1
38.35 7.5 1
38.35 7.45 1
38.35 7.4 1
38.35 7.35 1
38.35 7.3 1
38.35 7.25 1
38.35 7.2 1
38.35 7.15 1
38.35 7.1 1
38.35 7.05 1
38.35 7 1
38.35 6.95 1
38.35 6.9 1
38.35 6.85 1
38.35 6.8 1
38.35 6.75 1
38.35 6.7 1
38.35 6.65 1
38.35 6.6 1
38.35 6.55 1
38.35 6.5 1
38.35 6.45 1
38.35 6.4 1
38.35 6.35 1
38.3 6.3 1
38.3 6.25 1
38.3 6.2 1
38.3 6.15 1
38.3 6.1 1
38.25 6.05 1
38.2 6 1
38.15 5.95 1
38.1 5.9 1
38.05 5.85 1
38 5.8 1
37.95 5.75 1
37.95 5.75 0
37.9 5.8 0
37.85 5.85 0
37.8 5.9 0
37.75 5.95 0
37.7 6 0
37.65 6.05 0
37.6 6.1 0
37.55 6.15 0
37.5 6.2 0
37.45 6.25 0
37.4 6.3 0
37.35 6.35 0
37.3 6.35 0
37.25 6.35 0
37.25 6.4 0
37.25 6.45 0
37.25 6.5 0
37.25 6.55 0
37.25 6.6 0
37.25 6.65 0
37.25 6.7 0
37.25 6.75 0
37.25 6.8 0
37.25 6.85 0
37.25 6.9 0
37.25 6.95 0
37.25 7 0
37.25 7.05 0
37.25 7.1 0
37.25 7.15 0
37.25 7.2 0
37.25 7.25 0
37.25 7.3 0
37.25 7.35 0
37.25 7.4 0
37.25 7.45 0
37.25 7.5 0
PATH 43 83
86.95 37 0
87 37 0
87.05 37 0
87.1 37 0
87.15 37 0
87.2 37 0
87.25 37 0
87.3 37 0
87.35 37 0
87.4 37 0
87.45 37 0
87.5 37 0
87.55 37 0
87.6 37 0
87.65 37 0
87.7 37 0
87.75 37 0
87.8 37 0
87.85 37 0
87.9 37 0
87.95 37 0
88 37 0
88.05 37 0
88.1 37 0
88.15 37 0
88.2 37 0
88.25 37 0
88.3 37 0
88.35 37 0
88.4 37 0
88.45 37 0
88.5 37 0
88.55 37 0
88.6 37 0
88.65 37 0
88.7 37 0
88.75 37 0
88.8 37 0
88.85 37 0
88.9 37 0
88.95 37 0
89 37 0
89.05 37 0
89.1 37 0
89.15 37 0
89.2 37 0
89.25 37 0
89.3 37 0
89.35 37 0
89.4 37 0
89.45 37 0
89.5 37 0
89.55 37 0
89.6 37 0
89.65 37 0
89.7 37 0
89.75 37 0
89.8 37 0
89.85 37 0
89.9 37 0
89.95 37 0
90 37 0
90.05 37 0
90.1 37 0
90.15 37 0
90.2 37 0
90.25 37 0
90.3 37 0
90.35 37 0
90.4 37 0
90.45 37 0
90.5 37 0
90.55 37 0
90.6 37 0
90.65 37 0
90.7 37 0
90.75 37 0
90.8 37 0
90.85 37 0
90.9 37 0
90.95 37 0
91 37 0
91.05 37 0
PATH 38 316
70.15 61.7 0
70.2 61.75 0
70.25 61.8 0
70.3 61.85 0
70.35 61.85 0
70.4 61.85 0
70.45 61.85 0
70.5 61.85 0
70.55 61.85 0
70.6 61.85 0
70.65 61.85 0
70.7 61.85 0
70.75 61.85 0
70.8 61.85 0
70.85 61.85 0
70.9 61.85 0
70.95 61.85 0
71 61.85 0
71.05 61.85 0
71.1 61.85 0
71.15 61.85 0
71.2 61.85 0
71.25 61.9 0
71.3 61.95 0
71.35 62 0
71.4 62 0
71.45 62 0
71.5 62 0
71.55 62 0
71.6 62 0
71.65 62 0
71.7 62 0
71.75 62 0
71.8 62 0
71.8 62 1
71.8 62.05 1
71.8 62.1 1
71.8 62.15 1
71.8 62.2 1
71.8 62.25 1
71.8 62.3 1
71.8 62.35 1
71.8 62.4 1
71.8 62.45 1
71.8 62.5 1
71.8 62.55 1
71.8 62.6 1
71.8 62.65 1
71.8 62.7 1
71.75 62.75 1
71.75 62.8 1
71.7 62.85 1
71.7 62.9 1
71.7 62.95 1
71.7 63 1
71.65 63.05 1
71.65 63.1 1
71.65 63.15 1
71.65 63.2 1
71.65 63.25 1
71.65 63.3 1
71.65 63.35 1
71.65 63.4 1
71.65 63.45 1
71.65 63.5 1
71.65 63.55 1
71.65 63.6 1
71.65 63.65 1
71.65 63.7 1
71.65 63.75 1
71.65 63.8 1
71.65 63.85 1
71.65 63.9 1
71.65 63.95 1
71.65 64 1
71.65 64.05 1
71.65 64.1 1
71.65 64.15 1
71.65 64.2 1
71.65 64.25 1
71.65 64.3 1
71.65 64.35 1
71.65 64.4 1
71.65 64.45 1
71.65 64.5 1
71.65 64.55 1
71.65 64.6 1
71.65 64.65 1
71.65 64.7 1
71.65 64.75 1
71.65 64.8 1
71.65 64.85 1
71.65 64.9 1
71.65 64.95 1
71.65 65 1
71.65 65.05 1
71.65 65.1 1
71.65 65.15 1
71.65 65.2 1
71.65 65.25 1
71.65 65.3 1
71.65 65.35 1
71.65 65.4 1
71.65 65.45 1
71.65 65.5 1
71.65 65.55 1
71.65 65.6 1
71.65 65.65 1
71.65 65.7 1
71.65 65.75 1
71.65 65.8 1
71.65 65.85 1
71.65 65.9 1
71.65 65.95 1
71.65 66 1
71.65 66.05 1
71.65 66.1 1
71.65 66.15 1
71.65 66.2 1
71.65 66.25 1
71.65 66.3 1
71.65 66.35 1
71.65 66.4 1
71.65 66.45 1
71.65 66.5 1
71.65 66.55 1
71.65 66.6 1
71.65 66.65 1
71.65 66.7 1
71.65 66.75 1
71.65 66.8 1
71.65 66.85 1
71.65 66.9 1
71.65 66.95 1
71.65 67 1
71.65 67.05 1
71.65 67.1 1
71.65 67.15 1
71.65 67.2 1
71.65 67.25 1
71.65 67.3 1
71.65 67.35 1
71.65 67.4 1
71.65 67.45 1
71.65 67.5 1
71.65 67.55 1
71.65 67.6 1
71.65 67.65 1
71.65 67.7 1
71.65 67.75 1
71.65 67.8 1
71.65 67.85 1
71.65 67.9 1
71.65 67.95 1
71.65 68 1
71.65 68.05 1
71.65 68.1 1
71.65 68.15 1
71.65 68.2 1
71.65 68.25 1
71.65 68.3 1
71.65 68.35 1
71.65 68.4 1
71.65 68.45 1
71.65 68.5 1
71.65 68.55 1
71.65 68.6 1
71.65 68.65 1
71.65 68.7 1
71.65 68.75 1
71.65 68.8 1
71.65 68.85 1
71.65 68.9 1
71.65 68.95 1
71.65 69 1
71.65 69.05 1
71.65 69.1 1
71.65 69.15 1
71.65 69.2 1
71.65 69.25 1
71.65 69.3 1
71.65 69.35 1
71.65 69.4 1
71.65 69.45 1
71.65 69.5 1
71.65 69.55 1
71.65 69.6 1
71.65 69.65 1
71.65 69.7 1
71.65 69.75 1
71.65 69.8 1
71.65 69.85 1
71.65 69.9 1
71.65 69.95 1
71.65 70 1
71.65 70.05 1
71.65 70.1 1
71.65 70.15 1
71.65 70.2 1
71.65 70.25 1
71.65 70.3 1
71.65 70.35 1
71.65 70.4 1
71.65 70.45 1
71.65 70.5 1
71.65 70.55 1
71.65 70.6 1
71.65 70.65 1
71.65 70.7 1
71.65 70.75 1
71.65 70.8 1
71.65 70.85 1
71.65 70.9 1
71.65 70.95 1
71.65 71 1
71.65 71.05 1
71.65 71.1 1
71.65 71.15 1
71.65 71.2 1
71.65 71.25 1
71.65 71.3 1
71.6 71.35 1
71.55 71.4 1
71.55 71.4 0
71.55 71.45 0
71.55 71.5 0
71.5 71.55 0
71.45 71.6 0
71.4 71.65 0
71.35 71.7 0
71.3 71.75 0
71.25 71.8 0
71.2 71.85 0
71.15 71.9 0
71.1 71.95 0
71.05 72 0
71 72.05 0
70.95 72.1 0
70.9 72.15 0
70.85 72.2 0
70.8 72.25 0
70.8 72.3 0
70.8 72.35 0
70.8 72.4 0
70.8 72.45 0
70.8 72.5 0
70.8 72.55 0
70.8 72.6 0
70.8 72.65 0
70.8 72.7 0
70.8 72.75 0
70.8 72.8 0
70.8 72.85 0
70.8 72.9 0
70.8 72.95 0
70.8 73 0
70.8 73.05 0
70.8 73.1 0
70.8 73.15 0
70.8 73.2 0
70.8 73.25 0
70.8 73.3 0
70.8 73.35 0
70.8 73.4 0
70.8 73.45 0
70.8 73.5 0
70.8 73.55 0
70.8 73.6 0
70.8 73.65 0
70.8 73.7 0
70.8 73.75 0
70.8 73.8 0
70.8 73.85 0
70.8 73.9 0
70.8 73.95 0
70.8 74 0
70.8 74.05 0
70.8 74.1 0
70.8 74.15 0
70.8 74.2 0
70.8 74.25 0
70.8 74.3 0
70.8 74.35 0
70.8 74.4 0
70.8 74.45 0
70.8 74.5 0
70.8 74.55 0
70.8 74.6 0
70.8 74.65 0
70.8 74.7 0
70.8 74.75 0
70.8 74.8 0
70.85 74.85 0
70.9 74.9 0
70.95 74.95 0
71 75 0
71.05 75.05 0
71.1 75.1 0
71.15 75.15 0
71.2 75.2 0
71.25 75.25 0
71.3 75.3 0
71.35 75.35 0
71.4 75.4 0
71.45 75.45 0
71.5 75.5 0
71.55 75.55 0
71.6 75.6 0
71.65 75.65 0
71.7 75.7 0
71.75 75.75 0
71.8 75.8 0
71.85 75.85 0
71.9 75.9 0
71.95 75.95 0
72 76 0
PATH 37 226
75.85 66.9 0
75.9 66.95 0
75.95 67 0
76 67.05 0
76.05 67.1 0
76.1 67.15 0
76.15 67.2 0
76.2 67.25 0
76.25 67.3 0
76.3 67.35 0
76.35 67.4 0
76.4 67.45 0
76.45 67.5 0
76.5 67.55 0
76.55 67.6 0
76.6 67.65 0
76.65 67.7 0
76.7 67.75 0
76.75 67.8 0
76.8 67.85 0
76.85 67.9 0
76.9 67.95 0
76.95 68 0
77 68.05 0
77.05 68.1 0
77.1 68.15 0
77.15 68.2 0
77.2 68.25 0
77.25 68.3 0
77.3 68.35 0
77.35 68.4 0
77.4 68.45 0
77.45 68.5 0
77.5 68.55 0
77.55 68.6 0
77.6 68.65 0
77.65 68.7 0
77.7 68.75 0
77.75 68.8 0
77.8 68.85 0
77.85 68.9 0
77.9 68.95 0
77.95 69 0
78 69.05 0
78.05 69.1 0
78.1 69.15 0
78.15 69.2 0
78.2 69.25 0
78.25 69.3 0
78.3 69.35 0
78.35 69.4 0
78.4 69.45 0
78.45 69.5 0
78.5 69.55 0
78.55 69.6 0
78.6 69.65 0
78.65 69.7 0
78.7 69.75 0
78.75 69.8 0
78.8 69.85 0
78.85 69.9 0
78.9 69.95 0
78.95 70 0
79 70.05 0
79.05 70.1 0
79.1 70.15 0
79.15 70.2 0
79.2 70.25 0
79.25 70.3 0
79.3 70.35 0
79.35 70.4 0
79.4 70.45 0
79.45 70.5 0
79.5 70.55 0
79.55 70.6 0
79.6 70.65 0
79.65 70.7 0
79.7 70.75 0
79.75 70.8 0
79.8 70.85 0
79.85 70.9 0
79.9 70.95 0
79.95 71 0
80 71.05 0
80.05 71.1 0
80.1 71.15 0
80.15 71.2 0
80.2 71.25 0
80.25 71.3 0
80.3 71.35 0
80.35 71.4 0
80.4 71.45 0
80.45 71.5 0
80.5 71.55 0
80.55 71.6 0
80.6 71.65 0
80.65 71.7 0
80.7 71.75 0
80.75 71.8 0
80.8 71.85 0
80.85 71.9 0
80.9 71.95 0
80.95 72 0
81 72.05 0
81.05 72.1 0
81.1 72.15 0
81.15 72.2 0
81.2 72.25 0
81.25 72.25 0
81.3 72.25 0
81.35 72.25 0
81.4 72.25 0
81.45 72.25 0
81.5 72.25 0
81.55 72.25 0
81.6 72.25 0
81.65 72.25 0
81.7 72.25 0
81.75 72.25 0
81.8 72.25 0
81.85 72.25 0
81.9 72.25 0
81.95 72.25 0
82 72.25 0
82.05 72.25 0
82.1 72.25 0
82.15 72.25 0
82.2 72.25 0
82.25 72.25 0
82.3 72.25 0
82.35 72.25 0
82.4 72.25 0
82.45 72.25 0
82.5 72.25 0
82.55 72.25 0
82.6 72.25 0
82.65 72.25 0
82.7 72.25 0
82.75 72.25 0
82.8 72.25 0
82.85 72.25 0
82.9 72.25 0
82.95 72.25 0
83 72.25 0
83.05 72.25 0
83.1 72.25 0
83.15 72.25 0
83.2 72.25 0
83.25 72.25 0
83.3 72.25 0
83.35 72.25 0
83.35 72.3 0
83.35 72.35 0
83.35 72.4 0
83.35 72.45 0
83.35 72.5 0
83.35 72.55 0
83.35 72.6 0
83.35 72.65 0
83.35 72.7 0
83.35 72.75 0
83.35 72.8 0
83.35 72.85 0
83.35 72.9 0
83.35 72.95 0
83.35 73 0
83.35 73.05 0
83.35 73.1 0
83.35 73.15 0
83.35 73.2 0
83.35 73.25 0
83.35 73.3 0
83.35 73.35 0
83.35 73.4 0
83.35 73.45 0
83.35 73.5 0
83.35 73.55 0
83.35 73.6 0
83.35 73.65 0
83.35 73.7 0
83.35 73.75 0
83.35 73.8 0
83.35 73.85 0
83.35 73.9 0
83.35 73.95 0
83.35 74 0
83.35 74.05 0
83.35 74.1 0
83.35 74.15 0
83.35 74.2 0
83.35 74.25 0
83.35 74.3 0
83.35 74.35 0
83.35 74.4 0
83.35 74.45 0
83.35 74.5 0
83.35 74.55 0
83.35 74.6 0
83.35 74.65 0
83.4 74.7 0
83.45 74.75 0
83.5 74.8 0
83.55 74.85 0
83.6 74.9 0
83.65 74.95 0
83.7 75 0
83.75 75.05 0
83.8 75.1 0
83.85 75.15 0
83.9 75.2 0
83.95 75.25 0
84 75.3 0
84.05 75.35 0
84.1 75.4 0
84.15 75.45 0
84.2 75.5 0
84.25 75.55 0
84.3 75.6 0
84.35 75.65 0
84.4 75.7 0
84.45 75.75 0
84.5 75.8 0
84.55 75.85 0
84.6 75.9 0
84.65 75.95 0
84.7 76 0
PATH 32 293
84.85 62.4 0
84.9 62.45 0
84.95 62.5 0
85 62.5 0
85.05 62.5 0
85.1 62.5 0
85.15 62.5 0
85.2 62.5 0
85.25 62.5 0
85.3 62.5 0
85.35 62.5 0
85.4 62.5 0
85.45 62.5 0
85.5 62.5 0
85.55 62.5 0
85.6 62.5 0
85.65 62.5 0
85.7 62.5 0
85.75 62.5 0
85.8 62.5 0
85.85 62.5 0
85.9 62.5 0
85.95 62.5 0
85.95 62.55 0
85.95 62.6 0
85.95 62.65 0
85.95 62.7 0
85.95 62.75 0
85.95 62.8 0
85.95 62.85 0
85.95 62.9 0
85.95 62.95 0
85.95 63 0
85.95 63.05 0
85.95 63.1 0
85.95 63.15 0
85.95 63.2 0
85.95 63.25 0
85.95 63.3 0
85.95 63.35 0
85.95 63.4 0
85.95 63.45 0
85.95 63.5 0
85.95 63.55 0
85.95 63.6 0
85.95 63.65 0
85.95 63.7 0
85.95 63.75 0
85.95 63.8 0
85.95 63.85 0
85.95 63.9 0
85.95 63.95 0
85.95 64 0
85.95 64.05 0
85.95 64.1 0
85.95 64.15 0
85.95 64.2 0
85.95 64.25 0
85.95 64.3 0
85.95 64.35 0
85.95 64.4 0
85.95 64.45 0
85.95 64.5 0
85.95 64.55 0
85.95 64.6 0
85.95 64.65 0
85.95 64.7 0
85.95 64.75 0
85.95 64.8 0
85.95 64.85 0
85.95 64.9 0
85.95 64.95 0
85.95 65 0
85.95 65.05 0
85.95 65.1 0
85.95 65.15 0
85.95 65.2 0
85.95 65.25 0
85.95 65.3 0
85.95 65.35 0
85.95 65.4 0
85.95 65.45 0
85.95 65.5 0
85.95 65.55 0
85.95 65.6 0
85.95 65.65 0
85.95 65.7 0
85.95 65.75 0
85.95 65.8 0
85.95 65.85 0
85.95 65.9 0
85.95 65.95 0
85.95 66 0
85.95 66.05 0
85.95 66.1 0
85.95 66.15 0
85.95 66.2 0
85.95 66.25 0
85.95 66.3 0
85.95 66.35 0
85.95 66.4 0
85.95 66.45 0
85.95 66.5 0
85.95 66.55 0
85.95 66.6 0
85.95 66.65 0
85.95 66.7 0
85.95 66.75 0
85.95 66.8 0
85.95 66.85 0
85.95 66.9 0
85.95 66.95 0
85.95 67 0
85.95 67.05 0
85.95 67.1 0
85.95 67.15 0
85.95 67.2 0
85.95 67.25 0
85.95 67.3 0
85.95 67.35 0
85.95 67.4 0
85.95 67.45 0
85.95 67.5 0
85.95 67.55 0
85.95 67.6 0
85.95 67.65 0
85.95 67.7 0
85.95 67.75 0
85.95 67.8 0
85.95 67.85 0
85.95 67.9 0
85.95 67.95 0
85.95 68 0
85.95 68.05 0
85.95 68.1 0
85.95 68.15 0
85.95 68.2 0
85.95 68.25 0
85.95 68.3 0
85.95 68.35 0
85.95 68.4 0
85.95 68.45 0
85.95 68.5 0
85.95 68.55 0
85.95 68.6 0
85.95 68.65 0
85.95 68.7 0
85.95 68.75 0
85.95 68.8 0
85.95 68.85 0
85.95 68.9 0
85.95 68.95 0
85.95 69 0
85.95 69.05 0
85.95 69.1 0
86 69.15 0
86 69.2 0
86 69.25 0
86 69.3 0
86 69.35 0
86 69.4 0
86 69.45 0
86 69.5 0
86 69.55 0
86 69.6 0
86 69.65 0
86 69.7 0
86 69.75 0
86 69.8 0
86 69.85 0
86 69.9 0
86 69.95 0
86 70 0
86 70.05 0
86 70.1 0
86 70.15 0
86 70.2 0
86 70.25 0
86 70.3 0
86 70.35 0
86 70.4 0
86 70.45 0
86 70.5 0
86 70.55 0
86 70.6 0
86 70.65 0
86 70.7 0
86 70.75 0
86 70.8 0
86 70.85 0
86 70.9 0
86 70.95 0
86 71 0
86 71.05 0
86 71.1 0
86 71.15 0
86 71.2 0
86 71.25 0
86 71.3 0
86 71.35 0
86 71.4 0
86 71.45 0
86 71.5 0
86 71.55 0
86 71.6 0
86 71.65 0
86 71.7 0
86 71.75 0
86 71.8 0
86 71.85 0
86 71.9 0
86 71.95 0
86 72 0
86 72.05 0
86 72.1 0
86 72.15 0
86 72.2 0
86 72.25 0
86 72.3 0
86 72.35 0
86 72.4 0
86 72.45 0
86 72.5 0
86 72.55 0
86 72.6 0
86 72.65 0
86 72.7 0
86 72.75 0
86 72.8 0
86 72.85 0
86 72.9 0
86 72.95 0
86 73 0
86 73.05 0
86 73.1 0
86 73.15 0
86 73.2 0
86 73.25 0
86 73.3 0
86 73.35 0
86 73.4 0
86 73.45 0
86 73.5 0
86 73.55 0
86 73.6 0
86 73.65 0
86 73.7 0
86 73.75 0
86 73.8 0
86 73.85 0
86 73.9 0
86 73.95 0
86 74 0
86 74.05 0
86 74.1 0
86 74.15 0
86 74.2 0
86 74.25 0
86 74.3 0
86 74.35 0
86 74.4 0
86 74.45 0
86 74.5 0
86 74.55 0
86 74.6 0
86 74.65 0
86 74.7 0
86 74.75 0
86.05 74.8 0
86.1 74.85 0
86.15 74.9 0
86.2 74.95 0
86.25 75 0
86.3 75.05 0
86.35 75.1 0
86.4 75.15 0
86.45 75.2 0
86.5 75.25 0
86.55 75.3 0
86.6 75.35 0
86.65 75.4 0
86.7 75.45 0
86.75 75.5 0
86.8 75.55 0
86.85 75.6 0
86.9 75.65 0
86.95 75.7 0
87 75.75 0
87.05 75.8 0
87.1 75.85 0
87.15 75.9 0
87.2 75.95 0
87.25 76 0
PATH 33 415
70.15 64.35 0
70.1 64.35 0
70.05 64.35 0
70 64.35 0
69.95 64.35 0
69.9 64.35 0
69.85 64.35 0
69.8 64.35 0
69.75 64.35 0
69.7 64.35 0
69.65 64.35 0
69.6 64.35 0
69.55 64.35 0
69.5 64.35 0
69.45 64.35 0
69.4 64.35 0
69.35 64.35 0
69.3 64.35 0
69.25 64.35 0
69.2 64.35 0
69.15 64.35 0
69.1 64.35 0
69.05 64.35 0
69 64.35 0
68.95 64.3 0
68.9 64.25 0
68.85 64.2 0
68.8 64.15 0
68.75 64.1 0
68.7 64.05 0
68.65 64 0
68.6 63.95 0
68.55 63.9 0
68.5 63.85 0
68.45 63.8 0
68.4 63.75 0
68.4 63.75 1
68.45 63.8 1
68.5 63.85 1
68.55 63.9 1
68.6 63.95 1
68.65 64 1
68.7 64.05 1
68.75 64.1 1
68.8 64.15 1
68.85 64.2 1
68.9 64.25 1
68.95 64.3 1
69 64.35 1
69.05 64.4 1
69.1 64.45 1
69.15 64.5 1
69.2 64.55 1
69.25 64.6 1
69.3 64.65 1
69.35 64.7 1
69.4 64.75 1
69.45 64.8 1
69.5 64.85 1
69.55 64.9 1
69.6 64.95 1
69.65 65 1
69.7 65.05 1
69.75 65.1 1
69.8 65.15 1
69.85 65.2 1
69.9 65.25 1
69.95 65.3 1
70 65.35 1
70.05 65.4 1
70.05 65.45 1
70.05 65.5 1
70.05 65.55 1
70.05 65.6 1
70.1 65.65 1
70.15 65.7 1
70.15 65.75 1
70.15 65.8 1
70.15 65.85 1
70.2 65.9 1
70.25 65.95 1
70.25 66 1
70.25 66.05 1
70.25 66.1 1
70.25 66.15 1
70.3 66.2 1
70.3 66.25 1
70.35 66.3 1
70.4 66.35 1
70.45 66.4 1
70.45 66.45 1
70.45 66.5 1
70.45 66.55 1
70.5 66.6 1
70.55 66.65 1
70.55 66.7 1
70.6 66.75 1
70.6 66.8 1
70.65 66.85 1
70.65 66.9 1
70.65 66.95 1
70.7 67 1
70.75 67.05 1
70.75 67.1 1
70.8 67.15 1
70.8 67.2 1
70.85 67.25 1
70.9 67.3 1
70.9 67.35 1
70.9 67.4 1
70.9 67.45 1
70.9 67.5 1
70.9 67.55 1
70.9 67.6 1
70.9 67.65 1
70.9 67.7 1
70.9 67.75 1
70.9 67.8 1
70.9 67.85 1
70.9 67.9 1
70.9 67.95 1
70.9 68 1
70.9 68.05 1
70.9 68.1 1
70.9 68.15 1
70.9 68.2 1
70.9 68.25 1
70.9 68.3 1
70.9 68.35 1
70.9 68.4 1
70.9 68.45 1
70.9 68.5 1
70.9 68.55 1
70.9 68.6 1
70.9 68.65 1
70.9 68.7 1
70.9 68.75 1
70.9 68.8 1
70.9 68.85 1
70.9 68.9 1
70.9 68.95 1
70.9 69 1
70.9 69.05 1
70.9 69.1 1
70.9 69.15 1
70.9 69.2 1
70.9 69.25 1
70.9 69.3 1
70.9 69.35 1
70.9 69.4 1
70.9 69.45 1
70.9 69.5 1
70.9 69.55 1
70.9 69.6 1
70.9 69.65 1
70.9 69.7 1
70.9 69.75 1
70.9 69.8 1
70.9 69.85 1
70.9 69.9 1
70.9 69.95 1
70.9 70 1
70.9 70.05 1
70.9 70.1 1
70.9 70.15 1
70.9 70.2 1
70.9 70.25 1
70.9 70.3 1
70.9 70.35 1
70.9 70.4 1
70.9 70.45 1
70.9 70.5 1
70.9 70.55 1
70.9 70.6 1
70.9 70.65 1
70.9 70.7 1
70.9 70.75 1
70.9 70.8 1
70.9 70.85 1
70.9 70.9 1
70.9 70.95 1
70.9 71 1
70.9 71.05 1
70.9 71.1 1
70.9 71.15 1
70.9 71.2 1
70.9 71.25 1
70.9 71.3 1
70.9 71.35 1
70.9 71.4 1
70.9 71.45 1
70.95 71.5 1
70.95 71.55 1
70.95 71.6 1
70.95 71.65 1
71 71.7 1
71 71.75 1
71.05 71.8 1
71.1 71.85 1
71.15 71.9 1
71.2 71.95 1
71.25 71.95 1
71.3 72 1
71.35 72 1
71.4 72 1
71.45 72 1
71.5 72.05 1
71.55 72.05 1
71.6 72.05 1
71.65 72.05 1
71.7 72.05 1
71.75 72.05 1
71.8 72.05 1
71.85 72.05 1
71.9 72.05 1
71.95 72.05 1
72 72.05 1
72.05 72.05 1
72.1 72.05 1
72.15 72.05 1
72.2 72.05 1
72.25 72.05 1
72.3 72.05 1
72.35 72.05 1
72.4 72.05 1
72.45 72.05 1
72.5 72.05 1
72.55 72.05 1
72.6 72.05 1
72.65 72.05 1
72.7 72.05 1
72.75 72.05 1
72.8 72.05 1
72.85 72.05 1
72.9 72.05 1
72.95 72.05 1
73 72.05 1
73.05 72.05 1
73.1 72.05 1
73.15 72.05 1
73.2 72.05 1
73.25 72.05 1
73.3 72.05 1
73.35 72.05 1
73.4 72.05 1
73.45 72.05 1
73.5 72.05 1
73.55 72.05 1
73.6 72.05 1
73.65 72.05 1
73.7 72 1
73.75 71.95 1
73.8 71.9 1
73.85 71.85 1
73.9 71.8 1
73.95 71.75 1
74 71.7 1
74.05 71.65 1
74.05 71.65 0
74.1 71.65 0
74.15 71.65 0
74.2 71.65 0
74.25 71.65 0
74.3 71.65 0
74.35 71.65 0
74.4 71.65 0
74.45 71.65 0
74.5 71.65 0
74.55 71.65 0
74.6 71.7 0
74.65 71.75 0
74.7 71.8 0
74.75 71.8 0
74.8 71.8 0
74.85 71.85 0
74.9 71.9 0
74.95 71.95 0
75 72 0
75.05 72 0
75.1 72.05 0
75.15 72.05 0
75.2 72.1 0
75.25 72.1 0
75.3 72.1 0
75.35 72.15 0
75.4 72.2 0
75.45 72.2 0
75.5 72.2 0
75.55 72.2 0
75.6 72.2 0
75.65 72.2 0
75.7 72.2 0
75.75 72.25 0
75.8 72.3 0
75.85 72.35 0
75.9 72.4 0
75.9 72.45 0
75.9 72.5 0
75.9 72.55 0
75.9 72.6 0
75.9 72.65 0
75.9 72.7 0
75.9 72.75 0
75.9 72.8 0
75.9 72.85 0
75.9 72.9 0
75.9 72.95 0
75.9 73 0
75.9 73.05 0
75.9 73.1 0
75.9 73.15 0
75.9 73.2 0
75.9 73.25 0
75.9 73.3 0
75.9 73.35 0
75.9 73.4 0
75.9 73.45 0
75.9 73.5 0
75.9 73.55 0
75.9 73.6 0
75.9 73.65 0
75.9 73.7 0
75.9 73.75 0
75.9 73.8 0
75.9 73.85 0
75.9 73.9 0
75.9 73.95 0
75.9 74 0
75.9 74.05 0
75.9 74.1 0
75.9 74.15 0
75.9 74.2 0
75.9 74.25 0
75.9 74.3 0
75.9 74.35 0
75.9 74.4 0
75.9 74.45 0
75.9 74.5 0
75.9 74.55 0
75.9 74.6 0
75.9 74.65 0
75.95 74.65 0
76 74.65 0
76.05 74.65 0
76.1 74.65 0
76.15 74.65 0
76.2 74.65 0
76.25 74.65 0
76.3 74.65 0
76.35 74.65 0
76.4 74.65 0
76.45 74.65 0
76.5 74.65 0
76.55 74.65 0
76.6 74.65 0
76.65 74.65 0
76.7 74.65 0
76.75 74.65 0
76.8 74.65 0
76.85 74.65 0
76.9 74.65 0
76.95 74.65 0
77 74.65 0
77.05 74.65 0
77.1 74.65 0
77.15 74.65 0
77.2 74.65 0
77.25 74.65 0
77.3 74.65 0
77.35 74.65 0
77.4 74.65 0
77.45 74.65 0
77.5 74.65 0
77.55 74.65 0
77.6 74.65 0
77.65 74.65 0
77.7 74.65 0
77.75 74.65 0
77.8 74.65 0
77.85 74.65 0
77.9 74.65 0
77.95 74.65 0
78 74.65 0
78.05 74.65 0
78.1 74.65 0
78.15 74.65 0
78.2 74.65 0
78.25 74.65 0
78.3 74.7 0
78.35 74.75 0
78.4 74.8 0
78.45 74.85 0
78.5 74.9 0
78.55 74.95 0
78.6 75 0
78.65 75.05 0
78.7 75.1 0
78.75 75.15 0
78.8 75.2 0
78.85 75.25 0
78.9 75.3 0
78.95 75.35 0
79 75.4 0
79.05 75.45 0
79.1 75.5 0
79.15 75.55 0
79.2 75.6 0
79.25 75.65 0
79.3 75.7 0
79.35 75.75 0
79.4 75.8 0
79.45 75.85 0
79.5 75.9 0
79.55 75.95 0
79.6 76 0
PATH 34 515
70.15 65.65 0
70.1 65.65 0
70.05 65.65 0
70 65.65 0
69.95 65.65 0
69.9 65.65 0
69.85 65.65 0
69.8 65.65 0
69.75 65.65 0
69.7 65.65 0
69.65 65.65 0
69.6 65.65 0
69.55 65.65 0
69.5 65.65 0
69.45 65.65 0
69.4 65.65 0
69.35 65.65 0
69.3 65.65 0
69.25 65.65 0
69.2 65.65 0
69.15 65.65 0
69.1 65.65 0
69.05 65.65 0
69 65.65 0
68.95 65.65 0
68.9 65.65 0
68.85 65.65 0
68.8 65.65 0
68.75 65.65 0
68.7 65.65 0
68.65 65.65 0
68.6 65.65 0
68.55 65.65 0
68.5 65.65 0
68.45 65.65 0
68.4 65.65 0
68.35 65.65 0
68.3 65.65 0
68.25 65.65 0
68.2 65.65 0
68.15 65.65 0
68.1 65.65 0
68.05 65.65 0
68 65.65 0
67.95 65.65 0
67.9 65.65 0
67.85 65.65 0
67.8 65.65 0
67.75 65.65 0
67.7 65.65 0
67.65 65.65 0
67.6 65.65 0
67.55 65.65 0
67.5 65.65 0
67.45 65.7 0
67.4 65.7 0
67.35 65.7 0
67.3 65.7 0
67.25 65.7 0
67.2 65.7 0
67.15 65.75 0
67.1 65.8 0
67.05 65.85 0
67 65.85 0
66.95 65.9 0
66.9 65.95 0
66.85 66 0
66.8 66.05 0
66.75 66.05 0
66.7 66.05 0
66.65 66.05 0
66.6 66.05 0
66.55 66.05 0
66.5 66.1 0
66.45 66.1 0
66.4 66.15 0
66.35 66.2 0
66.3 66.25 0
66.25 66.3 0
66.2 66.35 0
66.15 66.35 0
66.1 66.4 0
66.05 66.4 0
66 66.4 0
66 66.45 0
66 66.5 0
66 66.55 0
66 66.6 0
66 66.65 0
66 66.7 0
66 66.75 0
66 66.8 0
66 66.85 0
66 66.9 0
66 66.95 0
66 67 0
66 67.05 0
66 67.1 0
66 67.15 0
66 67.2 0
66 67.25 0
66 67.3 0
66 67.35 0
66 67.4 0
66 67.45 0
66 67.5 0
66 67.55 0
66 67.6 0
66 67.65 0
66 67.7 0
66 67.75 0
66 67.8 0
66 67.85 0
66 67.9 0
66 67.95 0
66 68 0
66 68.05 0
66 68.1 0
66 68.15 0
66 68.2 0
66 68.25 0
66 68.3 0
66 68.35 0
66 68.4 0
66 68.45 0
66 68.5 0
66 68.55 0
66 68.6 0
66 68.65 0
66 68.7 0
66 68.75 0
66 68.8 0
66 68.85 0
66 68.9 0
66 68.95 0
66 69 0
66 69.05 0
66 69.1 0
66 69.15 0
66 69.2 0
66 69.25 0
66 69.3 0
66 69.35 0
66 69.4 0
66 69.45 0
66 69.5 0
66 69.55 0
66 69.6 0
66.05 69.6 0
66.1 69.6 0
66.15 69.6 0
66.2 69.6 0
66.25 69.65 0
66.3 69.7 0
66.35 69.75 0
66.4 69.8 0
66.45 69.85 0
66.5 69.9 0
66.55 69.95 0
66.6 70 0
66.65 70.05 0
66.7 70.1 0
66.75 70.15 0
66.8 70.2 0
66.85 70.25 0
66.9 70.3 0
66.95 70.35 0
67 70.4 0
67.05 70.45 0
67.1 70.5 0
67.15 70.55 0
67.2 70.55 0
67.25 70.6 0
67.3 70.65 0
67.35 70.7 0
67.4 70.75 0
67.45 70.8 0
67.5 70.8 0
67.55 70.85 0
67.6 70.9 0
67.65 70.95 0
67.7 71 0
67.75 71.05 0
67.8 71.1 0
67.85 71.15 0
67.9 71.2 0
67.95 71.25 0
68 71.3 0
68.05 71.35 0
68.1 71.4 0
68.1 71.45 0
68.1 71.5 0
68.1 71.55 0
68.1 71.6 0
68.1 71.65 0
68.1 71.7 0
68.1 71.75 0
68.1 71.8 0
68.1 71.85 0
68.1 71.9 0
68.1 71.95 0
68.1 72 0
68.1 72.05 0
68.1 72.1 0
68.1 72.15 0
68.1 72.2 0
68.1 72.25 0
68.1 72.3 0
68.1 72.35 0
68.1 72.4 0
68.1 72.45 0
68.1 72.5 0
68.1 72.55 0
68.1 72.6 0
68.1 72.65 0
68.1 72.7 0
68.1 72.75 0
68.1 72.8 0
68.15 72.85 0
68.2 72.9 0
68.25 72.95 0
68.3 73 0
68.35 73.05 0
68.35 73.1 0
68.35 73.15 0
68.35 73.2 0
68.35 73.25 0
68.35 73.3 0
68.35 73.35 0
68.35 73.4 0
68.35 73.45 0
68.35 73.5 0
68.35 73.55 0
68.35 73.6 0
68.35 73.65 0
68.35 73.7 0
68.35 73.75 0
68.35 73.75 2
68.4 73.75 2
68.45 73.75 2
68.5 73.75 2
68.55 73.75 2
68.6 73.75 2
68.65 73.8 2
68.7 73.85 2
68.75 73.9 2
68.8 73.95 2
68.85 74 2
68.9 74.05 2
68.95 74.1 2
69 74.15 2
69.05 74.2 2
69.1 74.25 2
69.15 74.3 2
69.2 74.35 2
69.25 74.4 2
69.3 74.45 2
69.35 74.45 2
69.4 74.45 2
69.45 74.45 2
69.5 74.45 2
69.55 74.5 2
69.6 74.55 2
69.65 74.55 2
69.7 74.55 2
69.75 74.55 2
69.8 74.55 2
69.85 74.55 2
69.9 74.6 2
69.95 74.6 2
70 74.6 2
70.05 74.6 2
70.1 74.65 2
70.15 74.65 2
70.2 74.65 2
70.25 74.65 2
70.3 74.65 2
70.35 74.65 2
70.4 74.65 2
70.45 74.65 2
70.5 74.65 2
70.55 74.65 2
70.6 74.65 2
70.65 74.65 2
70.7 74.65 2
70.75 74.65 2
70.8 74.65 2
70.85 74.65 2
70.9 74.65 2
70.95 74.65 2
71 74.65 2
71.05 74.65 2
71.1 74.65 2
71.15 74.65 2
71.2 74.65 2
71.25 74.65 2
71.3 74.65 2
71.35 74.65 2
71.4 74.65 2
71.45 74.65 2
71.5 74.65 2
71.55 74.65 2
71.6 74.65 2
71.65 74.65 2
71.7 74.65 2
71.75 74.65 2
71.8 74.65 2
71.85 74.65 2
71.9 74.65 2
71.95 74.65 2
72 74.65 2
72.05 74.65 2
72.1 74.65 2
72.15 74.65 2
72.2 74.65 2
72.25 74.65 2
72.3 74.65 2
72.35 74.65 2
72.4 74.65 2
72.45 74.65 2
72.5 74.65 2
72.55 74.65 2
72.6 74.65 2
72.65 74.65 2
72.7 74.65 2
72.75 74.65 2
72.8 74.65 2
72.85 74.65 2
72.9 74.65 2
72.95 74.65 2
73 74.65 2
73.05 74.65 2
73.1 74.65 2
73.15 74.65 2
73.2 74.65 2
73.25 74.65 2
73.3 74.65 2
73.35 74.65 2
73.4 74.65 2
73.45 74.65 2
73.5 74.65 2
73.55 74.65 2
73.6 74.65 2
73.65 74.65 2
73.7 74.65 2
73.75 74.65 2
73.8 74.65 2
73.85 74.65 2
73.9 74.65 2
73.95 74.65 2
74 74.65 2
74.05 74.65 2
74.1 74.65 2
74.15 74.65 2
74.2 74.65 2
74.25 74.65 2
74.3 74.65 2
74.35 74.65 2
74.4 74.65 2
74.45 74.65 2
74.5 74.65 2
74.55 74.65 2
74.6 74.65 2
74.65 74.65 2
74.7 74.65 2
74.75 74.65 2
74.8 74.65 2
74.85 74.65 2
74.9 74.65 2
74.95 74.65 2
75 74.65 2
75.05 74.65 2
75.1 74.65 2
75.15 74.65 2
75.2 74.65 2
75.25 74.65 2
75.3 74.65 2
75.35 74.65 2
75.4 74.65 2
75.45 74.65 2
75.5 74.65 2
75.55 74.65 2
75.6 74.65 2
75.65 74.65 2
75.7 74.65 2
75.75 74.65 2
75.8 74.65 2
75.85 74.65 2
75.9 74.65 2
75.95 74.65 2
76 74.65 2
76.05 74.65 2
76.1 74.65 2
76.15 74.65 2
76.2 74.65 2
76.25 74.65 2
76.3 74.65 2
76.35 74.65 2
76.4 74.65 2
76.45 74.65 2
76.5 74.65 2
76.55 74.65 2
76.6 74.65 2
76.65 74.65 2
76.7 74.65 2
76.75 74.65 2
76.8 74.65 2
76.85 74.65 2
76.9 74.65 2
76.95 74.65 2
77 74.65 2
77.05 74.65 2
77.1 74.65 2
77.15 74.65 2
77.2 74.65 2
77.25 74.65 2
77.3 74.65 2
77.35 74.65 2
77.4 74.65 2
77.45 74.65 2
77.5 74.65 2
77.55 74.65 2
77.6 74.65 2
77.65 74.65 2
77.7 74.65 2
77.75 74.65 2
77.8 74.65 2
77.85 74.65 2
77.9 74.65 2
77.95 74.65 2
78 74.65 2
78.05 74.65 2
78.1 74.65 2
78.15 74.65 2
78.2 74.65 2
78.25 74.65 2
78.3 74.65 2
78.35 74.65 2
78.4 74.65 2
78.45 74.65 2
78.5 74.65 2
78.55 74.65 2
78.6 74.65 2
78.65 74.65 2
78.7 74.65 2
78.75 74.65 2
78.8 74.65 2
78.85 74.65 2
78.9 74.65 2
78.95 74.65 2
79 74.65 2
79.05 74.65 2
79.1 74.65 2
79.15 74.65 2
79.2 74.65 2
79.25 74.65 2
79.3 74.65 2
79.35 74.65 2
79.4 74.65 2
79.45 74.65 2
79.5 74.65 2
79.55 74.65 2
79.6 74.65 2
79.65 74.65 2
79.7 74.65 2
79.75 74.65 2
79.8 74.65 2
79.85 74.65 2
79.9 74.65 2
79.95 74.65 2
80 74.65 2
80.05 74.65 2
80.1 74.65 2
80.15 74.65 2
80.2 74.65 2
80.25 74.65 2
80.3 74.65 2
80.35 74.65 2
80.4 74.65 2
80.45 74.65 2
80.5 74.65 2
80.55 74.65 2
80.6 74.65 2
80.65 74.65 2
80.7 74.65 2
80.75 74.65 2
80.8 74.65 2
80.85 74.7 2
80.9 74.75 2
80.95 74.8 2
81 74.85 2
81.05 74.9 2
81.1 74.95 2
81.15 75 2
81.2 75.05 2
81.25 75.1 2
81.3 75.15 2
81.35 75.2 2
81.4 75.25 2
81.45 75.3 2
81.5 75.35 2
81.55 75.4 2
81.6 75.45 2
81.65 75.5 2
81.7 75.55 2
81.75 75.6 2
81.8 75.65 2
81.85 75.7 2
81.9 75.75 2
81.95 75.8 2
82 75.85 2
82.05 75.9 2
82.1 75.95 2
82.15 76 2
82.15 76 0
PATH 35 268
84.85 63.65 0
84.8 63.7 0
84.75 63.75 0
84.7 63.8 0
84.65 63.8 0
84.6 63.8 0
84.55 63.8 0
84.5 63.8 0
84.45 63.8 0
84.4 63.8 0
84.35 63.8 0
84.3 63.8 0
84.25 63.8 0
84.2 63.8 0
84.15 63.8 0
84.1 63.8 0
84.05 63.8 0
84 63.8 0
83.95 63.8 0
83.9 63.8 0
83.85 63.8 0
83.8 63.8 0
83.75 63.85 0
83.7 63.9 0
83.65 63.95 0
83.6 64 0
83.55 64.05 0
83.55 64.1 0
83.5 64.15 0
83.45 64.2 0
83.4 64.25 0
83.35 64.3 0
83.3 64.35 0
83.25 64.4 0
83.25 64.45 0
83.25 64.5 0
83.2 64.55 0
83.15 64.6 0
83.1 64.65 0
83.05 64.7 0
83 64.75 0
82.95 64.8 0
82.9 64.85 0
82.85 64.9 0
82.8 64.95 0
82.75 65 0
82.7 65.05 0
82.65 65.1 0
82.65 65.15 0
82.65 65.2 0
82.65 65.25 0
82.65 65.3 0
82.65 65.35 0
82.65 65.4 0
82.65 65.45 0
82.6 65.5 0
82.55 65.55 0
82.5 65.6 0
82.45 65.65 0
82.4 65.7 0
82.4 65.75 0
82.4 65.8 0
82.4 65.85 0
82.4 65.9 0
82.4 65.95 0
82.4 66 0
82.4 66.05 0
82.4 66.1 0
82.4 66.15 0
82.4 66.2 0
82.4 66.25 0
82.35 66.3 0
82.3 66.35 0
82.25 66.4 0
82.2 66.45 0
82.15 66.5 0
82.1 66.55 0
82.05 66.6 0
82 66.65 0
81.95 66.7 0
81.9 66.75 0
81.85 66.8 0
81.85 66.85 0
81.85 66.9 0
81.85 66.95 0
81.85 67 0
81.85 67.05 0
81.85 67.1 0
81.85 67.15 0
81.85 67.2 0
81.85 67.25 0
81.85 67.3 0
81.85 67.35 0
81.85 67.4 0
81.8 67.45 0
81.75 67.5 0
81.7 67.55 0
81.65 67.6 0
81.6 67.65 0
81.55 67.7 0
81.5 67.75 0
81.45 67.8 0
81.4 67.85 0
81.35 67.9 0
81.3 67.95 0
81.25 68 0
81.2 68.05 0
81.15 68.1 0
81.1 68.15 0
81.05 68.2 0
81 68.25 0
80.95 68.3 0
80.95 68.35 0
80.95 68.4 0
80.95 68.45 0
80.95 68.5 0
80.95 68.55 0
80.95 68.6 0
80.95 68.65 0
80.95 68.7 0
80.95 68.75 0
80.95 68.8 0
80.95 68.85 0
80.95 68.9 0
80.95 68.95 0
80.95 69 0
80.95 69.05 0
80.95 69.1 0
80.95 69.15 0
80.95 69.2 0
80.9 69.25 0
80.85 69.3 0
80.8 69.35 0
80.75 69.4 0
80.7 69.45 0
80.65 69.5 0
80.6 69.55 0
80.55 69.6 0
80.55 69.65 0
80.55 69.7 0
80.55 69.75 0
80.55 69.8 0
80.55 69.85 0
80.55 69.9 0
80.55 69.95 0
80.55 70 0
80.55 70.05 0
80.55 70.1 0
80.55 70.15 0
80.55 70.15 1
80.5 70.2 1
80.45 70.25 1
80.4 70.3 1
80.35 70.35 1
80.3 70.4 1
80.25 70.45 1
80.2 70.5 1
80.15 70.55 1
80.1 70.6 1
80.05 70.65 1
80 70.7 1
79.95 70.75 1
79.9 70.8 1
79.85 70.85 1
79.8 70.9 1
79.75 70.95 1
79.7 71 1
79.65 71.05 1
79.6 71.1 1
79.55 71.15 1
79.5 71.2 1
79.45 71.25 1
79.4 71.3 1
79.35 71.35 1
79.3 71.4 1
79.25 71.45 1
79.2 71.5 1
79.15 71.55 1
79.1 71.6 1
79.05 71.65 1
79 71.7 1
78.95 71.75 1
78.9 71.8 1
78.85 71.85 1
78.8 71.9 1
78.75 71.95 1
78.7 72 1
78.65 72.05 1
78.6 72.1 1
78.55 72.15 1
78.5 72.2 1
78.45 72.25 1
78.45 72.3 1
78.45 72.35 1
78.45 72.4 1
78.45 72.45 1
78.45 72.5 1
78.45 72.55 1
78.45 72.6 1
78.45 72.65 1
78.45 72.7 1
78.45 72.75 1
78.45 72.8 1
78.45 72.85 1
78.45 72.9 1
78.45 72.95 1
78.45 73 1
78.45 73.05 1
78.45 73.1 1
78.45 73.15 1
78.45 73.2 1
78.45 73.25 1
78.45 73.3 1
78.45 73.35 1
78.45 73.4 1
78.45 73.45 1
78.45 73.5 1
78.45 73.55 1
78.45 73.6 1
78.45 73.65 1
78.45 73.7 1
78.45 73.75 1
78.45 73.8 1
78.45 73.85 1
78.45 73.9 1
78.45 73.95 1
78.45 74 1
78.4 74.05 1
78.35 74.1 1
78.3 74.15 1
78.25 74.2 1
78.25 74.25 1
78.25 74.3 1
78.25 74.35 1
78.25 74.4 1
78.25 74.45 1
78.25 74.5 1
78.25 74.55 1
78.25 74.6 1
78.25 74.65 1
78.2 74.7 1
78.15 74.75 1
78.1 74.8 1
78.05 74.85 1
78 74.9 1
77.95 74.95 1
77.9 75 1
77.85 75.05 1
77.8 75.1 1
77.75 75.15 1
77.7 75.2 1
77.65 75.25 1
77.6 75.3 1
77.55 75.35 1
77.55 75.4 1
77.55 75.45 1
77.55 75.45 0
77.5 75.5 0
77.45 75.55 0
77.4 75.6 0
77.35 75.65 0
77.3 75.7 0
77.25 75.75 0
77.2 75.8 0
77.15 75.85 0
77.1 75.9 0
77.1 75.95 0
77.1 76 0
PATH 1 101
8.15 33 0
8.2 33 0
8.25 33 0
8.3 33 0
8.35 32.95 0
8.4 32.9 0
8.45 32.85 0
8.5 32.8 0
8.55 32.75 0
8.6 32.7 0
8.65 32.65 0
8.7 32.6 0
8.75 32.55 0
8.8 32.5 0
8.85 32.45 0
8.9 32.4 0
8.95 32.35 0
9 32.3 0
9.05 32.25 0
9.1 32.2 0
9.15 32.2 0
9.2 32.2 0
9.25 32.2 0
9.3 32.2 0
9.35 32.2 0
9.4 32.2 0
9.45 32.2 0
9.5 32.2 0
9.55 32.2 0
9.6 32.2 0
9.65 32.2 0
9.7 32.2 0
9.75 32.2 0
9.8 32.2 0
9.85 32.2 0
9.9 32.2 0
9.95 32.2 0
10 32.2 0
10.05 32.2 0
10.1 32.2 0
10.15 32.2 0
10.2 32.2 0
10.25 32.2 0
10.3 32.2 0
10.35 32.2 0
10.4 32.2 0
10.45 32.2 0
10.5 32.2 0
10.55 32.2 0
10.6 32.2 0
10.65 32.2 0
10.7 32.2 0
10.75 32.2 0
10.8 32.2 0
10.85 32.2 0
10.9 32.2 0
10.95 32.2 0
11 32.2 0
11.05 32.25 0
11.1 32.25 0
11.15 32.25 0
11.2 32.25 0
11.25 32.25 0
11.3 32.25 0
11.35 32.25 0
11.4 32.25 0
11.45 32.25 0
11.5 32.25 0
11.55 32.25 0
11.6 32.25 0
11.65 32.25 0
11.7 32.25 0
11.75 32.25 0
11.8 32.25 0
11.85 32.25 0
11.9 32.25 0
11.95 32.25 0
12 32.25 0
12.05 32.25 0
12.1 32.25 0
12.15 32.25 0
12.2 32.25 0
12.25 32.25 0
12.3 32.25 0
12.35 32.25 0
12.4 32.3 0
12.45 32.35 0
12.5 32.4 0
12.55 32.45 0
12.6 32.45 0
12.65 32.5 0
12.7 32.55 0
12.75 32.6 0
12.8 32.65 0
12.85 32.7 0
12.9 32.75 0
12.95 32.8 0
13 32.85 0
13.05 32.9 0
13.1 32.95 0
13.15 33 0
PATH 1 94
9.5 27.65 0
9.5 27.65 2
9.5 27.7 2
9.5 27.75 2
9.5 27.8 2
9.5 27.85 2
9.5 27.9 2
9.5 27.95 2
9.5 28 2
9.5 28.05 2
9.5 28.1 2
9.5 28.15 2
9.5 28.2 2
9.5 28.25 2
9.5 28.3 2
9.5 28.35 2
9.5 28.4 2
9.5 28.45 2
9.5 28.5 2
9.5 28.55 2
9.5 28.6 2
9.5 28.65 2
9.5 28.7 2
9.5 28.75 2
9.5 28.8 2
9.5 28.85 2
9.5 28.9 2
9.5 28.95 2
9.5 29 2
9.5 29.05 2
9.5 29.1 2
9.5 29.15 2
9.5 29.2 2
9.5 29.25 2
9.5 29.3 2
9.5 29.35 2
9.5 29.4 2
9.5 29.45 2
9.5 29.5 2
9.5 29.55 2
9.5 29.6 2
9.5 29.65 2
9.5 29.7 2
9.5 29.75 2
9.5 29.8 2
9.5 29.85 2
9.5 29.9 2
9.5 29.95 2
9.5 30 2
9.5 30.05 2
9.5 30.1 2
9.5 30.15 2
9.5 30.2 2
9.5 30.25 2
9.5 30.3 2
9.5 30.35 2
9.5 30.4 2
9.5 30.45 2
9.5 30.5 2
9.5 30.55 2
9.5 30.6 2
9.5 30.65 2
9.5 30.7 2
9.5 30.75 2
9.5 30.8 2
9.5 30.85 2
9.5 30.9 2
9.5 30.95 2
9.5 31 2
9.5 31.05 2
9.5 31.1 2
9.5 31.15 2
9.5 31.2 2
9.5 31.25 2
9.5 31.3 2
9.5 31.35 2
9.5 31.4 2
9.5 31.45 2
9.5 31.5 2
9.5 31.55 2
9.5 31.6 2
9.5 31.6 0
9.5 31.65 0
9.5 31.7 0
9.5 31.75 0
9.5 31.8 0
9.5 31.85 0
9.5 31.9 0
9.5 31.95 0
9.5 32 0
9.5 32.05 0
9.5 32.1 0
9.5 32.15 0
9.5 32.2 0
PATH 64 101
44.95 45 0
44.95 44.95 0
44.95 44.9 0
44.95 44.85 0
44.95 44.8 0
44.95 44.75 0
45 44.7 0
45.05 44.65 0
45.05 44.6 0
45.1 44.55 0
45.15 44.5 0
45.2 44.45 0
45.25 44.4 0
45.25 44.35 0
45.25 44.3 0
45.25 44.25 0
45.3 44.2 0
45.35 44.15 0
45.4 44.1 0
45.45 44.05 0
45.5 44 0
45.5 43.95 0
45.5 43.9 0
45.5 43.85 0
45.5 43.8 0
45.55 43.75 0
45.6 43.7 0
45.65 43.65 0
45.7 43.6 0
45.75 43.55 0
45.8 43.5 0
45.8 43.45 0
45.8 43.4 0
45.8 43.35 0
45.8 43.3 0
45.8 43.25 0
45.8 43.2 0
45.8 43.15 0
45.8 43.1 0
45.85 43.05 0
45.9 43 0
45.95 42.95 0
46 42.9 0
46.05 42.85 0
46.1 42.8 0
46.15 42.75 0
46.2 42.7 0
46.25 42.65 0
46.3 42.6 0
46.35 42.55 0
46.35 42.5 0
46.35 42.45 0
46.35 42.4 0
46.35 42.35 0
46.35 42.3 0
46.35 42.25 0
46.35 42.2 0
46.35 42.15 0
46.35 42.1 0
46.35 42.05 0
46.35 42 0
46.35 41.95 0
46.35 41.9 0
46.35 41.85 0
46.35 41.8 0
46.35 41.75 0
46.35 41.7 0
46.35 41.65 0
46.35 41.6 0
46.35 41.55 0
46.35 41.5 0
46.35 41.45 0
46.35 41.4 0
46.35 41.35 0
46.35 41.3 0
46.35 41.25 0
46.4 41.2 0
46.45 41.15 0
46.5 41.1 0
46.55 41.05 0
46.6 41 0
46.65 40.95 0
46.7 40.9 0
46.75 40.85 0
46.8 40.8 0
46.85 40.75 0
46.9 40.7 0
46.95 40.65 0
47 40.6 0
47.05 40.55 0
47.1 40.5 0
47.15 40.45 0
47.2 40.4 0
47.25 40.35 0
47.3 40.3 0
47.35 40.25 0
47.4 40.2 0
47.45 40.15 0
47.5 40.1 0
47.55 40.05 0
47.6 40 0
PATH 64 133
39.75 35 0
39.8 35.05 0
39.85 35.1 0
39.9 35.1 0
39.95 35.15 0
40 35.2 0
40.05 35.25 0
40.1 35.3 0
40.15 35.35 0
40.2 35.4 0
40.25 35.45 0
40.3 35.5 0
40.35 35.55 0
40.4 35.6 0
40.45 35.65 0
40.5 35.7 0
40.55 35.75 0
40.6 35.8 0
40.65 35.85 0
40.7 35.9 0
40.75 35.95 0
40.8 36 0
40.85 36.05 0
40.9 36.1 0
40.95 36.15 0
41 36.2 0
41.05 36.25 0
41.1 36.3 0
41.15 36.35 0
41.2 36.4 0
41.25 36.45 0
41.3 36.5 0
41.35 36.55 0
41.4 36.6 0
41.45 36.65 0
41.5 36.7 0
41.55 36.75 0
41.6 36.8 0
41.65 36.85 0
41.7 36.9 0
41.75 36.95 0
41.8 37 0
41.85 37.05 0
41.9 37.1 0
41.95 37.15 0
42 37.2 0
42.05 37.25 0
42.1 37.3 0
42.15 37.35 0
42.2 37.4 0
42.25 37.45 0
42.3 37.5 0
42.35 37.55 0
42.4 37.6 0
42.45 37.65 0
42.5 37.7 0
42.55 37.7 0
42.6 37.7 0
42.65 37.7 0
42.7 37.75 0
42.75 37.8 0
42.8 37.85 0
42.85 37.9 0
42.9 37.95 0
42.95 38 0
43 38.05 0
43.05 38.1 0
43.1 38.15 0
43.15 38.2 0
43.2 38.25 0
43.25 38.3 0
43.3 38.35 0
43.35 38.4 0
43.4 38.45 0
43.45 38.5 0
43.5 38.55 0
43.55 38.6 0
43.6 38.65 0
43.65 38.7 0
43.7 38.75 0
43.75 38.8 0
43.8 38.85 0
43.85 38.9 0
43.9 38.95 0
43.95 39 0
44 39.05 0
44.05 39.1 0
44.1 39.15 0
44.15 39.2 0
44.2 39.25 0
44.25 39.3 0
44.3 39.35 0
44.35 39.4 0
44.4 39.45 0
44.45 39.5 0
44.5 39.55 0
44.55 39.6 0
44.6 39.65 0
44.65 39.65 0
44.7 39.65 0
44.75 39.7 0
44.8 39.75 0
44.85 39.8 0
44.9 39.85 0
44.95 39.9 0
45 39.95 0
45.05 40 0
45.1 40.05 0
45.15 40.1 0
45.2 40.15 0
45.25 40.2 0
45.3 40.25 0
45.35 40.3 0
45.4 40.35 0
45.45 40.4 0
45.5 40.45 0
45.55 40.5 0
45.6 40.55 0
45.65 40.55 0
45.7 40.6 0
45.75 40.65 0
45.8 40.7 0
45.85 40.75 0
45.9 40.8 0
45.95 40.85 0
46 40.9 0
46.05 40.95 0
46.1 41 0
46.15 41.05 0
46.2 41.1 0
46.25 41.15 0
46.3 41.2 0
46.35 41.25 0
PATH 84 504
70.85 45 0
70.9 44.95 0
70.95 44.9 0
71 44.85 0
71.05 44.8 0
71.1 44.75 0
71.15 44.7 0
71.2 44.65 0
71.25 44.6 0
71.3 44.55 0
71.35 44.55 0
71.4 44.55 0
71.45 44.55 0
71.5 44.55 0
71.55 44.55 0
71.6 44.5 0
71.65 44.45 0
71.7 44.4 0
71.75 44.35 0
71.8 44.3 0
71.85 44.25 0
71.9 44.2 0
71.95 44.15 0
72 44.1 0
72.05 44.1 0
72.1 44.1 0
72.15 44.1 0
72.2 44.1 0
72.25 44.1 0
72.3 44.1 0
72.35 44.1 0
72.4 44.1 0
72.45 44.1 0
72.5 44.05 0
72.55 44 0
72.6 43.95 0
72.65 43.9 0
72.7 43.9 0
72.75 43.9 0
72.8 43.9 0
72.85 43.9 0
72.9 43.85 0
72.95 43.8 0
73 43.75 0
73.05 43.7 0
73.1 43.65 0
73.15 43.6 0
73.2 43.55 0
73.25 43.5 0
73.3 43.45 0
73.35 43.45 0
73.4 43.45 0
73.45 43.45 0
73.5 43.45 0
73.55 43.45 0
73.6 43.45 0
73.65 43.4 0
73.7 43.35 0
73.75 43.3 0
73.8 43.25 0
73.85 43.2 0
73.9 43.15 0
73.95 43.1 0
74 43.05 0
74.05 43 0
74.1 42.95 0
74.15 42.9 0
74.2 42.85 0
74.25 42.8 0
74.3 42.75 0
74.35 42.7 0
74.4 42.65 0
74.45 42.6 0
74.5 42.55 0
74.55 42.5 0
74.6 42.45 0
74.65 42.4 0
74.7 42.35 0
74.75 42.3 0
74.8 42.25 0
74.85 42.2 0
74.9 42.15 0
74.95 42.1 0
75 42.05 0
75.05 42 0
75.1 41.95 0
75.15 41.9 0
75.2 41.85 0
75.25 41.8 0
75.3 41.75 0
75.35 41.7 0
75.4 41.65 0
75.45 41.6 0
75.5 41.55 0
75.55 41.5 0
75.6 41.45 0
75.65 41.4 0
75.7 41.35 0
75.75 41.3 0
75.8 41.25 0
75.85 41.2 0
75.9 41.15 0
75.95 41.1 0
76 41.05 0
76.05 41 0
76.1 40.95 0
76.15 40.9 0
76.2 40.85 0
76.25 40.8 0
76.3 40.75 0
76.35 40.7 0
76.4 40.65 0
76.45 40.6 0
76.5 40.6 0
76.55 40.6 0
76.6 40.6 0
76.65 40.6 0
76.7 40.6 0
76.75 40.6 0
76.8 40.6 0
76.85 40.6 0
76.9 40.6 0
76.95 40.6 0
77 40.6 0
77.05 40.6 0
77.1 40.6 0
77.15 40.6 0
77.2 40.6 0
77.25 40.6 0
77.3 40.6 0
77.35 40.6 0
77.4 40.6 0
77.45 40.6 0
77.5 40.6 0
77.55 40.6 0
77.6 40.6 0
77.65 40.6 0
77.7 40.6 0
77.75 40.6 0
77.8 40.6 0
77.85 40.6 0
77.9 40.6 0
77.95 40.6 0
78 40.6 0
78.05 40.6 0
78.1 40.6 0
78.15 40.6 0
78.2 40.6 0
78.25 40.6 0
78.3 40.55 0
78.35 40.5 0
78.4 40.45 0
78.45 40.4 0
78.5 40.35 0
78.55 40.3 0
78.6 40.25 0
78.65 40.2 0
78.7 40.2 0
78.75 40.2 0
78.8 40.2 0
78.85 40.2 0
78.9 40.2 0
78.95 40.2 0
79 40.2 0
79.05 40.2 0
79.1 40.2 0
79.15 40.2 0
79.2 40.2 0
79.25 40.2 0
79.3 40.2 0
79.35 40.2 0
79.4 40.2 0
79.45 40.2 0
79.5 40.2 0
79.55 40.2 0
79.6 40.2 0
79.65 40.2 0
79.7 40.2 0
79.75 40.2 0
79.8 40.2 0
79.85 40.2 0
79.9 40.2 0
79.95 40.2 0
80 40.2 0
80.05 40.2 0
80.1 40.2 0
80.15 40.2 0
80.2 40.2 0
80.25 40.2 0
80.3 40.2 0
80.35 40.2 0
80.4 40.2 0
80.45 40.2 0
80.5 40.2 0
80.55 40.2 0
80.6 40.2 0
80.65 40.2 0
80.7 40.2 0
80.75 40.2 0
80.8 40.2 0
80.85 40.2 0
80.9 40.2 0
80.95 40.2 0
81 40.2 0
81.05 40.2 0
81.1 40.2 0
81.15 40.2 0
81.2 40.2 0
81.25 40.2 0
81.3 40.2 0
81.35 40.2 0
81.4 40.2 0
81.45 40.2 0
81.5 40.2 0
81.55 40.2 0
81.6 40.2 0
81.65 40.2 0
81.7 40.2 0
81.75 40.2 0
81.8 40.2 0
81.85 40.2 0
81.9 40.2 0
81.95 40.2 0
82 40.2 0
82.05 40.2 0
82.1 40.2 0
82.15 40.2 0
82.2 40.15 0
82.25 40.1 0
82.3 40.05 0
82.35 40 0
82.4 39.95 0
82.45 39.9 0
82.5 39.85 0
82.55 39.8 0
82.6 39.75 0
82.65 39.7 0
82.7 39.65 0
82.75 39.6 0
82.8 39.55 0
82.85 39.5 0
82.9 39.45 0
82.95 39.4 0
83 39.35 0
83.05 39.3 0
83.1 39.25 0
83.15 39.2 0
83.2 39.15 0
83.25 39.15 0
83.3 39.15 0
83.35 39.15 0
83.4 39.15 0
83.45 39.15 0
83.5 39.15 0
83.55 39.15 0
83.6 39.15 0
83.65 39.15 0
83.7 39.15 0
83.75 39.15 0
83.8 39.15 0
83.85 39.15 0
83.9 39.15 0
83.95 39.15 0
84 39.15 0
84.05 39.15 0
84.1 39.15 0
84.15 39.1 0
84.2 39.1 0
84.25 39.1 0
84.3 39.1 0
84.35 39.1 0
84.4 39.1 0
84.45 39.1 0
84.5 39.1 0
84.55 39.1 0
84.6 39.1 0
84.65 39.1 0
84.7 39.1 0
84.75 39.1 0
84.8 39.1 0
84.85 39.1 0
84.9 39.1 0
84.95 39.1 0
85 39.1 0
85.05 39.1 0
85.1 39.1 0
85.15 39.1 0
85.2 39.1 0
85.25 39.1 0
85.3 39.1 0
85.35 39.1 0
85.4 39.1 0
85.45 39.1 0
85.5 39.1 0
85.55 39.1 0
85.6 39.1 0
85.65 39.1 0
85.7 39.1 0
85.75 39.1 0
85.8 39.1 0
85.85 39.1 0
85.9 39.1 0
85.95 39.1 0
86 39.1 0
86.05 39.1 0
86.1 39.1 0
86.15 39.1 0
86.2 39.1 0
86.25 39.1 0
86.3 39.1 0
86.35 39.1 0
86.4 39.1 0
86.45 39.1 0
86.5 39.1 0
86.55 39.1 0
86.6 39.1 0
86.65 39.1 0
86.7 39.1 0
86.75 39.1 0
86.8 39.1 0
86.85 39.1 0
86.9 39.1 0
86.95 39.1 0
87 39.1 0
87.05 39.1 0
87.1 39.1 0
87.15 39.1 0
87.2 39.1 0
87.25 39.1 0
87.3 39.1 0
87.35 39.1 0
87.4 39.1 0
87.45 39.1 0
87.5 39.1 0
87.55 39.1 0
87.6 39.1 0
87.65 39.1 0
87.7 39.1 0
87.75 39.05 0
87.8 39 0
87.85 38.95 0
87.9 38.9 0
87.95 38.85 0
88 38.8 0
88.05 38.75 0
88.1 38.7 0
88.15 38.65 0
88.2 38.6 0
88.25 38.55 0
88.3 38.5 0
88.35 38.45 0
88.4 38.4 0
88.45 38.35 0
88.5 38.3 0
88.55 38.25 0
88.6 38.2 0
88.65 38.15 0
88.7 38.1 0
88.75 38.05 0
88.8 38.05 0
88.85 38.05 0
88.9 38.05 0
88.95 38.05 0
89 38.05 0
89.05 38.05 0
89.1 38.05 0
89.15 38.05 0
89.2 38.05 0
89.25 38.05 0
89.3 38.05 0
89.35 38.05 0
89.4 38.05 0
89.45 38.05 0
89.5 38.05 0
89.55 38.05 0
89.6 38.05 0
89.65 38.05 0
89.7 38.05 0
89.75 38.05 0
89.8 38.05 0
89.85 38.05 0
89.9 38.05 0
89.95 38.05 0
90 38.05 0
90.05 38.05 0
90.1 38.05 0
90.15 38.05 0
90.2 38.05 0
90.25 38.05 0
90.3 38.05 0
90.35 38.05 0
90.4 38.05 0
90.45 38.05 0
90.5 38.05 0
90.55 38.05 0
90.6 38.05 0
90.65 38.05 0
90.7 38.05 0
90.75 38.05 0
90.8 38.05 0
90.85 38.05 0
90.9 38.05 0
90.95 38.05 0
91 38.05 0
91.05 38.05 0
91.1 38.05 0
91.15 38.05 0
91.2 38.05 0
91.25 38.05 0
91.3 38.05 0
91.35 38.05 0
91.4 38.05 0
91.45 38.05 0
91.5 38.05 0
91.55 38.05 0
91.6 38.05 0
91.65 38.05 0
91.7 38.05 0
91.75 38.05 0
91.8 38.05 0
91.85 38.05 0
91.9 38.05 0
91.95 38.05 0
92 38.05 0
92.05 38.05 0
92.1 38.05 0
92.15 38.05 0
92.2 38.05 0
92.25 38.05 0
92.3 38.05 0
92.35 38.05 0
92.4 38.05 0
92.45 38.05 0
92.5 38.05 0
92.55 38.05 0
92.6 38.05 0
92.65 38.05 0
92.7 38.05 0
92.75 38.05 0
92.8 38.05 0
92.85 38.05 0
92.9 38.05 0
92.95 38.05 0
93 38.05 0
93.05 38.05 0
93.1 38.05 0
93.15 38.05 0
93.2 38.05 0
93.25 38.05 0
93.3 38.05 0
93.35 38.05 0
93.4 38.05 0
93.45 38.05 0
93.5 38.05 0
93.55 38.05 0
93.6 38.05 0
93.65 38.05 0
93.7 38.05 0
93.75 38.05 0
93.8 38.05 0
93.85 38 0
93.9 37.95 0
93.95 37.9 0
94 37.85 0
94.05 37.8 0
94.1 37.75 0
94.15 37.7 0
94.2 37.65 0
94.25 37.6 0
94.3 37.55 0
94.35 37.5 0
94.4 37.45 0
94.45 37.4 0
94.5 37.35 0
94.55 37.3 0
94.6 37.25 0
94.65 37.2 0
94.7 37.15 0
94.75 37.1 0
94.8 37.05 0
94.85 37 0
94.9 36.95 0
94.95 36.9 0
95 36.85 0
95.05 36.8 0
95.1 36.75 0
95.15 36.7 0
95.2 36.65 0
95.25 36.6 0
95.3 36.55 0
95.35 36.5 0
95.4 36.45 0
95.45 36.4 0
95.5 36.35 0
95.55 36.3 0
95.6 36.25 0
95.65 36.2 0
95.7 36.15 0
95.75 36.1 0
95.8 36.05 0
95.85 36 0
95.9 36 0
95.95 36 0
96 36 0
PATH 84 734
55.25 7.5 0
55.25 7.45 0
55.25 7.4 0
55.25 7.35 0
55.25 7.3 0
55.25 7.25 0
55.25 7.2 0
55.25 7.15 0
55.25 7.1 0
55.25 7.05 0
55.25 7 0
55.25 6.95 0
55.25 6.9 0
55.25 6.85 0
55.25 6.8 0
55.25 6.75 0
55.25 6.7 0
55.25 6.65 0
55.25 6.6 0
55.25 6.55 0
55.25 6.5 0
55.25 6.45 0
55.25 6.4 0
55.25 6.35 0
55.25 6.3 0
55.25 6.25 0
55.25 6.2 0
55.25 6.15 0
55.25 6.1 0
55.25 6.05 0
55.25 6 0
55.25 5.95 0
55.25 5.9 0
55.25 5.85 0
55.25 5.8 0
55.25 5.8 1
55.25 5.85 1
55.25 5.9 1
55.25 5.95 1
55.25 6 1
55.25 6.05 1
55.25 6.1 1
55.3 6.15 1
55.35 6.2 1
55.4 6.25 1
55.4 6.3 1
55.4 6.35 1
55.4 6.4 1
55.4 6.45 1
55.4 6.5 1
55.4 6.55 1
55.4 6.6 1
55.4 6.65 1
55.45 6.7 1
55.45 6.75 1
55.5 6.8 1
55.55 6.85 1
55.55 6.9 1
55.6 6.95 1
55.65 7 1
55.65 7.05 1
55.7 7.1 1
55.75 7.15 1
55.8 7.2 1
55.85 7.25 1
55.85 7.3 1
55.85 7.35 1
55.85 7.4 1
55.9 7.45 1
55.95 7.5 1
55.95 7.55 1
56 7.6 1
56 7.65 1
56 7.7 1
56 7.75 1
56.05 7.8 1
56.1 7.85 1
56.15 7.9 1
56.15 7.95 1
56.15 8 1
56.15 8.05 1
56.2 8.1 1
56.25 8.15 1
56.3 8.2 1
56.35 8.25 1
56.4 8.3 1
56.4 8.35 1
56.45 8.4 1
56.45 8.45 1
56.45 8.5 1
56.45 8.55 1
56.45 8.6 1
56.45 8.65 1
56.45 8.7 1
56.45 8.75 1
56.45 8.8 1
56.45 8.85 1
56.45 8.9 1
56.45 8.95 1
56.5 9 1
56.55 9.05 1
56.55 9.1 1
56.55 9.15 1
56.55 9.2 1
56.55 9.25 1
56.55 9.3 1
56.55 9.35 1
56.6 9.4 1
56.65 9.45 1
56.65 9.5 1
56.65 9.55 1
56.7 9.6 1
56.7 9.65 1
56.7 9.7 1
56.7 9.75 1
56.7 9.8 1
56.75 9.85 1
56.8 9.9 1
56.85 9.95 1
56.9 10 1
56.9 10.05 1
56.9 10.1 1
56.9 10.15 1
56.9 10.2 1
56.9 10.25 1
56.9 10.3 1
56.9 10.35 1
56.9 10.4 1
56.9 10.45 1
56.9 10.5 1
56.9 10.55 1
56.9 10.6 1
56.95 10.65 1
56.95 10.7 1
56.95 10.75 1
56.95 10.8 1
56.95 10.85 1
57 10.9 1
57.05 10.95 1
57.1 11 1
57.15 11.05 1
57.15 11.1 1
57.15 11.15 1
57.15 11.2 1
57.15 11.25 1
57.15 11.3 1
57.15 11.35 1
57.15 11.4 1
57.2 11.45 1
57.2 11.5 1
57.25 11.55 1
57.3 11.6 1
57.3 11.6 2
57.35 11.65 2
57.4 11.7 2
57.45 11.75 2
57.5 11.8 2
57.55 11.85 2
57.6 11.9 2
57.65 11.95 2
57.7 12 2
57.75 12.05 2
57.8 12.1 2
57.85 12.15 2
57.9 12.2 2
57.95 12.25 2
58 12.3 2
58.05 12.35 2
58.1 12.4 2
58.15 12.45 2
58.2 12.5 2
58.25 12.55 2
58.3 12.6 2
58.35 12.65 2
58.4 12.7 2
58.45 12.75 2
58.5 12.8 2
58.55 12.85 2
58.6 12.9 2
58.65 12.95 2
58.7 13 2
58.75 13.05 2
58.8 13.1 2
58.85 13.15 2
58.9 13.2 2
58.95 13.25 2
59 13.3 2
59.05 13.35 2
59.1 13.4 2
59.15 13.45 2
59.2 13.5 2
59.25 13.55 2
59.3 13.6 2
59.35 13.65 2
59.4 13.7 2
59.45 13.75 2
59.5 13.8 2
59.55 13.85 2
59.6 13.9 2
59.65 13.95 2
59.7 14 2
59.75 14.05 2
59.8 14.1 2
59.85 14.15 2
59.9 14.2 2
59.95 14.25 2
60 14.3 2
60.05 14.35 2
60.1 14.4 2
60.15 14.45 2
60.2 14.5 2
60.25 14.55 2
60.3 14.6 2
60.35 14.65 2
60.4 14.7 2
60.45 14.75 2
60.5 14.8 2
60.55 14.85 2
60.6 14.9 2
60.65 14.95 2
60.7 15 2
60.75 15.05 2
60.8 15.1 2
60.85 15.15 2
60.9 15.2 2
60.95 15.25 2
61 15.3 2
61.05 15.35 2
61.1 15.4 2
61.15 15.45 2
61.2 15.5 2
61.25 15.55 2
61.3 15.6 2
61.35 15.65 2
61.4 15.7 2
61.45 15.75 2
61.5 15.8 2
61.55 15.85 2
61.6 15.9 2
61.65 15.95 2
61.7 16 2
61.75 16.05 2
61.8 16.1 2
61.85 16.15 2
61.9 16.2 2
61.95 16.25 2
62 16.3 2
62.05 16.35 2
62.1 16.4 2
62.15 16.45 2
62.2 16.5 2
62.25 16.55 2
62.3 16.6 2
62.35 16.65 2
62.4 16.7 2
62.45 16.75 2
62.5 16.8 2
62.55 16.85 2
62.6 16.9 2
62.65 16.95 2
62.7 17 2
62.75 17.05 2
62.8 17.1 2
62.85 17.15 2
62.9 17.2 2
62.95 17.25 2
63 17.3 2
63.05 17.35 2
63.1 17.4 2
63.15 17.45 2
63.2 17.5 2
63.25 17.55 2
63.3 17.6 2
63.35 17.65 2
63.4 17.7 2
63.45 17.75 2
63.5 17.8 2
63.55 17.85 2
63.6 17.9 2
63.65 17.95 2
63.7 18 2
63.75 18.05 2
63.8 18.1 2
63.85 18.15 2
63.85 18.2 2
63.9 18.25 2
63.9 18.3 2
63.9 18.35 2
63.95 18.4 2
64 18.45 2
64 18.5 2
64.05 18.55 2
64.1 18.6 2
64.15 18.65 2
64.2 18.7 2
64.25 18.75 2
64.3 18.8 2
64.35 18.85 2
64.4 18.9 2
64.45 18.95 2
64.5 19 2
64.55 19.05 2
64.6 19.1 2
64.65 19.15 2
64.7 19.2 2
64.75 19.25 2
64.8 19.3 2
64.85 19.35 2
64.9 19.4 2
64.95 19.45 2
65 19.5 2
65.05 19.55 2
65.1 19.6 2
65.15 19.65 2
65.2 19.7 2
65.25 19.75 2
65.3 19.8 2
65.3 19.85 2
65.35 19.9 2
65.4 19.95 2
65.45 20 2
65.5 20.05 2
65.55 20.1 2
65.6 20.15 2
65.65 20.2 2
65.7 20.25 2
65.75 20.3 2
65.8 20.35 2
65.85 20.4 2
65.9 20.45 2
65.95 20.5 2
66 20.55 2
66.05 20.6 2
66.1 20.65 2
66.1 20.7 2
66.15 20.75 2
66.15 20.8 2
66.2 20.85 2
66.25 20.9 2
66.3 20.95 2
66.35 21 2
66.4 21.05 2
66.45 21.1 2
66.5 21.15 2
66.55 21.2 2
66.6 21.25 2
66.65 21.3 2
66.7 21.35 2
66.7 21.4 2
66.7 21.45 2
66.75 21.5 2
66.8 21.55 2
66.8 21.6 2
66.85 21.65 2
66.9 21.7 2
66.9 21.75 2
66.95 21.8 2
67 21.85 2
67 21.9 2
67 21.95 2
67.05 22 2
67.05 22.05 2
67.1 22.1 2
67.1 22.15 2
67.15 22.2 2
67.2 22.25 2
67.25 22.3 2
67.3 22.35 2
67.35 22.4 2
67.4 22.45 2
67.45 22.5 2
67.5 22.55 2
67.55 22.6 2
67.6 22.65 2
67.65 22.7 2
67.7 22.75 2
67.75 22.8 2
67.8 22.85 2
67.85 22.9 2
67.9 22.95 2
67.95 23 2
68 23.05 2
68 23.1 2
68.05 23.15 2
68.1 23.2 2
68.15 23.25 2
68.2 23.3 2
68.25 23.35 2
68.3 23.4 2
68.35 23.45 2
68.4 23.5 2
68.45 23.55 2
68.5 23.6 2
68.55 23.65 2
68.6 23.7 2
68.65 23.75 2
68.7 23.8 2
68.75 23.85 2
68.8 23.9 2
68.85 23.95 2
68.9 24 2
68.95 24.05 2
69 24.1 2
69.05 24.15 2
69.1 24.2 2
69.15 24.25 2
69.2 24.3 2
69.25 24.35 2
69.3 24.4 2
69.35 24.45 2
69.4 24.5 2
69.45 24.55 2
69.5 24.6 2
69.55 24.65 2
69.6 24.7 2
69.65 24.75 2
69.7 24.8 2
69.75 24.85 2
69.8 24.9 2
69.85 24.95 2
69.9 25 2
69.95 25.05 2
70 25.1 2
70.05 25.15 2
70.1 25.2 2
70.15 25.25 2
70.2 25.3 2
70.25 25.35 2
70.3 25.4 2
70.35 25.45 2
70.4 25.5 2
70.45 25.55 2
70.5 25.6 2
70.5 25.65 2
70.55 25.7 2
70.6 25.75 2
70.65 25.8 2
70.7 25.85 2
70.75 25.9 2
70.8 25.95 2
70.85 26 2
70.9 26.05 2
70.95 26.1 2
71 26.15 2
71 26.2 2
71 26.25 2
71.05 26.3 2
71.1 26.35 2
71.15 26.4 2
71.2 26.45 2
71.2 26.5 2
71.25 26.55 2
71.25 26.6 2
71.3 26.65 2
71.35 26.7 2
71.4 26.75 2
71.45 26.8 2
71.5 26.85 2
71.55 26.9 2
71.6 26.95 2
71.65 27 2
71.7 27.05 2
71.7 27.1 2
71.75 27.15 2
71.8 27.2 2
71.85 27.25 2
71.9 27.3 2
71.9 27.35 2
71.9 27.4 2
71.95 27.45 2
71.95 27.5 2
71.95 27.55 2
71.95 27.6 2
71.95 27.65 2
72 27.7 2
72.05 27.75 2
72.1 27.8 2
72.1 27.85 2
72.15 27.9 2
72.2 27.95 2
72.25 28 2
72.25 28.05 2
72.25 28.1 2
72.25 28.15 2
72.25 28.2 2
72.25 28.25 2
72.25 28.3 2
72.25 28.35 2
72.25 28.4 2
72.3 28.45 2
72.3 28.5 2
72.35 28.55 2
72.35 28.6 2
72.4 28.65 2
72.45 28.7 2
72.45 28.75 2
72.5 28.8 2
72.55 28.85 2
72.6 28.9 2
72.65 28.95 2
72.7 29 2
72.7 29.05 2
72.7 29.1 2
72.75 29.15 2
72.75 29.2 2
72.75 29.25 2
72.75 29.3 2
72.8 29.35 2
72.85 29.4 2
72.9 29.45 2
72.95 29.5 2
73 29.55 2
73.05 29.6 2
73.1 29.65 2
73.15 29.7 2
73.2 29.75 2
73.25 29.8 2
73.3 29.85 2
73.35 29.9 2
73.35 29.95 2
73.4 30 2
73.45 30.05 2
73.5 30.1 2
73.55 30.15 2
73.55 30.2 2
73.6 30.25 2
73.65 30.3 2
73.7 30.35 2
73.75 30.4 2
73.8 30.45 2
73.85 30.5 2
73.9 30.55 2
73.95 30.6 2
73.95 30.65 2
73.95 30.7 2
74 30.75 2
74 30.8 2
74 30.85 2
74.05 30.9 2
74.1 30.95 2
74.1 31 2
74.15 31.05 2
74.2 31.1 2
74.25 31.15 2
74.3 31.2 2
74.3 31.25 2
74.35 31.3 2
74.4 31.35 2
74.45 31.4 2
74.5 31.45 2
74.55 31.5 2
74.55 31.55 2
74.6 31.6 2
74.65 31.65 2
74.65 31.7 2
74.7 31.75 2
74.7 31.8 2
74.7 31.85 2
74.75 31.9 2
74.8 31.95 2
74.85 32 2
74.9 32.05 2
74.95 32.1 2
75 32.15 2
75.05 32.2 2
75.1 32.25 2
75.15 32.3 2
75.15 32.35 2
75.2 32.4 2
75.2 32.45 2
75.2 32.5 2
75.2 32.55 2
75.2 32.6 2
75.2 32.65 2
75.2 32.7 2
75.2 32.75 2
75.2 32.8 2
75.2 32.85 2
75.2 32.9 2
75.2 32.95 2
75.2 33 2
75.2 33.05 2
75.2 33.1 2
75.2 33.15 2
75.2 33.2 2
75.2 33.25 2
75.2 33.3 2
75.2 33.35 2
75.2 33.4 2
75.2 33.45 2
75.2 33.5 2
75.2 33.55 2
75.2 33.6 2
75.2 33.65 2
75.2 33.7 2
75.2 33.75 2
75.2 33.8 2
75.2 33.85 2
75.2 33.9 2
75.2 33.95 2
75.2 34 2
75.2 34.05 2
75.2 34.1 2
75.2 34.15 2
75.2 34.2 2
75.2 34.25 2
75.2 34.3 2
75.2 34.35 2
75.2 34.4 2
75.2 34.45 2
75.2 34.5 2
75.2 34.55 2
75.2 34.6 2
75.2 34.65 2
75.2 34.7 2
75.2 34.75 2
75.2 34.8 2
75.2 34.85 2
75.2 34.9 2
75.2 34.95 2
75.2 35 2
75.2 35.05 2
75.2 35.1 2
75.2 35.15 2
75.2 35.2 2
75.2 35.25 2
75.2 35.3 2
75.2 35.35 2
75.2 35.4 2
75.2 35.45 2
75.2 35.5 2
75.2 35.55 2
75.2 35.6 2
75.2 35.65 2
75.2 35.7 2
75.2 35.75 2
75.2 35.8 2
75.2 35.85 2
75.2 35.9 2
75.2 35.95 2
75.2 36 2
75.2 36.05 2
75.2 36.1 2
75.2 36.15 2
75.2 36.2 2
75.2 36.25 2
75.2 36.3 2
75.2 36.35 2
75.2 36.4 2
75.2 36.45 2
75.2 36.5 2
75.2 36.55 2
75.2 36.6 2
75.2 36.65 2
75.2 36.7 2
75.2 36.75 2
75.2 36.8 2
75.2 36.85 2
75.2 36.9 2
75.2 36.95 2
75.2 37 2
75.2 37.05 2
75.2 37.1 2
75.2 37.15 2
75.2 37.2 2
75.2 37.25 2
75.2 37.3 2
75.2 37.35 2
75.2 37.4 2
75.2 37.45 2
75.2 37.5 2
75.2 37.55 2
75.2 37.6 2
75.2 37.65 2
75.2 37.7 2
75.2 37.75 2
75.2 37.8 2
75.2 37.85 2
75.2 37.9 2
75.2 37.95 2
75.2 38 2
75.2 38.05 2
75.2 38.1 2
75.2 38.15 2
75.2 38.2 2
75.2 38.25 2
75.2 38.3 2
75.2 38.35 2
75.2 38.4 2
75.2 38.45 2
75.2 38.5 2
75.2 38.55 2
75.2 38.6 2
75.2 38.65 2
75.2 38.7 2
75.2 38.75 2
75.2 38.8 2
75.2 38.85 2
75.2 38.9 2
75.2 38.95 2
75.2 39 2
75.2 39.05 2
75.2 39.1 2
75.2 39.15 2
75.2 39.2 2
75.2 39.25 2
75.2 39.3 2
75.2 39.35 2
75.25 39.4 2
75.3 39.45 2
75.35 39.5 2
75.4 39.55 2
75.45 39.6 2
75.5 39.65 2
75.55 39.7 2
75.6 39.75 2
75.65 39.8 2
75.7 39.85 2
75.75 39.9 2
75.8 39.95 2
75.85 40 2
75.9 40.05 2
75.95 40.1 2
76 40.15 2
76.05 40.2 2
76.1 40.25 2
76.15 40.3 2
76.2 40.35 2
76.25 40.4 2
76.3 40.45 2
76.35 40.5 2
76.4 40.55 2
76.45 40.6 2
76.45 40.6 0
PATH 80 1164
37.85 55 0
37.9 55 0
37.95 55 0
38 54.95 0
38.05 54.95 0
38.1 54.95 0
38.15 54.95 0
38.2 54.9 0
38.25 54.85 0
38.3 54.85 0
38.35 54.85 0
38.4 54.85 0
38.45 54.85 0
38.5 54.85 0
38.55 54.85 0
38.6 54.85 0
38.65 54.85 0
38.7 54.85 0
38.75 54.85 0
38.8 54.85 0
38.85 54.85 0
38.9 54.85 0
38.95 54.85 0
39 54.85 0
39.05 54.85 0
39.1 54.85 0
39.15 54.85 0
39.2 54.85 0
39.25 54.85 0
39.3 54.85 0
39.35 54.85 0
39.4 54.85 0
39.45 54.85 0
39.5 54.85 0
39.55 54.85 0
39.6 54.85 0
39.65 54.85 0
39.7 54.8 0
39.75 54.75 0
39.8 54.7 0
39.85 54.65 0
39.9 54.65 0
39.95 54.65 0
40 54.65 0
40.05 54.65 0
40.1 54.65 0
40.15 54.65 0
40.2 54.65 0
40.25 54.65 0
40.3 54.65 0
40.35 54.65 0
40.4 54.65 0
40.45 54.65 0
40.5 54.65 0
40.55 54.65 0
40.6 54.65 0
40.65 54.65 0
40.7 54.65 0
40.75 54.65 0
40.8 54.65 0
40.85 54.65 0
40.9 54.65 0
40.95 54.65 0
41 54.65 0
41.05 54.6 0
41.1 54.6 0
41.15 54.6 0
41.2 54.6 0
41.25 54.6 0
41.3 54.6 0
41.35 54.6 0
41.4 54.6 0
41.45 54.6 0
41.5 54.6 0
41.55 54.6 0
41.6 54.6 0
41.65 54.6 0
41.7 54.6 0
41.75 54.6 0
41.8 54.6 0
41.85 54.6 0
41.9 54.6 0
41.95 54.6 0
42 54.6 0
42.05 54.6 0
42.1 54.6 0
42.15 54.6 0
42.2 54.6 0
42.25 54.6 0
42.3 54.6 0
42.35 54.6 0
42.4 54.6 0
42.45 54.6 0
42.5 54.55 0
42.55 54.5 0
42.6 54.5 0
42.65 54.5 0
42.7 54.5 0
42.75 54.5 0
42.8 54.5 0
42.85 54.5 0
42.9 54.5 0
42.95 54.5 0
43 54.5 0
43.05 54.5 0
43.1 54.5 0
43.15 54.5 0
43.2 54.5 0
43.25 54.5 0
43.3 54.5 0
43.35 54.45 0
43.4 54.4 0
43.45 54.35 0
43.5 54.35 0
43.55 54.35 0
43.6 54.35 0
43.65 54.35 0
43.7 54.35 0
43.75 54.35 0
43.8 54.35 0
43.85 54.35 0
43.9 54.35 0
43.95 54.35 0
44 54.35 0
44.05 54.35 0
44.1 54.35 0
44.15 54.35 0
44.2 54.35 0
44.25 54.35 0
44.3 54.35 0
44.35 54.35 0
44.4 54.35 0
44.45 54.35 0
44.5 54.35 0
44.55 54.35 0
44.6 54.35 0
44.65 54.35 0
44.7 54.35 0
44.75 54.35 0
44.8 54.35 0
44.85 54.35 0
44.9 54.35 0
44.95 54.35 0
45 54.35 0
45.05 54.35 0
45.1 54.35 0
45.15 54.35 0
45.2 54.35 0
45.25 54.35 0
45.3 54.35 0
45.35 54.35 0
45.4 54.35 0
45.45 54.35 0
45.5 54.35 0
45.55 54.35 0
45.6 54.35 0
45.65 54.35 0
45.7 54.35 0
45.75 54.35 0
45.8 54.35 0
45.85 54.35 0
45.9 54.35 0
45.95 54.35 0
46 54.35 0
46.05 54.35 0
46.1 54.35 0
46.15 54.35 0
46.2 54.35 0
46.25 54.35 0
46.3 54.35 0
46.35 54.35 0
46.4 54.35 0
46.45 54.35 0
46.5 54.35 0
46.55 54.35 0
46.6 54.35 0
46.65 54.35 0
46.7 54.35 0
46.75 54.35 0
46.8 54.35 0
46.85 54.35 0
46.9 54.35 0
46.95 54.35 0
47 54.35 0
47.05 54.35 0
47.1 54.35 0
47.15 54.35 0
47.2 54.35 0
47.25 54.35 0
47.3 54.35 0
47.35 54.35 0
47.4 54.35 0
47.45 54.35 0
47.5 54.35 0
47.55 54.35 0
47.6 54.35 0
47.65 54.35 0
47.7 54.35 0
47.75 54.35 0
47.8 54.35 0
47.85 54.35 0
47.9 54.35 0
47.95 54.35 0
48 54.35 0
48.05 54.35 0
48.1 54.35 0
48.15 54.35 0
48.2 54.35 0
48.25 54.35 0
48.3 54.35 0
48.35 54.35 0
48.4 54.35 0
48.45 54.35 0
48.5 54.35 0
48.55 54.35 0
48.6 54.35 0
48.65 54.35 0
48.7 54.35 0
48.75 54.35 0
48.8 54.35 0
48.85 54.35 0
48.9 54.35 0
48.95 54.35 0
49 54.35 0
49.05 54.35 0
49.1 54.35 0
49.15 54.35 0
49.2 54.35 0
49.25 54.35 0
49.3 54.35 0
49.35 54.35 0
49.4 54.35 0
49.45 54.35 0
49.5 54.35 0
49.55 54.35 0
49.6 54.35 0
49.65 54.35 0
49.7 54.35 0
49.75 54.35 0
49.8 54.35 0
49.85 54.35 0
49.9 54.35 0
49.95 54.35 0
50 54.35 0
50.05 54.35 0
50.1 54.35 0
50.15 54.35 0
50.2 54.35 0
50.25 54.35 0
50.3 54.35 0
50.35 54.35 0
50.4 54.35 0
50.45 54.35 0
50.5 54.35 0
50.55 54.35 0
50.6 54.35 0
50.65 54.35 0
50.7 54.35 0
50.75 54.35 0
50.8 54.35 0
50.85 54.35 0
50.9 54.35 0
50.95 54.35 0
51 54.35 0
51.05 54.35 0
51.1 54.35 0
51.15 54.35 0
51.2 54.35 0
51.25 54.35 0
51.3 54.35 0
51.35 54.35 0
51.4 54.35 0
51.45 54.35 0
51.5 54.35 0
51.55 54.35 0
51.6 54.35 0
51.65 54.35 0
51.7 54.35 0
51.75 54.35 0
51.8 54.35 0
51.85 54.35 0
51.9 54.35 0
51.95 54.35 0
52 54.35 0
52.05 54.35 0
52.1 54.35 0
52.15 54.35 0
52.2 54.35 0
52.25 54.35 0
52.3 54.35 0
52.35 54.35 0
52.4 54.35 0
52.45 54.35 0
52.5 54.35 0
52.55 54.35 0
52.6 54.35 0
52.65 54.35 0
52.7 54.35 0
52.75 54.35 0
52.8 54.35 0
52.85 54.35 0
52.9 54.35 0
52.95 54.35 0
53 54.35 0
53.05 54.35 0
53.1 54.35 0
53.15 54.35 0
53.2 54.35 0
53.25 54.35 0
53.3 54.35 0
53.35 54.35 0
53.4 54.35 0
53.45 54.35 0
53.5 54.35 0
53.55 54.35 0
53.6 54.35 0
53.65 54.35 0
53.7 54.35 0
53.75 54.35 0
53.8 54.35 0
53.85 54.35 0
53.9 54.35 0
53.95 54.35 0
54 54.35 0
54.05 54.35 0
54.1 54.35 0
54.15 54.35 0
54.2 54.35 0
54.25 54.35 0
54.3 54.35 0
54.35 54.35 0
54.4 54.35 0
54.45 54.35 0
54.5 54.35 0
54.55 54.35 0
54.6 54.35 0
54.65 54.35 0
54.7 54.35 0
54.75 54.35 0
54.8 54.35 0
54.85 54.35 0
54.9 54.35 0
54.95 54.35 0
55 54.35 0
55.05 54.35 0
55.1 54.35 0
55.15 54.35 0
55.2 54.35 0
55.25 54.35 0
55.3 54.35 0
55.35 54.35 0
55.4 54.35 0
55.45 54.35 0
55.5 54.35 0
55.55 54.35 0
55.6 54.35 0
55.65 54.35 0
55.7 54.35 0
55.75 54.35 0
55.8 54.35 0
55.85 54.35 0
55.9 54.35 0
55.95 54.35 0
56 54.35 0
56.05 54.35 0
56.1 54.35 0
56.15 54.35 0
56.2 54.35 0
56.25 54.35 0
56.3 54.35 0
56.35 54.35 0
56.4 54.35 0
56.45 54.35 0
56.5 54.35 0
56.55 54.35 0
56.6 54.35 0
56.65 54.35 0
56.7 54.35 0
56.75 54.35 0
56.8 54.35 0
56.85 54.35 0
56.9 54.35 0
56.95 54.35 0
57 54.35 0
57.05 54.35 0
57.1 54.35 0
57.15 54.35 0
57.2 54.35 0
57.25 54.35 0
57.3 54.35 0
57.35 54.35 0
57.4 54.35 0
57.45 54.35 0
57.5 54.35 0
57.55 54.35 0
57.6 54.35 0
57.65 54.35 0
57.7 54.35 0
57.75 54.35 0
57.8 54.35 0
57.85 54.35 0
57.9 54.35 0
57.95 54.35 0
58 54.35 0
58.05 54.35 0
58.1 54.35 0
58.15 54.35 0
58.2 54.35 0
58.25 54.35 0
58.3 54.35 0
58.35 54.35 0
58.4 54.35 0
58.45 54.35 0
58.5 54.35 0
58.55 54.35 0
58.6 54.35 0
58.65 54.35 0
58.7 54.35 0
58.75 54.35 0
58.8 54.35 0
58.85 54.35 0
58.9 54.35 0
58.95 54.35 0
59 54.35 0
59.05 54.35 0
59.1 54.35 0
59.15 54.35 0
59.2 54.35 0
59.25 54.35 0
59.3 54.35 0
59.35 54.35 0
59.4 54.35 0
59.45 54.35 0
59.5 54.35 0
59.55 54.35 0
59.6 54.35 0
59.65 54.35 0
59.7 54.35 0
59.75 54.35 0
59.8 54.35 0
59.85 54.35 0
59.9 54.35 0
59.95 54.35 0
60 54.35 0
60.05 54.35 0
60.1 54.35 0
60.15 54.35 0
60.2 54.35 0
60.25 54.35 0
60.3 54.35 0
60.35 54.35 0
60.4 54.35 0
60.45 54.35 0
60.5 54.35 0
60.55 54.35 0
60.6 54.35 0
60.65 54.35 0
60.7 54.35 0
60.75 54.35 0
60.8 54.35 0
60.85 54.35 0
60.9 54.35 0
60.95 54.35 0
61 54.35 0
61.05 54.35 0
61.1 54.35 0
61.15 54.35 0
61.2 54.35 0
61.25 54.35 0
61.3 54.35 0
61.35 54.35 0
61.4 54.35 0
61.45 54.35 0
61.5 54.35 0
61.55 54.35 0
61.6 54.35 0
61.65 54.35 0
61.7 54.35 0
61.75 54.35 0
61.8 54.35 0
61.85 54.35 0
61.9 54.35 0
61.95 54.35 0
62 54.35 0
62.05 54.35 0
62.1 54.35 0
62.15 54.35 0
62.2 54.35 0
62.25 54.35 0
62.3 54.35 0
62.35 54.35 0
62.4 54.35 0
62.45 54.35 0
62.5 54.35 0
62.55 54.35 0
62.6 54.35 0
62.65 54.35 0
62.7 54.35 0
62.75 54.35 0
62.8 54.35 0
62.85 54.35 0
62.9 54.35 0
62.95 54.35 0
63 54.35 0
63.05 54.35 0
63.1 54.35 0
63.15 54.35 0
63.2 54.35 0
63.25 54.35 0
63.3 54.35 0
63.35 54.35 0
63.4 54.35 0
63.45 54.35 0
63.5 54.35 0
63.55 54.35 0
63.6 54.35 0
63.65 54.35 0
63.7 54.35 0
63.75 54.35 0
63.8 54.35 0
63.85 54.35 0
63.9 54.35 0
63.95 54.35 0
64 54.35 0
64.05 54.35 0
64.1 54.35 0
64.15 54.35 0
64.2 54.35 0
64.25 54.35 0
64.3 54.35 0
64.35 54.35 0
64.4 54.35 0
64.45 54.35 0
64.5 54.35 0
64.55 54.35 0
64.6 54.35 0
64.65 54.35 0
64.7 54.35 0
64.75 54.35 0
64.8 54.35 0
64.85 54.35 0
64.9 54.35 0
64.95 54.35 0
65 54.35 0
65.05 54.35 0
65.1 54.35 0
65.15 54.35 0
65.2 54.35 0
65.25 54.35 0
65.3 54.35 0
65.35 54.35 0
65.4 54.35 0
65.45 54.35 0
65.5 54.35 0
65.55 54.35 0
65.6 54.35 0
65.65 54.35 0
65.7 54.35 0
65.75 54.35 0
65.8 54.35 0
65.85 54.35 0
65.9 54.35 0
65.95 54.35 0
66 54.35 0
66.05 54.35 0
66.1 54.35 0
66.15 54.35 0
66.2 54.35 0
66.25 54.35 0
66.3 54.35 0
66.35 54.35 0
66.4 54.35 0
66.45 54.35 0
66.5 54.35 0
66.55 54.35 0
66.6 54.35 0
66.65 54.35 0
66.7 54.35 0
66.75 54.35 0
66.8 54.35 0
66.85 54.35 0
66.9 54.35 0
66.95 54.35 0
67 54.35 0
67.05 54.35 0
67.1 54.35 0
67.15 54.35 0
67.2 54.35 0
67.25 54.35 0
67.3 54.35 0
67.35 54.35 0
67.4 54.35 0
67.45 54.35 0
67.5 54.35 0
67.55 54.35 0
67.6 54.35 0
67.65 54.35 0
67.7 54.35 0
67.75 54.35 0
67.8 54.35 0
67.85 54.35 0
67.9 54.35 0
67.95 54.35 0
68 54.35 0
68.05 54.35 0
68.1 54.35 0
68.15 54.35 0
68.2 54.35 0
68.25 54.35 0
68.3 54.35 0
68.35 54.35 0
68.4 54.35 0
68.45 54.35 0
68.5 54.35 0
68.55 54.35 0
68.6 54.35 0
68.65 54.35 0
68.7 54.35 0
68.75 54.35 0
68.8 54.35 0
68.85 54.35 0
68.9 54.35 0
68.95 54.35 0
69 54.35 0
69.05 54.35 0
69.1 54.35 0
69.15 54.35 0
69.2 54.35 0
69.25 54.35 0
69.3 54.35 0
69.35 54.35 0
69.4 54.35 0
69.45 54.35 0
69.5 54.35 0
69.55 54.35 0
69.6 54.35 0
69.65 54.35 0
69.7 54.35 0
69.75 54.35 0
69.8 54.35 0
69.85 54.35 0
69.9 54.35 0
69.95 54.35 0
70 54.35 0
70.05 54.3 0
70.1 54.25 0
70.15 54.2 0
70.2 54.15 0
70.25 54.1 0
70.3 54.1 0
70.35 54.1 0
70.4 54.1 0
70.45 54.1 0
70.5 54.1 0
70.55 54.1 0
70.6 54.1 0
70.65 54.1 0
70.7 54.1 0
70.75 54.1 0
70.8 54.1 0
70.85 54.1 0
70.9 54.1 0
70.95 54.1 0
71 54.1 0
71.05 54.1 0
71.1 54.1 0
71.15 54.1 0
71.2 54.1 0
71.25 54.1 0
71.3 54.1 0
71.35 54.1 0
71.4 54.1 0
71.45 54.1 0
71.5 54.1 0
71.55 54.1 0
71.6 54.1 0
71.65 54.1 0
71.7 54.1 0
71.75 54.1 0
71.8 54.1 0
71.85 54.1 0
71.9 54.1 0
71.95 54.1 0
72 54.1 0
72.05 54.1 0
72.1 54.1 0
72.15 54.1 0
72.2 54.1 0
72.25 54.1 0
72.3 54.1 0
72.35 54.1 0
72.4 54.1 0
72.45 54.1 0
72.5 54.1 0
72.55 54.1 0
72.6 54.1 0
72.65 54.1 0
72.7 54.1 0
72.75 54.1 0
72.8 54.1 0
72.85 54.1 0
72.9 54.1 0
72.95 54.1 0
73 54.1 0
73.05 54.1 0
73.1 54.1 0
73.15 54.1 0
73.2 54.1 0
73.25 54.1 0
73.3 54.1 0
73.35 54.1 0
73.4 54.1 0
73.45 54.1 0
73.5 54.1 0
73.55 54.1 0
73.6 54.1 0
73.65 54.1 0
73.7 54.1 0
73.75 54.1 0
73.8 54.1 0
73.85 54.1 0
73.9 54.1 0
73.95 54.1 0
74 54.1 0
74.05 54.1 0
74.1 54.1 0
74.15 54.1 0
74.2 54.1 0
74.25 54.1 0
74.3 54.1 0
74.35 54.1 0
74.4 54.1 0
74.45 54.1 0
74.5 54.1 0
74.55 54.1 0
74.6 54.1 0
74.65 54.1 0
74.7 54.1 0
74.75 54.1 0
74.8 54.1 0
74.85 54.1 0
74.9 54.1 0
74.95 54.1 0
75 54.1 0
75.05 54.1 0
75.1 54.1 0
75.15 54.1 0
75.2 54.1 0
75.25 54.1 0
75.3 54.1 0
75.35 54.1 0
75.4 54.1 0
75.45 54.1 0
75.5 54.1 0
75.55 54.1 0
75.6 54.1 0
75.65 54.1 0
75.7 54.1 0
75.75 54.1 0
75.8 54.05 0
75.85 54 0
75.9 54 0
75.95 54 0
76 54 0
76.05 54 0
76.1 54 0
76.15 54 0
76.2 54 0
76.25 54 0
76.3 54 0
76.35 54 0
76.4 54 0
76.45 54 0
76.5 54 0
76.55 54 0
76.6 54 0
76.65 54 0
76.7 54 0
76.75 54 0
76.8 54 0
76.85 54 0
76.9 54 0
76.95 54 0
77 54 0
77.05 54 0
77.1 54 0
77.15 54 0
77.2 54 0
77.25 54 0
77.3 54 0
77.35 54 0
77.4 54 0
77.45 54 0
77.5 54 0
77.55 54 0
77.6 54 0
77.65 54 0
77.7 54 0
77.75 54 0
77.8 54 0
77.85 54 0
77.9 54 0
77.95 54 0
78 54 0
78.05 54 0
78.1 54 0
78.15 54 0
78.2 54 0
78.25 54 0
78.3 54 0
78.35 54 0
78.4 54 0
78.45 54 0
78.5 54 0
78.55 54 0
78.6 54 0
78.65 54 0
78.7 54 0
78.75 54 0
78.8 54 0
78.85 54 0
78.9 54 0
78.95 54 0
79 54 0
79.05 54 0
79.1 54 0
79.15 54 0
79.2 54 0
79.25 54 0
79.3 54 0
79.35 54 0
79.4 54 0
79.45 54 0
79.5 54 0
79.55 54 0
79.6 54 0
79.65 54 0
79.7 54 0
79.75 54 0
79.8 54 0
79.85 54 0
79.9 54 0
79.95 54 0
80 54 0
80.05 54 0
80.1 54 0
80.15 54 0
80.2 54 0
80.25 54 0
80.3 54 0
80.35 54 0
80.4 54 0
80.45 54 0
80.5 54 0
80.55 54 0
80.6 54 0
80.65 54 0
80.7 54 0
80.75 54 0
80.8 54 0
80.85 54 0
80.9 54 0
80.95 54 0
81 54 0
81.05 54 0
81.1 54 0
81.15 54 0
81.2 54 0
81.25 54 0
81.3 54 0
81.35 54 0
81.4 54 0
81.45 54 0
81.5 54 0
81.55 54 0
81.6 54 0
81.65 54 0
81.7 54 0
81.75 54 0
81.8 54 0
81.85 54 0
81.9 54 0
81.95 54 0
82 54 0
82.05 54 0
82.1 54 0
82.15 54 0
82.2 54 0
82.25 54 0
82.3 54 0
82.35 54 0
82.4 54 0
82.45 54 0
82.5 54 0
82.55 54 0
82.6 54 0
82.65 54 0
82.7 54 0
82.75 54 0
82.8 54 0
82.85 54 0
82.9 54 0
82.95 54 0
83 54 0
83.05 54 0
83.1 54 0
83.15 54 0
83.2 54 0
83.25 54 0
83.3 54 0
83.35 54 0
83.4 54 0
83.45 54 0
83.5 54 0
83.55 54 0
83.6 54 0
83.65 54 0
83.7 54 0
83.75 54 0
83.8 54 0
83.85 54 0
83.9 54 0
83.95 54 0
84 54 0
84.05 54 0
84.1 54 0
84.15 54 0
84.2 54 0
84.25 54 0
84.3 54 0
84.35 54 0
84.4 54 0
84.45 54 0
84.5 54 0
84.55 54 0
84.6 54 0
84.65 54 0
84.7 54 0
84.75 54 0
84.8 54 0
84.85 54 0
84.9 54 0
84.95 54 0
85 54 0
85.05 54 0
85.1 54 0
85.15 54 0
85.2 54 0
85.25 54 0
85.3 54 0
85.35 54 0
85.4 54 0
85.45 54 0
85.5 54 0
85.55 54 0
85.6 54 0
85.65 54 0
85.7 54 0
85.75 54 0
85.8 54 0
85.85 54 0
85.9 54 0
85.95 54 0
86 54 0
86.05 54 0
86.1 54 0
86.15 54 0
86.2 54 0
86.25 54 0
86.3 54 0
86.35 54 0
86.4 54 0
86.45 54 0
86.5 54 0
86.55 54 0
86.6 54 0
86.65 54 0
86.7 54 0
86.75 54 0
86.8 54 0
86.85 54 0
86.9 54 0
86.95 54 0
87 54 0
87.05 54 0
87.1 54 0
87.15 54 0
87.2 54 0
87.25 54 0
87.3 54 0
87.35 54 0
87.4 54 0
87.45 54 0
87.5 54 0
87.55 54 0
87.6 54 0
87.65 54 0
87.7 54 0
87.75 54 0
87.8 54 0
87.85 54 0
87.9 54 0
87.95 54 0
88 54 0
88.05 54 0
88.1 54 0
88.15 54 0
88.2 54 0
88.25 54 0
88.3 54 0
88.35 54 0
88.4 54 0
88.45 54 0
88.5 54 0
88.55 54 0
88.6 54 0
88.65 54 0
88.7 54 0
88.75 54 0
88.8 54 0
88.85 54 0
88.9 54 0
88.95 54 0
89 54 0
89.05 54 0
89.1 54 0
89.15 54 0
89.2 54 0
89.25 54 0
89.3 54 0
89.35 54 0
89.4 54 0
89.45 54 0
89.5 54 0
89.55 54 0
89.6 54 0
89.65 54 0
89.7 54 0
89.75 54 0
89.8 54 0
89.85 54 0
89.9 54 0
89.95 54 0
90 54 0
90.05 54 0
90.1 54 0
90.15 54 0
90.2 54 0
90.25 54 0
90.3 54 0
90.35 54 0
90.4 54 0
90.45 54 0
90.5 54 0
90.55 54 0
90.6 54 0
90.65 54 0
90.7 54 0
90.75 54 0
90.8 54 0
90.85 54 0
90.9 54 0
90.95 54 0
91 54 0
91.05 54 0
91.1 54 0
91.15 54 0
91.2 54 0
91.25 54 0
91.3 54 0
91.35 54 0
91.4 54 0
91.45 54 0
91.5 54 0
91.55 54 0
91.6 54 0
91.65 54 0
91.7 54 0
91.75 54 0
91.8 54 0
91.85 54 0
91.9 54 0
91.95 54 0
92 54 0
92.05 54 0
92.1 54 0
92.15 54 0
92.2 54 0
92.25 54 0
92.3 54 0
92.35 54 0
92.4 54 0
92.45 54 0
92.5 54 0
92.55 54 0
92.6 54 0
92.65 54 0
92.7 54 0
92.75 54 0
92.8 54 0
92.85 54 0
92.9 54 0
92.95 54 0
93 54 0
93.05 54 0
93.1 54 0
93.15 54 0
93.2 54 0
93.25 54 0
93.3 54 0
93.35 54 0
93.4 54 0
93.45 54 0
93.5 54 0
93.55 54 0
93.6 54 0
93.65 54 0
93.7 54 0
93.75 54 0
93.8 54 0
93.85 54 0
93.9 54 0
93.95 54 0
94 54 0
94.05 54 0
94.1 54 0
94.15 54 0
94.2 54 0
94.25 54 0
94.3 54 0
94.35 54 0
94.4 54 0
94.45 54 0
94.5 54 0
94.55 54 0
94.6 54 0
94.65 54 0
94.7 54 0
94.75 54 0
94.8 54 0
94.85 54 0
94.9 54 0
94.95 54 0
95 54 0
95.05 54 0
95.1 54 0
95.15 54 0
95.2 54 0
95.25 54 0
95.3 54 0
95.35 54 0
95.4 54 0
95.45 54 0
95.5 54 0
95.55 54 0
95.6 54 0
95.65 54 0
95.7 54 0
95.75 54 0
95.8 54 0
95.85 54 0
95.9 54 0
95.95 54 0
96 54 0
PATH 80 1008
64.25 7.5 0
64.25 7.45 0
64.25 7.4 0
64.25 7.35 0
64.25 7.3 0
64.25 7.25 0
64.25 7.2 0
64.25 7.15 0
64.25 7.1 0
64.25 7.05 0
64.25 7 0
64.25 6.95 0
64.25 6.9 0
64.25 6.85 0
64.25 6.8 0
64.25 6.75 0
64.25 6.7 0
64.25 6.65 0
64.25 6.6 0
64.25 6.55 0
64.25 6.5 0
64.25 6.45 0
64.25 6.4 0
64.25 6.35 0
64.25 6.3 0
64.25 6.25 0
64.25 6.2 0
64.25 6.15 0
64.25 6.1 0
64.25 6.05 0
64.25 6 0
64.25 5.95 0
64.25 5.9 0
64.25 5.85 0
64.25 5.8 0
64.25 5.8 2
64.25 5.85 2
64.25 5.9 2
64.25 5.95 2
64.25 6 2
64.25 6.05 2
64.25 6.1 2
64.25 6.15 2
64.25 6.2 2
64.25 6.25 2
64.25 6.3 2
64.25 6.35 2
64.25 6.4 2
64.25 6.45 2
64.25 6.5 2
64.25 6.55 2
64.25 6.6 2
64.25 6.65 2
64.25 6.7 2
64.25 6.75 2
64.25 6.8 2
64.25 6.85 2
64.25 6.9 2
64.25 6.95 2
64.25 7 2
64.25 7.05 2
64.25 7.1 2
64.25 7.15 2
64.25 7.2 2
64.25 7.25 2
64.25 7.3 2
64.25 7.35 2
64.25 7.4 2
64.25 7.45 2
64.25 7.5 2
64.25 7.55 2
64.25 7.6 2
64.25 7.65 2
64.25 7.7 2
64.25 7.75 2
64.25 7.8 2
64.25 7.85 2
64.25 7.9 2
64.25 7.95 2
64.25 8 2
64.25 8.05 2
64.25 8.1 2
64.25 8.15 2
64.25 8.2 2
64.25 8.25 2
64.25 8.3 2
64.25 8.35 2
64.25 8.4 2
64.25 8.45 2
64.25 8.5 2
64.25 8.55 2
64.25 8.6 2
64.25 8.65 2
64.25 8.7 2
64.25 8.75 2
64.25 8.8 2
64.25 8.85 2
64.25 8.9 2
64.25 8.95 2
64.25 9 2
64.25 9.05 2
64.25 9.1 2
64.25 9.15 2
64.25 9.2 2
64.25 9.25 2
64.25 9.3 2
64.25 9.35 2
64.25 9.4 2
64.25 9.45 2
64.25 9.5 2
64.25 9.55 2
64.25 9.6 2
64.25 9.65 2
64.25 9.7 2
64.25 9.75 2
64.25 9.8 2
64.25 9.85 2
64.25 9.9 2
64.25 9.95 2
64.25 10 2
64.25 10.05 2
64.25 10.1 2
64.25 10.15 2
64.25 10.2 2
64.25 10.25 2
64.25 10.3 2
64.25 10.35 2
64.25 10.4 2
64.25 10.45 2
64.25 10.5 2
64.25 10.55 2
64.25 10.6 2
64.25 10.65 2
64.25 10.7 2
64.25 10.75 2
64.25 10.8 2
64.25 10.85 2
64.25 10.9 2
64.25 10.95 2
64.25 11 2
64.25 11.05 2
64.25 11.1 2
64.25 11.15 2
64.25 11.2 2
64.25 11.25 2
64.25 11.3 2
64.25 11.35 2
64.25 11.4 2
64.25 11.45 2
64.25 11.5 2
64.25 11.55 2
64.25 11.6 2
64.25 11.65 2
64.25 11.7 2
64.25 11.75 2
64.25 11.8 2
64.25 11.85 2
64.25 11.9 2
64.25 11.95 2
64.25 12 2
64.25 12.05 2
64.25 12.1 2
64.25 12.15 2
64.25 12.2 2
64.25 12.25 2
64.25 12.3 2
64.25 12.35 2
64.25 12.4 2
64.25 12.45 2
64.25 12.5 2
64.25 12.55 2
64.25 12.6 2
64.25 12.65 2
64.25 12.7 2
64.25 12.75 2
64.25 12.8 2
64.25 12.85 2
64.25 12.9 2
64.25 12.95 2
64.25 13 2
64.25 13.05 2
64.25 13.1 2
64.25 13.15 2
64.25 13.2 2
64.25 13.25 2
64.25 13.3 2
64.25 13.35 2
64.25 13.4 2
64.25 13.45 2
64.25 13.5 2
64.25 13.55 2
64.25 13.6 2
64.25 13.65 2
64.25 13.7 2
64.25 13.75 2
64.25 13.8 2
64.25 13.85 2
64.25 13.9 2
64.25 13.95 2
64.25 14 2
64.25 14.05 2
64.25 14.1 2
64.25 14.15 2
64.25 14.2 2
64.25 14.25 2
64.25 14.3 2
64.25 14.35 2
64.25 14.4 2
64.25 14.45 2
64.25 14.5 2
64.25 14.55 2
64.25 14.6 2
64.25 14.65 2
64.25 14.7 2
64.25 14.75 2
64.25 14.8 2
64.25 14.85 2
64.25 14.9 2
64.25 14.95 2
64.25 15 2
64.25 15.05 2
64.25 15.1 2
64.25 15.15 2
64.25 15.2 2
64.25 15.25 2
64.25 15.3 2
64.25 15.35 2
64.25 15.4 2
64.25 15.45 2
64.25 15.5 2
64.25 15.55 2
64.25 15.6 2
64.25 15.65 2
64.25 15.7 2
64.25 15.75 2
64.25 15.8 2
64.25 15.85 2
64.25 15.9 2
64.25 15.95 2
64.25 16 2
64.25 16.05 2
64.3 16.1 2
64.35 16.15 2
64.4 16.2 2
64.45 16.25 2
64.5 16.3 2
64.55 16.35 2
64.6 16.4 2
64.65 16.45 2
64.7 16.5 2
64.75 16.55 2
64.8 16.6 2
64.85 16.65 2
64.9 16.7 2
64.95 16.75 2
65 16.8 2
65.05 16.85 2
65.1 16.9 2
65.15 16.95 2
65.2 17 2
65.2 17 0
65.2 17.05 0
65.2 17.1 0
65.2 17.15 0
65.2 17.2 0
65.2 17.25 0
65.2 17.3 0
65.2 17.35 0
65.2 17.4 0
65.2 17.45 0
65.2 17.5 0
65.2 17.55 0
65.2 17.6 0
65.2 17.65 0
65.2 17.7 0
65.2 17.75 0
65.2 17.8 0
65.2 17.85 0
65.2 17.9 0
65.2 17.95 0
65.2 18 0
65.2 18.05 0
65.2 18.1 0
65.2 18.15 0
65.2 18.2 0
65.2 18.25 0
65.2 18.3 0
65.2 18.35 0
65.2 18.4 0
65.2 18.45 0
65.2 18.5 0
65.2 18.55 0
65.2 18.6 0
65.2 18.65 0
65.2 18.7 0
65.2 18.75 0
65.2 18.8 0
65.2 18.85 0
65.2 18.9 0
65.2 18.95 0
65.2 19 0
65.2 19.05 0
65.2 19.1 0
65.2 19.15 0
65.2 19.2 0
65.2 19.25 0
65.2 19.3 0
65.2 19.35 0
65.2 19.4 0
65.2 19.45 0
65.2 19.5 0
65.2 19.55 0
65.2 19.6 0
65.2 19.65 0
65.2 19.7 0
65.2 19.75 0
65.2 19.8 0
65.2 19.85 0
65.2 19.9 0
65.2 19.95 0
65.2 20 0
65.2 20.05 0
65.2 20.1 0
65.2 20.15 0
65.2 20.2 0
65.2 20.25 0
65.2 20.3 0
65.2 20.35 0
65.2 20.4 0
65.2 20.45 0
65.2 20.5 0
65.2 20.55 0
65.2 20.6 0
65.2 20.65 0
65.2 20.7 0
65.2 20.75 0
65.2 20.8 0
65.2 20.85 0
65.2 20.9 0
65.2 20.95 0
65.2 21 0
65.2 21.05 0
65.2 21.1 0
65.2 21.15 0
65.2 21.2 0
65.2 21.25 0
65.2 21.3 0
65.2 21.35 0
65.2 21.4 0
65.2 21.45 0
65.2 21.5 0
65.2 21.55 0
65.2 21.6 0
65.2 21.65 0
65.2 21.7 0
65.2 21.75 0
65.2 21.8 0
65.2 21.85 0
65.2 21.9 0
65.2 21.95 0
65.2 22 0
65.2 22.05 0
65.2 22.1 0
65.2 22.15 0
65.2 22.2 0
65.2 22.25 0
65.2 22.3 0
65.2 22.35 0
65.2 22.4 0
65.2 22.45 0
65.2 22.5 0
65.2 22.55 0
65.2 22.6 0
65.2 22.65 0
65.2 22.7 0
65.2 22.75 0
65.2 22.8 0
65.2 22.85 0
65.2 22.9 0
65.2 22.95 0
65.2 23 0
65.2 23.05 0
65.2 23.1 0
65.2 23.15 0
65.2 23.2 0
65.2 23.25 0
65.2 23.3 0
65.2 23.35 0
65.2 23.4 0
65.2 23.45 0
65.2 23.5 0
65.2 23.55 0
65.2 23.6 0
65.2 23.65 0
65.2 23.7 0
65.2 23.75 0
65.2 23.8 0
65.2 23.85 0
65.2 23.9 0
65.2 23.95 0
65.2 24 0
65.2 24.05 0
65.2 24.1 0
65.2 24.15 0
65.2 24.2 0
65.2 24.25 0
65.2 24.3 0
65.2 24.35 0
65.2 24.4 0
65.2 24.45 0
65.2 24.5 0
65.2 24.55 0
65.2 24.6 0
65.2 24.65 0
65.2 24.7 0
65.2 24.75 0
65.2 24.8 0
65.2 24.85 0
65.2 24.9 0
65.2 24.95 0
65.2 25 0
65.2 25.05 0
65.2 25.1 0
65.2 25.15 0
65.2 25.2 0
65.2 25.25 0
65.2 25.3 0
65.2 25.35 0
65.2 25.4 0
65.2 25.45 0
65.2 25.5 0
65.2 25.55 0
65.2 25.6 0
65.2 25.65 0
65.2 25.7 0
65.2 25.75 0
65.2 25.8 0
65.2 25.85 0
65.2 25.9 0
65.2 25.95 0
65.2 26 0
65.2 26.05 0
65.2 26.1 0
65.2 26.15 0
65.2 26.2 0
65.2 26.25 0
65.2 26.3 0
65.2 26.35 0
65.2 26.4 0
65.2 26.45 0
65.2 26.5 0
65.2 26.55 0
65.2 26.6 0
65.2 26.65 0
65.2 26.7 0
65.2 26.75 0
65.2 26.8 0
65.2 26.85 0
65.2 26.9 0
65.2 26.95 0
65.2 27 0
65.2 27.05 0
65.2 27.1 0
65.2 27.15 0
65.2 27.2 0
65.2 27.25 0
65.2 27.3 0
65.2 27.35 0
65.2 27.4 0
65.2 27.45 0
65.2 27.5 0
65.2 27.55 0
65.2 27.6 0
65.2 27.65 0
65.2 27.7 0
65.2 27.75 0
65.2 27.8 0
65.2 27.85 0
65.2 27.9 0
65.2 27.95 0
65.2 28 0
65.2 28.05 0
65.2 28.1 0
65.2 28.15 0
65.2 28.2 0
65.2 28.25 0
65.2 28.3 0
65.2 28.35 0
65.2 28.4 0
65.2 28.45 0
65.2 28.5 0
65.2 28.55 0
65.2 28.6 0
65.2 28.65 0
65.2 28.7 0
65.2 28.75 0
65.2 28.8 0
65.2 28.85 0
65.2 28.9 0
65.2 28.95 0
65.2 29 0
65.2 29.05 0
65.2 29.1 0
65.2 29.15 0
65.2 29.2 0
65.2 29.25 0
65.2 29.3 0
65.2 29.35 0
65.2 29.4 0
65.2 29.45 0
65.2 29.5 0
65.2 29.55 0
65.2 29.6 0
65.2 29.65 0
65.2 29.7 0
65.2 29.75 0
65.2 29.8 0
65.2 29.85 0
65.2 29.9 0
65.2 29.95 0
65.2 30 0
65.2 30.05 0
65.2 30.1 0
65.2 30.15 0
65.2 30.2 0
65.2 30.25 0
65.2 30.3 0
65.2 30.35 0
65.2 30.4 0
65.2 30.45 0
65.2 30.5 0
65.2 30.55 0
65.2 30.6 0
65.2 30.65 0
65.2 30.7 0
65.2 30.75 0
65.2 30.8 0
65.2 30.85 0
65.2 30.9 0
65.2 30.95 0
65.2 31 0
65.2 31.05 0
65.2 31.1 0
65.2 31.15 0
65.2 31.2 0
65.2 31.25 0
65.2 31.3 0
65.2 31.35 0
65.2 31.4 0
65.2 31.45 0
65.2 31.5 0
65.2 31.55 0
65.2 31.6 0
65.2 31.65 0
65.2 31.7 0
65.2 31.75 0
65.2 31.8 0
65.2 31.85 0
65.2 31.9 0
65.2 31.95 0
65.2 32 0
65.2 32.05 0
65.2 32.1 0
65.2 32.15 0
65.2 32.2 0
65.2 32.25 0
65.2 32.3 0
65.2 32.35 0
65.2 32.4 0
65.2 32.45 0
65.2 32.5 0
65.2 32.55 0
65.2 32.6 0
65.2 32.65 0
65.2 32.7 0
65.2 32.75 0
65.2 32.8 0
65.2 32.85 0
65.2 32.9 0
65.2 32.95 0
65.2 33 0
65.2 33.05 0
65.2 33.1 0
65.2 33.15 0
65.2 33.2 0
65.2 33.25 0
65.2 33.3 0
65.2 33.35 0
65.2 33.4 0
65.2 33.45 0
65.2 33.5 0
65.2 33.55 0
65.2 33.6 0
65.2 33.65 0
65.2 33.7 0
65.2 33.75 0
65.2 33.8 0
65.2 33.85 0
65.2 33.9 0
65.2 33.95 0
65.2 34 0
65.2 34.05 0
65.2 34.1 0
65.2 34.15 0
65.2 34.2 0
65.2 34.25 0
65.2 34.3 0
65.2 34.35 0
65.2 34.4 0
65.2 34.45 0
65.2 34.5 0
65.2 34.55 0
65.2 34.6 0
65.2 34.65 0
65.2 34.7 0
65.2 34.75 0
65.2 34.8 0
65.2 34.85 0
65.2 34.9 0
65.2 34.95 0
65.2 35 0
65.2 35.05 0
65.2 35.1 0
65.2 35.15 0
65.2 35.2 0
65.2 35.25 0
65.2 35.3 0
65.2 35.35 0
65.2 35.4 0
65.2 35.45 0
65.2 35.5 0
65.2 35.55 0
65.2 35.6 0
65.2 35.65 0
65.2 35.7 0
65.2 35.75 0
65.2 35.8 0
65.2 35.85 0
65.2 35.9 0
65.2 35.95 0
65.2 36 0
65.2 36.05 0
65.2 36.1 0
65.2 36.15 0
65.2 36.2 0
65.2 36.25 0
65.2 36.3 0
65.2 36.35 0
65.2 36.4 0
65.2 36.45 0
65.2 36.5 0
65.2 36.55 0
65.2 36.6 0
65.2 36.65 0
65.2 36.7 0
65.2 36.75 0
65.2 36.8 0
65.2 36.85 0
65.2 36.9 0
65.2 36.95 0
65.2 37 0
65.2 37.05 0
65.2 37.1 0
65.2 37.15 0
65.2 37.2 0
65.2 37.25 0
65.2 37.3 0
65.2 37.35 0
65.2 37.4 0
65.2 37.45 0
65.2 37.5 0
65.2 37.55 0
65.2 37.6 0
65.2 37.65 0
65.2 37.7 0
65.2 37.75 0
65.2 37.8 0
65.2 37.85 0
65.2 37.9 0
65.2 37.95 0
65.2 38 0
65.2 38.05 0
65.2 38.1 0
65.2 38.15 0
65.2 38.2 0
65.2 38.25 0
65.2 38.3 0
65.2 38.35 0
65.2 38.4 0
65.2 38.45 0
65.2 38.5 0
65.2 38.55 0
65.2 38.6 0
65.2 38.65 0
65.2 38.7 0
65.2 38.75 0
65.2 38.8 0
65.2 38.85 0
65.2 38.9 0
65.2 38.95 0
65.2 39 0
65.2 39.05 0
65.2 39.1 0
65.2 39.15 0
65.2 39.2 0
65.2 39.25 0
65.2 39.3 0
65.2 39.35 0
65.2 39.4 0
65.2 39.45 0
65.2 39.5 0
65.2 39.55 0
65.2 39.6 0
65.2 39.65 0
65.2 39.7 0
65.2 39.75 0
65.2 39.8 0
65.2 39.85 0
65.2 39.9 0
65.2 39.95 0
65.2 40 0
65.2 40.05 0
65.2 40.1 0
65.2 40.15 0
65.2 40.2 0
65.2 40.25 0
65.2 40.3 0
65.2 40.35 0
65.2 40.4 0
65.2 40.45 0
65.2 40.5 0
65.2 40.55 0
65.2 40.6 0
65.2 40.65 0
65.2 40.7 0
65.2 40.75 0
65.2 40.8 0
65.2 40.85 0
65.2 40.9 0
65.2 40.95 0
65.2 41 0
65.2 41.05 0
65.2 41.1 0
65.2 41.15 0
65.2 41.2 0
65.2 41.25 0
65.2 41.3 0
65.2 41.35 0
65.2 41.4 0
65.2 41.45 0
65.2 41.5 0
65.2 41.55 0
65.2 41.6 0
65.2 41.65 0
65.2 41.7 0
65.2 41.75 0
65.2 41.8 0
65.2 41.85 0
65.2 41.9 0
65.2 41.95 0
65.2 42 0
65.2 42.05 0
65.2 42.1 0
65.2 42.15 0
65.2 42.2 0
65.2 42.25 0
65.2 42.3 0
65.2 42.35 0
65.2 42.4 0
65.2 42.45 0
65.2 42.5 0
65.2 42.55 0
65.2 42.6 0
65.2 42.65 0
65.2 42.7 0
65.2 42.75 0
65.2 42.8 0
65.2 42.85 0
65.2 42.9 0
65.2 42.95 0
65.2 43 0
65.2 43.05 0
65.2 43.1 0
65.2 43.15 0
65.2 43.2 0
65.2 43.25 0
65.2 43.3 0
65.2 43.35 0
65.2 43.4 0
65.2 43.45 0
65.2 43.5 0
65.2 43.55 0
65.25 43.6 0
65.3 43.65 0
65.35 43.7 0
65.4 43.75 0
65.45 43.8 0
65.5 43.85 0
65.55 43.9 0
65.6 43.95 0
65.65 44 0
65.7 44.05 0
65.75 44.1 0
65.8 44.15 0
65.85 44.2 0
65.9 44.25 0
65.95 44.3 0
66 44.35 0
66 44.4 0
66 44.45 0
66 44.5 0
66 44.55 0
66 44.6 0
66 44.65 0
66 44.7 0
66 44.75 0
66 44.8 0
66 44.85 0
66 44.9 0
66 44.95 0
66 45 0
66 45.05 0
66 45.1 0
66 45.15 0
66 45.2 0
66 45.25 0
66 45.3 0
66 45.35 0
66 45.4 0
66 45.45 0
66 45.5 0
66 45.55 0
66 45.6 0
66 45.65 0
66 45.7 0
66 45.75 0
66 45.8 0
66 45.85 0
66 45.9 0
66 45.95 0
66 46 0
66 46.05 0
66 46.1 0
66 46.15 0
66 46.2 0
66 46.25 0
66 46.3 0
66 46.35 0
66 46.4 0
66 46.45 0
66 46.5 0
66 46.55 0
66 46.6 0
66 46.65 0
66 46.7 0
66 46.75 0
66 46.8 0
66 46.85 0
66 46.9 0
66 46.95 0
66 47 0
66 47.05 0
66 47.1 0
66 47.15 0
66 47.2 0
66 47.25 0
66 47.3 0
66 47.35 0
66 47.4 0
66 47.45 0
66 47.5 0
66 47.55 0
66 47.6 0
66 47.65 0
66 47.7 0
66 47.75 0
66 47.8 0
66 47.85 0
66 47.9 0
66 47.95 0
66 48 0
66 48.05 0
66 48.1 0
66 48.15 0
66 48.2 0
66 48.25 0
66 48.3 0
66 48.35 0
66 48.4 0
66 48.45 0
66.05 48.5 0
66.1 48.55 0
66.15 48.6 0
66.2 48.65 0
66.25 48.7 0
66.3 48.75 0
66.35 48.8 0
66.35 48.85 0
66.35 48.9 0
66.35 48.95 0
66.35 49 0
66.35 49.05 0
66.35 49.1 0
66.35 49.15 0
66.35 49.2 0
66.35 49.25 0
66.35 49.3 0
66.35 49.35 0
66.35 49.4 0
66.35 49.45 0
66.35 49.5 0
66.35 49.55 0
66.35 49.6 0
66.35 49.65 0
66.35 49.7 0
66.35 49.75 0
66.35 49.8 0
66.35 49.85 0
66.35 49.9 0
66.35 49.95 0
66.35 50 0
66.35 50.05 0
66.35 50.1 0
66.35 50.15 0
66.35 50.2 0
66.35 50.25 0
66.35 50.3 0
66.35 50.35 0
66.35 50.4 0
66.35 50.45 0
66.35 50.5 0
66.35 50.55 0
66.35 50.6 0
66.35 50.65 0
66.35 50.7 0
66.35 50.75 0
66.35 50.8 0
66.35 50.85 0
66.35 50.9 0
66.35 50.95 0
66.35 51 0
66.35 51.05 0
66.35 51.1 0
66.35 51.15 0
66.35 51.2 0
66.35 51.25 0
66.35 51.3 0
66.35 51.35 0
66.35 51.4 0
66.35 51.45 0
66.35 51.5 0
66.35 51.55 0
66.35 51.6 0
66.35 51.65 0
66.35 51.7 0
66.35 51.75 0
66.35 51.8 0
66.35 51.85 0
66.35 51.9 0
66.35 51.95 0
66.35 52 0
66.35 52.05 0
66.35 52.1 0
66.35 52.15 0
66.35 52.2 0
66.35 52.25 0
66.35 52.3 0
66.35 52.35 0
66.35 52.4 0
66.35 52.45 0
66.35 52.5 0
66.35 52.55 0
66.35 52.6 0
66.35 52.65 0
66.35 52.7 0
66.35 52.75 0
66.35 52.8 0
66.35 52.85 0
66.35 52.9 0
66.35 52.95 0
66.35 53 0
66.35 53.05 0
66.35 53.1 0
66.35 53.15 0
66.35 53.2 0
66.35 53.25 0
66.35 53.3 0
66.35 53.35 0
66.35 53.4 0
66.35 53.45 0
66.35 53.5 0
66.35 53.55 0
66.35 53.6 0
66.35 53.65 0
66.35 53.7 0
66.35 53.75 0
66.35 53.8 0
66.35 53.85 0
66.35 53.9 0
66.35 53.95 0
66.35 54 0
66.35 54.05 0
66.35 54.1 0
66.35 54.15 0
66.35 54.2 0
66.35 54.25 0
66.35 54.3 0
66.35 54.35 0
PATH 5 81
15.9 57 0
15.85 57.05 0
15.85 57.1 0
15.85 57.15 0
15.85 57.2 0
15.85 57.25 0
15.85 57.3 0
15.85 57.35 0
15.85 57.4 0
15.85 57.45 0
15.85 57.5 0
15.85 57.55 0
15.85 57.6 0
15.85 57.65 0
15.85 57.7 0
15.85 57.75 0
15.85 57.8 0
15.85 57.85 0
15.85 57.9 0
15.85 57.95 0
15.85 58 0
15.85 58.05 0
15.85 58.1 0
15.85 58.15 0
15.85 58.2 0
15.85 58.25 0
15.85 58.3 0
15.85 58.35 0
15.85 58.4 0
15.85 58.45 0
15.85 58.5 0
15.85 58.55 0
15.85 58.6 0
15.85 58.65 0
15.85 58.7 0
15.85 58.75 0
15.85 58.8 0
15.85 58.85 0
15.85 58.9 0
15.85 58.95 0
15.85 59 0
15.85 59.05 0
15.85 59.1 0
15.85 59.15 0
15.85 59.2 0
15.85 59.25 0
15.85 59.3 0
15.85 59.35 0
15.85 59.4 0
15.85 59.45 0
15.85 59.5 0
15.85 59.55 0
15.85 59.6 0
15.85 59.65 0
15.85 59.7 0
15.85 59.75 0
15.85 59.8 0
15.85 59.85 0
15.85 59.9 0
15.85 59.95 0
15.85 60 0
15.85 60.05 0
15.85 60.1 0
15.85 60.15 0
15.85 60.2 0
15.85 60.25 0
15.85 60.3 0
15.85 60.35 0
15.85 60.4 0
15.85 60.45 0
15.85 60.5 0
15.85 60.55 0
15.85 60.6 0
15.85 60.65 0
15.85 60.7 0
15.85 60.75 0
15.85 60.8 0
15.85 60.85 0
15.85 60.9 0
15.85 60.95 0
15.85 61 0
PATH 5 64
19.05 56.05 0
19 56.05 0
18.95 56.05 0
18.9 56.05 0
18.85 56.05 0
18.8 56.05 0
18.75 56.1 0
18.7 56.15 0
18.65 56.15 0
18.6 56.2 0
18.55 56.25 0
18.5 56.3 0
18.45 56.35 0
18.4 56.35 0
18.35 56.35 0
18.3 56.35 0
18.25 56.4 0
18.2 56.45 0
18.15 56.5 0
18.1 56.55 0
18.05 56.6 0
18 56.6 0
17.95 56.6 0
17.9 56.6 0
17.85 56.6 0
17.8 56.6 0
17.75 56.65 0
17.7 56.7 0
17.65 56.75 0
17.6 56.8 0
17.55 56.85 0
17.5 56.9 0
17.45 56.9 0
17.4 56.9 0
17.35 56.9 0
17.3 56.9 0
17.25 56.9 0
17.2 56.9 0
17.15 56.9 0
17.1 56.9 0
17.05 56.9 0
17 56.9 0
16.95 56.9 0
16.9 56.9 0
16.85 56.9 0
16.8 56.9 0
16.75 56.9 0
16.7 56.9 0
16.65 56.9 0
16.6 56.9 0
16.55 56.9 0
16.5 56.9 0
16.45 56.9 0
16.4 56.9 0
16.35 56.9 0
16.3 56.9 0
16.25 56.9 0
16.2 56.9 0
16.15 56.9 0
16.1 56.9 0
16.05 56.9 0
16 56.9 0
15.95 56.95 0
15.9 57 0
PATH 42 81
92.95 37 0
92.9 36.95 0
92.85 36.9 0
92.8 36.85 0
92.8 36.8 0
92.75 36.75 0
92.7 36.7 0
92.65 36.65 0
92.6 36.6 0
92.55 36.55 0
92.5 36.5 0
92.45 36.45 0
92.4 36.4 0
92.35 36.35 0
92.3 36.3 0
92.25 36.25 0
92.2 36.2 0
92.15 36.15 0
92.1 36.1 0
92.1 36.05 0
92.1 36 0
92.1 35.95 0
92.1 35.9 0
92.1 35.85 0
92.1 35.8 0
92.1 35.75 0
92.1 35.7 0
92.1 35.65 0
92.05 35.6 0
92 35.55 0
92 35.5 0
92 35.45 0
92 35.4 0
92 35.35 0
92 35.3 0
92 35.25 0
92 35.2 0
92 35.15 0
92 35.1 0
92 35.05 0
92 35 0
92 34.95 0
92 34.9 0
92 34.85 0
92 34.8 0
92 34.75 0
92 34.7 0
92 34.65 0
92 34.6 0
92 34.55 0
92 34.5 0
92 34.45 0
92 34.4 0
91.95 34.35 0
91.9 34.3 0
91.85 34.25 0
91.8 34.2 0
91.75 34.15 0
91.7 34.1 0
91.65 34.05 0
91.6 34 0
91.55 33.95 0
91.5 33.9 0
91.5 33.85 0
91.5 33.8 0
91.5 33.75 0
91.5 33.7 0
91.5 33.65 0
91.5 33.6 0
91.5 33.55 0
91.5 33.5 0
91.45 33.45 0
91.4 33.4 0
91.35 33.35 0
91.3 33.3 0
91.25 33.25 0
91.2 33.2 0
91.2 33.15 0
91.2 33.1 0
91.2 33.05 0
91.2 33 0
PATH 42 81
92.95 29 0
92.9 29.05 0
92.85 29.1 0
92.8 29.15 0
92.8 29.2 0
92.75 29.25 0
92.75 29.3 0
92.75 29.35 0
92.75 29.4 0
92.75 29.45 0
92.75 29.5 0
92.75 29.55 0
92.7 29.6 0
92.65 29.65 0
92.6 29.7 0
92.55 29.75 0
92.5 29.8 0
92.5 29.85 0
92.5 29.9 0
92.5 29.95 0
92.5 30 0
92.5 30.05 0
92.5 30.1 0
92.5 30.15 0
92.5 30.2 0
92.5 30.25 0
92.5 30.3 0
92.5 30.35 0
92.5 30.4 0
92.5 30.45 0
92.5 30.5 0
92.5 30.55 0
92.5 30.6 0
92.5 30.65 0
92.5 30.7 0
92.5 30.75 0
92.5 30.8 0
92.5 30.85 0
92.5 30.9 0
92.5 30.95 0
92.5 31 0
92.45 31.05 0
92.4 31.1 0
92.35 31.15 0
92.3 31.2 0
92.25 31.25 0
92.2 31.3 0
92.15 31.35 0
92.1 31.4 0
92.05 31.45 0
92 31.5 0
91.95 31.55 0
91.9 31.6 0
91.85 31.65 0
91.8 31.7 0
91.75 31.75 0
91.7 31.8 0
91.7 31.85 0
91.7 31.9 0
91.7 31.95 0
91.7 32 0
91.7 32.05 0
91.7 32.1 0
91.65 32.15 0
91.6 32.2 0
91.55 32.25 0
91.5 32.3 0
91.45 32.35 0
91.4 32.4 0
91.35 32.45 0
91.3 32.5 0
91.25 32.55 0
91.2 32.6 0
91.2 32.65 0
91.2 32.7 0
91.2 32.75 0
91.2 32.8 0
91.2 32.85 0
91.2 32.9 0
91.2 32.95 0
91.2 33 0
PATH 29 897
23.1 44.35 0
23.1 44.3 0
23.1 44.25 0
23.1 44.2 0
23.1 44.15 0
23.1 44.1 0
23.15 44.05 0
23.2 44 0
23.2 43.95 0
23.25 43.9 0
23.3 43.85 0
23.35 43.8 0
23.4 43.75 0
23.4 43.7 0
23.4 43.65 0
23.4 43.6 0
23.45 43.55 0
23.5 43.5 0
23.55 43.45 0
23.6 43.4 0
23.65 43.35 0
23.65 43.3 0
23.65 43.25 0
23.65 43.2 0
23.65 43.15 0
23.7 43.1 0
23.75 43.05 0
23.8 43 0
23.85 42.95 0
23.9 42.9 0
23.95 42.85 0
23.95 42.8 0
23.95 42.75 0
23.95 42.7 0
23.95 42.65 0
23.95 42.6 0
23.95 42.55 0
23.95 42.5 0
23.95 42.45 0
24 42.4 0
24.05 42.35 0
24.1 42.3 0
24.15 42.25 0
24.2 42.2 0
24.25 42.15 0
24.3 42.1 0
24.35 42.05 0
24.4 42 0
24.45 41.95 0
24.5 41.9 0
24.5 41.85 0
24.5 41.8 0
24.5 41.75 0
24.5 41.7 0
24.5 41.65 0
24.5 41.6 0
24.5 41.55 0
24.5 41.5 0
24.5 41.45 0
24.5 41.4 0
24.5 41.35 0
24.5 41.3 0
24.5 41.25 0
24.5 41.2 0
24.5 41.15 0
24.5 41.1 0
24.5 41.05 0
24.5 41 0
24.5 40.95 0
24.5 40.9 0
24.5 40.85 0
24.5 40.8 0
24.5 40.75 0
24.5 40.7 0
24.5 40.65 0
24.5 40.6 0
24.5 40.55 0
24.5 40.5 0
24.55 40.45 0
24.6 40.4 0
24.65 40.35 0
24.7 40.3 0
24.75 40.25 0
24.8 40.2 0
24.85 40.15 0
24.9 40.1 0
24.95 40.05 0
25 40 0
25.05 39.95 0
25.1 39.9 0
25.15 39.85 0
25.2 39.8 0
25.25 39.75 0
25.3 39.7 0
25.3 39.65 0
25.3 39.6 0
25.3 39.55 0
25.3 39.5 0
25.3 39.45 0
25.3 39.4 0
25.3 39.35 0
25.3 39.3 0
25.3 39.25 0
25.3 39.2 0
25.3 39.15 0
25.3 39.1 0
25.3 39.05 0
25.3 39 0
25.3 38.95 0
25.35 38.9 0
25.4 38.85 0
25.45 38.8 0
25.5 38.75 0
25.55 38.7 0
25.6 38.65 0
25.65 38.6 0
25.7 38.55 0
25.75 38.5 0
25.8 38.45 0
25.85 38.4 0
25.85 38.35 0
25.9 38.3 0
25.9 38.25 0
25.9 38.2 0
25.9 38.15 0
25.9 38.1 0
25.9 38.05 0
25.9 38 0
25.9 37.95 0
25.9 37.9 0
25.9 37.85 0
25.9 37.8 0
25.9 37.75 0
25.9 37.7 0
25.9 37.65 0
25.9 37.6 0
25.9 37.55 0
25.9 37.5 0
25.9 37.45 0
25.9 37.4 0
25.9 37.35 0
25.9 37.3 0
25.9 37.25 0
25.9 37.2 0
25.9 37.15 0
25.9 37.1 0
25.9 37.05 0
25.9 37 0
25.9 36.95 0
25.9 36.9 0
25.9 36.85 0
25.9 36.8 0
25.9 36.75 0
25.9 36.7 0
25.9 36.65 0
25.9 36.6 0
25.9 36.55 0
25.9 36.5 0
25.9 36.45 0
25.9 36.4 0
25.9 36.35 0
25.9 36.3 0
25.9 36.25 0
25.9 36.2 0
25.9 36.15 0
25.9 36.1 0
25.9 36.05 0
25.9 36 0
25.9 35.95 0
25.9 35.9 0
25.9 35.85 0
25.9 35.8 0
25.9 35.75 0
25.9 35.7 0
25.9 35.65 0
25.9 35.6 0
25.9 35.55 0
25.9 35.5 0
25.9 35.45 0
25.9 35.4 0
25.9 35.35 0
25.9 35.3 0
25.9 35.25 0
25.9 35.2 0
25.9 35.15 0
25.9 35.1 0
25.9 35.05 0
25.9 35 0
25.9 34.95 0
25.9 34.9 0
25.9 34.85 0
25.9 34.8 0
25.9 34.75 0
25.9 34.7 0
25.9 34.65 0
25.9 34.6 0
25.9 34.55 0
25.9 34.5 0
25.9 34.45 0
25.9 34.4 0
25.9 34.35 0
25.9 34.3 0
25.9 34.25 0
25.9 34.2 0
25.9 34.15 0
25.9 34.1 0
25.9 34.05 0
25.9 34 0
25.9 33.95 0
25.9 33.9 0
25.9 33.85 0
25.9 33.8 0
25.9 33.75 0
25.9 33.7 0
25.9 33.65 0
25.9 33.6 0
25.9 33.55 0
25.9 33.5 0
25.9 33.45 0
25.9 33.4 0
25.9 33.35 0
25.9 33.3 0
25.9 33.25 0
25.9 33.2 0
25.9 33.15 0
25.9 33.1 0
25.9 33.05 0
25.9 33 0
25.9 32.95 0
25.9 32.9 0
25.9 32.85 0
25.9 32.8 0
25.9 32.75 0
25.9 32.7 0
25.9 32.65 0
25.9 32.6 0
25.9 32.55 0
25.9 32.5 0
25.9 32.45 0
25.9 32.4 0
25.9 32.35 0
25.9 32.3 0
25.9 32.25 0
25.9 32.2 0
25.9 32.15 0
25.9 32.1 0
25.9 32.05 0
25.9 32 0
25.9 31.95 0
25.9 31.9 0
25.9 31.85 0
25.9 31.8 0
25.95 31.75 0
26 31.7 0
26 31.65 0
26.05 31.6 0
26.1 31.55 0
26.15 31.5 0
26.2 31.45 0
26.25 31.4 0
26.3 31.35 0
26.35 31.3 0
26.35 31.25 0
26.35 31.2 0
26.35 31.15 0
26.35 31.1 0
26.35 31.05 0
26.35 31 0
26.35 30.95 0
26.35 30.9 0
26.35 30.85 0
26.35 30.8 0
26.35 30.75 0
26.35 30.7 0
26.35 30.65 0
26.35 30.6 0
26.35 30.55 0
26.35 30.5 0
26.35 30.45 0
26.35 30.4 0
26.35 30.35 0
26.35 30.3 0
26.35 30.25 0
26.35 30.2 0
26.35 30.15 0
26.35 30.1 0
26.35 30.05 0
26.35 30 0
26.35 29.95 0
26.35 29.9 0
26.4 29.85 0
26.45 29.8 0
26.5 29.75 0
26.55 29.7 0
26.6 29.65 0
26.65 29.6 0
26.7 29.55 0
26.75 29.5 0
26.8 29.45 0
26.85 29.4 0
26.9 29.35 0
26.95 29.3 0
27 29.25 0
27.05 29.2 0
27.1 29.15 0
27.15 29.1 0
27.2 29.05 0
27.25 29 0
27.3 28.95 0
27.35 28.9 0
27.4 28.85 0
27.45 28.8 0
27.5 28.75 0
27.55 28.7 0
27.6 28.65 0
27.65 28.6 0
27.7 28.55 0
27.75 28.5 0
27.8 28.45 0
27.85 28.4 0
27.9 28.35 0
27.95 28.3 0
28 28.25 0
28.05 28.2 0
28.1 28.15 0
28.15 28.1 0
28.2 28.05 0
28.25 28 0
28.3 27.95 0
28.35 27.9 0
28.4 27.85 0
28.45 27.8 0
28.5 27.75 0
28.55 27.7 0
28.6 27.65 0
28.65 27.6 0
28.7 27.55 0
28.75 27.5 0
28.8 27.45 0
28.85 27.4 0
28.9 27.35 0
28.95 27.3 0
29 27.25 0
29.05 27.2 0
29.1 27.15 0
29.15 27.1 0
29.2 27.05 0
29.25 27 0
29.3 26.95 0
29.35 26.9 0
29.4 26.85 0
29.45 26.8 0
29.5 26.75 0
29.55 26.7 0
29.6 26.65 0
29.65 26.6 0
29.7 26.55 0
29.75 26.5 0
29.8 26.45 0
29.85 26.4 0
29.9 26.35 0
29.95 26.3 0
30 26.25 0
30.05 26.2 0
30.1 26.15 0
30.15 26.1 0
30.2 26.05 0
30.25 26 0
30.25 26 2
30.25 25.95 2
30.25 25.9 2
30.3 25.85 2
30.35 25.8 2
30.4 25.75 2
30.4 25.7 2
30.4 25.65 2
30.45 25.6 2
30.5 25.55 2
30.55 25.5 2
30.6 25.45 2
30.65 25.4 2
30.7 25.35 2
30.75 25.3 2
30.75 25.25 2
30.75 25.2 2
30.75 25.15 2
30.75 25.1 2
30.75 25.05 2
30.75 25 2
30.75 24.95 2
30.75 24.9 2
30.75 24.85 2
30.75 24.8 2
30.75 24.75 2
30.75 24.7 2
30.75 24.65 2
30.75 24.6 2
30.8 24.55 2
30.8 24.5 2
30.8 24.45 2
30.8 24.4 2
30.8 24.35 2
30.8 24.3 2
30.8 24.25 2
30.8 24.2 2
30.8 24.15 2
30.8 24.1 2
30.8 24.05 2
30.8 24 2
30.8 23.95 2
30.8 23.9 2
30.8 23.85 2
30.8 23.8 2
30.8 23.75 2
30.8 23.7 2
30.8 23.65 2
30.8 23.6 2
30.8 23.55 2
30.8 23.5 2
30.8 23.45 2
30.8 23.4 2
30.8 23.35 2
30.8 23.3 2
30.8 23.25 2
30.8 23.2 2
30.8 23.15 2
30.8 23.1 2
30.8 23.05 2
30.8 23 2
30.8 22.95 2
30.8 22.9 2
30.8 22.85 2
30.8 22.8 2
30.8 22.75 2
30.8 22.7 2
30.8 22.65 2
30.8 22.6 2
30.8 22.55 2
30.8 22.5 2
30.8 22.45 2
30.8 22.4 2
30.8 22.35 2
30.8 22.3 2
30.8 22.25 2
30.8 22.2 2
30.8 22.15 2
30.8 22.1 2
30.8 22.05 2
30.8 22 2
30.8 21.95 2
30.8 21.9 2
30.8 21.85 2
30.8 21.8 2
30.8 21.75 2
30.8 21.7 2
30.8 21.65 2
30.8 21.6 2
30.8 21.55 2
30.8 21.5 2
30.8 21.45 2
30.8 21.4 2
30.8 21.35 2
30.8 21.3 2
30.8 21.25 2
30.8 21.2 2
30.8 21.15 2
30.8 21.1 2
30.8 21.05 2
30.8 21 2
30.8 20.95 2
30.8 20.9 2
30.8 20.85 2
30.8 20.8 2
30.8 20.75 2
30.8 20.7 2
30.8 20.65 2
30.8 20.6 2
30.8 20.55 2
30.8 20.5 2
30.8 20.45 2
30.8 20.4 2
30.8 20.35 2
30.8 20.3 2
30.8 20.25 2
30.8 20.2 2
30.8 20.15 2
30.85 20.1 2
30.9 20.05 2
30.9 20 2
30.9 19.95 2
30.95 19.9 2
31 19.85 2
31 19.8 2
31 19.75 2
31.05 19.7 2
31.1 19.65 2
31.1 19.6 2
31.1 19.55 2
31.15 19.5 2
31.15 19.45 2
31.15 19.4 2
31.15 19.35 2
31.15 19.3 2
31.2 19.25 2
31.25 19.2 2
31.25 19.15 2
31.25 19.1 2
31.25 19.05 2
31.25 19 2
31.25 18.95 2
31.25 18.9 2
31.25 18.85 2
31.25 18.8 2
31.3 18.75 2
31.35 18.7 2
31.4 18.65 2
31.45 18.6 2
31.5 18.55 2
31.5 18.5 2
31.5 18.45 2
31.5 18.4 2
31.55 18.35 2
31.55 18.3 2
31.55 18.25 2
31.55 18.2 2
31.6 18.15 2
31.6 18.1 2
31.6 18.05 2
31.6 18 2
31.6 17.95 2
31.6 17.9 2
31.6 17.85 2
31.6 17.8 2
31.6 17.75 2
31.65 17.7 2
31.65 17.65 2
31.65 17.6 2
31.65 17.55 2
31.65 17.5 2
31.65 17.45 2
31.65 17.4 2
31.7 17.35 2
31.75 17.3 2
31.8 17.25 2
31.8 17.2 2
31.8 17.15 2
31.85 17.1 2
31.9 17.05 2
31.95 17 2
32 16.95 2
32.05 16.9 2
32.1 16.85 2
32.1 16.8 2
32.1 16.75 2
32.1 16.7 2
32.1 16.65 2
32.1 16.6 2
32.1 16.55 2
32.1 16.5 2
32.1 16.45 2
32.1 16.4 2
32.1 16.35 2
32.1 16.3 2
32.1 16.25 2
32.1 16.2 2
32.1 16.15 2
32.1 16.1 2
32.1 16.05 2
32.1 16 2
32.1 15.95 2
32.1 15.9 2
32.1 15.85 2
32.1 15.8 2
32.15 15.75 2
32.15 15.7 2
32.15 15.65 2
32.15 15.6 2
32.15 15.55 2
32.15 15.5 2
32.15 15.45 2
32.15 15.4 2
32.15 15.35 2
32.15 15.3 2
32.15 15.25 2
32.15 15.2 2
32.15 15.15 2
32.15 15.1 2
32.15 15.05 2
32.15 15 2
32.15 14.95 2
32.15 14.9 2
32.15 14.85 2
32.15 14.8 2
32.15 14.75 2
32.15 14.7 2
32.2 14.65 2
32.2 14.6 2
32.2 14.55 2
32.2 14.5 2
32.2 14.45 2
32.2 14.4 2
32.2 14.35 2
32.2 14.3 2
32.2 14.25 2
32.2 14.2 2
32.2 14.15 2
32.2 14.1 2
32.2 14.05 2
32.2 14 2
32.2 13.95 2
32.25 13.9 2
32.25 13.85 2
32.25 13.8 2
32.25 13.75 2
32.25 13.7 2
32.25 13.65 2
32.25 13.6 2
32.25 13.55 2
32.3 13.5 2
32.35 13.45 2
32.4 13.4 2
32.45 13.35 2
32.5 13.3 2
32.5 13.25 2
32.55 13.2 2
32.6 13.15 2
32.65 13.1 2
32.7 13.05 2
32.75 13 2
32.8 12.95 2
32.85 12.9 2
32.9 12.85 2
32.95 12.8 2
33 12.75 2
33.05 12.7 2
33.1 12.65 2
33.15 12.6 2
33.2 12.55 2
33.25 12.5 2
33.3 12.45 2
33.35 12.4 2
33.4 12.35 2
33.45 12.3 2
33.5 12.25 2
33.55 12.2 2
33.6 12.15 2
33.65 12.1 2
33.7 12.05 2
33.75 12 2
33.8 11.95 2
33.85 11.9 2
33.9 11.85 2
33.95 11.8 2
34 11.75 2
34.05 11.7 2
34.1 11.65 2
34.15 11.6 2
34.2 11.55 2
34.25 11.5 2
34.3 11.45 2
34.35 11.4 2
34.4 11.35 2
34.45 11.3 2
34.5 11.25 2
34.55 11.2 2
34.6 11.15 2
34.65 11.1 2
34.7 11.05 2
34.75 11 2
34.8 10.95 2
34.85 10.9 2
34.9 10.85 2
34.9 10.8 2
34.9 10.75 2
34.9 10.7 2
34.9 10.65 2
34.9 10.6 2
34.9 10.55 2
34.9 10.5 2
34.9 10.45 2
34.9 10.4 2
34.9 10.35 2
34.9 10.3 2
34.9 10.25 2
34.9 10.2 2
34.9 10.15 2
34.9 10.1 2
34.9 10.05 2
34.9 10 2
34.9 9.95 2
34.9 9.9 2
34.9 9.85 2
34.9 9.8 2
34.9 9.75 2
34.9 9.7 2
34.9 9.65 2
34.9 9.6 2
34.9 9.55 2
34.9 9.5 2
34.9 9.45 2
34.9 9.4 2
34.9 9.35 2
34.9 9.3 2
34.9 9.25 2
34.9 9.2 2
34.9 9.15 2
34.9 9.1 2
34.9 9.05 2
34.9 9 2
34.9 8.95 2
34.9 8.9 2
34.9 8.85 2
34.9 8.8 2
34.9 8.75 2
34.9 8.7 2
34.9 8.65 2
34.9 8.6 2
34.9 8.55 2
34.9 8.5 2
34.9 8.45 2
34.9 8.4 2
34.9 8.35 2
34.9 8.3 2
34.9 8.25 2
34.9 8.2 2
34.9 8.15 2
34.9 8.1 2
34.9 8.05 2
34.9 8 2
34.9 7.95 2
34.9 7.9 2
34.9 7.85 2
34.9 7.8 2
34.9 7.75 2
34.9 7.7 2
34.9 7.65 2
34.9 7.6 2
34.9 7.55 2
34.9 7.5 2
34.9 7.45 2
34.9 7.4 2
34.9 7.35 2
34.9 7.3 2
34.9 7.25 2
34.9 7.2 2
34.9 7.15 2
34.9 7.1 2
34.9 7.05 2
34.9 7 2
34.9 6.95 2
34.9 6.9 2
34.9 6.85 2
34.9 6.8 2
34.9 6.75 2
34.9 6.7 2
34.9 6.65 2
34.9 6.6 2
34.9 6.55 2
34.9 6.5 2
34.9 6.45 2
34.9 6.4 2
34.9 6.35 2
34.9 6.3 2
34.9 6.25 2
34.9 6.2 2
34.9 6.15 2
34.9 6.1 2
34.9 6.05 2
34.9 6 2
34.9 5.95 2
34.9 5.9 2
34.9 5.85 2
34.9 5.8 2
34.9 5.75 2
34.9 5.7 2
34.9 5.65 2
34.9 5.6 2
34.9 5.55 2
34.95 5.5 2
34.95 5.45 2
34.95 5.4 2
34.95 5.35 2
35 5.3 2
35 5.25 2
35.05 5.2 2
35.1 5.15 2
35.15 5.1 2
35.2 5.05 2
35.25 5.05 2
35.3 5 2
35.35 5 2
35.4 5 2
35.45 5 2
35.5 4.95 2
35.55 4.95 2
35.6 4.95 2
35.65 4.95 2
35.7 4.95 2
35.75 4.95 2
35.8 4.95 2
35.85 4.95 2
35.9 4.95 2
35.95 4.95 2
36 4.95 2
36.05 4.95 2
36.1 4.95 2
36.15 4.95 2
36.2 4.95 2
36.25 4.95 2
36.3 4.95 2
36.35 4.95 2
36.4 4.95 2
36.45 4.95 2
36.5 4.95 2
36.55 4.95 2
36.6 4.95 2
36.65 4.95 2
36.7 4.95 2
36.75 4.95 2
36.8 4.95 2
36.85 4.95 2
36.9 4.95 2
36.95 4.95 2
37 4.95 2
37.05 4.95 2
37.1 4.95 2
37.15 4.9 2
37.2 4.85 2
37.25 4.8 2
37.3 4.75 2
37.3 4.75 0
37.35 4.8 0
37.4 4.85 0
37.45 4.9 0
37.5 4.95 0
37.55 5 0
37.6 5.05 0
37.65 5.1 0
37.7 5.1 0
37.75 5.1 0
37.8 5.1 0
37.85 5.1 0
37.9 5.1 0
37.95 5.1 0
38 5.1 0
38.05 5.15 0
38.1 5.15 0
38.15 5.15 0
38.2 5.15 0
38.25 5.2 0
38.3 5.2 0
38.35 5.25 0
38.4 5.3 0
38.45 5.35 0
38.5 5.4 0
38.5 5.45 0
38.55 5.5 0
38.55 5.55 0
38.55 5.6 0
38.55 5.65 0
38.6 5.7 0
38.6 5.75 0
38.6 5.8 0
38.55 5.85 0
38.55 5.9 0
38.55 5.95 0
38.55 6 0
38.5 6.05 0
38.5 6.1 0
38.45 6.15 0
38.4 6.2 0
38.35 6.25 0
38.3 6.3 0
38.25 6.35 0
38.25 6.4 0
38.25 6.45 0
38.25 6.5 0
38.25 6.55 0
38.25 6.6 0
38.25 6.65 0
38.25 6.7 0
38.25 6.75 0
38.25 6.8 0
38.25 6.85 0
38.25 6.9 0
38.25 6.95 0
38.25 7 0
38.25 7.05 0
38.25 7.1 0
38.25 7.15 0
38.25 7.2 0
38.25 7.25 0
38.25 7.3 0
38.25 7.35 0
38.25 7.4 0
38.25 7.45 0
38.25 7.5 0
PATH 29 100
18.15 48 0
18.2 47.95 0
18.25 47.9 0
18.3 47.85 0
18.35 47.8 0
18.4 47.75 0
18.45 47.7 0
18.5 47.65 0
18.55 47.6 0
18.6 47.55 0
18.65 47.5 0
18.7 47.45 0
18.75 47.4 0
18.8 47.35 0
18.85 47.3 0
18.9 47.25 0
18.95 47.2 0
19 47.15 0
19.05 47.1 0
19.1 47.05 0
19.15 47 0
19.2 46.95 0
19.25 46.9 0
19.3 46.85 0
19.35 46.8 0
19.4 46.75 0
19.45 46.7 0
19.5 46.65 0
19.55 46.6 0
19.6 46.6 0
19.65 46.6 0
19.7 46.6 0
19.75 46.6 0
19.8 46.6 0
19.85 46.6 0
19.9 46.6 0
19.95 46.55 0
20 46.5 0
20.05 46.45 0
20.1 46.4 0
20.15 46.35 0
20.2 46.3 0
20.25 46.25 0
20.3 46.2 0
20.35 46.15 0
20.4 46.1 0
20.45 46.05 0
20.5 46 0
20.55 45.95 0
20.6 45.9 0
20.65 45.85 0
20.7 45.8 0
20.75 45.75 0
20.8 45.7 0
20.85 45.65 0
20.9 45.6 0
20.95 45.55 0
21 45.5 0
21.05 45.45 0
21.1 45.4 0
21.15 45.35 0
21.2 45.3 0
21.25 45.25 0
21.3 45.2 0
21.35 45.15 0
21.4 45.1 0
21.45 45.05 0
21.5 45 0
21.55 44.95 0
21.6 44.9 0
21.65 44.9 0
21.7 44.9 0
21.75 44.9 0
21.8 44.9 0
21.85 44.85 0
21.9 44.8 0
21.95 44.75 0
22 44.7 0
22.05 44.65 0
22.1 44.6 0
22.15 44.55 0
22.2 44.5 0
22.25 44.45 0
22.3 44.4 0
22.35 44.35 0
22.4 44.35 0
22.45 44.35 0
22.5 44.35 0
22.55 44.35 0
22.6 44.35 0
22.65 44.35 0
22.7 44.35 0
22.75 44.35 0
22.8 44.35 0
22.85 44.35 0
22.9 44.35 0
22.95 44.35 0
23 44.35 0
23.05 44.35 0
23.1 44.35 0
PATH 44 83
81.95 37 0
81.9 37.05 0
81.85 37.1 0
81.8 37.15 0
81.8 37.2 0
81.75 37.25 0
81.75 37.3 0
81.75 37.35 0
81.75 37.4 0
81.75 37.4 2
81.7 37.45 2
81.65 37.5 2
81.6 37.55 2
81.55 37.6 2
81.55 37.65 2
81.55 37.7 2
81.5 37.75 2
81.45 37.8 2
81.4 37.85 2
81.35 37.9 2
81.35 37.95 2
81.3 38 2
81.25 38.05 2
81.25 38.1 2
81.25 38.15 2
81.25 38.2 2
81.25 38.25 2
81.25 38.3 2
81.25 38.35 2
81.25 38.4 2
81.25 38.45 2
81.2 38.5 2
81.15 38.55 2
81.1 38.6 2
81.05 38.65 2
81 38.7 2
80.95 38.75 2
80.9 38.8 2
80.9 38.85 2
80.85 38.9 2
80.8 38.95 2
80.75 39 2
80.7 39.05 2
80.65 39.1 2
80.6 39.15 2
80.55 39.2 2
80.5 39.25 2
80.45 39.3 2
80.4 39.35 2
80.35 39.4 2
80.3 39.45 2
80.25 39.5 2
80.2 39.55 2
80.2 39.6 2
80.2 39.65 2
80.2 39.7 2
80.2 39.75 2
80.2 39.8 2
80.2 39.85 2
80.2 39.9 2
80.2 39.95 2
80.2 40 2
80.2 40.05 2
80.2 40.1 2
80.2 40.15 2
80.2 40.2 2
80.2 40.25 2
80.2 40.3 2
80.2 40.35 2
80.2 40.4 2
80.2 40.45 2
80.2 40.5 2
80.2 40.55 2
80.2 40.6 2
80.2 40.65 2
80.2 40.7 2
80.2 40.75 2
80.2 40.8 2
80.2 40.85 2
80.2 40.9 2
80.2 40.95 2
80.2 41 2
80.2 41 0
PATH 44 63
85.05 37.95 0
85 37.9 0
84.95 37.9 0
84.9 37.9 0
84.85 37.9 0
84.8 37.9 0
84.75 37.9 0
84.7 37.85 0
84.65 37.8 0
84.6 37.8 0
84.55 37.8 0
84.5 37.8 0
84.45 37.75 0
84.4 37.7 0
84.35 37.65 0
84.3 37.6 0
84.25 37.55 0
84.2 37.55 0
84.15 37.55 0
84.1 37.55 0
84.05 37.55 0
84 37.55 0
83.95 37.5 0
83.9 37.45 0
83.85 37.4 0
83.8 37.35 0
83.75 37.3 0
83.7 37.25 0
83.65 37.2 0
83.6 37.15 0
83.55 37.1 0
83.5 37.05 0
83.45 37.05 0
83.4 37.05 0
83.35 37.05 0
83.3 37.05 0
83.25 37.05 0
83.2 37 0
83.15 37 0
83.1 37 0
83.05 37 0
83 37 0
82.95 37 0
82.9 37 0
82.85 37 0
82.8 37 0
82.75 37 0
82.7 37 0
82.65 37 0
82.6 37 0
82.55 37 0
82.5 37 0
82.45 37 0
82.4 37 0
82.35 37 0
82.3 37 0
82.25 37 0
82.2 37 0
82.15 37 0
82.1 37 0
82.05 37 0
82 37 0
81.95 37 0
PATH 45 101
85.05 29.95 0
85 29.95 0
84.95 29.95 0
84.9 29.95 0
84.85 29.95 0
84.8 29.95 0
84.75 29.95 0
84.7 29.95 0
84.65 29.95 0
84.6 29.95 0
84.55 29.95 0
84.5 29.95 0
84.45 29.95 0
84.4 29.95 0
84.35 29.95 0
84.3 29.95 0
84.25 29.95 0
84.2 29.95 0
84.15 29.95 0
84.1 29.95 0
84.05 29.95 0
84 29.95 0
83.95 29.95 0
83.9 29.95 0
83.85 29.95 0
83.8 29.95 0
83.75 29.95 0
83.7 29.95 0
83.65 29.95 0
83.6 29.95 0
83.55 29.95 0
83.5 29.95 0
83.45 29.95 0
83.4 29.95 0
83.35 29.95 0
83.3 29.95 0
83.25 29.95 0
83.2 29.95 0
83.15 29.95 0
83.1 29.95 0
83.05 29.95 0
83 29.95 0
82.95 29.95 0
82.9 29.95 0
82.85 30 0
82.8 30.05 0
82.75 30.05 0
82.7 30.05 0
82.65 30.05 0
82.6 30.05 0
82.55 30.05 0
82.5 30.05 0
82.45 30.05 0
82.4 30.05 0
82.35 30.05 0
82.3 30.05 0
82.25 30.05 0
82.2 30.05 0
82.15 30.05 0
82.1 30.05 0
82.05 30.05 0
82 30.05 0
81.95 30.05 0
81.9 30.05 0
81.85 30.05 0
81.8 30.05 0
81.75 30.05 0
81.7 30.05 0
81.65 30.05 0
81.6 30.05 0
81.55 30.05 0
81.5 30.05 0
81.45 30.05 0
81.4 30.05 0
81.35 30.05 0
81.3 30.05 0
81.25 30.05 0
81.2 30.05 0
81.15 30.05 0
81.1 30.05 0
81.05 30 0
81 29.95 0
80.95 29.9 0
80.9 29.85 0
80.85 29.8 0
80.8 29.75 0
80.75 29.7 0
80.7 29.65 0
80.65 29.6 0
80.6 29.55 0
80.55 29.5 0
80.5 29.45 0
80.45 29.4 0
80.4 29.35 0
80.35 29.3 0
80.3 29.25 0
80.25 29.2 0
80.2 29.15 0
80.15 29.1 0
80.1 29.05 0
80.05 29 0
PATH 45 123
85.05 36.05 0
85.05 36 0
85.05 35.95 0
85.05 35.9 0
85.05 35.85 0
85.05 35.8 0
85.05 35.75 0
85.05 35.7 0
85.05 35.65 0
85.05 35.6 0
85.05 35.55 0
85.05 35.5 0
85.05 35.45 0
85.05 35.4 0
85.05 35.35 0
85.05 35.3 0
85.05 35.25 0
85.05 35.2 0
85.05 35.15 0
85.05 35.1 0
85.05 35.05 0
85.05 35 0
85.05 34.95 0
85.05 34.9 0
85.05 34.85 0
85.05 34.8 0
85.05 34.75 0
85.05 34.7 0
85.05 34.65 0
85.05 34.6 0
85.05 34.55 0
85.05 34.5 0
85.05 34.45 0
85.05 34.4 0
85.05 34.35 0
85.05 34.3 0
85.05 34.25 0
85.05 34.2 0
85.05 34.15 0
85.05 34.1 0
85.05 34.05 0
85.05 34 0
85.05 33.95 0
85.05 33.9 0
85.05 33.85 0
85.05 33.8 0
85.05 33.75 0
85.05 33.7 0
85.05 33.65 0
85.05 33.6 0
85.05 33.55 0
85.05 33.5 0
85.05 33.45 0
85.05 33.4 0
85.05 33.35 0
85.05 33.3 0
85.05 33.25 0
85.05 33.2 0
85.05 33.15 0
85.05 33.1 0
85.05 33.05 0
85.05 33 0
85.05 32.95 0
85.05 32.9 0
85.05 32.85 0
85.05 32.8 0
85.05 32.75 0
85.05 32.7 0
85.05 32.65 0
85.05 32.6 0
85.05 32.55 0
85.05 32.5 0
85.05 32.45 0
85.05 32.4 0
85.05 32.35 0
85.05 32.3 0
85.05 32.25 0
85.05 32.2 0
85.05 32.15 0
85.05 32.1 0
85.05 32.05 0
85.05 32 0
85.05 31.95 0
85.05 31.9 0
85.05 31.85 0
85.05 31.8 0
85.05 31.75 0
85.05 31.7 0
85.05 31.65 0
85.05 31.6 0
85.05 31.55 0
85.05 31.5 0
85.05 31.45 0
85.05 31.4 0
85.05 31.35 0
85.05 31.3 0
85.05 31.25 0
85.05 31.2 0
85.05 31.15 0
85.05 31.1 0
85.05 31.05 0
85.05 31 0
85.05 30.95 0
85.05 30.9 0
85.05 30.85 0
85.05 30.8 0
85.05 30.75 0
85.05 30.7 0
85.05 30.65 0
85.05 30.6 0
85.05 30.55 0
85.05 30.5 0
85.05 30.45 0
85.05 30.4 0
85.05 30.35 0
85.05 30.3 0
85.05 30.25 0
85.05 30.2 0
85.05 30.15 0
85.05 30.1 0
85.05 30.05 0
85.05 30 0
85.05 29.95 0
PATH 26 65
63.05 44.05 0
63 44 0
62.95 44 0
62.9 44 0
62.85 44 0
62.8 44 0
62.75 44 0
62.7 44 0
62.65 44 0
62.6 44 0
62.55 44 0
62.5 44 0
62.45 44 0
62.4 44 0
62.35 44 0
62.3 44 0
62.25 44 0
62.2 44 0
62.15 44 0
62.1 44 0
62.05 44 0
62 44 0
61.95 44 0
61.9 44 0
61.85 44 0
61.8 44 0
61.75 44 0
61.7 44 0
61.65 44 0
61.6 44 0
61.55 44 0
61.5 44 0
61.45 44 0
61.4 44 0
61.35 44 0
61.3 44 0
61.25 44 0
61.2 44 0
61.15 44 0
61.1 44 0
61.05 44 0
61 44 0
60.95 44 0
60.9 44 0
60.85 44 0
60.8 44 0
60.75 44 0
60.7 44 0
60.65 44 0
60.6 44 0
60.55 44 0
60.5 44 0
60.45 44 0
60.4 44 0
60.35 44 0
60.3 44 0
60.25 44 0
60.2 44 0
60.15 44 0
60.1 44 0
60.05 44 0
60 44 0
59.95 44 0
59.9 44 0
59.85 44 0
PATH 26 81
59.85 48 0
59.85 47.95 0
59.85 47.9 0
59.85 47.85 0
59.85 47.8 0
59.85 47.75 0
59.85 47.7 0
59.85 47.65 0
59.85 47.6 0
59.85 47.55 0
59.85 47.5 0
59.85 47.45 0
59.85 47.4 0
59.85 47.35 0
59.85 47.3 0
59.85 47.25 0
59.85 47.2 0
59.85 47.15 0
59.85 47.1 0
59.85 47.05 0
59.85 47 0
59.85 46.95 0
59.85 46.9 0
59.85 46.85 0
59.85 46.8 0
59.85 46.75 0
59.85 46.7 0
59.85 46.65 0
59.85 46.6 0
59.85 46.55 0
59.85 46.5 0
59.85 46.45 0
59.85 46.4 0
59.85 46.35 0
59.85 46.3 0
59.85 46.25 0
59.85 46.2 0
59.85 46.15 0
59.85 46.1 0
59.85 46.05 0
59.85 46 0
59.85 45.95 0
59.85 45.9 0
59.85 45.85 0
59.85 45.8 0
59.85 45.75 0
59.85 45.7 0
59.85 45.65 0
59.85 45.6 0
59.85 45.55 0
59.85 45.5 0
59.85 45.45 0
59.85 45.4 0
59.85 45.35 0
59.85 45.3 0
59.85 45.25 0
59.85 45.2 0
59.85 45.15 0
59.85 45.1 0
59.85 45.05 0
59.85 45 0
59.85 44.95 0
59.85 44.9 0
59.85 44.85 0
59.85 44.8 0
59.85 44.75 0
59.85 44.7 0
59.85 44.65 0
59.85 44.6 0
59.85 44.55 0
59.85 44.5 0
59.85 44.45 0
59.85 44.4 0
59.85 44.35 0
59.85 44.3 0
59.85 44.25 0
59.85 44.2 0
59.85 44.15 0
59.85 44.1 0
59.85 44.05 0
59.85 44 0
PATH 25 65
43.05 44.05 0
43 44 0
42.95 44 0
42.9 44 0
42.85 44 0
42.8 44 0
42.75 44 0
42.7 44 0
42.65 44 0
42.6 44 0
42.55 44 0
42.5 44 0
42.45 44 0
42.4 44 0
42.35 44 0
42.3 44 0
42.25 44 0
42.2 44 0
42.15 44 0
42.1 44 0
42.05 44 0
42 44 0
41.95 44 0
41.9 44 0
41.85 44 0
41.8 44 0
41.75 44 0
41.7 44 0
41.65 44 0
41.6 44 0
41.55 44 0
41.5 44 0
41.45 44 0
41.4 44 0
41.35 44 0
41.3 44 0
41.25 44 0
41.2 44 0
41.15 44 0
41.1 44 0
41.05 44 0
41 44 0
40.95 44 0
40.9 44 0
40.85 44 0
40.8 44 0
40.75 44 0
40.7 44 0
40.65 44 0
40.6 44 0
40.55 44 0
40.5 44 0
40.45 44 0
40.4 44 0
40.35 44 0
40.3 44 0
40.25 44 0
40.2 44 0
40.15 44 0
40.1 44 0
40.05 44 0
40 44 0
39.95 44 0
39.9 44 0
39.85 44 0
PATH 25 81
39.85 48 0
39.85 47.95 0
39.85 47.9 0
39.85 47.85 0
39.85 47.8 0
39.85 47.75 0
39.85 47.7 0
39.85 47.65 0
39.85 47.6 0
39.85 47.55 0
39.85 47.5 0
39.85 47.45 0
39.85 47.4 0
39.85 47.35 0
39.85 47.3 0
39.85 47.25 0
39.85 47.2 0
39.85 47.15 0
39.85 47.1 0
39.85 47.05 0
39.85 47 0
39.85 46.95 0
39.85 46.9 0
39.85 46.85 0
39.85 46.8 0
39.85 46.75 0
39.85 46.7 0
39.85 46.65 0
39.85 46.6 0
39.85 46.55 0
39.85 46.5 0
39.85 46.45 0
39.85 46.4 0
39.85 46.35 0
39.85 46.3 0
39.85 46.25 0
39.85 46.2 0
39.85 46.15 0
39.85 46.1 0
39.85 46.05 0
39.85 46 0
39.85 45.95 0
39.85 45.9 0
39.85 45.85 0
39.85 45.8 0
39.85 45.75 0
39.85 45.7 0
39.85 45.65 0
39.85 45.6 0
39.85 45.55 0
39.85 45.5 0
39.85 45.45 0
39.85 45.4 0
39.85 45.35 0
39.85 45.3 0
39.85 45.25 0
39.85 45.2 0
39.85 45.15 0
39.85 45.1 0
39.85 45.05 0
39.85 45 0
39.85 44.95 0
39.85 44.9 0
39.85 44.85 0
39.85 44.8 0
39.85 44.75 0
39.85 44.7 0
39.85 44.65 0
39.85 44.6 0
39.85 44.55 0
39.85 44.5 0
39.85 44.45 0
39.85 44.4 0
39.85 44.35 0
39.85 44.3 0
39.85 44.25 0
39.85 44.2 0
39.85 44.15 0
39.85 44.1 0
39.85 44.05 0
39.85 44 0
PATH 48 81
20.95 57 0
20.9 57.05 0
20.85 57.1 0
20.8 57.15 0
20.8 57.2 0
20.75 57.25 0
20.75 57.3 0
20.75 57.35 0
20.7 57.4 0
20.65 57.45 0
20.6 57.5 0
20.55 57.55 0
20.55 57.6 0
20.55 57.65 0
20.55 57.7 0
20.55 57.75 0
20.55 57.8 0
20.55 57.85 0
20.55 57.9 0
20.55 57.95 0
20.55 58 0
20.55 58.05 0
20.55 58.1 0
20.55 58.15 0
20.5 58.2 0
20.45 58.25 0
20.4 58.3 0
20.35 58.35 0
20.3 58.4 0
20.25 58.45 0
20.2 58.5 0
20.15 58.55 0
20.15 58.6 0
20.1 58.65 0
20.05 58.7 0
20 58.75 0
19.95 58.8 0
19.95 58.85 0
19.95 58.9 0
19.95 58.95 0
19.95 59 0
19.95 59.05 0
19.95 59.1 0
19.9 59.15 0
19.85 59.2 0
19.8 59.25 0
19.75 59.3 0
19.75 59.35 0
19.75 59.4 0
19.75 59.45 0
19.75 59.5 0
19.75 59.55 0
19.75 59.6 0
19.75 59.65 0
19.75 59.7 0
19.75 59.75 0
19.75 59.8 0
19.75 59.85 0
19.75 59.9 0
19.7 59.95 0
19.65 60 0
19.6 60.05 0
19.55 60.1 0
19.5 60.15 0
19.45 60.2 0
19.4 60.25 0
19.35 60.3 0
19.3 60.35 0
19.25 60.4 0
19.2 60.45 0
19.15 60.5 0
19.1 60.55 0
19.05 60.6 0
19.05 60.65 0
19.05 60.7 0
19.05 60.75 0
19.05 60.8 0
19.05 60.85 0
19.05 60.9 0
19.05 60.95 0
19.05 61 0
PATH 48 43
23.05 55.05 0
23 55.1 0
22.95 55.15 0
22.9 55.2 0
22.85 55.25 0
22.8 55.25 0
22.75 55.3 0
22.7 55.3 0
22.65 55.35 0
22.6 55.4 0
22.55 55.45 0
22.5 55.5 0
22.45 55.55 0
22.4 55.55 0
22.35 55.6 0
22.3 55.65 0
22.25 55.7 0
22.2 55.75 0
22.15 55.8 0
22.1 55.85 0
22.05 55.9 0
22 55.95 0
21.95 56 0
21.9 56.05 0
21.85 56.1 0
21.8 56.15 0
21.75 56.2 0
21.7 56.25 0
21.65 56.3 0
21.6 56.35 0
21.55 56.4 0
21.5 56.45 0
21.45 56.5 0
21.4 56.55 0
21.35 56.6 0
21.3 56.65 0
21.25 56.7 0
21.2 56.75 0
21.15 56.8 0
21.1 56.85 0
21.05 56.9 0
21 56.95 0
20.95 57 0
PATH 23 953
34.85 55 0
34.85 54.95 0
34.85 54.9 0
34.85 54.85 0
34.85 54.8 0
34.85 54.75 0
34.85 54.7 0
34.85 54.65 0
34.85 54.6 0
34.85 54.55 0
34.85 54.5 0
34.85 54.45 0
34.85 54.4 0
34.85 54.35 0
34.85 54.3 0
34.85 54.25 0
34.85 54.2 0
34.85 54.15 0
34.85 54.1 0
34.85 54.05 0
34.85 54 0
34.85 53.95 0
34.85 53.9 0
34.85 53.85 0
34.85 53.8 0
34.85 53.75 0
34.85 53.7 0
34.85 53.65 0
34.85 53.6 0
34.85 53.55 0
34.85 53.5 0
34.85 53.45 0
34.85 53.4 0
34.85 53.35 0
34.85 53.3 0
34.85 53.25 0
34.85 53.2 0
34.85 53.15 0
34.85 53.1 0
34.85 53.05 0
34.85 53 0
34.85 52.95 0
34.85 52.9 0
34.85 52.85 0
34.85 52.8 0
34.85 52.75 0
34.85 52.7 0
34.85 52.65 0
34.85 52.6 0
34.85 52.55 0
34.85 52.5 0
34.85 52.45 0
34.85 52.4 0
34.85 52.35 0
34.85 52.3 0
34.85 52.25 0
34.85 52.2 0
34.85 52.15 0
34.85 52.1 0
34.85 52.05 0
34.85 52 0
34.85 51.95 0
34.85 51.9 0
34.85 51.85 0
34.85 51.8 0
34.85 51.75 0
34.85 51.7 0
34.85 51.65 0
34.85 51.6 0
34.85 51.55 0
34.85 51.5 0
34.85 51.45 0
34.85 51.4 0
34.85 51.35 0
34.85 51.3 0
34.85 51.25 0
34.85 51.2 0
34.85 51.15 0
34.85 51.1 0
34.85 51.05 0
34.85 51 0
34.85 50.95 0
34.85 50.9 0
34.85 50.85 0
34.85 50.8 0
34.85 50.75 0
34.85 50.7 0
34.85 50.65 0
34.85 50.6 0
34.85 50.55 0
34.85 50.5 0
34.85 50.45 0
34.85 50.4 0
34.85 50.35 0
34.85 50.3 0
34.85 50.25 0
34.85 50.2 0
34.85 50.15 0
34.85 50.1 0
34.85 50.05 0
34.85 50 0
34.85 49.95 0
34.85 49.9 0
34.85 49.85 0
34.85 49.8 0
34.85 49.75 0
34.85 49.7 0
34.85 49.65 0
34.85 49.6 0
34.85 49.55 0
34.85 49.5 0
34.85 49.45 0
34.85 49.4 0
34.85 49.35 0
34.85 49.3 0
34.85 49.25 0
34.85 49.2 0
34.85 49.15 0
34.85 49.1 0
34.85 49.05 0
34.85 49 0
34.85 48.95 0
34.85 48.9 0
34.85 48.85 0
34.85 48.8 0
34.85 48.75 0
34.85 48.7 0
34.85 48.65 0
34.85 48.6 0
34.85 48.55 0
34.85 48.5 0
34.85 48.45 0
34.85 48.4 0
34.85 48.35 0
34.85 48.3 0
34.85 48.25 0
34.85 48.2 0
34.85 48.15 0
34.85 48.1 0
34.85 48.05 0
34.85 48 0
34.85 47.95 0
34.85 47.9 0
34.85 47.85 0
34.85 47.8 0
34.85 47.75 0
34.85 47.7 0
34.85 47.65 0
34.85 47.6 0
34.85 47.55 0
34.85 47.5 0
34.85 47.45 0
34.85 47.4 0
34.85 47.35 0
34.85 47.3 0
34.85 47.25 0
34.85 47.2 0
34.85 47.15 0
34.85 47.1 0
34.85 47.05 0
34.85 47 0
34.85 46.95 0
34.85 46.9 0
34.85 46.85 0
34.85 46.8 0
34.85 46.75 0
34.85 46.7 0
34.85 46.65 0
34.85 46.6 0
34.85 46.55 0
34.85 46.5 0
34.85 46.45 0
34.85 46.4 0
34.85 46.35 0
34.85 46.3 0
34.85 46.25 0
34.85 46.2 0
34.85 46.15 0
34.85 46.1 0
34.85 46.05 0
34.85 46 0
34.85 45.95 0
34.85 45.9 0
34.85 45.85 0
34.85 45.8 0
34.85 45.75 0
34.85 45.7 0
34.85 45.65 0
34.85 45.6 0
34.85 45.55 0
34.85 45.5 0
34.85 45.45 0
34.85 45.4 0
34.85 45.35 0
34.85 45.3 0
34.85 45.25 0
34.85 45.2 0
34.85 45.15 0
34.85 45.1 0
34.85 45.05 0
34.85 45 0
34.85 44.95 0
34.85 44.9 0
34.85 44.85 0
34.85 44.8 0
34.85 44.75 0
34.85 44.7 0
34.85 44.65 0
34.85 44.6 0
34.85 44.55 0
34.85 44.5 0
34.85 44.45 0
34.85 44.4 0
34.85 44.35 0
34.85 44.3 0
34.85 44.25 0
34.85 44.2 0
34.85 44.15 0
34.85 44.1 0
34.85 44.05 0
34.85 44 0
34.85 43.95 0
34.85 43.9 0
34.85 43.85 0
34.85 43.8 0
34.85 43.75 0
34.85 43.7 0
34.85 43.65 0
34.85 43.6 0
34.85 43.55 0
34.85 43.5 0
34.85 43.45 0
34.85 43.4 0
34.85 43.35 0
34.85 43.3 0
34.85 43.25 0
34.85 43.2 0
34.85 43.15 0
34.85 43.1 0
34.85 43.05 0
34.85 43 0
34.85 42.95 0
34.85 42.9 0
34.85 42.85 0
34.85 42.8 0
34.85 42.75 0
34.85 42.7 0
34.85 42.65 0
34.85 42.6 0
34.85 42.55 0
34.85 42.5 0
34.85 42.45 0
34.85 42.4 0
34.85 42.35 0
34.9 42.3 0
34.9 42.3 2
34.95 42.25 2
34.95 42.2 2
35 42.15 2
35 42.1 2
35 42.05 2
35 42 2
35 41.95 2
35 41.9 2
35 41.85 2
35 41.8 2
35 41.75 2
35 41.7 2
35 41.65 2
35 41.6 2
35 41.55 2
35 41.5 2
35 41.45 2
35 41.4 2
35 41.35 2
35 41.3 2
35 41.25 2
35 41.2 2
35 41.15 2
35 41.1 2
35 41.05 2
35 41 2
35 40.95 2
35 40.9 2
35 40.85 2
35 40.8 2
35 40.75 2
35 40.7 2
35 40.65 2
35 40.6 2
35 40.55 2
35 40.5 2
35.05 40.45 2
35.05 40.4 2
35.05 40.35 2
35.05 40.3 2
35.05 40.25 2
35.05 40.2 2
35.05 40.15 2
35.05 40.1 2
35.05 40.05 2
35.05 40 2
35.1 39.95 2
35.1 39.9 2
35.1 39.85 2
35.1 39.8 2
35.1 39.75 2
35.1 39.7 2
35.1 39.65 2
35.1 39.6 2
35.1 39.55 2
35.15 39.5 2
35.15 39.45 2
35.15 39.4 2
35.2 39.35 2
35.2 39.3 2
35.2 39.25 2
35.2 39.2 2
35.2 39.15 2
35.2 39.1 2
35.2 39.05 2
35.2 39 2
35.2 38.95 2
35.2 38.9 2
35.25 38.85 2
35.25 38.8 2
35.25 38.75 2
35.25 38.7 2
35.25 38.65 2
35.25 38.6 2
35.25 38.55 2
35.3 38.5 2
35.3 38.45 2
35.3 38.4 2
35.3 38.35 2
35.3 38.3 2
35.3 38.25 2
35.3 38.2 2
35.3 38.15 2
35.3 38.1 2
35.35 38.05 2
35.35 38 2
35.35 37.95 2
35.4 37.9 2
35.4 37.85 2
35.4 37.8 2
35.4 37.75 2
35.4 37.7 2
35.4 37.65 2
35.4 37.6 2
35.4 37.55 2
35.4 37.5 2
35.4 37.45 2
35.4 37.4 2
35.4 37.35 2
35.4 37.3 2
35.4 37.25 2
35.4 37.2 2
35.4 37.15 2
35.4 37.1 2
35.4 37.05 2
35.4 37 2
35.4 36.95 2
35.45 36.9 2
35.45 36.85 2
35.45 36.8 2
35.45 36.75 2
35.45 36.7 2
35.45 36.65 2
35.45 36.6 2
35.45 36.55 2
35.45 36.5 2
35.45 36.45 2
35.45 36.4 2
35.45 36.35 2
35.45 36.3 2
35.45 36.25 2
35.45 36.2 2
35.45 36.15 2
35.45 36.1 2
35.45 36.05 2
35.45 36 2
35.45 35.95 2
35.45 35.9 2
35.45 35.85 2
35.45 35.8 2
35.45 35.75 2
35.45 35.7 2
35.45 35.65 2
35.45 35.6 2
35.45 35.55 2
35.45 35.5 2
35.45 35.45 2
35.5 35.4 2
35.5 35.35 2
35.5 35.3 2
35.5 35.25 2
35.5 35.2 2
35.5 35.15 2
35.5 35.1 2
35.5 35.05 2
35.5 35 2
35.5 34.95 2
35.5 34.9 2
35.55 34.85 2
35.6 34.8 2
35.6 34.75 2
35.6 34.7 2
35.6 34.65 2
35.6 34.6 2
35.6 34.55 2
35.6 34.5 2
35.6 34.45 2
35.6 34.4 2
35.6 34.35 2
35.6 34.3 2
35.6 34.25 2
35.65 34.2 2
35.65 34.15 2
35.7 34.1 2
35.7 34.05 2
35.75 34 2
35.8 33.95 2
35.8 33.9 2
35.8 33.85 2
35.85 33.8 2
35.85 33.75 2
35.9 33.7 2
35.9 33.65 2
35.95 33.6 2
36 33.55 2
36.05 33.5 2
36.05 33.45 2
36.05 33.4 2
36.05 33.35 2
36.05 33.3 2
36.05 33.25 2
36.05 33.2 2
36.05 33.15 2
36.05 33.1 2
36.05 33.05 2
36.05 33 2
36.05 32.95 2
36.05 32.9 2
36.05 32.85 2
36.1 32.8 2
36.15 32.75 2
36.15 32.7 2
36.15 32.65 2
36.15 32.6 2
36.15 32.55 2
36.15 32.5 2
36.15 32.45 2
36.15 32.4 2
36.15 32.35 2
36.15 32.3 2
36.15 32.25 2
36.15 32.2 2
36.15 32.15 2
36.15 32.1 2
36.15 32.05 2
36.15 32 2
36.15 31.95 2
36.15 31.9 2
36.15 31.85 2
36.15 31.8 2
36.15 31.75 2
36.15 31.7 2
36.15 31.65 2
36.15 31.6 2
36.15 31.55 2
36.15 31.5 2
36.15 31.45 2
36.15 31.4 2
36.15 31.35 2
36.15 31.3 2
36.15 31.25 2
36.15 31.2 2
36.15 31.15 2
36.15 31.1 2
36.2 31.05 2
36.2 31 2
36.2 30.95 2
36.2 30.9 2
36.2 30.85 2
36.2 30.8 2
36.2 30.75 2
36.2 30.7 2
36.25 30.65 2
36.25 30.6 2
36.25 30.55 2
36.25 30.5 2
36.25 30.45 2
36.25 30.4 2
36.3 30.35 2
36.3 30.3 2
36.3 30.25 2
36.3 30.2 2
36.35 30.15 2
36.35 30.1 2
36.4 30.05 2
36.4 30 2
36.4 29.95 2
36.4 29.9 2
36.4 29.85 2
36.4 29.8 2
36.4 29.75 2
36.4 29.7 2
36.45 29.65 2
36.5 29.6 2
36.5 29.55 2
36.5 29.5 2
36.5 29.45 2
36.55 29.4 2
36.55 29.35 2
36.55 29.3 2
36.55 29.25 2
36.55 29.2 2
36.55 29.15 2
36.6 29.1 2
36.6 29.05 2
36.6 29 2
36.6 28.95 2
36.65 28.9 2
36.65 28.85 2
36.7 28.8 2
36.75 28.75 2
36.75 28.7 2
36.8 28.65 2
36.8 28.6 2
36.85 28.55 2
36.85 28.5 2
36.9 28.45 2
36.95 28.4 2
37 28.35 2
37.05 28.3 2
37.1 28.25 2
37.1 28.2 2
37.1 28.15 2
37.1 28.1 2
37.1 28.05 2
37.1 28 2
37.1 27.95 2
37.15 27.9 2
37.2 27.85 2
37.2 27.8 2
37.2 27.75 2
37.25 27.7 2
37.25 27.65 2
37.25 27.6 2
37.25 27.55 2
37.3 27.5 2
37.35 27.45 2
37.35 27.4 2
37.35 27.35 2
37.4 27.3 2
37.4 27.25 2
37.4 27.2 2
37.4 27.15 2
37.4 27.1 2
37.45 27.05 2
37.5 27 2
37.5 26.95 2
37.5 26.9 2
37.55 26.85 2
37.55 26.8 2
37.6 26.75 2
37.65 26.7 2
37.7 26.65 2
37.7 26.6 2
37.75 26.55 2
37.8 26.5 2
37.8 26.45 2
37.8 26.4 2
37.85 26.35 2
37.9 26.3 2
37.9 26.25 2
37.95 26.2 2
38 26.15 2
38.05 26.1 2
38.1 26.05 2
38.15 26 2
38.2 25.95 2
38.25 25.9 2
38.3 25.85 2
38.35 25.8 2
38.4 25.75 2
38.45 25.7 2
38.5 25.65 2
38.55 25.6 2
38.6 25.55 2
38.65 25.5 2
38.7 25.45 2
38.75 25.4 2
38.8 25.35 2
38.85 25.3 2
38.9 25.25 2
38.95 25.2 2
39 25.15 2
39.05 25.1 2
39.1 25.05 2
39.15 25 2
39.2 24.95 2
39.25 24.9 2
39.3 24.85 2
39.35 24.8 2
39.4 24.75 2
39.45 24.7 2
39.5 24.65 2
39.55 24.6 2
39.6 24.55 2
39.65 24.5 2
39.7 24.45 2
39.75 24.4 2
39.8 24.35 2
39.85 24.3 2
39.9 24.25 2
39.95 24.2 2
40 24.15 2
40.05 24.1 2
40.1 24.05 2
40.15 24 2
40.2 23.95 2
40.25 23.9 2
40.3 23.85 2
40.35 23.8 2
40.4 23.75 2
40.45 23.7 2
40.5 23.65 2
40.55 23.6 2
40.6 23.55 2
40.65 23.5 2
40.7 23.45 2
40.75 23.4 2
40.8 23.35 2
40.85 23.3 2
40.9 23.25 2
40.95 23.2 2
41 23.15 2
41.05 23.1 2
41.1 23.05 2
41.15 23 2
41.2 22.95 2
41.25 22.9 2
41.3 22.85 2
41.35 22.8 2
41.4 22.75 2
41.45 22.7 2
41.5 22.65 2
41.55 22.6 2
41.6 22.55 2
41.65 22.5 2
41.7 22.45 2
41.7 22.4 2
41.75 22.35 2
41.8 22.3 2
41.85 22.25 2
41.9 22.2 2
41.95 22.15 2
42 22.1 2
42.05 22.05 2
42.1 22 2
42.15 21.95 2
42.2 21.9 2
42.25 21.85 2
42.25 21.8 2
42.3 21.75 2
42.35 21.7 2
42.4 21.65 2
42.45 21.6 2
42.5 21.55 2
42.55 21.5 2
42.6 21.45 2
42.65 21.4 2
42.7 21.35 2
42.75 21.3 2
42.8 21.25 2
42.85 21.2 2
42.9 21.15 2
42.9 21.1 2
42.9 21.05 2
42.95 21 2
43 20.95 2
43.05 20.9 2
43.1 20.85 2
43.15 20.8 2
43.2 20.75 2
43.25 20.7 2
43.25 20.65 2
43.25 20.6 2
43.3 20.55 2
43.35 20.5 2
43.4 20.45 2
43.45 20.4 2
43.5 20.35 2
43.55 20.3 2
43.6 20.25 2
43.65 20.2 2
43.7 20.15 2
43.7 20.1 2
43.75 20.05 2
43.8 20 2
43.85 19.95 2
43.9 19.9 2
43.95 19.85 2
44 19.8 2
44.05 19.75 2
44.1 19.7 2
44.15 19.65 2
44.2 19.6 2
44.25 19.55 2
44.3 19.5 2
44.3 19.45 2
44.35 19.4 2
44.4 19.35 2
44.45 19.3 2
44.5 19.25 2
44.55 19.2 2
44.6 19.15 2
44.65 19.1 2
44.7 19.05 2
44.75 19 2
44.8 18.95 2
44.85 18.9 2
44.9 18.85 2
44.95 18.8 2
45 18.75 2
45.05 18.7 2
45.1 18.65 2
45.15 18.6 2
45.2 18.55 2
45.25 18.5 2
45.3 18.45 2
45.35 18.4 2
45.4 18.35 2
45.45 18.3 2
45.5 18.25 2
45.55 18.2 2
45.55 18.15 2
45.6 18.1 2
45.65 18.05 2
45.7 18 2
45.75 17.95 2
45.8 17.9 2
45.85 17.85 2
45.9 17.8 2
45.95 17.75 2
46 17.7 2
46.05 17.65 2
46.1 17.6 2
46.15 17.55 2
46.2 17.5 2
46.25 17.45 2
46.3 17.4 2
46.35 17.35 2
46.4 17.3 2
46.45 17.25 2
46.5 17.2 2
46.55 17.15 2
46.6 17.1 2
46.65 17.05 2
46.7 17 2
46.75 16.95 2
46.8 16.9 2
46.85 16.85 2
46.9 16.8 2
46.95 16.75 2
47 16.7 2
47.05 16.65 2
47.1 16.6 2
47.15 16.55 2
47.2 16.5 2
47.25 16.45 2
47.3 16.4 2
47.35 16.35 2
47.4 16.3 2
47.45 16.25 2
47.5 16.2 2
47.55 16.15 2
47.6 16.1 2
47.65 16.05 2
47.7 16 2
47.75 15.95 2
47.8 15.9 2
47.85 15.85 2
47.9 15.8 2
47.95 15.75 2
48 15.7 2
48.05 15.65 2
48.1 15.6 2
48.15 15.55 2
48.2 15.5 2
48.25 15.45 2
48.3 15.4 2
48.35 15.35 2
48.4 15.3 2
48.45 15.25 2
48.5 15.2 2
48.55 15.15 2
48.6 15.1 2
48.65 15.05 2
48.7 15 2
48.75 14.95 2
48.8 14.9 2
48.85 14.85 2
48.9 14.8 2
48.95 14.75 2
49 14.7 2
49.05 14.65 2
49.1 14.6 2
49.15 14.55 2
49.2 14.5 2
49.25 14.45 2
49.3 14.4 2
49.35 14.35 2
49.4 14.3 2
49.45 14.25 2
49.5 14.2 2
49.55 14.15 2
49.6 14.1 2
49.65 14.05 2
49.7 14 2
49.7 14 0
49.7 13.95 0
49.7 13.9 0
49.7 13.85 0
49.7 13.8 0
49.7 13.75 0
49.7 13.7 0
49.7 13.65 0
49.7 13.6 0
49.7 13.55 0
49.7 13.5 0
49.7 13.45 0
49.7 13.4 0
49.7 13.35 0
49.7 13.3 0
49.7 13.25 0
49.7 13.2 0
49.7 13.15 0
49.7 13.1 0
49.7 13.05 0
49.7 13 0
49.7 12.95 0
49.7 12.9 0
49.7 12.85 0
49.75 12.8 0
49.8 12.75 0
49.85 12.7 0
49.9 12.65 0
49.95 12.6 0
50 12.55 0
50.05 12.5 0
50.1 12.45 0
50.15 12.4 0
50.2 12.35 0
50.25 12.3 0
50.3 12.25 0
50.35 12.2 0
50.4 12.15 0
50.45 12.1 0
50.5 12.05 0
50.55 12 0
50.6 11.95 0
50.65 11.9 0
50.7 11.85 0
50.7 11.8 0
50.75 11.75 0
50.75 11.7 0
50.8 11.65 0
50.85 11.6 0
50.9 11.55 0
50.95 11.5 0
51 11.45 0
51.05 11.4 0
51.1 11.35 0
51.15 11.3 0
51.2 11.25 0
51.25 11.2 0
51.3 11.15 0
51.35 11.1 0
51.4 11.05 0
51.45 11 0
51.5 10.95 0
51.55 10.9 0
51.6 10.85 0
51.6 10.8 0
51.65 10.75 0
51.7 10.7 0
51.7 10.65 0
51.7 10.6 0
51.7 10.55 0
51.7 10.5 0
51.7 10.45 0
51.7 10.4 0
51.7 10.35 0
51.7 10.3 0
51.7 10.25 0
51.7 10.2 0
51.7 10.15 0
51.7 10.1 0
51.7 10.05 0
51.7 10 0
51.7 9.95 0
51.7 9.9 0
51.7 9.85 0
51.7 9.8 0
51.7 9.75 0
51.7 9.7 0
51.7 9.65 0
51.7 9.6 0
51.7 9.55 0
51.7 9.5 0
51.7 9.45 0
51.7 9.4 0
51.75 9.35 0
51.75 9.3 0
51.75 9.25 0
51.75 9.2 0
51.75 9.15 0
51.75 9.1 0
51.75 9.05 0
51.75 9 0
51.75 8.95 0
51.75 8.9 0
51.75 8.85 0
51.75 8.8 0
51.75 8.75 0
51.75 8.7 0
51.75 8.65 0
51.75 8.6 0
51.75 8.55 0
51.75 8.5 0
51.75 8.45 0
51.75 8.4 0
51.75 8.35 0
51.75 8.3 0
51.75 8.25 0
51.75 8.2 0
51.75 8.15 0
51.75 8.1 0
51.75 8.05 0
51.75 8 0
51.75 7.95 0
51.75 7.9 0
51.75 7.85 0
51.75 7.8 0
51.75 7.75 0
51.75 7.7 0
51.75 7.65 0
51.75 7.6 0
51.75 7.55 0
51.75 7.5 0
PATH 23 61
33.15 58 0
33.15 57.95 0
33.15 57.9 0
33.15 57.85 0
33.15 57.8 0
33.15 57.75 0
33.2 57.7 0
33.25 57.65 0
33.25 57.6 0
33.3 57.55 0
33.35 57.5 0
33.4 57.45 0
33.45 57.4 0
33.45 57.35 0
33.45 57.3 0
33.45 57.25 0
33.5 57.2 0
33.55 57.15 0
33.6 57.1 0
33.65 57.05 0
33.7 57 0
33.75 56.95 0
33.8 56.9 0
33.8 56.85 0
33.8 56.8 0
33.8 56.75 0
33.8 56.7 0
33.8 56.65 0
33.8 56.6 0
33.8 56.55 0
33.8 56.5 0
33.8 56.45 0
33.8 56.4 0
33.8 56.35 0
33.8 56.3 0
33.85 56.25 0
33.85 56.2 0
33.85 56.15 0
33.85 56.1 0
33.85 56.05 0
33.85 56 0
33.9 55.95 0
33.95 55.9 0
34 55.85 0
34.05 55.8 0
34.1 55.75 0
34.15 55.7 0
34.2 55.65 0
34.25 55.6 0
34.3 55.55 0
34.35 55.5 0
34.4 55.45 0
34.45 55.4 0
34.5 55.35 0
34.55 55.3 0
34.6 55.25 0
34.65 55.2 0
34.7 55.15 0
34.75 55.1 0
34.8 55.05 0
34.85 55 0
PATH 50 865
86.05 45 0
86 44.95 0
85.95 44.9 0
85.9 44.85 0
85.9 44.8 0
85.85 44.75 0
85.85 44.7 0
85.85 44.65 0
85.85 44.6 0
85.85 44.55 0
85.85 44.5 0
85.85 44.45 0
85.85 44.4 0
85.85 44.35 0
85.85 44.3 0
85.85 44.25 0
85.85 44.2 0
85.85 44.15 0
85.85 44.1 0
85.8 44.05 0
85.8 44 0
85.8 43.95 0
85.8 43.9 0
85.8 43.85 0
85.8 43.8 0
85.8 43.75 0
85.8 43.7 0
85.8 43.65 0
85.75 43.6 0
85.7 43.55 0
85.7 43.5 0
85.7 43.45 0
85.7 43.4 0
85.7 43.35 0
85.7 43.3 0
85.7 43.25 0
85.65 43.2 0
85.6 43.15 0
85.55 43.1 0
85.5 43.05 0
85.45 43 0
85.4 42.95 0
85.35 42.9 0
85.3 42.85 0
85.25 42.8 0
85.2 42.75 0
85.15 42.7 0
85.1 42.65 0
85.05 42.6 0
85 42.55 0
84.95 42.5 0
84.9 42.45 0
84.85 42.4 0
84.8 42.35 0
84.75 42.3 0
84.7 42.25 0
84.7 42.2 0
84.7 42.15 0
84.7 42.1 0
84.7 42.05 0
84.65 42 0
84.6 41.95 0
84.55 41.9 0
84.5 41.85 0
84.45 41.8 0
84.4 41.75 0
84.35 41.7 0
84.3 41.65 0
84.25 41.6 0
84.2 41.55 0
84.15 41.5 0
84.1 41.45 0
84.05 41.4 0
84 41.35 0
83.95 41.3 0
83.9 41.25 0
83.85 41.2 0
83.8 41.15 0
83.75 41.1 0
83.7 41.05 0
83.65 41 0
83.6 40.95 0
83.55 40.9 0
83.5 40.85 0
83.45 40.8 0
83.4 40.75 0
83.4 40.7 0
83.4 40.65 0
83.4 40.6 0
83.4 40.55 0
83.4 40.5 0
83.4 40.45 0
83.4 40.4 0
83.4 40.4 2
83.35 40.35 2
83.35 40.3 2
83.35 40.25 2
83.35 40.2 2
83.3 40.15 2
83.3 40.1 2
83.3 40.05 2
83.3 40 2
83.3 39.95 2
83.3 39.9 2
83.25 39.85 2
83.25 39.8 2
83.2 39.75 2
83.15 39.7 2
83.15 39.65 2
83.15 39.6 2
83.15 39.55 2
83.15 39.5 2
83.1 39.45 2
83.05 39.4 2
83.05 39.35 2
83.05 39.3 2
83.05 39.25 2
83.05 39.2 2
83.05 39.15 2
83.05 39.1 2
83.05 39.05 2
83.05 39 2
83.05 38.95 2
83.05 38.9 2
83.05 38.85 2
83.05 38.8 2
83.05 38.75 2
83.05 38.7 2
83.05 38.65 2
83.05 38.6 2
83.05 38.55 2
83.05 38.5 2
83.05 38.45 2
83.05 38.4 2
83.05 38.35 2
83.05 38.3 2
83.05 38.25 2
83.05 38.2 2
83 38.15 2
82.95 38.1 2
82.9 38.05 2
82.85 38 2
82.8 37.95 2
82.8 37.9 2
82.75 37.85 2
82.75 37.8 2
82.7 37.75 2
82.7 37.7 2
82.65 37.65 2
82.6 37.6 2
82.6 37.55 2
82.6 37.5 2
82.6 37.45 2
82.55 37.4 2
82.55 37.35 2
82.5 37.3 2
82.5 37.25 2
82.45 37.2 2
82.4 37.15 2
82.35 37.1 2
82.3 37.05 2
82.3 37 2
82.25 36.95 2
82.2 36.9 2
82.15 36.85 2
82.1 36.8 2
82.05 36.75 2
82 36.7 2
81.95 36.65 2
81.9 36.6 2
81.85 36.55 2
81.8 36.5 2
81.75 36.45 2
81.7 36.4 2
81.65 36.35 2
81.6 36.3 2
81.55 36.25 2
81.55 36.2 2
81.5 36.15 2
81.45 36.1 2
81.4 36.05 2
81.4 36 2
81.35 35.95 2
81.3 35.9 2
81.25 35.85 2
81.25 35.8 2
81.2 35.75 2
81.15 35.7 2
81.1 35.65 2
81.05 35.6 2
81 35.55 2
80.95 35.5 2
80.9 35.45 2
80.85 35.4 2
80.8 35.35 2
80.75 35.3 2
80.7 35.25 2
80.65 35.2 2
80.6 35.15 2
80.55 35.1 2
80.5 35.05 2
80.45 35 2
80.4 34.95 2
80.35 34.9 2
80.3 34.85 2
80.25 34.8 2
80.2 34.75 2
80.15 34.7 2
80.1 34.65 2
80.05 34.6 2
80 34.55 2
79.95 34.5 2
79.9 34.45 2
79.85 34.4 2
79.8 34.35 2
79.75 34.3 2
79.7 34.25 2
79.65 34.2 2
79.6 34.15 2
79.55 34.1 2
79.5 34.05 2
79.45 34 2
79.4 33.95 2
79.35 33.9 2
79.3 33.85 2
79.25 33.8 2
79.2 33.75 2
79.15 33.7 2
79.1 33.65 2
79.05 33.6 2
79 33.55 2
78.95 33.5 2
78.9 33.45 2
78.85 33.4 2
78.8 33.35 2
78.75 33.3 2
78.7 33.25 2
78.65 33.2 2
78.6 33.15 2
78.55 33.1 2
78.5 33.05 2
78.45 33 2
78.4 32.95 2
78.35 32.9 2
78.3 32.85 2
78.25 32.8 2
78.2 32.75 2
78.15 32.7 2
78.1 32.65 2
78.05 32.6 2
78 32.55 2
77.95 32.5 2
77.9 32.45 2
77.85 32.4 2
77.8 32.35 2
77.75 32.3 2
77.7 32.25 2
77.65 32.2 2
77.6 32.15 2
77.55 32.1 2
77.5 32.05 2
77.45 32 2
77.4 31.95 2
77.35 31.9 2
77.3 31.85 2
77.25 31.8 2
77.2 31.75 2
77.15 31.7 2
77.1 31.65 2
77.05 31.6 2
77 31.55 2
76.95 31.5 2
76.9 31.45 2
76.85 31.4 2
76.8 31.35 2
76.75 31.3 2
76.7 31.25 2
76.65 31.2 2
76.6 31.15 2
76.55 31.1 2
76.5 31.05 2
76.45 31 2
76.4 30.95 2
76.35 30.9 2
76.3 30.85 2
76.25 30.8 2
76.2 30.75 2
76.15 30.7 2
76.1 30.65 2
76.05 30.6 2
76 30.55 2
75.95 30.5 2
75.9 30.45 2
75.85 30.4 2
75.8 30.35 2
75.75 30.3 2
75.7 30.25 2
75.65 30.2 2
75.6 30.15 2
75.55 30.1 2
75.5 30.05 2
75.45 30 2
75.4 29.95 2
75.35 29.9 2
75.3 29.85 2
75.25 29.8 2
75.2 29.75 2
75.15 29.7 2
75.1 29.65 2
75.05 29.6 2
75 29.55 2
74.95 29.5 2
74.9 29.45 2
74.85 29.4 2
74.8 29.35 2
74.75 29.3 2
74.7 29.25 2
74.65 29.2 2
74.6 29.15 2
74.55 29.1 2
74.5 29.05 2
74.45 29 2
74.4 28.95 2
74.35 28.9 2
74.3 28.85 2
74.25 28.8 2
74.2 28.75 2
74.15 28.7 2
74.1 28.65 2
74.05 28.6 2
74 28.55 2
73.95 28.5 2
73.9 28.45 2
73.85 28.4 2
73.8 28.35 2
73.75 28.3 2
73.7 28.25 2
73.65 28.2 2
73.6 28.15 2
73.55 28.1 2
73.5 28.05 2
73.45 28 2
73.4 27.95 2
73.35 27.9 2
73.3 27.85 2
73.25 27.8 2
73.2 27.75 2
73.15 27.7 2
73.1 27.65 2
73.05 27.6 2
73 27.55 2
72.95 27.5 2
72.9 27.45 2
72.85 27.4 2
72.8 27.35 2
72.75 27.3 2
72.7 27.25 2
72.65 27.2 2
72.6 27.15 2
72.55 27.1 2
72.5 27.05 2
72.45 27 2
72.4 26.95 2
72.35 26.9 2
72.3 26.85 2
72.25 26.8 2
72.2 26.75 2
72.15 26.7 2
72.1 26.65 2
72.05 26.6 2
72 26.55 2
71.95 26.5 2
71.9 26.45 2
71.85 26.4 2
71.8 26.35 2
71.75 26.3 2
71.7 26.25 2
71.65 26.2 2
71.6 26.15 2
71.55 26.1 2
71.5 26.05 2
71.45 26 2
71.45 25.95 2
71.45 25.9 2
71.4 25.85 2
71.35 25.8 2
71.3 25.75 2
71.25 25.7 2
71.2 25.65 2
71.15 25.6 2
71.1 25.55 2
71.05 25.5 2
71.05 25.45 2
71.05 25.4 2
71.05 25.35 2
71 25.3 2
70.95 25.25 2
70.9 25.2 2
70.85 25.15 2
70.8 25.1 2
70.75 25.05 2
70.7 25 2
70.65 24.95 2
70.6 24.9 2
70.55 24.85 2
70.5 24.8 2
70.45 24.75 2
70.4 24.7 2
70.35 24.65 2
70.3 24.6 2
70.25 24.55 2
70.2 24.5 2
70.15 24.45 2
70.15 24.4 2
70.1 24.35 2
70.05 24.3 2
70 24.25 2
69.95 24.2 2
69.9 24.15 2
69.85 24.1 2
69.8 24.05 2
69.75 24 2
69.7 23.95 2
69.65 23.9 2
69.6 23.85 2
69.55 23.8 2
69.5 23.75 2
69.45 23.7 2
69.45 23.65 2
69.4 23.6 2
69.35 23.55 2
69.3 23.5 2
69.25 23.45 2
69.2 23.4 2
69.15 23.35 2
69.1 23.3 2
69.05 23.25 2
69 23.2 2
68.95 23.15 2
68.9 23.1 2
68.85 23.05 2
68.8 23 2
68.75 22.95 2
68.7 22.9 2
68.65 22.85 2
68.6 22.8 2
68.55 22.75 2
68.5 22.7 2
68.45 22.65 2
68.4 22.6 2
68.35 22.55 2
68.3 22.5 2
68.25 22.45 2
68.2 22.4 2
68.15 22.35 2
68.1 22.3 2
68.05 22.25 2
68.05 22.2 2
68.05 22.15 2
68 22.1 2
67.95 22.05 2
67.95 22 2
67.9 21.95 2
67.85 21.9 2
67.8 21.85 2
67.75 21.8 2
67.7 21.75 2
67.65 21.7 2
67.6 21.65 2
67.55 21.6 2
67.5 21.55 2
67.45 21.5 2
67.4 21.45 2
67.35 21.4 2
67.3 21.35 2
67.25 21.3 2
67.2 21.25 2
67.15 21.2 2
67.15 21.15 2
67.15 21.1 2
67.1 21.05 2
67.05 21 2
67 20.95 2
66.95 20.9 2
66.9 20.85 2
66.85 20.8 2
66.8 20.75 2
66.75 20.7 2
66.7 20.65 2
66.65 20.6 2
66.6 20.55 2
66.6 20.5 2
66.55 20.45 2
66.55 20.4 2
66.5 20.35 2
66.45 20.3 2
66.4 20.25 2
66.35 20.2 2
66.3 20.15 2
66.25 20.1 2
66.2 20.05 2
66.15 20 2
66.1 19.95 2
66.05 19.9 2
66 19.85 2
65.95 19.8 2
65.9 19.75 2
65.85 19.7 2
65.8 19.65 2
65.75 19.6 2
65.75 19.55 2
65.7 19.5 2
65.65 19.45 2
65.6 19.4 2
65.55 19.35 2
65.5 19.3 2
65.45 19.25 2
65.4 19.2 2
65.35 19.15 2
65.3 19.1 2
65.25 19.05 2
65.2 19 2
65.15 18.95 2
65.1 18.9 2
65.05 18.85 2
65 18.8 2
64.95 18.75 2
64.9 18.7 2
64.85 18.65 2
64.8 18.6 2
64.75 18.55 2
64.7 18.5 2
64.65 18.45 2
64.6 18.4 2
64.55 18.35 2
64.5 18.3 2
64.45 18.25 2
64.45 18.2 2
64.4 18.15 2
64.35 18.1 2
64.35 18.05 2
64.35 18 2
64.3 17.95 2
64.3 17.9 2
64.25 17.85 2
64.2 17.8 2
64.15 17.75 2
64.1 17.7 2
64.05 17.65 2
64 17.6 2
63.95 17.55 2
63.9 17.5 2
63.85 17.45 2
63.8 17.4 2
63.75 17.35 2
63.7 17.3 2
63.65 17.25 2
63.6 17.2 2
63.55 17.15 2
63.5 17.1 2
63.45 17.05 2
63.4 17 2
63.35 16.95 2
63.3 16.9 2
63.25 16.85 2
63.2 16.8 2
63.15 16.75 2
63.1 16.7 2
63.05 16.65 2
63 16.6 2
62.95 16.55 2
62.9 16.5 2
62.85 16.45 2
62.8 16.4 2
62.75 16.35 2
62.7 16.3 2
62.65 16.25 2
62.6 16.2 2
62.55 16.15 2
62.5 16.1 2
62.45 16.05 2
62.4 16 2
62.35 15.95 2
62.3 15.9 2
62.25 15.85 2
62.2 15.8 2
62.15 15.75 2
62.1 15.7 2
62.05 15.65 2
62 15.6 2
61.95 15.55 2
61.9 15.5 2
61.85 15.45 2
61.8 15.4 2
61.75 15.35 2
61.7 15.3 2
61.65 15.25 2
61.6 15.2 2
61.55 15.15 2
61.5 15.1 2
61.45 15.05 2
61.4 15 2
61.35 14.95 2
61.3 14.9 2
61.25 14.85 2
61.2 14.8 2
61.15 14.75 2
61.1 14.7 2
61.05 14.65 2
61 14.6 2
60.95 14.55 2
60.9 14.5 2
60.85 14.45 2
60.8 14.4 2
60.75 14.35 2
60.7 14.3 2
60.65 14.25 2
60.6 14.2 2
60.55 14.15 2
60.5 14.1 2
60.45 14.05 2
60.4 14 2
60.35 13.95 2
60.3 13.9 2
60.25 13.85 2
60.2 13.8 2
60.15 13.75 2
60.1 13.7 2
60.05 13.65 2
60 13.6 2
59.95 13.55 2
59.9 13.5 2
59.85 13.45 2
59.8 13.4 2
59.75 13.35 2
59.7 13.3 2
59.65 13.25 2
59.6 13.2 2
59.55 13.15 2
59.5 13.1 2
59.45 13.05 2
59.4 13 2
59.35 12.95 2
59.3 12.9 2
59.25 12.85 2
59.2 12.8 2
59.15 12.75 2
59.1 12.7 2
59.05 12.65 2
59 12.6 2
58.95 12.55 2
58.9 12.5 2
58.85 12.45 2
58.8 12.4 2
58.8 12.35 2
58.8 12.3 2
58.8 12.25 2
58.8 12.2 2
58.8 12.15 2
58.8 12.1 2
58.8 12.05 2
58.8 12 2
58.8 11.95 2
58.8 11.9 2
58.8 11.85 2
58.8 11.8 2
58.8 11.75 2
58.8 11.7 2
58.8 11.65 2
58.8 11.65 1
58.75 11.6 1
58.7 11.55 1
58.65 11.5 1
58.6 11.45 1
58.55 11.4 1
58.5 11.35 1
58.45 11.3 1
58.4 11.25 1
58.35 11.2 1
58.3 11.15 1
58.25 11.1 1
58.2 11.05 1
58.15 11 1
58.1 10.95 1
58.05 10.9 1
58 10.85 1
57.95 10.8 1
57.9 10.75 1
57.85 10.7 1
57.8 10.65 1
57.75 10.6 1
57.7 10.55 1
57.65 10.5 1
57.6 10.45 1
57.55 10.4 1
57.5 10.35 1
57.45 10.3 1
57.4 10.25 1
57.4 10.2 1
57.4 10.15 1
57.4 10.1 1
57.4 10.05 1
57.4 10 1
57.4 9.95 1
57.35 9.9 1
57.35 9.85 1
57.35 9.8 1
57.35 9.75 1
57.3 9.7 1
57.25 9.65 1
57.2 9.6 1
57.2 9.55 1
57.15 9.5 1
57.15 9.45 1
57.15 9.4 1
57.15 9.35 1
57.1 9.3 1
57.1 9.25 1
57.1 9.2 1
57.05 9.15 1
57.05 9.1 1
57.05 9.05 1
57.05 9 1
57 8.95 1
57 8.9 1
57 8.85 1
57 8.8 1
56.95 8.75 1
56.95 8.7 1
56.95 8.65 1
56.95 8.6 1
56.95 8.55 1
56.95 8.5 1
56.95 8.45 1
56.95 8.4 1
56.95 8.35 1
56.9 8.3 1
56.9 8.25 1
56.9 8.2 1
56.9 8.15 1
56.85 8.1 1
56.85 8.05 1
56.8 8 1
56.75 7.95 1
56.7 7.9 1
56.65 7.85 1
56.6 7.8 1
56.6 7.75 1
56.6 7.7 1
56.6 7.65 1
56.55 7.6 1
56.5 7.55 1
56.45 7.5 1
56.45 7.45 1
56.45 7.4 1
56.45 7.35 1
56.45 7.3 1
56.45 7.25 1
56.45 7.2 1
56.45 7.15 1
56.45 7.1 1
56.45 7.05 1
56.45 7 1
56.45 6.95 1
56.45 6.9 1
56.45 6.85 1
56.45 6.8 1
56.45 6.75 1
56.45 6.7 1
56.45 6.65 1
56.45 6.6 1
56.45 6.55 1
56.45 6.5 1
56.45 6.45 1
56.45 6.4 1
56.45 6.35 1
56.45 6.3 1
56.45 6.25 1
56.45 6.2 1
56.45 6.15 1
56.45 6.1 1
56.45 6.05 1
56.45 6 1
56.45 5.95 1
56.45 5.9 1
56.45 5.85 1
56.45 5.8 1
56.45 5.75 1
56.45 5.75 0
56.4 5.75 0
56.35 5.75 0
56.3 5.75 0
56.25 5.75 0
56.2 5.75 0
56.15 5.75 0
56.1 5.75 0
56.05 5.7 0
56 5.65 0
55.95 5.6 0
55.9 5.55 0
55.85 5.5 0
55.8 5.45 0
55.75 5.4 0
55.7 5.35 0
55.65 5.3 0
55.6 5.25 0
55.55 5.25 0
55.5 5.2 0
55.45 5.2 0
55.4 5.2 0
55.35 5.2 0
55.3 5.15 0
55.25 5.15 0
55.2 5.15 0
55.15 5.2 0
55.1 5.2 0
55.05 5.2 0
55 5.2 0
54.95 5.25 0
54.9 5.25 0
54.85 5.3 0
54.8 5.35 0
54.75 5.4 0
54.7 5.45 0
54.65 5.5 0
54.6 5.55 0
54.55 5.6 0
54.5 5.65 0
54.45 5.7 0
54.4 5.75 0
54.35 5.8 0
54.3 5.85 0
54.25 5.9 0
54.25 5.95 0
54.25 6 0
54.25 6.05 0
54.25 6.1 0
54.25 6.15 0
54.25 6.2 0
54.25 6.25 0
54.25 6.3 0
54.25 6.35 0
54.25 6.4 0
54.25 6.45 0
54.25 6.5 0
54.25 6.55 0
54.25 6.6 0
54.25 6.65 0
54.25 6.7 0
54.25 6.75 0
54.25 6.8 0
54.25 6.85 0
54.25 6.9 0
54.25 6.95 0
54.25 7 0
54.25 7.05 0
54.25 7.1 0
54.25 7.15 0
54.25 7.2 0
54.25 7.25 0
54.25 7.3 0
54.25 7.35 0
54.25 7.4 0
54.25 7.45 0
54.25 7.5 0
PATH 50 121
91.8 45 0
91.75 45 0
91.7 45 0
91.65 44.95 0
91.6 44.9 0
91.55 44.85 0
91.5 44.8 0
91.45 44.75 0
91.4 44.7 0
91.35 44.65 0
91.3 44.6 0
91.25 44.55 0
91.2 44.5 0
91.15 44.45 0
91.1 44.4 0
91.05 44.35 0
91 44.3 0
90.95 44.25 0
90.9 44.2 0
90.85 44.2 0
90.8 44.2 0
90.75 44.2 0
90.7 44.2 0
90.65 44.2 0
90.6 44.2 0
90.55 44.2 0
90.5 44.2 0
90.45 44.2 0
90.4 44.2 0
90.35 44.2 0
90.3 44.2 0
90.25 44.2 0
90.2 44.2 0
90.15 44.2 0
90.1 44.2 0
90.05 44.2 0
90 44.2 0
89.95 44.2 0
89.9 44.2 0
89.85 44.2 0
89.8 44.2 0
89.75 44.2 0
89.7 44.2 0
89.65 44.2 0
89.6 44.2 0
89.55 44.2 0
89.5 44.2 0
89.45 44.2 0
89.4 44.2 0
89.35 44.2 0
89.3 44.2 0
89.25 44.2 0
89.2 44.2 0
89.15 44.2 0
89.1 44.2 0
89.05 44.2 0
89 44.15 0
88.95 44.1 0
88.9 44.05 0
88.85 44 0
88.8 43.95 0
88.75 43.95 0
88.7 43.95 0
88.65 43.95 0
88.6 43.95 0
88.55 43.95 0
88.5 43.95 0
88.45 43.95 0
88.4 43.95 0
88.35 43.95 0
88.3 43.95 0
88.25 43.95 0
88.2 43.95 0
88.15 43.95 0
88.1 43.95 0
88.05 43.95 0
88 43.95 0
87.95 43.95 0
87.9 43.95 0
87.85 43.95 0
87.8 43.95 0
87.75 43.95 0
87.7 43.95 0
87.65 43.95 0
87.6 43.95 0
87.55 43.95 0
87.5 43.95 0
87.45 43.95 0
87.4 43.95 0
87.35 43.95 0
87.3 43.95 0
87.25 43.95 0
87.2 43.95 0
87.15 43.95 0
87.1 43.95 0
87.05 43.95 0
87 43.95 0
86.95 43.95 0
86.9 43.95 0
86.85 43.95 0
86.8 43.95 0
86.75 43.95 0
86.7 43.95 0
86.65 43.95 0
86.6 43.95 0
86.55 43.95 0
86.5 43.95 0
86.45 43.95 0
86.4 43.95 0
86.35 43.95 0
86.3 43.95 0
86.25 43.95 0
86.2 43.95 0
86.15 43.95 0
86.1 43.95 0
86.05 43.95 0
86 43.95 0
85.95 43.95 0
85.9 43.95 0
85.85 43.95 0
85.8 43.95 0
PATH 21 83
21.45 69 0
21.5 69 0
21.55 69 0
21.6 69 0
21.65 69 0
21.7 69 0
21.75 69 0
21.8 69 0
21.85 69 0
21.9 69 0
21.95 69 0
22 69 0
22.05 69 0
22.1 69 0
22.15 69 0
22.2 69 0
22.25 69 0
22.3 69 0
22.35 69 0
22.4 69 0
22.45 69 0
22.5 69 0
22.55 69 0
22.6 69 0
22.65 69 0
22.7 69 0
22.75 69 0
22.8 69 0
22.85 69 0
22.9 69 0
22.95 69 0
23 69 0
23.05 69 0
23.1 69 0
23.15 69 0
23.2 69 0
23.25 69 0
23.3 69 0
23.35 69 0
23.4 69 0
23.45 69 0
23.5 69 0
23.55 69 0
23.6 69 0
23.65 69 0
23.7 69 0
23.75 69 0
23.8 69 0
23.85 69 0
23.9 69 0
23.95 69 0
24 69 0
24.05 69 0
24.1 69 0
24.15 69 0
24.2 69 0
24.25 69 0
24.3 69 0
24.35 69 0
24.4 69 0
24.45 69 0
24.5 69 0
24.55 69 0
24.6 69 0
24.65 69 0
24.7 69 0
24.75 69 0
24.8 69 0
24.85 69 0
24.9 69 0
24.95 69 0
25 69 0
25.05 69 0
25.1 69 0
25.15 69 0
25.2 69 0
25.25 69 0
25.3 69 0
25.35 69 0
25.4 69 0
25.45 69 0
25.5 69 0
25.55 69 0
PATH 21 81
21.55 65 0
21.55 65.05 0
21.55 65.1 0
21.55 65.15 0
21.55 65.2 0
21.55 65.25 0
21.55 65.3 0
21.55 65.35 0
21.55 65.4 0
21.55 65.45 0
21.55 65.5 0
21.55 65.55 0
21.55 65.6 0
21.55 65.65 0
21.55 65.7 0
21.55 65.75 0
21.55 65.8 0
21.55 65.85 0
21.55 65.9 0
21.55 65.95 0
21.55 66 0
21.55 66.05 0
21.55 66.1 0
21.55 66.15 0
21.55 66.2 0
21.55 66.25 0
21.55 66.3 0
21.55 66.35 0
21.55 66.4 0
21.55 66.45 0
21.55 66.5 0
21.55 66.55 0
21.55 66.6 0
21.55 66.65 0
21.55 66.7 0
21.55 66.75 0
21.55 66.8 0
21.55 66.85 0
21.55 66.9 0
21.55 66.95 0
21.55 67 0
21.55 67.05 0
21.55 67.1 0
21.55 67.15 0
21.55 67.2 0
21.55 67.25 0
21.55 67.3 0
21.55 67.35 0
21.55 67.4 0
21.55 67.45 0
21.55 67.5 0
21.55 67.55 0
21.55 67.6 0
21.55 67.65 0
21.55 67.7 0
21.55 67.75 0
21.55 67.8 0
21.55 67.85 0
21.55 67.9 0
21.55 67.95 0
21.55 68 0
21.55 68.05 0
21.55 68.1 0
21.55 68.15 0
21.55 68.2 0
21.55 68.25 0
21.55 68.3 0
21.55 68.35 0
21.55 68.4 0
21.55 68.45 0
21.55 68.5 0
21.55 68.55 0
21.55 68.6 0
21.55 68.65 0
21.55 68.7 0
21.55 68.75 0
21.55 68.8 0
21.55 68.85 0
21.55 68.9 0
21.55 68.95 0
21.55 69 0
PATH 56 113
45.45 50 0
45.4 50 0
45.35 50 0
45.3 50 0
45.25 50 0
45.2 50 0
45.15 50.05 0
45.1 50.1 0
45.05 50.1 0
45 50.15 0
44.95 50.2 0
44.9 50.25 0
44.85 50.3 0
44.8 50.3 0
44.75 50.3 0
44.7 50.3 0
44.65 50.35 0
44.6 50.4 0
44.55 50.45 0
44.5 50.5 0
44.45 50.55 0
44.4 50.6 0
44.35 50.65 0
44.3 50.7 0
44.25 50.75 0
44.2 50.8 0
44.15 50.85 0
44.1 50.9 0
44.05 50.95 0
44 51 0
43.95 51.05 0
43.9 51.1 0
43.85 51.1 0
43.8 51.1 0
43.75 51.1 0
43.7 51.1 0
43.65 51.1 0
43.6 51.1 0
43.55 51.1 0
43.5 51.15 0
43.45 51.2 0
43.4 51.2 0
43.35 51.2 0
43.3 51.2 0
43.25 51.2 0
43.2 51.2 0
43.15 51.25 0
43.1 51.3 0
43.05 51.3 0
43 51.3 0
42.95 51.3 0
42.9 51.3 0
42.85 51.35 0
42.8 51.35 0
42.75 51.35 0
42.7 51.4 0
42.65 51.4 0
42.6 51.4 0
42.55 51.4 0
42.5 51.4 0
42.45 51.4 0
42.4 51.4 0
42.35 51.4 0
42.3 51.4 0
42.25 51.4 0
42.2 51.45 0
42.15 51.45 0
42.1 51.45 0
42.05 51.45 0
42 51.45 0
41.95 51.45 0
41.9 51.45 0
41.85 51.45 0
41.8 51.45 0
41.75 51.45 0
41.7 51.45 0
41.65 51.45 0
41.6 51.45 0
41.55 51.5 0
41.5 51.55 0
41.45 51.6 0
41.4 51.6 0
41.35 51.6 0
41.3 51.6 0
41.25 51.6 0
41.2 51.6 0
41.15 51.6 0
41.1 51.6 0
41.05 51.6 0
41 51.6 0
40.95 51.6 0
40.9 51.6 0
40.85 51.6 0
40.8 51.6 0
40.75 51.6 0
40.7 51.6 0
40.65 51.6 0
40.6 51.6 0
40.55 51.6 0
40.5 51.6 0
40.45 51.6 0
40.4 51.6 0
40.35 51.6 0
40.3 51.6 0
40.25 51.6 0
40.2 51.65 0
40.15 51.7 0
40.1 51.75 0
40.05 51.8 0
40 51.85 0
39.95 51.9 0
39.9 51.95 0
39.85 52 0
PATH 56 82
43.05 45.95 0
43.05 46 0
43.05 46.05 0
43.05 46.1 0
43.05 46.15 0
43.1 46.2 0
43.1 46.25 0
43.1 46.3 0
43.1 46.35 0
43.1 46.4 0
43.1 46.45 0
43.1 46.5 0
43.1 46.55 0
43.1 46.6 0
43.1 46.65 0
43.15 46.7 0
43.2 46.75 0
43.2 46.8 0
43.2 46.85 0
43.2 46.9 0
43.2 46.95 0
43.2 47 0
43.2 47.05 0
43.2 47.1 0
43.2 47.15 0
43.2 47.2 0
43.2 47.25 0
43.2 47.3 0
43.2 47.35 0
43.2 47.4 0
43.25 47.45 0
43.3 47.5 0
43.3 47.55 0
43.3 47.6 0
43.3 47.65 0
43.3 47.7 0
43.3 47.75 0
43.3 47.8 0
43.3 47.85 0
43.3 47.9 0
43.3 47.95 0
43.35 48 0
43.4 48.05 0
43.45 48.1 0
43.5 48.15 0
43.55 48.2 0
43.6 48.25 0
43.65 48.3 0
43.7 48.35 0
43.75 48.4 0
43.8 48.45 0
43.8 48.5 0
43.85 48.55 0
43.9 48.6 0
43.95 48.65 0
43.95 48.7 0
43.95 48.75 0
44 48.8 0
44.05 48.85 0
44.1 48.9 0
44.15 48.95 0
44.2 49 0
44.25 49.05 0
44.3 49.1 0
44.35 49.15 0
44.4 49.2 0
44.45 49.25 0
44.5 49.3 0
44.55 49.35 0
44.6 49.4 0
44.65 49.45 0
44.7 49.5 0
44.75 49.55 0
44.8 49.6 0
44.85 49.65 0
44.9 49.7 0
44.95 49.75 0
45 49.8 0
45.05 49.85 0
45.1 49.9 0
45.15 49.95 0
45.2 50 0
PATH 57 113
65.45 50 0
65.4 50 0
65.35 50 0
65.3 50 0
65.25 50 0
65.2 50 0
65.15 50.05 0
65.1 50.1 0
65.05 50.1 0
65 50.15 0
64.95 50.2 0
64.9 50.25 0
64.85 50.3 0
64.8 50.3 0
64.75 50.3 0
64.7 50.3 0
64.65 50.35 0
64.6 50.4 0
64.55 50.45 0
64.5 50.5 0
64.45 50.55 0
64.4 50.6 0
64.35 50.65 0
64.3 50.7 0
64.25 50.75 0
64.2 50.8 0
64.15 50.85 0
64.1 50.9 0
64.05 50.95 0
64 51 0
63.95 51.05 0
63.9 51.1 0
63.85 51.1 0
63.8 51.1 0
63.75 51.1 0
63.7 51.1 0
63.65 51.1 0
63.6 51.1 0
63.55 51.1 0
63.5 51.15 0
63.45 51.2 0
63.4 51.2 0
63.35 51.2 0
63.3 51.2 0
63.25 51.2 0
63.2 51.2 0
63.15 51.25 0
63.1 51.3 0
63.05 51.3 0
63 51.3 0
62.95 51.3 0
62.9 51.3 0
62.85 51.35 0
62.8 51.35 0
62.75 51.35 0
62.7 51.4 0
62.65 51.4 0
62.6 51.4 0
62.55 51.4 0
62.5 51.4 0
62.45 51.4 0
62.4 51.4 0
62.35 51.4 0
62.3 51.4 0
62.25 51.4 0
62.2 51.45 0
62.15 51.45 0
62.1 51.45 0
62.05 51.45 0
62 51.45 0
61.95 51.45 0
61.9 51.45 0
61.85 51.45 0
61.8 51.45 0
61.75 51.45 0
61.7 51.45 0
61.65 51.45 0
61.6 51.45 0
61.55 51.5 0
61.5 51.55 0
61.45 51.6 0
61.4 51.6 0
61.35 51.6 0
61.3 51.6 0
61.25 51.6 0
61.2 51.6 0
61.15 51.6 0
61.1 51.6 0
61.05 51.6 0
61 51.6 0
60.95 51.6 0
60.9 51.6 0
60.85 51.6 0
60.8 51.6 0
60.75 51.6 0
60.7 51.6 0
60.65 51.6 0
60.6 51.6 0
60.55 51.6 0
60.5 51.6 0
60.45 51.6 0
60.4 51.6 0
60.35 51.6 0
60.3 51.6 0
60.25 51.6 0
60.2 51.65 0
60.15 51.7 0
60.1 51.75 0
60.05 51.8 0
60 51.85 0
59.95 51.9 0
59.9 51.95 0
59.85 52 0
PATH 57 82
63.05 45.95 0
63.1 46 0
63.15 46.05 0
63.15 46.1 0
63.2 46.15 0
63.2 46.2 0
63.25 46.25 0
63.3 46.3 0
63.35 46.35 0
63.4 46.4 0
63.45 46.45 0
63.5 46.5 0
63.5 46.55 0
63.5 46.6 0
63.55 46.65 0
63.6 46.7 0
63.65 46.75 0
63.7 46.8 0
63.75 46.85 0
63.8 46.9 0
63.85 46.95 0
63.9 47 0
63.95 47.05 0
64 47.1 0
64.05 47.15 0
64.1 47.2 0
64.15 47.25 0
64.2 47.3 0
64.25 47.35 0
64.3 47.4 0
64.35 47.45 0
64.4 47.5 0
64.45 47.55 0
64.5 47.6 0
64.5 47.65 0
64.55 47.7 0
64.6 47.75 0
64.65 47.8 0
64.7 47.85 0
64.75 47.9 0
64.8 47.95 0
64.85 48 0
64.9 48.05 0
64.95 48.1 0
64.95 48.15 0
64.95 48.2 0
64.95 48.25 0
64.95 48.3 0
64.95 48.35 0
64.95 48.4 0
64.95 48.45 0
64.95 48.5 0
64.95 48.55 0
64.95 48.6 0
64.95 48.65 0
64.95 48.7 0
64.95 48.75 0
64.95 48.8 0
64.95 48.85 0
64.95 48.9 0
64.95 48.95 0
64.95 49 0
64.95 49.05 0
64.95 49.1 0
64.95 49.15 0
64.95 49.2 0
64.95 49.25 0
64.95 49.3 0
64.95 49.35 0
64.95 49.4 0
64.95 49.45 0
64.95 49.5 0
64.95 49.55 0
64.95 49.6 0
64.95 49.65 0
64.95 49.7 0
64.95 49.75 0
65 49.8 0
65.05 49.85 0
65.1 49.9 0
65.15 49.95 0
65.2 50 0
PATH 68 390
76.55 22 0
76.6 22.05 0
76.65 22.1 0
76.7 22.1 0
76.75 22.15 0
76.8 22.2 0
76.85 22.25 0
76.9 22.3 0
76.95 22.35 0
77 22.4 0
77.05 22.45 0
77.1 22.5 0
77.15 22.55 0
77.2 22.55 0
77.25 22.6 0
77.3 22.65 0
77.35 22.7 0
77.4 22.75 0
77.45 22.8 0
77.5 22.8 0
77.55 22.85 0
77.6 22.9 0
77.65 22.9 0
77.7 22.95 0
77.75 23 0
77.8 23.05 0
77.85 23.1 0
77.9 23.15 0
77.95 23.2 0
78 23.25 0
78.05 23.25 0
78.1 23.25 0
78.15 23.3 0
78.2 23.35 0
78.25 23.4 0
78.3 23.45 0
78.35 23.5 0
78.4 23.55 0
78.45 23.6 0
78.5 23.65 0
78.55 23.7 0
78.6 23.7 0
78.65 23.7 0
78.7 23.7 0
78.75 23.7 0
78.8 23.75 0
78.85 23.8 0
78.9 23.85 0
78.95 23.9 0
79 23.95 0
79.05 24 0
79.1 24 0
79.15 24.05 0
79.2 24.05 0
79.25 24.05 0
79.3 24.05 0
79.35 24.05 0
79.4 24.05 0
79.45 24.05 0
79.5 24.05 0
79.55 24.05 0
79.6 24.05 0
79.65 24.05 0
79.7 24.05 0
79.75 24.05 0
79.8 24.05 0
79.85 24.05 0
79.9 24.05 0
79.95 24.05 0
80 24.05 0
80.05 24.05 0
80.1 24.05 0
80.15 24.05 0
80.2 24.05 0
80.25 24.05 0
80.3 24.05 0
80.35 24.05 0
80.4 24.05 0
80.45 24.05 0
80.5 24.05 0
80.55 24.1 0
80.6 24.15 0
80.65 24.15 0
80.7 24.15 0
80.75 24.2 0
80.8 24.25 0
80.85 24.3 0
80.9 24.35 0
80.95 24.35 0
81 24.35 0
81.05 24.35 0
81.1 24.35 0
81.15 24.35 0
81.2 24.35 0
81.25 24.35 0
81.3 24.35 0
81.35 24.35 0
81.4 24.35 0
81.45 24.35 0
81.5 24.35 0
81.55 24.35 0
81.6 24.35 0
81.65 24.35 0
81.7 24.35 0
81.75 24.35 0
81.8 24.35 0
81.85 24.35 0
81.9 24.35 0
81.95 24.35 0
82 24.35 0
82.05 24.35 0
82.1 24.35 0
82.15 24.35 0
82.2 24.35 0
82.25 24.35 0
82.3 24.35 0
82.35 24.35 0
82.4 24.35 0
82.45 24.35 0
82.5 24.35 0
82.55 24.35 0
82.6 24.4 0
82.65 24.45 0
82.7 24.5 0
82.75 24.55 0
82.8 24.6 0
82.85 24.65 0
82.9 24.7 0
82.95 24.75 0
83 24.8 0
83.05 24.8 0
83.1 24.8 0
83.15 24.8 0
83.2 24.8 0
83.25 24.85 0
83.3 24.9 0
83.35 24.95 0
83.4 25 0
83.45 25.05 0
83.5 25.05 0
83.55 25.05 0
83.6 25.05 0
83.65 25.05 0
83.7 25.05 0
83.75 25.05 0
83.8 25.05 0
83.85 25.05 0
83.9 25.05 0
83.95 25.05 0
84 25.05 0
84.05 25.05 0
84.1 25.05 0
84.15 25.05 0
84.2 25.05 0
84.25 25.05 0
84.3 25.05 0
84.35 25.05 0
84.4 25.05 0
84.45 25.05 0
84.5 25.05 0
84.55 25.05 0
84.6 25.05 0
84.65 25.05 0
84.7 25.05 0
84.75 25.05 0
84.8 25.05 0
84.85 25.05 0
84.9 25.05 0
84.95 25.05 0
85 25.05 0
85.05 25.05 0
85.1 25.05 0
85.15 25.05 0
85.2 25.05 0
85.25 25.05 0
85.3 25.05 0
85.35 25.05 0
85.4 25.05 0
85.45 25.05 0
85.5 25.05 0
85.55 25.05 0
85.6 25.05 0
85.65 25.05 0
85.7 25.05 0
85.75 25.05 0
85.8 25.05 0
85.85 25.05 0
85.9 25.05 0
85.95 25.05 0
86 25.05 0
86.05 25.05 0
86.1 25.05 0
86.15 25.05 0
86.2 25.05 0
86.25 25.05 0
86.3 25.05 0
86.35 25.05 0
86.4 25.05 0
86.45 25.05 0
86.5 25.05 0
86.55 25.05 0
86.6 25.05 0
86.65 25.05 0
86.7 25.05 0
86.75 25.05 0
86.8 25.05 0
86.85 25.05 0
86.9 25.05 0
86.95 25.05 0
87 25.05 0
87.05 25.05 0
87.1 25.05 0
87.15 25.05 0
87.2 25.05 0
87.25 25.05 0
87.3 25.05 0
87.35 25.05 0
87.4 25.1 0
87.45 25.15 0
87.5 25.2 0
87.55 25.25 0
87.6 25.3 0
87.65 25.35 0
87.7 25.4 0
87.75 25.45 0
87.8 25.5 0
87.85 25.55 0
87.9 25.6 0
87.95 25.65 0
88 25.7 0
88.05 25.75 0
88.1 25.8 0
88.15 25.85 0
88.2 25.9 0
88.25 25.95 0
88.3 25.95 0
88.35 25.95 0
88.4 25.95 0
88.45 25.95 0
88.5 25.95 0
88.55 25.95 0
88.6 25.95 0
88.65 25.95 0
88.7 25.95 0
88.75 25.95 0
88.8 26 0
88.85 26.05 0
88.9 26.1 0
88.95 26.15 0
89 26.2 0
89.05 26.25 0
89.1 26.3 0
89.15 26.35 0
89.2 26.4 0
89.25 26.45 0
89.3 26.5 0
89.35 26.55 0
89.4 26.55 0
89.45 26.6 0
89.5 26.6 0
89.55 26.65 0
89.6 26.7 0
89.65 26.75 0
89.7 26.75 0
89.75 26.75 0
89.8 26.75 0
89.85 26.8 0
89.9 26.85 0
89.95 26.9 0
90 26.95 0
90.05 26.95 0
90.1 27 0
90.15 27 0
90.2 27 0
90.25 27 0
90.3 27.05 0
90.35 27.05 0
90.4 27.05 0
90.45 27.05 0
90.5 27.05 0
90.55 27.1 0
90.6 27.15 0
90.65 27.2 0
90.7 27.2 0
90.75 27.25 0
90.8 27.3 0
90.85 27.3 0
90.9 27.35 0
90.95 27.4 0
91 27.45 0
91.05 27.45 0
91.1 27.45 0
91.15 27.5 0
91.2 27.55 0
91.25 27.6 0
91.3 27.65 0
91.35 27.65 0
91.4 27.65 0
91.45 27.65 0
91.5 27.65 0
91.55 27.65 0
91.6 27.65 0
91.65 27.65 0
91.7 27.65 0
91.75 27.65 0
91.8 27.65 0
91.85 27.65 0
91.9 27.65 0
91.95 27.65 0
92 27.65 0
92.05 27.65 0
92.1 27.65 0
92.15 27.65 0
92.2 27.65 0
92.25 27.65 0
92.3 27.65 0
92.35 27.65 0
92.4 27.65 0
92.45 27.65 0
92.5 27.7 0
92.55 27.7 0
92.6 27.7 0
92.65 27.75 0
92.7 27.8 0
92.75 27.85 0
92.8 27.9 0
92.85 27.9 0
92.9 27.95 0
92.95 27.95 0
93 27.95 0
93.05 27.95 0
93.1 27.95 0
93.15 27.95 0
93.2 27.95 0
93.25 27.95 0
93.3 27.95 0
93.35 27.95 0
93.4 27.95 0
93.45 27.95 0
93.5 27.95 0
93.55 27.95 0
93.6 27.95 0
93.65 27.95 0
93.7 27.95 0
93.75 27.95 0
93.8 27.95 0
93.85 27.95 0
93.9 27.95 0
93.95 27.95 0
94 28 0
94.05 28.05 0
94.1 28.1 0
94.15 28.15 0
94.2 28.2 0
94.25 28.25 0
94.3 28.3 0
94.35 28.35 0
94.4 28.4 0
94.45 28.45 0
94.5 28.5 0
94.55 28.55 0
94.6 28.6 0
94.65 28.65 0
94.7 28.7 0
94.75 28.75 0
94.8 28.8 0
94.85 28.85 0
94.9 28.9 0
94.95 28.95 0
95 29 0
95.05 29.05 0
95.1 29.1 0
95.15 29.15 0
95.2 29.2 0
95.25 29.25 0
95.3 29.3 0
95.35 29.35 0
95.4 29.4 0
95.45 29.45 0
95.5 29.5 0
95.55 29.55 0
95.6 29.6 0
95.65 29.65 0
95.7 29.7 0
95.75 29.75 0
95.8 29.8 0
95.85 29.85 0
95.9 29.9 0
95.95 29.95 0
96 30 0
PATH 68 362
62.25 7.5 0
62.25 7.45 0
62.25 7.4 0
62.25 7.35 0
62.25 7.3 0
62.25 7.25 0
62.25 7.2 0
62.25 7.15 0
62.25 7.1 0
62.25 7.05 0
62.25 7 0
62.25 6.95 0
62.25 6.9 0
62.25 6.85 0
62.25 6.8 0
62.25 6.75 0
62.25 6.7 0
62.25 6.65 0
62.25 6.6 0
62.25 6.55 0
62.25 6.5 0
62.25 6.45 0
62.25 6.4 0
62.25 6.35 0
62.25 6.3 0
62.25 6.25 0
62.25 6.2 0
62.25 6.15 0
62.25 6.1 0
62.25 6.05 0
62.25 6 0
62.25 5.95 0
62.25 5.9 0
62.25 5.85 0
62.25 5.8 0
62.25 5.8 1
62.25 5.85 1
62.25 5.9 1
62.25 5.95 1
62.25 6 1
62.25 6.05 1
62.25 6.1 1
62.25 6.15 1
62.25 6.2 1
62.25 6.25 1
62.3 6.3 1
62.35 6.35 1
62.4 6.4 1
62.4 6.45 1
62.4 6.5 1
62.45 6.55 1
62.45 6.6 1
62.5 6.65 1
62.5 6.7 1
62.5 6.75 1
62.55 6.8 1
62.55 6.85 1
62.6 6.9 1
62.65 6.95 1
62.7 7 1
62.7 7.05 1
62.75 7.1 1
62.8 7.15 1
62.8 7.2 1
62.85 7.25 1
62.9 7.3 1
62.95 7.35 1
63 7.4 1
63 7.45 1
63.05 7.5 1
63.05 7.55 1
63.05 7.6 1
63.1 7.65 1
63.1 7.7 1
63.15 7.75 1
63.2 7.8 1
63.25 7.85 1
63.3 7.9 1
63.35 7.95 1
63.4 8 1
63.45 8.05 1
63.5 8.1 1
63.55 8.15 1
63.6 8.2 1
63.65 8.25 1
63.65 8.3 1
63.65 8.35 1
63.65 8.4 1
63.65 8.45 1
63.7 8.5 1
63.7 8.55 1
63.75 8.6 1
63.75 8.65 1
63.8 8.7 1
63.85 8.75 1
63.85 8.8 1
63.9 8.85 1
63.95 8.9 1
63.95 8.95 1
63.95 9 1
64 9.05 1
64.05 9.1 1
64.1 9.15 1
64.1 9.2 1
64.1 9.25 1
64.1 9.3 1
64.1 9.35 1
64.15 9.4 1
64.2 9.45 1
64.25 9.5 1
64.3 9.55 1
64.35 9.6 1
64.4 9.65 1
64.45 9.7 1
64.5 9.75 1
64.55 9.8 1
64.6 9.85 1
64.65 9.9 1
64.7 9.95 1
64.75 10 1
64.8 10.05 1
64.85 10.1 1
64.9 10.15 1
64.95 10.2 1
65 10.25 1
65.05 10.3 1
65.1 10.35 1
65.15 10.4 1
65.2 10.45 1
65.25 10.5 1
65.3 10.55 1
65.35 10.6 1
65.4 10.65 1
65.45 10.7 1
65.5 10.75 1
65.55 10.8 1
65.6 10.85 1
65.65 10.9 1
65.7 10.95 1
65.75 11 1
65.8 11.05 1
65.85 11.1 1
65.9 11.15 1
65.95 11.2 1
66 11.25 1
66.05 11.3 1
66.05 11.35 1
66.1 11.4 1
66.1 11.45 1
66.15 11.5 1
66.2 11.55 1
66.25 11.6 1
66.3 11.65 1
66.3 11.7 1
66.3 11.75 1
66.35 11.8 1
66.4 11.85 1
66.45 11.9 1
66.45 11.9 2
66.5 11.95 2
66.55 12 2
66.6 12.05 2
66.65 12.1 2
66.7 12.15 2
66.75 12.2 2
66.8 12.25 2
66.85 12.3 2
66.9 12.35 2
66.95 12.4 2
67 12.45 2
67.05 12.5 2
67.1 12.55 2
67.15 12.6 2
67.2 12.65 2
67.25 12.7 2
67.3 12.75 2
67.35 12.8 2
67.4 12.85 2
67.45 12.9 2
67.5 12.95 2
67.55 13 2
67.6 13.05 2
67.65 13.1 2
67.7 13.15 2
67.75 13.2 2
67.8 13.25 2
67.85 13.3 2
67.9 13.35 2
67.95 13.4 2
68 13.45 2
68.05 13.5 2
68.1 13.55 2
68.15 13.6 2
68.2 13.65 2
68.25 13.7 2
68.3 13.75 2
68.35 13.8 2
68.4 13.85 2
68.45 13.9 2
68.5 13.95 2
68.55 14 2
68.6 14.05 2
68.65 14.1 2
68.7 14.15 2
68.75 14.2 2
68.8 14.25 2
68.85 14.3 2
68.9 14.35 2
68.95 14.4 2
69 14.45 2
69.05 14.5 2
69.1 14.55 2
69.15 14.6 2
69.2 14.65 2
69.25 14.7 2
69.3 14.75 2
69.35 14.8 2
69.4 14.85 2
69.45 14.9 2
69.5 14.95 2
69.55 15 2
69.6 15.05 2
69.65 15.1 2
69.7 15.15 2
69.75 15.2 2
69.8 15.25 2
69.85 15.3 2
69.9 15.35 2
69.95 15.4 2
70 15.45 2
70.05 15.5 2
70.1 15.55 2
70.15 15.6 2
70.2 15.65 2
70.25 15.7 2
70.3 15.75 2
70.35 15.8 2
70.4 15.85 2
70.45 15.9 2
70.5 15.95 2
70.55 16 2
70.6 16.05 2
70.65 16.1 2
70.7 16.15 2
70.75 16.2 2
70.8 16.25 2
70.85 16.3 2
70.9 16.35 2
70.95 16.4 2
71 16.45 2
71.05 16.5 2
71.1 16.55 2
71.15 16.6 2
71.2 16.65 2
71.25 16.7 2
71.3 16.75 2
71.35 16.8 2
71.4 16.85 2
71.45 16.9 2
71.5 16.95 2
71.55 17 2
71.6 17.05 2
71.65 17.1 2
71.7 17.15 2
71.75 17.2 2
71.8 17.25 2
71.85 17.3 2
71.9 17.35 2
71.95 17.4 2
72 17.45 2
72.05 17.5 2
72.1 17.55 2
72.15 17.6 2
72.2 17.65 2
72.25 17.7 2
72.3 17.75 2
72.35 17.8 2
72.4 17.85 2
72.45 17.9 2
72.5 17.95 2
72.55 18 2
72.6 18.05 2
72.65 18.1 2
72.7 18.15 2
72.75 18.2 2
72.8 18.25 2
72.85 18.3 2
72.9 18.35 2
72.95 18.4 2
73 18.45 2
73.05 18.5 2
73.1 18.55 2
73.15 18.6 2
73.2 18.65 2
73.25 18.7 2
73.3 18.75 2
73.35 18.8 2
73.4 18.85 2
73.45 18.9 2
73.5 18.95 2
73.55 19 2
73.6 19.05 2
73.65 19.1 2
73.7 19.15 2
73.75 19.2 2
73.8 19.25 2
73.85 19.3 2
73.9 19.35 2
73.95 19.4 2
74 19.45 2
74.05 19.5 2
74.1 19.55 2
74.15 19.6 2
74.2 19.65 2
74.25 19.7 2
74.3 19.75 2
74.35 19.8 2
74.4 19.85 2
74.45 19.9 2
74.5 19.95 2
74.55 20 2
74.6 20.05 2
74.65 20.1 2
74.7 20.15 2
74.75 20.2 2
74.8 20.25 2
74.85 20.3 2
74.9 20.35 2
74.95 20.4 2
75 20.45 2
75.05 20.5 2
75.1 20.55 2
75.15 20.6 2
75.2 20.65 2
75.25 20.7 2
75.3 20.75 2
75.35 20.8 2
75.4 20.85 2
75.45 20.9 2
75.5 20.95 2
75.55 21 2
75.6 21.05 2
75.65 21.1 2
75.7 21.15 2
75.75 21.2 2
75.8 21.25 2
75.85 21.3 2
75.9 21.35 2
75.95 21.4 2
76 21.45 2
76.05 21.5 2
76.1 21.55 2
76.15 21.6 2
76.2 21.65 2
76.25 21.7 2
76.3 21.75 2
76.35 21.8 2
76.4 21.85 2
76.45 21.9 2
76.5 21.95 2
76.55 22 2
76.55 22 0
PATH 67 103
64.95 45 0
64.95 44.95 0
64.95 44.9 0
64.95 44.85 0
64.95 44.8 0
64.95 44.75 0
64.95 44.75 2
65 44.7 2
65.05 44.65 2
65.05 44.6 2
65.1 44.55 2
65.15 44.5 2
65.2 44.45 2
65.2 44.4 2
65.2 44.35 2
65.2 44.3 2
65.2 44.25 2
65.2 44.2 2
65.2 44.15 2
65.2 44.1 2
65.2 44.05 2
65.2 44 2
65.2 43.95 2
65.2 43.9 2
65.2 43.85 2
65.2 43.8 2
65.2 43.75 2
65.2 43.7 2
65.2 43.65 2
65.2 43.6 2
65.2 43.55 2
65.2 43.5 2
65.2 43.45 2
65.25 43.4 2
65.25 43.35 2
65.25 43.3 2
65.25 43.25 2
65.25 43.2 2
65.25 43.15 2
65.3 43.1 2
65.3 43.05 2
65.3 43 2
65.3 42.95 2
65.3 42.9 2
65.3 42.85 2
65.3 42.8 2
65.35 42.75 2
65.4 42.7 2
65.4 42.65 2
65.45 42.6 2
65.5 42.55 2
65.55 42.5 2
65.6 42.45 2
65.65 42.4 2
65.65 42.35 2
65.65 42.3 2
65.65 42.25 2
65.65 42.2 2
65.7 42.15 2
65.75 42.1 2
65.8 42.05 2
65.85 42 2
65.9 41.95 2
65.95 41.9 2
66 41.85 2
66 41.8 2
66 41.75 2
66.05 41.7 2
66.1 41.65 2
66.15 41.6 2
66.2 41.55 2
66.25 41.5 2
66.25 41.45 2
66.25 41.4 2
66.25 41.35 2
66.25 41.3 2
66.25 41.25 2
66.3 41.2 2
66.3 41.15 2
66.3 41.1 2
66.3 41.05 2
66.35 41 2
66.4 40.95 2
66.45 40.9 2
66.5 40.85 2
66.55 40.8 2
66.6 40.75 2
66.65 40.7 2
66.7 40.65 2
66.75 40.6 2
66.8 40.55 2
66.85 40.5 2
66.9 40.45 2
66.95 40.4 2
67 40.35 2
67.05 40.3 2
67.1 40.25 2
67.15 40.2 2
67.2 40.15 2
67.25 40.1 2
67.3 40.05 2
67.35 40 2
67.35 40 0
PATH 67 133
59.75 35 0
59.8 35.05 0
59.85 35.1 0
59.9 35.15 0
59.95 35.2 0
60 35.25 0
60.05 35.3 0
60.1 35.35 0
60.15 35.4 0
60.2 35.45 0
60.25 35.5 0
60.3 35.55 0
60.35 35.6 0
60.4 35.65 0
60.45 35.7 0
60.5 35.75 0
60.55 35.8 0
60.6 35.85 0
60.65 35.9 0
60.7 35.9 0
60.75 35.95 0
60.8 36 0
60.85 36.05 0
60.9 36.1 0
60.95 36.15 0
61 36.2 0
61.05 36.25 0
61.1 36.3 0
61.15 36.35 0
61.2 36.4 0
61.25 36.45 0
61.3 36.5 0
61.35 36.55 0
61.4 36.6 0
61.45 36.65 0
61.5 36.7 0
61.55 36.75 0
61.6 36.8 0
61.65 36.85 0
61.7 36.9 0
61.75 36.95 0
61.8 37 0
61.85 37.05 0
61.9 37.1 0
61.95 37.15 0
62 37.2 0
62.05 37.2 0
62.1 37.2 0
62.15 37.2 0
62.2 37.2 0
62.25 37.2 0
62.3 37.2 0
62.35 37.25 0
62.4 37.3 0
62.45 37.35 0
62.5 37.4 0
62.55 37.45 0
62.6 37.5 0
62.65 37.55 0
62.7 37.6 0
62.75 37.65 0
62.8 37.7 0
62.85 37.75 0
62.9 37.8 0
62.95 37.85 0
63 37.9 0
63.05 37.95 0
63.1 38 0
63.15 38.05 0
63.2 38.1 0
63.25 38.15 0
63.3 38.2 0
63.35 38.25 0
63.4 38.3 0
63.45 38.35 0
63.5 38.4 0
63.55 38.45 0
63.6 38.5 0
63.65 38.55 0
63.7 38.6 0
63.75 38.65 0
63.8 38.7 0
63.85 38.75 0
63.9 38.8 0
63.95 38.85 0
64 38.9 0
64.05 38.95 0
64.1 39 0
64.1 39 2
64.15 39.05 2
64.2 39.05 2
64.25 39.05 2
64.3 39.05 2
64.35 39.1 2
64.4 39.15 2
64.45 39.2 2
64.5 39.25 2
64.55 39.3 2
64.6 39.35 2
64.65 39.4 2
64.7 39.45 2
64.75 39.5 2
64.8 39.55 2
64.85 39.6 2
64.9 39.65 2
64.95 39.7 2
65 39.75 2
65.05 39.8 2
65.1 39.85 2
65.15 39.9 2
65.2 39.95 2
65.25 40 2
65.3 40.05 2
65.35 40.1 2
65.4 40.15 2
65.45 40.2 2
65.5 40.25 2
65.55 40.3 2
65.6 40.35 2
65.65 40.4 2
65.7 40.45 2
65.75 40.5 2
65.8 40.55 2
65.85 40.6 2
65.9 40.65 2
65.95 40.7 2
66 40.75 2
66.05 40.8 2
66.1 40.85 2
66.15 40.9 2
66.2 40.95 2
66.25 41 2
66.3 41.05 2
PATH 16 1109
63.15 58 0
63.15 57.95 0
63.15 57.9 0
63.15 57.85 0
63.15 57.8 0
63.15 57.75 0
63.15 57.7 0
63.15 57.65 0
63.15 57.6 0
63.15 57.55 0
63.15 57.5 0
63.15 57.45 0
63.15 57.4 0
63.15 57.35 0
63.15 57.3 0
63.15 57.25 0
63.15 57.2 0
63.15 57.15 0
63.15 57.1 0
63.15 57.05 0
63.15 57 0
63.15 56.95 0
63.15 56.9 0
63.15 56.85 0
63.15 56.8 0
63.15 56.75 0
63.15 56.7 0
63.15 56.65 0
63.15 56.6 0
63.15 56.55 0
63.15 56.5 0
63.15 56.45 0
63.15 56.4 0
63.15 56.35 0
63.15 56.3 0
63.15 56.25 0
63.15 56.2 0
63.15 56.15 0
63.15 56.1 0
63.15 56.05 0
63.15 56 0
63.15 55.95 0
63.15 55.9 0
63.15 55.85 0
63.15 55.8 0
63.15 55.75 0
63.15 55.7 0
63.15 55.65 0
63.15 55.6 0
63.15 55.55 0
63.15 55.5 0
63.15 55.45 0
63.15 55.45 2
63.15 55.4 2
63.15 55.35 2
63.15 55.3 2
63.15 55.25 2
63.15 55.2 2
63.15 55.15 2
63.15 55.1 2
63.15 55.05 2
63.15 55 2
63.15 54.95 2
63.15 54.9 2
63.15 54.85 2
63.15 54.8 2
63.15 54.75 2
63.15 54.7 2
63.15 54.65 2
63.15 54.6 2
63.15 54.55 2
63.15 54.5 2
63.15 54.45 2
63.15 54.4 2
63.15 54.35 2
63.15 54.3 2
63.15 54.25 2
63.15 54.2 2
63.15 54.15 2
63.15 54.1 2
63.15 54.05 2
63.15 54 2
63.15 53.95 2
63.15 53.9 2
63.15 53.85 2
63.15 53.8 2
63.15 53.75 2
63.15 53.7 2
63.15 53.65 2
63.15 53.6 2
63.15 53.55 2
63.15 53.5 2
63.15 53.45 2
63.15 53.4 2
63.15 53.35 2
63.15 53.3 2
63.15 53.25 2
63.15 53.2 2
63.15 53.15 2
63.15 53.1 2
63.15 53.05 2
63.15 53 2
63.15 52.95 2
63.15 52.9 2
63.15 52.85 2
63.15 52.8 2
63.15 52.75 2
63.15 52.7 2
63.15 52.65 2
63.15 52.6 2
63.15 52.55 2
63.15 52.5 2
63.15 52.45 2
63.15 52.4 2
63.15 52.35 2
63.15 52.3 2
63.15 52.25 2
63.15 52.2 2
63.15 52.15 2
63.15 52.1 2
63.15 52.05 2
63.15 52 2
63.15 51.95 2
63.15 51.9 2
63.15 51.85 2
63.15 51.8 2
63.15 51.75 2
63.15 51.7 2
63.15 51.65 2
63.15 51.6 2
63.15 51.55 2
63.15 51.5 2
63.15 51.45 2
63.15 51.4 2
63.15 51.35 2
63.15 51.3 2
63.15 51.25 2
63.15 51.2 2
63.15 51.15 2
63.15 51.1 2
63.15 51.05 2
63.15 51 2
63.15 50.95 2
63.15 50.9 2
63.15 50.85 2
63.15 50.8 2
63.15 50.75 2
63.15 50.7 2
63.15 50.65 2
63.15 50.6 2
63.15 50.55 2
63.15 50.5 2
63.15 50.45 2
63.15 50.4 2
63.15 50.35 2
63.15 50.3 2
63.15 50.25 2
63.15 50.2 2
63.15 50.15 2
63.15 50.1 2
63.15 50.05 2
63.15 50 2
63.15 49.95 2
63.15 49.9 2
63.15 49.85 2
63.15 49.8 2
63.15 49.75 2
63.15 49.7 2
63.15 49.65 2
63.15 49.6 2
63.15 49.55 2
63.15 49.5 2
63.15 49.45 2
63.15 49.4 2
63.15 49.35 2
63.15 49.3 2
63.15 49.25 2
63.15 49.2 2
63.15 49.15 2
63.15 49.1 2
63.15 49.05 2
63.15 49 2
63.15 48.95 2
63.15 48.9 2
63.15 48.85 2
63.15 48.8 2
63.15 48.75 2
63.15 48.7 2
63.15 48.65 2
63.15 48.6 2
63.15 48.55 2
63.15 48.5 2
63.15 48.45 2
63.15 48.4 2
63.15 48.35 2
63.15 48.3 2
63.15 48.25 2
63.15 48.2 2
63.15 48.15 2
63.15 48.1 2
63.15 48.05 2
63.15 48 2
63.15 47.95 2
63.15 47.9 2
63.15 47.85 2
63.15 47.8 2
63.15 47.75 2
63.15 47.7 2
63.15 47.65 2
63.15 47.6 2
63.15 47.55 2
63.15 47.5 2
63.15 47.45 2
63.15 47.4 2
63.15 47.35 2
63.15 47.3 2
63.15 47.25 2
63.15 47.2 2
63.15 47.15 2
63.15 47.1 2
63.15 47.05 2
63.15 47 2
63.15 46.95 2
63.15 46.9 2
63.15 46.85 2
63.15 46.8 2
63.15 46.75 2
63.15 46.7 2
63.15 46.65 2
63.15 46.6 2
63.15 46.55 2
63.15 46.5 2
63.15 46.45 2
63.15 46.4 2
63.15 46.35 2
63.15 46.3 2
63.15 46.25 2
63.15 46.2 2
63.15 46.15 2
63.15 46.1 2
63.15 46.05 2
63.15 46 2
63.15 45.95 2
63.15 45.9 2
63.15 45.85 2
63.15 45.8 2
63.15 45.75 2
63.15 45.7 2
63.15 45.65 2
63.15 45.6 2
63.15 45.55 2
63.15 45.5 2
63.15 45.45 2
63.15 45.4 2
63.15 45.35 2
63.15 45.3 2
63.15 45.25 2
63.15 45.2 2
63.15 45.15 2
63.15 45.1 2
63.15 45.05 2
63.15 45 2
63.15 44.95 2
63.15 44.9 2
63.15 44.85 2
63.15 44.8 2
63.15 44.75 2
63.15 44.7 2
63.15 44.65 2
63.15 44.6 2
63.15 44.55 2
63.15 44.5 2
63.15 44.45 2
63.15 44.4 2
63.15 44.35 2
63.15 44.3 2
63.15 44.25 2
63.15 44.2 2
63.15 44.15 2
63.15 44.1 2
63.15 44.05 2
63.15 44 2
63.15 43.95 2
63.15 43.9 2
63.15 43.85 2
63.15 43.8 2
63.15 43.75 2
63.15 43.7 2
63.15 43.65 2
63.15 43.6 2
63.15 43.55 2
63.15 43.5 2
63.15 43.45 2
63.15 43.4 2
63.15 43.35 2
63.15 43.3 2
63.15 43.25 2
63.15 43.2 2
63.15 43.15 2
63.15 43.1 2
63.15 43.05 2
63.15 43 2
63.15 42.95 2
63.15 42.9 2
63.15 42.85 2
63.15 42.8 2
63.15 42.75 2
63.15 42.7 2
63.15 42.65 2
63.15 42.6 2
63.15 42.55 2
63.15 42.5 2
63.15 42.45 2
63.15 42.4 2
63.15 42.35 2
63.15 42.3 2
63.15 42.25 2
63.15 42.2 2
63.15 42.15 2
63.15 42.1 2
63.15 42.05 2
63.15 42 2
63.15 41.95 2
63.15 41.9 2
63.15 41.85 2
63.15 41.8 2
63.15 41.75 2
63.15 41.7 2
63.15 41.65 2
63.15 41.6 2
63.15 41.55 2
63.15 41.5 2
63.15 41.45 2
63.15 41.4 2
63.15 41.35 2
63.15 41.3 2
63.15 41.25 2
63.15 41.2 2
63.15 41.15 2
63.15 41.1 2
63.15 41.05 2
63.15 41 2
63.15 40.95 2
63.15 40.9 2
63.15 40.85 2
63.15 40.8 2
63.15 40.75 2
63.15 40.7 2
63.15 40.65 2
63.15 40.6 2
63.15 40.55 2
63.15 40.5 2
63.15 40.45 2
63.15 40.4 2
63.15 40.35 2
63.15 40.3 2
63.15 40.25 2
63.15 40.2 2
63.15 40.15 2
63.15 40.1 2
63.15 40.05 2
63.15 40 2
63.15 39.95 2
63.15 39.9 2
63.15 39.85 2
63.15 39.8 2
63.15 39.75 2
63.15 39.7 2
63.15 39.65 2
63.15 39.6 2
63.15 39.55 2
63.15 39.5 2
63.15 39.45 2
63.15 39.4 2
63.15 39.35 2
63.15 39.3 2
63.15 39.25 2
63.15 39.2 2
63.15 39.15 2
63.15 39.1 2
63.15 39.05 2
63.15 39 2
63.15 38.95 2
63.15 38.9 2
63.15 38.85 2
63.15 38.8 2
63.15 38.75 2
63.15 38.7 2
63.15 38.65 2
63.15 38.6 2
63.15 38.55 2
63.15 38.5 2
63.15 38.45 2
63.15 38.4 2
63.15 38.35 2
63.15 38.3 2
63.15 38.25 2
63.15 38.2 2
63.15 38.15 2
63.15 38.1 2
63.15 38.05 2
63.15 38 2
63.15 37.95 2
63.15 37.9 2
63.15 37.85 2
63.15 37.8 2
63.15 37.75 2
63.15 37.7 2
63.15 37.65 2
63.15 37.6 2
63.15 37.55 2
63.15 37.5 2
63.15 37.45 2
63.15 37.4 2
63.15 37.35 2
63.15 37.3 2
63.15 37.25 2
63.15 37.2 2
63.15 37.15 2
63.15 37.1 2
63.15 37.05 2
63.15 37 2
63.15 36.95 2
63.15 36.9 2
63.15 36.85 2
63.15 36.8 2
63.15 36.75 2
63.15 36.7 2
63.15 36.65 2
63.15 36.6 2
63.15 36.55 2
63.15 36.5 2
63.15 36.45 2
63.15 36.4 2
63.15 36.35 2
63.15 36.3 2
63.15 36.25 2
63.15 36.2 2
63.15 36.15 2
63.15 36.1 2
63.15 36.05 2
63.15 36 2
63.15 35.95 2
63.15 35.9 2
63.15 35.85 2
63.15 35.8 2
63.15 35.75 2
63.15 35.7 2
63.15 35.65 2
63.15 35.6 2
63.15 35.55 2
63.15 35.5 2
63.15 35.45 2
63.15 35.4 2
63.15 35.35 2
63.15 35.3 2
63.15 35.25 2
63.15 35.2 2
63.15 35.15 2
63.15 35.1 2
63.15 35.05 2
63.15 35 2
63.15 34.95 2
63.15 34.9 2
63.15 34.85 2
63.15 34.8 2
63.15 34.75 2
63.15 34.7 2
63.15 34.65 2
63.15 34.6 2
63.15 34.55 2
63.15 34.5 2
63.15 34.45 2
63.15 34.4 2
63.15 34.35 2
63.15 34.3 2
63.15 34.25 2
63.15 34.2 2
63.15 34.15 2
63.15 34.1 2
63.15 34.05 2
63.15 34 2
63.15 33.95 2
63.15 33.9 2
63.15 33.85 2
63.15 33.8 2
63.15 33.75 2
63.15 33.7 2
63.15 33.65 2
63.15 33.6 2
63.15 33.55 2
63.15 33.5 2
63.15 33.45 2
63.15 33.4 2
63.15 33.35 2
63.15 33.3 2
63.15 33.25 2
63.15 33.2 2
63.15 33.15 2
63.15 33.1 2
63.15 33.05 2
63.15 33 2
63.15 32.95 2
63.15 32.9 2
63.15 32.85 2
63.15 32.8 2
63.15 32.75 2
63.15 32.7 2
63.15 32.65 2
63.15 32.6 2
63.15 32.55 2
63.15 32.5 2
63.15 32.45 2
63.15 32.4 2
63.15 32.35 2
63.15 32.3 2
63.15 32.25 2
63.15 32.2 2
63.15 32.15 2
63.15 32.1 2
63.15 32.05 2
63.15 32 2
63.15 31.95 2
63.15 31.9 2
63.15 31.85 2
63.15 31.8 2
63.15 31.75 2
63.15 31.7 2
63.15 31.65 2
63.15 31.6 2
63.15 31.55 2
63.15 31.5 2
63.15 31.45 2
63.15 31.4 2
63.15 31.35 2
63.15 31.3 2
63.15 31.25 2
63.15 31.2 2
63.15 31.15 2
63.15 31.1 2
63.15 31.05 2
63.15 31 2
63.15 30.95 2
63.15 30.9 2
63.15 30.85 2
63.15 30.8 2
63.15 30.75 2
63.15 30.7 2
63.15 30.65 2
63.15 30.6 2
63.15 30.55 2
63.15 30.5 2
63.15 30.45 2
63.15 30.4 2
63.15 30.35 2
63.15 30.3 2
63.15 30.25 2
63.15 30.2 2
63.15 30.15 2
63.15 30.1 2
63.15 30.05 2
63.15 30 2
63.15 29.95 2
63.15 29.9 2
63.15 29.85 2
63.15 29.8 2
63.15 29.75 2
63.15 29.7 2
63.15 29.65 2
63.15 29.6 2
63.15 29.55 2
63.15 29.5 2
63.15 29.45 2
63.15 29.4 2
63.15 29.35 2
63.15 29.3 2
63.15 29.25 2
63.15 29.2 2
63.15 29.15 2
63.15 29.1 2
63.15 29.05 2
63.15 29 2
63.15 28.95 2
63.15 28.9 2
63.15 28.85 2
63.15 28.8 2
63.15 28.75 2
63.15 28.7 2
63.15 28.65 2
63.15 28.6 2
63.15 28.55 2
63.15 28.5 2
63.15 28.45 2
63.15 28.4 2
63.15 28.35 2
63.15 28.3 2
63.15 28.25 2
63.15 28.2 2
63.15 28.15 2
63.15 28.1 2
63.15 28.05 2
63.15 28 2
63.15 27.95 2
63.15 27.9 2
63.15 27.85 2
63.15 27.8 2
63.15 27.75 2
63.15 27.7 2
63.15 27.65 2
63.15 27.6 2
63.15 27.55 2
63.15 27.5 2
63.15 27.45 2
63.15 27.4 2
63.15 27.35 2
63.15 27.3 2
63.15 27.25 2
63.15 27.2 2
63.15 27.15 2
63.15 27.1 2
63.15 27.05 2
63.15 27 2
63.15 26.95 2
63.15 26.9 2
63.15 26.85 2
63.15 26.8 2
63.15 26.75 2
63.15 26.7 2
63.15 26.65 2
63.15 26.6 2
63.15 26.55 2
63.15 26.5 2
63.15 26.45 2
63.15 26.4 2
63.15 26.35 2
63.15 26.3 2
63.15 26.25 2
63.15 26.2 2
63.15 26.15 2
63.15 26.1 2
63.15 26.05 2
63.15 26 2
63.15 25.95 2
63.15 25.9 2
63.15 25.85 2
63.15 25.8 2
63.15 25.75 2
63.15 25.7 2
63.15 25.65 2
63.15 25.6 2
63.15 25.55 2
63.15 25.5 2
63.15 25.45 2
63.15 25.4 2
63.15 25.35 2
63.15 25.3 2
63.15 25.25 2
63.15 25.2 2
63.15 25.15 2
63.15 25.1 2
63.15 25.05 2
63.15 25 2
63.15 24.95 2
63.15 24.9 2
63.15 24.85 2
63.15 24.8 2
63.15 24.75 2
63.15 24.7 2
63.15 24.65 2
63.15 24.6 2
63.15 24.55 2
63.15 24.5 2
63.15 24.45 2
63.15 24.4 2
63.15 24.35 2
63.15 24.3 2
63.15 24.25 2
63.15 24.2 2
63.15 24.15 2
63.15 24.1 2
63.15 24.05 2
63.15 24 2
63.15 23.95 2
63.15 23.9 2
63.15 23.85 2
63.15 23.8 2
63.15 23.75 2
63.15 23.7 2
63.15 23.65 2
63.15 23.6 2
63.15 23.55 2
63.15 23.5 2
63.15 23.45 2
63.15 23.4 2
63.15 23.35 2
63.15 23.3 2
63.15 23.25 2
63.15 23.2 2
63.15 23.15 2
63.15 23.1 2
63.15 23.05 2
63.15 23 2
63.15 22.95 2
63.15 22.9 2
63.15 22.85 2
63.15 22.8 2
63.15 22.75 2
63.15 22.7 2
63.15 22.65 2
63.15 22.6 2
63.15 22.55 2
63.15 22.5 2
63.15 22.45 2
63.15 22.4 2
63.15 22.35 2
63.15 22.3 2
63.15 22.25 2
63.15 22.2 2
63.15 22.15 2
63.15 22.1 2
63.15 22.05 2
63.15 22 2
63.15 21.95 2
63.15 21.9 2
63.15 21.85 2
63.15 21.8 2
63.15 21.75 2
63.15 21.7 2
63.15 21.65 2
63.15 21.6 2
63.15 21.55 2
63.15 21.5 2
63.15 21.45 2
63.15 21.4 2
63.15 21.35 2
63.15 21.3 2
63.15 21.25 2
63.15 21.2 2
63.15 21.15 2
63.15 21.1 2
63.15 21.05 2
63.15 21 2
63.15 20.95 2
63.15 20.9 2
63.15 20.85 2
63.15 20.8 2
63.15 20.75 2
63.1 20.7 2
63.05 20.65 2
63 20.6 2
62.95 20.55 2
62.9 20.5 2
62.85 20.45 2
62.8 20.4 2
62.75 20.35 2
62.7 20.3 2
62.65 20.25 2
62.6 20.2 2
62.55 20.15 2
62.5 20.1 2
62.45 20.05 2
62.4 20 2
62.4 20 0
62.35 19.95 0
62.3 19.9 0
62.25 19.85 0
62.2 19.8 0
62.15 19.75 0
62.1 19.7 0
62.05 19.65 0
62 19.6 0
61.95 19.55 0
61.9 19.5 0
61.85 19.45 0
61.8 19.4 0
61.8 19.35 0
61.8 19.3 0
61.8 19.25 0
61.8 19.2 0
61.8 19.15 0
61.8 19.1 0
61.8 19.05 0
61.8 19 0
61.8 18.95 0
61.8 18.9 0
61.8 18.85 0
61.8 18.8 0
61.8 18.75 0
61.8 18.7 0
61.8 18.65 0
61.8 18.6 0
61.8 18.55 0
61.8 18.5 0
61.8 18.45 0
61.8 18.4 0
61.8 18.35 0
61.8 18.3 0
61.8 18.25 0
61.8 18.2 0
61.8 18.15 0
61.8 18.1 0
61.8 18.05 0
61.8 18 0
61.8 17.95 0
61.8 17.9 0
61.8 17.85 0
61.8 17.8 0
61.8 17.75 0
61.8 17.7 0
61.8 17.65 0
61.8 17.6 0
61.8 17.55 0
61.8 17.5 0
61.8 17.45 0
61.8 17.4 0
61.8 17.35 0
61.8 17.3 0
61.8 17.25 0
61.8 17.2 0
61.8 17.15 0
61.8 17.1 0
61.8 17.05 0
61.8 17 0
61.8 16.95 0
61.8 16.9 0
61.8 16.85 0
61.8 16.8 0
61.8 16.75 0
61.8 16.7 0
61.8 16.65 0
61.8 16.6 0
61.8 16.55 0
61.8 16.5 0
61.8 16.45 0
61.8 16.4 0
61.8 16.35 0
61.8 16.3 0
61.8 16.25 0
61.8 16.2 0
61.8 16.15 0
61.8 16.1 0
61.8 16.05 0
61.8 16 0
61.8 15.95 0
61.8 15.9 0
61.8 15.85 0
61.8 15.8 0
61.8 15.75 0
61.8 15.7 0
61.8 15.65 0
61.8 15.6 0
61.8 15.55 0
61.8 15.5 0
61.8 15.45 0
61.8 15.4 0
61.8 15.35 0
61.8 15.3 0
61.8 15.25 0
61.8 15.2 0
61.8 15.15 0
61.8 15.1 0
61.8 15.05 0
61.8 15 0
61.8 14.95 0
61.8 14.9 0
61.8 14.85 0
61.8 14.8 0
61.8 14.75 0
61.8 14.7 0
61.8 14.65 0
61.8 14.6 0
61.8 14.55 0
61.8 14.5 0
61.8 14.45 0
61.8 14.4 0
61.8 14.35 0
61.8 14.3 0
61.8 14.25 0
61.8 14.2 0
61.8 14.15 0
61.8 14.1 0
61.8 14.05 0
61.8 14 0
61.8 13.95 0
61.8 13.9 0
61.8 13.85 0
61.8 13.8 0
61.8 13.75 0
61.8 13.7 0
61.8 13.65 0
61.8 13.6 0
61.8 13.55 0
61.8 13.5 0
61.8 13.45 0
61.8 13.4 0
61.8 13.35 0
61.8 13.3 0
61.8 13.25 0
61.8 13.2 0
61.8 13.15 0
61.8 13.1 0
61.8 13.05 0
61.8 13 0
61.85 12.95 0
61.9 12.9 0
61.95 12.85 0
62 12.8 0
62.05 12.75 0
62.05 12.75 2
62.1 12.7 2
62.15 12.65 2
62.2 12.6 2
62.25 12.55 2
62.3 12.5 2
62.35 12.45 2
62.4 12.4 2
62.45 12.35 2
62.45 12.3 2
62.5 12.25 2
62.55 12.2 2
62.6 12.15 2
62.6 12.1 2
62.65 12.05 2
62.7 12 2
62.75 11.95 2
62.8 11.9 2
62.85 11.85 2
62.9 11.8 2
62.95 11.75 2
63 11.7 2
63.05 11.65 2
63.1 11.6 2
63.15 11.55 2
63.2 11.5 2
63.25 11.45 2
63.3 11.4 2
63.35 11.35 2
63.4 11.3 2
63.45 11.25 2
63.5 11.2 2
63.55 11.15 2
63.55 11.1 2
63.6 11.05 2
63.6 11 2
63.6 10.95 2
63.6 10.9 2
63.65 10.85 2
63.65 10.8 2
63.65 10.75 2
63.65 10.7 2
63.65 10.65 2
63.65 10.6 2
63.65 10.55 2
63.65 10.5 2
63.65 10.45 2
63.65 10.4 2
63.65 10.35 2
63.65 10.3 2
63.65 10.25 2
63.65 10.2 2
63.65 10.15 2
63.65 10.1 2
63.65 10.05 2
63.65 10 2
63.65 9.95 2
63.65 9.9 2
63.65 9.85 2
63.65 9.8 2
63.65 9.75 2
63.65 9.7 2
63.65 9.65 2
63.65 9.6 2
63.65 9.55 2
63.65 9.5 2
63.65 9.45 2
63.65 9.4 2
63.65 9.35 2
63.65 9.3 2
63.65 9.25 2
63.65 9.2 2
63.65 9.15 2
63.65 9.1 2
63.65 9.05 2
63.65 9 2
63.65 8.95 2
63.65 8.9 2
63.65 8.85 2
63.65 8.8 2
63.65 8.75 2
63.65 8.7 2
63.65 8.65 2
63.65 8.6 2
63.65 8.55 2
63.65 8.5 2
63.65 8.45 2
63.65 8.4 2
63.65 8.35 2
63.65 8.3 2
63.65 8.25 2
63.65 8.2 2
63.65 8.15 2
63.65 8.1 2
63.65 8.05 2
63.65 8 2
63.65 7.95 2
63.65 7.9 2
63.65 7.85 2
63.65 7.8 2
63.65 7.75 2
63.65 7.7 2
63.65 7.65 2
63.65 7.6 2
63.65 7.55 2
63.65 7.5 2
63.65 7.45 2
63.65 7.4 2
63.65 7.35 2
63.65 7.3 2
63.65 7.25 2
63.65 7.2 2
63.65 7.15 2
63.65 7.1 2
63.65 7.05 2
63.65 7 2
63.65 6.95 2
63.65 6.9 2
63.65 6.85 2
63.65 6.8 2
63.65 6.75 2
63.65 6.7 2
63.65 6.65 2
63.65 6.6 2
63.65 6.55 2
63.65 6.5 2
63.65 6.45 2
63.65 6.4 2
63.65 6.35 2
63.65 6.3 2
63.65 6.25 2
63.65 6.2 2
63.65 6.15 2
63.65 6.1 2
63.65 6.05 2
63.65 6 2
63.65 5.95 2
63.65 5.9 2
63.6 5.85 2
63.6 5.8 2
63.6 5.75 2
63.6 5.7 2
63.6 5.65 2
63.6 5.6 2
63.6 5.55 2
63.6 5.5 2
63.55 5.45 2
63.5 5.4 2
63.45 5.35 2
63.4 5.3 2
63.35 5.25 2
63.3 5.2 2
63.25 5.15 2
63.25 5.15 0
63.25 5.2 0
63.25 5.25 0
63.25 5.3 0
63.25 5.35 0
63.25 5.4 0
63.25 5.45 0
63.25 5.5 0
63.25 5.55 0
63.25 5.6 0
63.25 5.65 0
63.25 5.7 0
63.25 5.75 0
63.25 5.8 0
63.25 5.85 0
63.3 5.9 0
63.35 5.95 0
63.4 6 0
63.45 6.05 0
63.5 6.1 0
63.55 6.15 0
63.6 6.2 0
63.65 6.25 0
63.7 6.3 0
63.75 6.35 0
63.75 6.4 0
63.75 6.45 0
63.75 6.5 0
63.75 6.55 0
63.75 6.6 0
63.75 6.65 0
63.75 6.7 0
63.75 6.75 0
63.75 6.8 0
63.75 6.85 0
63.75 6.9 0
63.75 6.95 0
63.75 7 0
63.75 7.05 0
63.75 7.1 0
63.75 7.15 0
63.75 7.2 0
63.75 7.25 0
63.75 7.3 0
63.75 7.35 0
63.75 7.4 0
63.75 7.45 0
63.75 7.5 0
PATH 16 381
64.85 77 0
64.85 76.95 0
64.85 76.9 0
64.85 76.85 0
64.85 76.8 0
64.85 76.75 0
64.85 76.7 0
64.85 76.65 0
64.85 76.6 0
64.85 76.55 0
64.85 76.5 0
64.85 76.45 0
64.85 76.4 0
64.85 76.35 0
64.85 76.3 0
64.85 76.25 0
64.85 76.2 0
64.85 76.15 0
64.85 76.1 0
64.8 76.05 0
64.8 76 0
64.8 75.95 0
64.8 75.9 0
64.8 75.85 0
64.8 75.8 0
64.8 75.75 0
64.8 75.7 0
64.8 75.65 0
64.75 75.6 0
64.7 75.55 0
64.7 75.5 0
64.7 75.45 0
64.7 75.4 0
64.7 75.35 0
64.7 75.3 0
64.7 75.25 0
64.7 75.2 0
64.7 75.15 0
64.7 75.1 0
64.7 75.05 0
64.7 75 0
64.7 74.95 0
64.7 74.9 0
64.7 74.85 0
64.7 74.8 0
64.7 74.75 0
64.7 74.7 0
64.7 74.65 0
64.7 74.6 0
64.7 74.55 0
64.7 74.5 0
64.7 74.45 0
64.7 74.4 0
64.7 74.35 0
64.7 74.3 0
64.7 74.25 0
64.7 74.2 0
64.7 74.15 0
64.7 74.1 0
64.7 74.05 0
64.7 74 0
64.7 73.95 0
64.7 73.9 0
64.7 73.85 0
64.7 73.8 0
64.7 73.75 0
64.7 73.7 0
64.7 73.65 0
64.7 73.6 0
64.7 73.55 0
64.7 73.5 0
64.7 73.45 0
64.7 73.4 0
64.7 73.35 0
64.7 73.3 0
64.7 73.25 0
64.7 73.2 0
64.7 73.15 0
64.7 73.1 0
64.7 73.05 0
64.7 73 0
64.7 72.95 0
64.7 72.9 0
64.7 72.85 0
64.7 72.8 0
64.7 72.75 0
64.7 72.7 0
64.7 72.65 0
64.7 72.6 0
64.7 72.55 0
64.7 72.5 0
64.7 72.45 0
64.7 72.4 0
64.7 72.35 0
64.7 72.3 0
64.7 72.25 0
64.7 72.2 0
64.7 72.15 0
64.7 72.1 0
64.7 72.05 0
64.7 72 0
64.7 71.95 0
64.7 71.9 0
64.7 71.85 0
64.7 71.8 0
64.7 71.75 0
64.7 71.7 0
64.7 71.65 0
64.7 71.6 0
64.7 71.55 0
64.7 71.5 0
64.7 71.45 0
64.7 71.4 0
64.7 71.35 0
64.7 71.3 0
64.7 71.25 0
64.7 71.2 0
64.7 71.15 0
64.7 71.1 0
64.7 71.05 0
64.7 71 0
64.7 70.95 0
64.7 70.9 0
64.7 70.85 0
64.7 70.8 0
64.7 70.75 0
64.7 70.7 0
64.7 70.65 0
64.7 70.6 0
64.7 70.55 0
64.7 70.5 0
64.7 70.45 0
64.7 70.4 0
64.7 70.35 0
64.7 70.3 0
64.7 70.25 0
64.7 70.2 0
64.7 70.15 0
64.7 70.1 0
64.7 70.05 0
64.7 70 0
64.7 69.95 0
64.7 69.9 0
64.7 69.85 0
64.7 69.8 0
64.7 69.75 0
64.7 69.7 0
64.7 69.65 0
64.7 69.6 0
64.7 69.55 0
64.7 69.5 0
64.7 69.45 0
64.7 69.4 0
64.65 69.35 0
64.6 69.3 0
64.55 69.25 0
64.5 69.2 0
64.45 69.15 0
64.4 69.1 0
64.4 69.05 0
64.4 69 0
64.4 68.95 0
64.4 68.9 0
64.4 68.85 0
64.4 68.8 0
64.4 68.75 0
64.4 68.7 0
64.4 68.65 0
64.4 68.6 0
64.4 68.55 0
64.4 68.5 0
64.4 68.45 0
64.4 68.4 0
64.4 68.35 0
64.4 68.3 0
64.4 68.25 0
64.4 68.2 0
64.4 68.15 0
64.4 68.1 0
64.4 68.05 0
64.4 68 0
64.4 67.95 0
64.4 67.9 0
64.4 67.85 0
64.4 67.8 0
64.4 67.75 0
64.4 67.7 0
64.4 67.65 0
64.4 67.6 0
64.4 67.55 0
64.4 67.5 0
64.4 67.45 0
64.4 67.4 0
64.4 67.35 0
64.4 67.3 0
64.4 67.25 0
64.4 67.2 0
64.4 67.15 0
64.4 67.1 0
64.4 67.05 0
64.4 67 0
64.4 66.95 0
64.4 66.9 0
64.4 66.85 0
64.4 66.8 0
64.4 66.75 0
64.4 66.7 0
64.4 66.65 0
64.4 66.6 0
64.4 66.55 0
64.4 66.5 0
64.4 66.45 0
64.4 66.4 0
64.4 66.35 0
64.4 66.3 0
64.4 66.25 0
64.4 66.2 0
64.4 66.15 0
64.4 66.1 0
64.4 66.05 0
64.4 66 0
64.4 65.95 0
64.4 65.9 0
64.4 65.85 0
64.4 65.8 0
64.4 65.75 0
64.4 65.7 0
64.4 65.65 0
64.4 65.6 0
64.4 65.55 0
64.4 65.5 0
64.4 65.45 0
64.4 65.4 0
64.4 65.35 0
64.4 65.3 0
64.4 65.25 0
64.4 65.2 0
64.4 65.15 0
64.4 65.1 0
64.4 65.05 0
64.4 65 0
64.4 64.95 0
64.4 64.9 0
64.4 64.85 0
64.4 64.8 0
64.4 64.75 0
64.4 64.7 0
64.4 64.65 0
64.4 64.6 0
64.4 64.55 0
64.4 64.5 0
64.4 64.45 0
64.4 64.4 0
64.4 64.35 0
64.4 64.3 0
64.4 64.25 0
64.4 64.2 0
64.4 64.15 0
64.4 64.1 0
64.4 64.05 0
64.4 64 0
64.4 63.95 0
64.4 63.9 0
64.4 63.85 0
64.4 63.8 0
64.4 63.75 0
64.4 63.7 0
64.4 63.65 0
64.4 63.6 0
64.4 63.55 0
64.4 63.5 0
64.4 63.45 0
64.4 63.4 0
64.4 63.35 0
64.4 63.3 0
64.4 63.25 0
64.4 63.2 0
64.4 63.15 0
64.4 63.1 0
64.4 63.05 0
64.4 63 0
64.4 62.95 0
64.4 62.9 0
64.4 62.85 0
64.4 62.8 0
64.4 62.75 0
64.4 62.7 0
64.4 62.65 0
64.4 62.6 0
64.4 62.55 0
64.4 62.5 0
64.4 62.45 0
64.4 62.4 0
64.4 62.35 0
64.4 62.3 0
64.4 62.25 0
64.4 62.2 0
64.4 62.15 0
64.4 62.1 0
64.4 62.05 0
64.4 62 0
64.4 61.95 0
64.4 61.9 0
64.4 61.85 0
64.4 61.8 0
64.4 61.75 0
64.4 61.7 0
64.4 61.65 0
64.4 61.6 0
64.4 61.55 0
64.4 61.5 0
64.4 61.45 0
64.4 61.4 0
64.4 61.35 0
64.4 61.3 0
64.4 61.25 0
64.4 61.2 0
64.4 61.15 0
64.4 61.1 0
64.4 61.05 0
64.4 61 0
64.4 60.95 0
64.4 60.9 0
64.4 60.85 0
64.4 60.8 0
64.4 60.75 0
64.4 60.7 0
64.4 60.65 0
64.4 60.6 0
64.4 60.55 0
64.4 60.5 0
64.4 60.45 0
64.4 60.4 0
64.4 60.35 0
64.4 60.3 0
64.35 60.25 0
64.3 60.2 0
64.25 60.15 0
64.2 60.1 0
64.15 60.05 0
64.1 60 0
64.05 59.95 0
64 59.9 0
63.95 59.85 0
63.9 59.8 0
63.85 59.75 0
63.8 59.7 0
63.75 59.65 0
63.7 59.6 0
63.65 59.55 0
63.6 59.5 0
63.55 59.45 0
63.5 59.4 0
63.45 59.35 0
63.4 59.3 0
63.35 59.25 0
63.3 59.2 0
63.25 59.15 0
63.2 59.1 0
63.15 59.05 0
63.15 59 0
63.15 58.95 0
63.15 58.9 0
63.15 58.85 0
63.15 58.8 0
63.15 58.75 0
63.15 58.7 0
63.15 58.65 0
63.15 58.6 0
63.15 58.55 0
63.15 58.5 0
63.15 58.45 0
63.15 58.4 0
63.15 58.35 0
63.15 58.3 0
63.15 58.25 0
63.15 58.2 0
63.15 58.15 0
63.15 58.1 0
63.15 58.05 0
63.15 58 0
PATH 6 121
13 69 0
12.95 69 0
12.9 69 0
12.85 69 0
12.8 69 0
12.75 69 0
12.7 69 0
12.65 69 0
12.6 69 0
12.55 69 0
12.5 69 0
12.45 69 0
12.4 69 0
12.35 69 0
12.3 69 0
12.25 69 0
12.2 69 0
12.15 69 0
12.1 69 0
12.05 69 0
12 69 0
11.95 69 0
11.9 69 0
11.85 69 0
11.8 69 0
11.75 69 0
11.7 69 0
11.65 69 0
11.6 69 0
11.55 69 0
11.5 69 0
11.45 69 0
11.4 69 0
11.35 69 0
11.3 69 0
11.25 69 0
11.2 69 0
11.15 69 0
11.1 69 0
11.05 69 0
11 69 0
10.95 69 0
10.9 69 0
10.85 69 0
10.8 69 0
10.75 69 0
10.7 69 0
10.65 69 0
10.6 69 0
10.55 69 0
10.5 69 0
10.45 69 0
10.4 69 0
10.35 69 0
10.3 69 0
10.25 69 0
10.2 69 0
10.15 69 0
10.1 69 0
10.05 69 0
10 69 0
9.95 69 0
9.9 69 0
9.85 69 0
9.8 69 0
9.75 69 0
9.7 69 0
9.65 69 0
9.6 69 0
9.55 69 0
9.5 69 0
9.45 69 0
9.4 69 0
9.35 69 0
9.3 69 0
9.25 69 0
9.2 69 0
9.15 69 0
9.1 69 0
9.05 69 0
9 69 0
8.95 69 0
8.9 69 0
8.85 69 0
8.8 69 0
8.75 69 0
8.7 69 0
8.65 69 0
8.6 69 0
8.55 69 0
8.5 69 0
8.45 69 0
8.4 69 0
8.35 69 0
8.3 69 0
8.25 69 0
8.2 69 0
8.15 69 0
8.1 69 0
8.05 69 0
8 69 0
7.95 69 0
7.9 69 0
7.85 69 0
7.8 69 0
7.75 69 0
7.7 69 0
7.65 69 0
7.6 69 0
7.55 69 0
7.5 69 0
7.45 69 0
7.4 69 0
7.35 69 0
7.3 69 0
7.25 69 0
7.2 69 0
7.15 69 0
7.1 69 0
7.05 69 0
7 69 0
PATH 6 112
18.55 69 0
18.5 69 0
18.45 69 0
18.4 69 0
18.35 69 0
18.3 69 0
18.25 69 0
18.2 69 0
18.15 69 0
18.1 69 0
18.05 69 0
18 69 0
17.95 69 0
17.9 69 0
17.85 69 0
17.8 69 0
17.75 69 0
17.7 69 0
17.65 69 0
17.6 69 0
17.55 69 0
17.5 69 0
17.45 69 0
17.4 69 0
17.35 69 0
17.3 69 0
17.25 69 0
17.2 69 0
17.15 69 0
17.1 69 0
17.05 69 0
17 69 0
16.95 69 0
16.9 69 0
16.85 69 0
16.8 69 0
16.75 69 0
16.7 69 0
16.65 69 0
16.6 69 0
16.55 69 0
16.5 69 0
16.45 69 0
16.4 69 0
16.35 69 0
16.3 69 0
16.25 69 0
16.2 69 0
16.15 69 0
16.1 69 0
16.05 69 0
16 69 0
15.95 69 0
15.9 69 0
15.85 69 0
15.8 69 0
15.75 69 0
15.7 69 0
15.65 69 0
15.6 69 0
15.55 69 0
15.5 69 0
15.45 69 0
15.4 69 0
15.35 69 0
15.3 69 0
15.25 69 0
15.2 69 0
15.15 69 0
15.1 69 0
15.05 69 0
15 69 0
14.95 69 0
14.9 69 0
14.85 69 0
14.8 69 0
14.75 69 0
14.7 69 0
14.65 69 0
14.6 69 0
14.55 69 0
14.5 69 0
14.45 69 0
14.4 69 0
14.35 69 0
14.3 69 0
14.25 69 0
14.2 69 0
14.15 69 0
14.1 69 0
14.05 69 0
14 69 0
13.95 69 0
13.9 69 0
13.85 69 0
13.8 69 0
13.75 69 0
13.7 69 0
13.65 69 0
13.6 69 0
13.55 69 0
13.5 69 0
13.45 69 0
13.4 69 0
13.35 69 0
13.3 69 0
13.25 69 0
13.2 69 0
13.15 69 0
13.1 69 0
13.05 69 0
13 69 0
PATH 65 47
28.85 73 0
28.9 73 0
28.95 73 0
29 73 0
29.05 73 0
29.1 73 0
29.15 73 0
29.2 73 0
29.25 73 0
29.3 73 0
29.35 73 0
29.4 73 0
29.45 73 0
29.5 73 0
29.55 73 0
29.6 73 0
29.65 73 0
29.7 73 0
29.75 73 0
29.8 73 0
29.85 73 0
29.9 73 0
29.95 73 0
30 73 0
30.05 73 0
30.1 73 0
30.15 73 0
30.2 73 0
30.25 73 0
30.3 73 0
30.35 73 0
30.4 73 0
30.45 73 0
30.5 73 0
30.55 73 0
30.6 73 0
30.65 73 0
30.7 73 0
30.75 73 0
30.8 73 0
30.85 73 0
30.9 73 0
30.95 73 0
31 73 0
31.05 73 0
31.1 73 0
31.15 73 0
PATH 31 50
88.8 71 0
88.8 71.05 0
88.8 71.1 0
88.8 71.15 0
88.8 71.2 0
88.85 71.25 0
88.85 71.3 0
88.85 71.35 0
88.85 71.4 0
88.85 71.45 0
88.85 71.5 0
88.85 71.55 0
88.85 71.6 0
88.9 71.65 0
88.95 71.7 0
89 71.75 0
89.05 71.8 0
89.05 71.85 0
89.05 71.9 0
89.05 71.95 0
89.05 72 0
89.05 72.05 0
89.05 72.1 0
89.05 72.15 0
89.05 72.2 0
89.05 72.25 0
89.1 72.3 0
89.15 72.35 0
89.2 72.4 0
89.25 72.45 0
89.3 72.5 0
89.35 72.55 0
89.4 72.6 0
89.45 72.65 0
89.5 72.7 0
89.55 72.75 0
89.6 72.8 0
89.65 72.85 0
89.7 72.9 0
89.75 72.95 0
89.8 73 0
89.8 73.05 0
89.8 73.1 0
89.8 73.15 0
89.8 73.2 0
89.8 73.25 0
89.8 73.3 0
89.8 73.35 0
89.8 73.4 0
89.8 73.45 0
PATH 31 223
87.2 60 0
87.25 60.05 0
87.3 60.1 0
87.3 60.15 0
87.35 60.2 0
87.35 60.25 0
87.4 60.3 0
87.45 60.35 0
87.45 60.4 0
87.45 60.45 0
87.45 60.5 0
87.5 60.55 0
87.55 60.6 0
87.55 60.65 0
87.55 60.7 0
87.55 60.75 0
87.55 60.8 0
87.55 60.85 0
87.55 60.9 0
87.6 60.95 0
87.65 61 0
87.7 61.05 0
87.75 61.1 0
87.75 61.15 0
87.8 61.2 0
87.85 61.25 0
87.9 61.3 0
87.95 61.35 0
87.95 61.4 0
87.95 61.45 0
87.95 61.5 0
87.95 61.55 0
87.95 61.6 0
87.95 61.65 0
87.95 61.7 0
87.95 61.75 0
87.95 61.8 0
87.95 61.85 0
87.95 61.9 0
87.95 61.95 0
87.95 62 0
88 62.05 0
88 62.1 0
88 62.15 0
88 62.2 0
88 62.25 0
88 62.3 0
88 62.35 0
88 62.4 0
88 62.45 0
88 62.5 0
88 62.55 0
88 62.6 0
88 62.65 0
88 62.7 0
88 62.75 0
88 62.8 0
88 62.85 0
88 62.9 0
88 62.95 0
88 63 0
88 63.05 0
88 63.1 0
88 63.15 0
88 63.2 0
88 63.25 0
88 63.3 0
88 63.35 0
88 63.4 0
88 63.45 0
88 63.5 0
88 63.55 0
88 63.6 0
88 63.65 0
88 63.7 0
88 63.75 0
88.05 63.8 0
88.1 63.85 0
88.15 63.9 0
88.2 63.95 0
88.25 64 0
88.25 64.05 0
88.25 64.1 0
88.25 64.15 0
88.25 64.2 0
88.25 64.25 0
88.25 64.3 0
88.25 64.35 0
88.25 64.4 0
88.25 64.45 0
88.25 64.5 0
88.25 64.55 0
88.25 64.6 0
88.25 64.65 0
88.25 64.7 0
88.25 64.75 0
88.3 64.8 0
88.35 64.85 0
88.4 64.9 0
88.4 64.9 2
88.4 64.95 2
88.4 65 2
88.4 65.05 2
88.4 65.1 2
88.4 65.15 2
88.4 65.2 2
88.4 65.25 2
88.45 65.3 2
88.5 65.35 2
88.55 65.4 2
88.55 65.45 2
88.55 65.5 2
88.6 65.55 2
88.65 65.6 2
88.65 65.65 2
88.65 65.7 2
88.65 65.75 2
88.65 65.8 2
88.65 65.85 2
88.65 65.9 2
88.65 65.95 2
88.65 66 2
88.65 66.05 2
88.65 66.1 2
88.65 66.15 2
88.65 66.2 2
88.65 66.25 2
88.65 66.3 2
88.65 66.35 2
88.65 66.4 2
88.65 66.45 2
88.65 66.5 2
88.65 66.55 2
88.65 66.6 2
88.65 66.65 2
88.65 66.7 2
88.65 66.75 2
88.65 66.8 2
88.65 66.85 2
88.65 66.9 2
88.65 66.95 2
88.65 67 2
88.65 67.05 2
88.65 67.1 2
88.65 67.15 2
88.65 67.2 2
88.65 67.25 2
88.65 67.3 2
88.65 67.35 2
88.65 67.4 2
88.65 67.45 2
88.65 67.5 2
88.65 67.55 2
88.65 67.6 2
88.65 67.65 2
88.65 67.7 2
88.7 67.75 2
88.7 67.8 2
88.7 67.85 2
88.7 67.9 2
88.7 67.95 2
88.7 68 2
88.7 68.05 2
88.7 68.1 2
88.7 68.15 2
88.7 68.2 2
88.75 68.25 2
88.8 68.3 2
88.8 68.35 2
88.8 68.4 2
88.8 68.45 2
88.8 68.5 2
88.8 68.55 2
88.8 68.6 2
88.8 68.65 2
88.8 68.7 2
88.8 68.75 2
88.8 68.8 2
88.8 68.85 2
88.8 68.9 2
88.8 68.95 2
88.8 69 2
88.8 69.05 2
88.8 69.1 2
88.8 69.15 2
88.8 69.2 2
88.8 69.25 2
88.8 69.3 2
88.8 69.35 2
88.8 69.4 2
88.8 69.45 2
88.8 69.5 2
88.8 69.55 2
88.8 69.6 2
88.8 69.65 2
88.8 69.7 2
88.8 69.75 2
88.8 69.8 2
88.8 69.85 2
88.8 69.9 2
88.8 69.95 2
88.8 70 2
88.8 70.05 2
88.8 70.1 2
88.8 70.15 2
88.8 70.2 2
88.8 70.25 2
88.8 70.3 2
88.8 70.35 2
88.8 70.4 2
88.8 70.45 2
88.8 70.5 2
88.8 70.55 2
88.8 70.6 2
88.8 70.65 2
88.8 70.7 2
88.8 70.75 2
88.8 70.8 2
88.8 70.85 2
88.8 70.9 2
88.8 70.95 2
88.8 71 2
88.8 71 0
PATH 31 55
84.85 61.1 0
84.9 61.05 0
84.95 61.05 0
85 61.05 0
85.05 61.05 0
85.1 61.05 0
85.15 61.05 0
85.2 61.05 0
85.25 61.05 0
85.3 61.05 0
85.35 61.05 0
85.4 61.05 0
85.45 61.05 0
85.5 61 0
85.55 61 0
85.6 61 0
85.65 61 0
85.7 61 0
85.75 61 0
85.8 61 0
85.85 61 0
85.9 61 0
85.95 61 0
86 61 0
86.05 61 0
86.1 61 0
86.15 61 0
86.2 60.95 0
86.25 60.95 0
86.3 60.95 0
86.35 60.95 0
86.4 60.95 0
86.45 60.95 0
86.5 60.95 0
86.55 60.95 0
86.6 60.95 0
86.65 60.95 0
86.7 60.95 0
86.75 60.95 0
86.8 60.95 0
86.85 60.95 0
86.9 60.9 0
86.95 60.9 0
87 60.9 0
87.05 60.9 0
87.1 60.9 0
87.15 60.9 0
87.2 60.9 0
87.25 60.9 0
87.3 60.9 0
87.35 60.9 0
87.4 60.9 0
87.45 60.9 0
87.5 60.9 0
87.55 60.9 0
PATH 54 1003
68.15 58 0
68.2 57.95 0
68.25 57.9 0
68.3 57.85 0
68.35 57.8 0
68.4 57.75 0
68.45 57.7 0
68.5 57.65 0
68.55 57.6 0
68.6 57.55 0
68.65 57.5 0
68.7 57.45 0
68.75 57.4 0
68.8 57.35 0
68.85 57.3 0
68.9 57.25 0
68.95 57.2 0
69 57.15 0
69.05 57.1 0
69.1 57.05 0
69.15 57 0
69.2 56.95 0
69.25 56.9 0
69.3 56.85 0
69.35 56.8 0
69.4 56.75 0
69.45 56.7 0
69.5 56.65 0
69.55 56.6 0
69.6 56.55 0
69.65 56.5 0
69.7 56.45 0
69.75 56.4 0
69.8 56.35 0
69.85 56.3 0
69.9 56.25 0
69.95 56.2 0
70 56.15 0
70.05 56.1 0
70.1 56.05 0
70.15 56 0
70.2 55.95 0
70.25 55.9 0
70.3 55.85 0
70.35 55.8 0
70.4 55.75 0
70.45 55.7 0
70.5 55.65 0
70.55 55.6 0
70.6 55.55 0
70.65 55.5 0
70.7 55.45 0
70.75 55.4 0
70.8 55.35 0
70.85 55.3 0
70.9 55.25 0
70.95 55.2 0
70.95 55.2 2
70.95 55.15 2
70.95 55.1 2
71 55.05 2
71.05 55 2
71.05 54.95 2
71.05 54.9 2
71.1 54.85 2
71.1 54.8 2
71.1 54.75 2
71.15 54.7 2
71.2 54.65 2
71.2 54.6 2
71.2 54.55 2
71.25 54.5 2
71.25 54.45 2
71.3 54.4 2
71.35 54.35 2
71.4 54.3 2
71.45 54.25 2
71.45 54.2 2
71.45 54.15 2
71.5 54.1 2
71.55 54.05 2
71.6 54 2
71.65 53.95 2
71.7 53.9 2
71.75 53.85 2
71.8 53.8 2
71.85 53.75 2
71.9 53.7 2
71.95 53.65 2
72 53.6 2
72.05 53.55 2
72.1 53.5 2
72.15 53.45 2
72.15 53.4 2
72.2 53.35 2
72.25 53.3 2
72.25 53.25 2
72.3 53.2 2
72.35 53.15 2
72.4 53.1 2
72.4 53.05 2
72.45 53 2
72.45 52.95 2
72.45 52.9 2
72.45 52.85 2
72.45 52.8 2
72.45 52.75 2
72.5 52.7 2
72.5 52.65 2
72.55 52.6 2
72.6 52.55 2
72.65 52.5 2
72.65 52.45 2
72.65 52.4 2
72.7 52.35 2
72.7 52.3 2
72.75 52.25 2
72.8 52.2 2
72.85 52.15 2
72.9 52.1 2
72.95 52.05 2
73 52 2
73.05 51.95 2
73.1 51.9 2
73.15 51.85 2
73.2 51.8 2
73.25 51.75 2
73.25 51.7 2
73.3 51.65 2
73.35 51.6 2
73.4 51.55 2
73.45 51.5 2
73.5 51.45 2
73.55 51.4 2
73.6 51.35 2
73.65 51.3 2
73.7 51.25 2
73.75 51.2 2
73.8 51.15 2
73.85 51.1 2
73.9 51.05 2
73.95 51 2
74 50.95 2
74.05 50.9 2
74.1 50.85 2
74.15 50.8 2
74.2 50.75 2
74.25 50.7 2
74.3 50.65 2
74.35 50.6 2
74.4 50.55 2
74.45 50.5 2
74.5 50.45 2
74.55 50.4 2
74.6 50.35 2
74.65 50.3 2
74.7 50.25 2
74.75 50.2 2
74.8 50.15 2
74.85 50.1 2
74.9 50.05 2
74.95 50 2
75 49.95 2
75.05 49.9 2
75.1 49.85 2
75.15 49.8 2
75.2 49.75 2
75.25 49.7 2
75.3 49.65 2
75.35 49.6 2
75.4 49.55 2
75.45 49.5 2
75.5 49.45 2
75.55 49.4 2
75.6 49.35 2
75.65 49.3 2
75.7 49.25 2
75.75 49.2 2
75.8 49.15 2
75.85 49.1 2
75.9 49.05 2
75.95 49 2
76 48.95 2
76.05 48.9 2
76.1 48.85 2
76.15 48.8 2
76.2 48.75 2
76.25 48.7 2
76.3 48.65 2
76.35 48.6 2
76.4 48.55 2
76.45 48.5 2
76.5 48.45 2
76.55 48.4 2
76.6 48.35 2
76.65 48.3 2
76.7 48.25 2
76.75 48.2 2
76.8 48.15 2
76.85 48.1 2
76.9 48.05 2
76.95 48 2
77 47.95 2
77.05 47.9 2
77.1 47.85 2
77.15 47.8 2
77.2 47.75 2
77.25 47.7 2
77.3 47.65 2
77.35 47.6 2
77.4 47.55 2
77.45 47.5 2
77.5 47.45 2
77.55 47.4 2
77.6 47.35 2
77.65 47.3 2
77.7 47.25 2
77.75 47.2 2
77.8 47.15 2
77.85 47.1 2
77.9 47.05 2
77.95 47 2
78 46.95 2
78.05 46.9 2
78.1 46.85 2
78.15 46.8 2
78.2 46.75 2
78.25 46.7 2
78.3 46.65 2
78.35 46.6 2
78.4 46.55 2
78.45 46.5 2
78.5 46.45 2
78.55 46.4 2
78.6 46.35 2
78.65 46.3 2
78.7 46.25 2
78.75 46.2 2
78.8 46.15 2
78.85 46.1 2
78.9 46.05 2
78.95 46 2
79 45.95 2
79.05 45.9 2
79.1 45.85 2
79.15 45.8 2
79.2 45.75 2
79.25 45.7 2
79.3 45.65 2
79.35 45.6 2
79.4 45.55 2
79.45 45.5 2
79.5 45.45 2
79.55 45.4 2
79.6 45.35 2
79.65 45.3 2
79.7 45.25 2
79.75 45.2 2
79.8 45.15 2
79.85 45.1 2
79.9 45.05 2
79.95 45 2
80 44.95 2
80.05 44.9 2
80.1 44.85 2
80.15 44.8 2
80.2 44.75 2
80.25 44.7 2
80.3 44.65 2
80.35 44.6 2
80.4 44.55 2
80.45 44.5 2
80.5 44.45 2
80.55 44.4 2
80.6 44.35 2
80.65 44.3 2
80.7 44.25 2
80.75 44.2 2
80.8 44.15 2
80.85 44.1 2
80.9 44.05 2
80.95 44 2
81 43.95 2
81.05 43.9 2
81.1 43.85 2
81.15 43.8 2
81.2 43.75 2
81.25 43.7 2
81.3 43.65 2
81.35 43.6 2
81.4 43.55 2
81.45 43.5 2
81.5 43.45 2
81.55 43.4 2
81.6 43.35 2
81.65 43.3 2
81.7 43.25 2
81.75 43.2 2
81.8 43.15 2
81.85 43.1 2
81.9 43.05 2
81.95 43 2
82 42.95 2
82.05 42.9 2
82.1 42.85 2
82.15 42.8 2
82.2 42.75 2
82.25 42.7 2
82.3 42.65 2
82.35 42.6 2
82.4 42.55 2
82.45 42.5 2
82.5 42.45 2
82.55 42.4 2
82.6 42.35 2
82.65 42.3 2
82.7 42.25 2
82.75 42.2 2
82.8 42.15 2
82.8 42.1 2
82.85 42.05 2
82.9 42 2
82.95 41.95 2
83 41.9 2
83.05 41.85 2
83.1 41.8 2
83.15 41.75 2
83.2 41.7 2
83.25 41.65 2
83.25 41.6 2
83.25 41.55 2
83.3 41.5 2
83.35 41.45 2
83.4 41.4 2
83.45 41.35 2
83.5 41.3 2
83.55 41.25 2
83.6 41.2 2
83.65 41.15 2
83.65 41.1 2
83.7 41.05 2
83.75 41 2
83.8 40.95 2
83.8 40.9 2
83.85 40.85 2
83.9 40.8 2
83.95 40.75 2
83.95 40.7 2
84 40.65 2
84 40.6 2
84.05 40.55 2
84.05 40.5 2
84.05 40.45 2
84.05 40.4 2
84.05 40.35 2
84.05 40.3 2
84.05 40.25 2
84.05 40.2 2
84.05 40.15 2
84.05 40.1 2
84.05 40.05 2
84.05 40 2
84.05 39.95 2
84.05 39.9 2
84.05 39.85 2
84.05 39.8 2
84.05 39.75 2
84.05 39.7 2
84.05 39.65 2
84.05 39.6 2
84.05 39.55 2
84.05 39.5 2
84.05 39.45 2
84.05 39.4 2
84.05 39.35 2
84.05 39.3 2
84.05 39.25 2
84.05 39.2 2
84.05 39.15 2
84.05 39.1 2
84.05 39.05 2
84.05 39 2
84.05 38.95 2
84.05 38.9 2
84.05 38.85 2
84.05 38.8 2
84.05 38.75 2
84.05 38.7 2
84.05 38.65 2
84.05 38.6 2
84.05 38.55 2
84.05 38.5 2
84.05 38.45 2
84.05 38.4 2
84.05 38.35 2
84.05 38.3 2
84.05 38.25 2
84.05 38.2 2
84.05 38.15 2
84.05 38.1 2
84.05 38.05 2
84.05 38 2
84.05 37.95 2
84.05 37.9 2
84.05 37.85 2
84.05 37.8 2
84.05 37.75 2
84.05 37.7 2
84.05 37.65 2
84.05 37.6 2
84.05 37.55 2
84.05 37.5 2
84.05 37.45 2
84.05 37.4 2
84.05 37.35 2
84.05 37.3 2
84.05 37.25 2
84.05 37.2 2
84.05 37.15 2
84.05 37.1 2
84.05 37.05 2
84.05 37 2
84.05 36.95 2
84.05 36.9 2
84.05 36.85 2
84.05 36.8 2
84.05 36.75 2
84.05 36.7 2
84.05 36.65 2
84.05 36.6 2
84.05 36.55 2
84.05 36.5 2
84.05 36.45 2
84.05 36.4 2
84.05 36.35 2
84.05 36.3 2
84.05 36.25 2
84.05 36.2 2
84.05 36.15 2
84.05 36.1 2
84.05 36.05 2
84.05 36 2
84.05 35.95 2
84.05 35.9 2
84.05 35.85 2
84.05 35.8 2
84.05 35.75 2
84.05 35.7 2
84.05 35.65 2
84.05 35.6 2
84.05 35.55 2
84.05 35.5 2
84.05 35.45 2
84.1 35.4 2
84.1 35.35 2
84.1 35.3 2
84.1 35.25 2
84.1 35.2 2
84.1 35.15 2
84.1 35.1 2
84.1 35.05 2
84.1 35 2
84.1 34.95 2
84.1 34.9 2
84.1 34.85 2
84.1 34.8 2
84.1 34.75 2
84.1 34.7 2
84.1 34.65 2
84.1 34.6 2
84.1 34.55 2
84.1 34.5 2
84.1 34.45 2
84.1 34.4 2
84.1 34.35 2
84.1 34.3 2
84.1 34.25 2
84.15 34.2 2
84.15 34.15 2
84.15 34.1 2
84.15 34.05 2
84.15 34 2
84.15 33.95 2
84.15 33.9 2
84.15 33.85 2
84.15 33.8 2
84.15 33.75 2
84.15 33.7 2
84.15 33.65 2
84.15 33.6 2
84.15 33.55 2
84.15 33.5 2
84.2 33.45 2
84.2 33.4 2
84.2 33.35 2
84.2 33.3 2
84.2 33.25 2
84.25 33.2 2
84.25 33.15 2
84.25 33.1 2
84.3 33.05 2
84.35 33 2
84.35 32.95 2
84.35 32.9 2
84.35 32.85 2
84.35 32.8 2
84.4 32.75 2
84.4 32.7 2
84.4 32.65 2
84.4 32.6 2
84.4 32.55 2
84.4 32.5 2
84.4 32.45 2
84.4 32.4 2
84.4 32.35 2
84.4 32.3 2
84.45 32.25 2
84.45 32.2 2
84.45 32.15 2
84.45 32.1 2
84.45 32.05 2
84.45 32 2
84.45 31.95 2
84.45 31.9 2
84.45 31.85 2
84.45 31.8 2
84.45 31.75 2
84.45 31.7 2
84.45 31.65 2
84.45 31.6 2
84.45 31.55 2
84.45 31.5 2
84.45 31.45 2
84.45 31.4 2
84.45 31.35 2
84.45 31.3 2
84.45 31.25 2
84.45 31.2 2
84.45 31.15 2
84.45 31.1 2
84.45 31.05 2
84.45 31 2
84.45 30.95 2
84.5 30.9 2
84.5 30.85 2
84.5 30.8 2
84.55 30.75 2
84.55 30.7 2
84.55 30.65 2
84.55 30.6 2
84.55 30.55 2
84.55 30.5 2
84.55 30.45 2
84.55 30.4 2
84.55 30.35 2
84.55 30.3 2
84.55 30.25 2
84.55 30.2 2
84.55 30.15 2
84.55 30.1 2
84.55 30.05 2
84.55 30 2
84.55 29.95 2
84.55 29.9 2
84.55 29.85 2
84.55 29.8 2
84.55 29.75 2
84.55 29.7 2
84.55 29.65 2
84.55 29.6 2
84.55 29.55 2
84.55 29.5 2
84.55 29.45 2
84.55 29.4 2
84.55 29.35 2
84.55 29.3 2
84.55 29.25 2
84.55 29.2 2
84.55 29.15 2
84.55 29.1 2
84.55 29.05 2
84.55 29 2
84.55 28.95 2
84.55 28.9 2
84.55 28.85 2
84.55 28.8 2
84.55 28.75 2
84.55 28.7 2
84.55 28.65 2
84.55 28.6 2
84.55 28.55 2
84.55 28.5 2
84.55 28.45 2
84.55 28.4 2
84.55 28.35 2
84.55 28.3 2
84.55 28.25 2
84.55 28.2 2
84.55 28.15 2
84.55 28.1 2
84.55 28.05 2
84.55 28 2
84.55 27.95 2
84.55 27.9 2
84.55 27.85 2
84.55 27.8 2
84.55 27.75 2
84.55 27.7 2
84.55 27.65 2
84.55 27.6 2
84.55 27.55 2
84.6 27.5 2
84.6 27.45 2
84.6 27.4 2
84.6 27.35 2
84.6 27.3 2
84.6 27.25 2
84.6 27.2 2
84.6 27.15 2
84.6 27.1 2
84.6 27.05 2
84.6 27 2
84.6 26.95 2
84.6 26.9 2
84.6 26.85 2
84.6 26.8 2
84.6 26.75 2
84.6 26.7 2
84.6 26.65 2
84.6 26.6 2
84.6 26.55 2
84.6 26.5 2
84.6 26.45 2
84.6 26.4 2
84.6 26.35 2
84.6 26.3 2
84.6 26.25 2
84.6 26.2 2
84.6 26.15 2
84.6 26.1 2
84.6 26.05 2
84.6 26 2
84.6 25.95 2
84.6 25.9 2
84.6 25.85 2
84.6 25.8 2
84.6 25.75 2
84.6 25.7 2
84.6 25.65 2
84.6 25.6 2
84.6 25.55 2
84.6 25.5 2
84.6 25.45 2
84.6 25.4 2
84.6 25.35 2
84.6 25.3 2
84.65 25.25 2
84.65 25.2 2
84.65 25.15 2
84.65 25.1 2
84.65 25.05 2
84.65 25 2
84.65 24.95 2
84.65 24.9 2
84.65 24.85 2
84.65 24.8 2
84.65 24.75 2
84.65 24.7 2
84.65 24.65 2
84.65 24.6 2
84.65 24.55 2
84.65 24.5 2
84.65 24.45 2
84.65 24.4 2
84.65 24.35 2
84.65 24.3 2
84.65 24.25 2
84.65 24.2 2
84.65 24.15 2
84.65 24.1 2
84.65 24.05 2
84.65 24 2
84.65 23.95 2
84.65 23.9 2
84.65 23.85 2
84.65 23.8 2
84.65 23.75 2
84.65 23.7 2
84.65 23.65 2
84.65 23.6 2
84.65 23.55 2
84.65 23.5 2
84.65 23.45 2
84.65 23.4 2
84.65 23.35 2
84.65 23.3 2
84.65 23.25 2
84.65 23.2 2
84.65 23.15 2
84.65 23.1 2
84.65 23.05 2
84.65 23 2
84.65 22.95 2
84.65 22.9 2
84.65 22.85 2
84.65 22.8 2
84.65 22.75 2
84.65 22.7 2
84.65 22.65 2
84.65 22.6 2
84.65 22.55 2
84.65 22.5 2
84.65 22.45 2
84.65 22.4 2
84.65 22.35 2
84.65 22.3 2
84.65 22.25 2
84.65 22.2 2
84.65 22.15 2
84.65 22.1 2
84.65 22.05 2
84.65 22 2
84.65 21.95 2
84.65 21.9 2
84.65 21.85 2
84.65 21.8 2
84.65 21.75 2
84.65 21.7 2
84.65 21.65 2
84.65 21.6 2
84.65 21.55 2
84.65 21.5 2
84.65 21.45 2
84.65 21.4 2
84.65 21.35 2
84.65 21.3 2
84.65 21.25 2
84.65 21.2 2
84.65 21.15 2
84.65 21.1 2
84.65 21.05 2
84.65 21 2
84.65 20.95 2
84.65 20.9 2
84.65 20.85 2
84.65 20.8 2
84.65 20.75 2
84.65 20.7 2
84.65 20.65 2
84.65 20.6 2
84.65 20.55 2
84.65 20.5 2
84.65 20.45 2
84.65 20.4 2
84.65 20.35 2
84.65 20.3 2
84.65 20.25 2
84.65 20.2 2
84.65 20.15 2
84.65 20.1 2
84.65 20.05 2
84.65 20 2
84.65 19.95 2
84.65 19.9 2
84.65 19.85 2
84.65 19.8 2
84.65 19.75 2
84.65 19.7 2
84.65 19.65 2
84.65 19.6 2
84.65 19.55 2
84.65 19.5 2
84.65 19.45 2
84.65 19.4 2
84.65 19.35 2
84.65 19.3 2
84.65 19.25 2
84.65 19.2 2
84.65 19.15 2
84.65 19.1 2
84.65 19.05 2
84.65 19 2
84.65 18.95 2
84.65 18.9 2
84.65 18.85 2
84.65 18.8 2
84.65 18.75 2
84.65 18.7 2
84.65 18.65 2
84.65 18.6 2
84.65 18.55 2
84.65 18.5 2
84.65 18.45 2
84.7 18.4 2
84.7 18.35 2
84.7 18.3 2
84.7 18.25 2
84.7 18.2 2
84.7 18.15 2
84.7 18.1 2
84.7 18.05 2
84.7 18 2
84.7 17.95 2
84.7 17.9 2
84.7 17.85 2
84.7 17.8 2
84.7 17.75 2
84.7 17.7 2
84.7 17.65 2
84.7 17.6 2
84.7 17.55 2
84.7 17.5 2
84.75 17.45 2
84.75 17.4 2
84.75 17.35 2
84.75 17.3 2
84.75 17.25 2
84.75 17.2 2
84.75 17.15 2
84.75 17.1 2
84.75 17.05 2
84.75 17 2
84.75 16.95 2
84.75 16.9 2
84.75 16.85 2
84.75 16.8 2
84.75 16.75 2
84.75 16.7 2
84.75 16.65 2
84.75 16.6 2
84.75 16.55 2
84.75 16.5 2
84.75 16.45 2
84.75 16.4 2
84.75 16.35 2
84.75 16.3 2
84.75 16.25 2
84.8 16.2 2
84.8 16.15 2
84.8 16.1 2
84.8 16.05 2
84.8 16 2
84.8 15.95 2
84.8 15.9 2
84.8 15.85 2
84.8 15.8 2
84.8 15.75 2
84.8 15.7 2
84.8 15.65 2
84.8 15.6 2
84.8 15.55 2
84.85 15.5 2
84.85 15.45 2
84.85 15.4 2
84.85 15.35 2
84.85 15.3 2
84.85 15.25 2
84.85 15.2 2
84.85 15.15 2
84.85 15.1 2
84.85 15.05 2
84.85 15 2
84.85 14.95 2
84.85 14.9 2
84.85 14.85 2
84.85 14.8 2
84.85 14.75 2
84.85 14.7 2
84.85 14.65 2
84.85 14.6 2
84.85 14.55 2
84.85 14.5 2
84.85 14.45 2
84.85 14.4 2
84.85 14.35 2
84.85 14.3 2
84.85 14.25 2
84.85 14.2 2
84.85 14.15 2
84.85 14.1 2
84.85 14.05 2
84.85 14 2
84.85 13.95 2
84.85 13.9 2
84.85 13.85 2
84.85 13.8 2
84.85 13.75 2
84.85 13.7 2
84.85 13.65 2
84.85 13.6 2
84.85 13.55 2
84.85 13.5 2
84.85 13.45 2
84.85 13.4 2
84.85 13.35 2
84.85 13.3 2
84.85 13.25 2
84.85 13.2 2
84.85 13.15 2
84.85 13.1 2
84.85 13.05 2
84.85 13 2
84.85 12.95 2
84.85 12.9 2
84.85 12.85 2
84.85 12.8 2
84.85 12.75 2
84.85 12.7 2
84.85 12.65 2
84.85 12.6 2
84.85 12.55 2
84.85 12.5 2
84.85 12.45 2
84.85 12.4 2
84.85 12.35 2
84.85 12.3 2
84.85 12.25 2
84.85 12.2 2
84.85 12.15 2
84.85 12.1 2
84.85 12.05 2
84.85 12 2
84.85 11.95 2
84.85 11.9 2
84.85 11.85 2
84.85 11.8 2
84.85 11.75 2
84.85 11.7 2
84.85 11.65 2
84.85 11.6 2
84.85 11.55 2
84.85 11.5 2
84.85 11.45 2
84.85 11.4 2
84.85 11.35 2
84.85 11.3 2
84.85 11.25 2
84.85 11.2 2
84.85 11.15 2
84.85 11.1 2
84.85 11.05 2
84.85 11 2
84.85 10.95 2
84.85 10.9 2
84.85 10.85 2
84.85 10.8 2
84.85 10.75 2
84.85 10.7 2
84.85 10.65 2
84.85 10.6 2
84.85 10.55 2
84.85 10.5 2
84.85 10.45 2
84.85 10.4 2
84.85 10.35 2
84.85 10.3 2
84.9 10.25 2
84.9 10.2 2
84.9 10.15 2
84.9 10.1 2
84.9 10.05 2
84.95 10 2
84.95 9.95 2
85 9.9 2
85 9.85 2
85 9.8 2
85 9.75 2
85 9.7 2
85 9.65 2
85 9.6 2
85 9.55 2
85 9.5 2
85 9.45 2
85 9.4 2
85 9.35 2
85 9.3 2
85 9.25 2
85 9.2 2
85 9.15 2
85 9.1 2
85 9.05 2
85 9 2
85 8.95 2
85 8.9 2
85 8.85 2
85 8.8 2
85 8.75 2
85 8.7 2
85 8.65 2
85 8.6 2
85 8.55 2
85 8.5 2
85 8.45 2
85 8.4 2
85 8.35 2
85 8.3 2
85 8.25 2
85 8.2 2
85 8.15 2
85 8.1 2
85 8.05 2
85 8 2
85 8 0
PATH 54 383
69.85 77 0
69.85 76.95 0
69.85 76.9 0
69.85 76.85 0
69.85 76.8 0
69.85 76.75 0
69.85 76.7 0
69.85 76.65 0
69.85 76.6 0
69.85 76.55 0
69.85 76.55 1
69.85 76.5 1
69.85 76.45 1
69.85 76.4 1
69.85 76.35 1
69.85 76.3 1
69.85 76.25 1
69.85 76.2 1
69.85 76.15 1
69.85 76.1 1
69.85 76.05 1
69.85 76 1
69.85 75.95 1
69.85 75.9 1
69.85 75.85 1
69.85 75.8 1
69.85 75.75 1
69.85 75.7 1
69.85 75.65 1
69.85 75.6 1
69.85 75.55 1
69.85 75.5 1
69.85 75.45 1
69.85 75.4 1
69.85 75.35 1
69.85 75.3 1
69.85 75.25 1
69.85 75.2 1
69.85 75.15 1
69.85 75.1 1
69.85 75.05 1
69.85 75 1
69.85 74.95 1
69.85 74.9 1
69.85 74.85 1
69.85 74.8 1
69.85 74.75 1
69.85 74.7 1
69.85 74.65 1
69.85 74.6 1
69.85 74.55 1
69.85 74.5 1
69.85 74.45 1
69.85 74.4 1
69.85 74.35 1
69.85 74.3 1
69.85 74.25 1
69.85 74.2 1
69.85 74.15 1
69.85 74.1 1
69.85 74.05 1
69.85 74 1
69.85 73.95 1
69.85 73.9 1
69.85 73.85 1
69.85 73.8 1
69.85 73.75 1
69.85 73.7 1
69.85 73.65 1
69.85 73.6 1
69.85 73.55 1
69.85 73.5 1
69.85 73.45 1
69.85 73.4 1
69.85 73.35 1
69.85 73.3 1
69.85 73.25 1
69.85 73.2 1
69.85 73.15 1
69.85 73.1 1
69.85 73.05 1
69.85 73 1
69.85 72.95 1
69.85 72.9 1
69.85 72.85 1
69.85 72.8 1
69.85 72.75 1
69.85 72.7 1
69.85 72.65 1
69.85 72.6 1
69.85 72.55 1
69.85 72.5 1
69.85 72.45 1
69.85 72.4 1
69.85 72.35 1
69.85 72.3 1
69.85 72.25 1
69.85 72.2 1
69.85 72.15 1
69.85 72.1 1
69.85 72.05 1
69.85 72 1
69.85 71.95 1
69.85 71.9 1
69.85 71.85 1
69.85 71.8 1
69.85 71.75 1
69.85 71.7 1
69.85 71.65 1
69.85 71.6 1
69.85 71.55 1
69.85 71.5 1
69.85 71.45 1
69.85 71.4 1
69.85 71.35 1
69.85 71.3 1
69.85 71.25 1
69.85 71.2 1
69.85 71.15 1
69.85 71.1 1
69.85 71.05 1
69.85 71 1
69.85 70.95 1
69.85 70.9 1
69.85 70.85 1
69.85 70.8 1
69.85 70.75 1
69.85 70.7 1
69.85 70.65 1
69.85 70.6 1
69.85 70.55 1
69.85 70.5 1
69.85 70.45 1
69.85 70.4 1
69.85 70.35 1
69.85 70.3 1
69.85 70.25 1
69.85 70.2 1
69.85 70.15 1
69.85 70.1 1
69.85 70.05 1
69.85 70 1
69.85 69.95 1
69.85 69.9 1
69.85 69.85 1
69.85 69.8 1
69.85 69.75 1
69.85 69.7 1
69.85 69.65 1
69.85 69.6 1
69.85 69.55 1
69.85 69.5 1
69.85 69.45 1
69.85 69.4 1
69.85 69.35 1
69.85 69.3 1
69.85 69.25 1
69.85 69.2 1
69.85 69.15 1
69.85 69.1 1
69.85 69.05 1
69.85 69 1
69.85 68.95 1
69.85 68.9 1
69.85 68.85 1
69.85 68.8 1
69.85 68.75 1
69.85 68.7 1
69.85 68.65 1
69.85 68.6 1
69.8 68.55 1
69.75 68.5 1
69.7 68.45 1
69.65 68.4 1
69.6 68.35 1
69.55 68.3 1
69.5 68.25 1
69.45 68.2 1
69.45 68.15 1
69.45 68.1 1
69.45 68.05 1
69.4 68 1
69.35 67.95 1
69.3 67.9 1
69.25 67.85 1
69.25 67.8 1
69.2 67.75 1
69.2 67.7 1
69.15 67.65 1
69.15 67.6 1
69.15 67.55 1
69.15 67.5 1
69.15 67.45 1
69.1 67.4 1
69.05 67.35 1
69 67.3 1
68.95 67.25 1
68.9 67.2 1
68.9 67.15 1
68.9 67.1 1
68.85 67.05 1
68.85 67 1
68.85 66.95 1
68.85 66.9 1
68.85 66.85 1
68.85 66.8 1
68.8 66.75 1
68.8 66.7 1
68.8 66.65 1
68.75 66.6 1
68.7 66.55 1
68.7 66.5 1
68.65 66.45 1
68.6 66.4 1
68.6 66.35 1
68.55 66.3 1
68.5 66.25 1
68.45 66.2 1
68.4 66.15 1
68.35 66.1 1
68.35 66.05 1
68.3 66 1
68.25 65.95 1
68.25 65.9 1
68.25 65.85 1
68.25 65.8 1
68.25 65.75 1
68.25 65.7 1
68.25 65.65 1
68.25 65.6 1
68.25 65.55 1
68.25 65.5 1
68.25 65.45 1
68.2 65.4 1
68.2 65.35 1
68.2 65.3 1
68.15 65.25 1
68.15 65.2 1
68.15 65.15 1
68.1 65.1 1
68.05 65.05 1
68 65 1
67.95 64.95 1
67.9 64.9 1
67.85 64.85 1
67.8 64.8 1
67.75 64.75 1
67.7 64.7 1
67.65 64.65 1
67.6 64.6 1
67.55 64.55 1
67.5 64.5 1
67.5 64.5 0
67.5 64.45 0
67.5 64.4 0
67.5 64.35 0
67.5 64.3 0
67.5 64.25 0
67.5 64.2 0
67.5 64.15 0
67.5 64.1 0
67.5 64.05 0
67.5 64 0
67.5 63.95 0
67.5 63.9 0
67.5 63.85 0
67.5 63.8 0
67.5 63.75 0
67.5 63.7 0
67.5 63.65 0
67.5 63.6 0
67.5 63.55 0
67.5 63.5 0
67.5 63.45 0
67.5 63.4 0
67.5 63.35 0
67.5 63.3 0
67.5 63.25 0
67.5 63.2 0
67.5 63.15 0
67.55 63.1 0
67.55 63.05 0
67.55 63 0
67.55 62.95 0
67.55 62.9 0
67.55 62.85 0
67.55 62.8 0
67.55 62.75 0
67.55 62.7 0
67.55 62.65 0
67.55 62.6 0
67.55 62.55 0
67.55 62.5 0
67.55 62.45 0
67.55 62.4 0
67.55 62.35 0
67.55 62.3 0
67.55 62.25 0
67.55 62.2 0
67.55 62.15 0
67.55 62.1 0
67.55 62.05 0
67.55 62 0
67.55 61.95 0
67.55 61.9 0
67.55 61.85 0
67.55 61.8 0
67.55 61.75 0
67.55 61.7 0
67.55 61.65 0
67.55 61.6 0
67.55 61.55 0
67.55 61.5 0
67.55 61.45 0
67.55 61.4 0
67.55 61.35 0
67.55 61.3 0
67.55 61.25 0
67.55 61.2 0
67.55 61.15 0
67.55 61.1 0
67.55 61.05 0
67.55 61 0
67.55 60.95 0
67.55 60.9 0
67.55 60.85 0
67.55 60.8 0
67.55 60.75 0
67.55 60.7 0
67.55 60.65 0
67.55 60.6 0
67.55 60.55 0
67.55 60.5 0
67.55 60.45 0
67.55 60.4 0
67.55 60.35 0
67.55 60.3 0
67.55 60.25 0
67.55 60.2 0
67.55 60.15 0
67.55 60.1 0
67.55 60.05 0
67.55 60 0
67.55 59.95 0
67.55 59.9 0
67.55 59.85 0
67.55 59.8 0
67.55 59.75 0
67.55 59.7 0
67.55 59.65 0
67.55 59.6 0
67.55 59.55 0
67.55 59.5 0
67.6 59.45 0
67.65 59.4 0
67.7 59.35 0
67.75 59.3 0
67.8 59.25 0
67.85 59.2 0
67.85 59.15 0
67.85 59.1 0
67.85 59.05 0
67.85 59 0
67.85 58.95 0
67.85 58.9 0
67.85 58.85 0
67.85 58.8 0
67.85 58.75 0
67.85 58.7 0
67.85 58.65 0
67.85 58.6 0
67.85 58.55 0
67.85 58.5 0
67.85 58.45 0
67.85 58.4 0
67.85 58.35 0
67.85 58.3 0
67.9 58.25 0
67.95 58.2 0
68 58.15 0
68.05 58.1 0
68.1 58.05 0
68.15 58 0
PATH 41 83
68.95 68 0
68.9 68.05 0
68.85 68.1 0
68.85 68.15 0
68.8 68.2 0
68.8 68.25 0
68.8 68.3 0
68.75 68.35 0
68.75 68.4 0
68.75 68.45 0
68.75 68.5 0
68.75 68.55 0
68.7 68.6 0
68.65 68.65 0
68.6 68.7 0
68.6 68.75 0
68.6 68.8 0
68.6 68.85 0
68.6 68.9 0
68.6 68.95 0
68.6 69 0
68.6 69.05 0
68.6 69.1 0
68.6 69.15 0
68.6 69.2 0
68.6 69.25 0
68.6 69.3 0
68.6 69.35 0
68.6 69.4 0
68.6 69.45 0
68.6 69.5 0
68.6 69.55 0
68.6 69.6 0
68.6 69.65 0
68.6 69.7 0
68.6 69.75 0
68.6 69.8 0
68.6 69.85 0
68.6 69.9 0
68.6 69.95 0
68.6 70 0
68.6 70.05 0
68.6 70.1 0
68.6 70.15 0
68.6 70.2 0
68.6 70.25 0
68.6 70.3 0
68.6 70.35 0
68.6 70.4 0
68.6 70.45 0
68.6 70.45 2
68.55 70.5 2
68.5 70.55 2
68.45 70.6 2
68.4 70.65 2
68.35 70.7 2
68.3 70.75 2
68.25 70.8 2
68.2 70.85 2
68.15 70.9 2
68.1 70.95 2
68.05 71 2
68 71.05 2
67.95 71.1 2
67.9 71.15 2
67.85 71.2 2
67.8 71.25 2
67.75 71.3 2
67.7 71.35 2
67.65 71.4 2
67.6 71.45 2
67.55 71.5 2
67.5 71.55 2
67.45 71.6 2
67.4 71.65 2
67.35 71.7 2
67.3 71.75 2
67.25 71.8 2
67.2 71.85 2
67.15 71.9 2
67.15 71.95 2
67.15 72 2
67.15 72 0
PATH 41 209
70.15 61.1 0
70.15 61.05 0
70.1 61 0
70.05 60.95 0
70.05 60.9 0
70 60.85 0
70 60.8 0
70 60.75 0
69.95 60.7 0
69.95 60.65 0
69.95 60.6 0
69.95 60.6 1
69.9 60.65 1
69.85 60.7 1
69.8 60.75 1
69.75 60.8 1
69.7 60.85 1
69.65 60.9 1
69.6 60.95 1
69.6 61 1
69.55 61.05 1
69.5 61.1 1
69.45 61.15 1
69.45 61.2 1
69.45 61.25 1
69.45 61.3 1
69.45 61.35 1
69.4 61.4 1
69.35 61.45 1
69.35 61.5 1
69.35 61.55 1
69.3 61.6 1
69.25 61.65 1
69.2 61.7 1
69.15 61.75 1
69.15 61.8 1
69.15 61.85 1
69.1 61.9 1
69.05 61.95 1
69 62 1
69 62.05 1
68.95 62.1 1
68.95 62.15 1
68.9 62.2 1
68.85 62.25 1
68.8 62.3 1
68.75 62.35 1
68.7 62.4 1
68.65 62.45 1
68.6 62.5 1
68.55 62.55 1
68.5 62.6 1
68.45 62.65 1
68.4 62.7 1
68.35 62.75 1
68.3 62.8 1
68.25 62.85 1
68.2 62.9 1
68.15 62.95 1
68.1 63 1
68.05 63.05 1
68 63.1 1
67.95 63.15 1
67.9 63.2 1
67.85 63.25 1
67.8 63.3 1
67.75 63.35 1
67.7 63.4 1
67.65 63.45 1
67.6 63.5 1
67.55 63.55 1
67.5 63.6 1
67.45 63.65 1
67.4 63.7 1
67.35 63.75 1
67.3 63.8 1
67.25 63.85 1
67.2 63.9 1
67.15 63.95 1
67.1 64 1
67.05 64.05 1
67 64.1 1
66.95 64.15 1
66.95 64.2 1
66.9 64.25 1
66.9 64.3 1
66.9 64.35 1
66.9 64.4 1
66.85 64.45 1
66.85 64.5 1
66.85 64.55 1
66.85 64.6 1
66.85 64.65 1
66.85 64.7 1
66.85 64.75 1
66.85 64.8 1
66.85 64.85 1
66.85 64.9 1
66.85 64.95 1
66.85 65 1
66.85 65.05 1
66.85 65.1 1
66.9 65.15 1
66.9 65.2 1
66.95 65.25 1
66.95 65.3 1
66.95 65.35 1
66.95 65.4 1
67 65.45 1
67.05 65.5 1
67.05 65.55 1
67.05 65.6 1
67.1 65.65 1
67.1 65.7 1
67.1 65.75 1
67.15 65.8 1
67.2 65.85 1
67.2 65.9 1
67.2 65.95 1
67.25 66 1
67.3 66.05 1
67.35 66.1 1
67.35 66.15 1
67.4 66.2 1
67.45 66.25 1
67.5 66.3 1
67.55 66.35 1
67.55 66.4 1
67.55 66.45 1
67.55 66.5 1
67.55 66.55 1
67.6 66.6 1
67.65 66.65 1
67.7 66.7 1
67.75 66.75 1
67.8 66.8 1
67.85 66.85 1
67.9 66.9 1
67.95 66.95 1
68 67 1
68.05 67.05 1
68.1 67.1 1
68.1 67.15 1
68.15 67.2 1
68.2 67.25 1
68.25 67.3 1
68.3 67.35 1
68.3 67.4 1
68.3 67.45 1
68.35 67.5 1
68.35 67.55 1
68.35 67.6 1
68.4 67.65 1
68.45 67.7 1
68.5 67.75 1
68.5 67.8 1
68.5 67.85 1
68.5 67.9 1
68.5 67.95 1
68.5 68 1
68.5 68.05 1
68.5 68.1 1
68.5 68.15 1
68.5 68.2 1
68.5 68.25 1
68.5 68.3 1
68.5 68.35 1
68.5 68.4 1
68.5 68.45 1
68.5 68.5 1
68.55 68.55 1
68.55 68.6 1
68.55 68.65 1
68.6 68.7 1
68.6 68.75 1
68.6 68.8 1
68.6 68.85 1
68.6 68.9 1
68.6 68.95 1
68.6 69 1
68.6 69.05 1
68.6 69.1 1
68.6 69.15 1
68.6 69.2 1
68.6 69.25 1
68.6 69.3 1
68.6 69.35 1
68.6 69.4 1
68.6 69.45 1
68.6 69.5 1
68.6 69.55 1
68.6 69.6 1
68.6 69.65 1
68.6 69.7 1
68.6 69.75 1
68.6 69.8 1
68.6 69.85 1
68.6 69.9 1
68.6 69.95 1
68.6 70 1
68.6 70.05 1
68.6 70.1 1
68.6 70.15 1
68.6 70.2 1
68.6 70.25 1
68.6 70.3 1
68.6 70.35 1
68.6 70.4 1
68.6 70.4 0
PATH 41 115
75.85 61.7 0
75.8 61.7 0
75.75 61.7 0
75.7 61.7 0
75.65 61.7 0
75.6 61.7 0
75.55 61.7 0
75.5 61.7 0
75.45 61.7 0
75.4 61.7 0
75.35 61.7 0
75.3 61.65 0
75.25 61.65 0
75.2 61.65 0
75.15 61.65 0
75.1 61.65 0
75.05 61.65 0
75 61.65 0
74.95 61.65 0
74.9 61.65 0
74.85 61.65 0
74.8 61.65 0
74.75 61.65 0
74.7 61.6 0
74.65 61.6 0
74.6 61.6 0
74.55 61.6 0
74.5 61.6 0
74.45 61.6 0
74.4 61.6 0
74.35 61.55 0
74.3 61.5 0
74.25 61.45 0
74.2 61.45 0
74.15 61.45 0
74.1 61.45 0
74.05 61.45 0
74 61.45 0
73.95 61.45 0
73.9 61.45 0
73.85 61.45 0
73.8 61.4 0
73.75 61.35 0
73.7 61.35 0
73.65 61.35 0
73.6 61.35 0
73.55 61.35 0
73.5 61.35 0
73.45 61.35 0
73.4 61.35 0
73.35 61.35 0
73.3 61.35 0
73.25 61.35 0
73.2 61.35 0
73.15 61.35 0
73.1 61.3 0
73.05 61.25 0
73 61.2 0
72.95 61.2 0
72.9 61.2 0
72.85 61.2 0
72.8 61.2 0
72.75 61.2 0
72.7 61.2 0
72.65 61.2 0
72.6 61.2 0
72.55 61.2 0
72.5 61.2 0
72.45 61.2 0
72.4 61.2 0
72.35 61.2 0
72.3 61.2 0
72.25 61.2 0
72.2 61.2 0
72.15 61.2 0
72.1 61.2 0
72.05 61.2 0
72 61.2 0
71.95 61.2 0
71.9 61.2 0
71.85 61.2 0
71.8 61.2 0
71.75 61.2 0
71.7 61.2 0
71.65 61.2 0
71.6 61.2 0
71.55 61.2 0
71.5 61.2 0
71.45 61.2 0
71.4 61.15 0
71.35 61.1 0
71.3 61.1 0
71.25 61.1 0
71.2 61.1 0
71.15 61.1 0
71.1 61.1 0
71.05 61.1 0
71 61.1 0
70.95 61.1 0
70.9 61.1 0
70.85 61.1 0
70.8 61.1 0
70.75 61.1 0
70.7 61.1 0
70.65 61.1 0
70.6 61.1 0
70.55 61.1 0
70.5 61.1 0
70.45 61.1 0
70.4 61.1 0
70.35 61.1 0
70.3 61.1 0
70.25 61.1 0
70.2 61.1 0
70.15 61.1 0
PATH 72 416
76.55 16 0
76.6 16.05 0
76.65 16.1 0
76.7 16.15 0
76.75 16.2 0
76.8 16.25 0
76.85 16.3 0
76.9 16.35 0
76.95 16.4 0
77 16.45 0
77.05 16.5 0
77.1 16.55 0
77.15 16.6 0
77.2 16.65 0
77.25 16.7 0
77.3 16.75 0
77.35 16.8 0
77.35 16.85 0
77.35 16.9 0
77.35 16.95 0
77.35 17 0
77.35 17.05 0
77.35 17.1 0
77.35 17.15 0
77.35 17.2 0
77.35 17.25 0
77.35 17.3 0
77.35 17.35 0
77.35 17.4 0
77.35 17.45 0
77.35 17.5 0
77.35 17.55 0
77.35 17.6 0
77.35 17.65 0
77.35 17.7 0
77.35 17.75 0
77.35 17.8 0
77.35 17.85 0
77.35 17.9 0
77.4 17.95 0
77.4 18 0
77.4 18.05 0
77.4 18.1 0
77.45 18.15 0
77.45 18.2 0
77.5 18.25 0
77.55 18.3 0
77.6 18.35 0
77.65 18.4 0
77.7 18.4 0
77.75 18.45 0
77.8 18.45 0
77.85 18.45 0
77.9 18.45 0
77.95 18.5 0
78 18.5 0
78.05 18.5 0
78.1 18.5 0
78.15 18.5 0
78.2 18.5 0
78.25 18.5 0
78.3 18.5 0
78.35 18.5 0
78.4 18.5 0
78.45 18.55 0
78.5 18.6 0
78.55 18.6 0
78.6 18.6 0
78.65 18.6 0
78.7 18.6 0
78.75 18.6 0
78.8 18.6 0
78.85 18.6 0
78.9 18.6 0
78.95 18.65 0
79 18.7 0
79.05 18.75 0
79.1 18.8 0
79.15 18.85 0
79.2 18.9 0
79.25 18.9 0
79.3 18.9 0
79.35 18.9 0
79.4 18.9 0
79.45 18.9 0
79.5 18.9 0
79.55 18.9 0
79.6 18.9 0
79.65 18.9 0
79.7 18.9 0
79.75 18.9 0
79.8 18.9 0
79.85 18.9 0
79.9 18.9 0
79.95 18.9 0
80 18.9 0
80.05 18.9 0
80.1 18.9 0
80.15 18.95 0
80.2 19 0
80.25 19 0
80.3 19 0
80.35 19 0
80.4 19 0
80.45 19 0
80.5 19 0
80.55 19.05 0
80.6 19.05 0
80.65 19.1 0
80.7 19.15 0
80.75 19.15 0
80.8 19.2 0
80.85 19.25 0
80.9 19.3 0
80.95 19.3 0
81 19.35 0
81.05 19.35 0
81.1 19.35 0
81.15 19.35 0
81.2 19.35 0
81.25 19.35 0
81.3 19.35 0
81.35 19.35 0
81.4 19.4 0
81.45 19.45 0
81.5 19.45 0
81.55 19.5 0
81.6 19.5 0
81.65 19.5 0
81.7 19.5 0
81.75 19.5 0
81.8 19.5 0
81.85 19.5 0
81.9 19.55 0
81.95 19.6 0
82 19.65 0
82.05 19.7 0
82.1 19.75 0
82.15 19.75 0
82.2 19.75 0
82.25 19.75 0
82.3 19.8 0
82.35 19.8 0
82.4 19.8 0
82.45 19.8 0
82.5 19.8 0
82.55 19.8 0
82.6 19.8 0
82.65 19.8 0
82.7 19.8 0
82.75 19.8 0
82.8 19.8 0
82.85 19.8 0
82.9 19.8 0
82.95 19.8 0
83 19.8 0
83.05 19.85 0
83.1 19.85 0
83.15 19.9 0
83.2 19.9 0
83.25 19.9 0
83.3 19.9 0
83.35 19.9 0
83.4 19.9 0
83.45 19.9 0
83.5 19.9 0
83.55 19.9 0
83.6 19.9 0
83.65 19.9 0
83.7 19.9 0
83.75 19.9 0
83.8 19.9 0
83.85 19.9 0
83.9 19.9 0
83.95 19.9 0
84 19.9 0
84.05 19.9 0
84.1 19.9 0
84.15 19.9 0
84.2 19.9 0
84.25 19.9 0
84.3 19.9 0
84.35 19.9 0
84.4 19.9 0
84.45 19.9 0
84.5 19.9 0
84.55 19.95 0
84.6 19.95 0
84.65 19.95 0
84.7 20 0
84.75 20.05 0
84.8 20.05 0
84.85 20.1 0
84.9 20.15 0
84.95 20.2 0
85 20.2 0
85.05 20.25 0
85.1 20.3 0
85.15 20.35 0
85.2 20.4 0
85.25 20.45 0
85.3 20.45 0
85.35 20.5 0
85.4 20.5 0
85.45 20.55 0
85.5 20.55 0
85.55 20.6 0
85.6 20.65 0
85.65 20.65 0
85.7 20.7 0
85.75 20.7 0
85.8 20.7 0
85.85 20.7 0
85.9 20.7 0
85.95 20.7 0
86 20.7 0
86.05 20.75 0
86.1 20.8 0
86.15 20.8 0
86.2 20.8 0
86.25 20.8 0
86.3 20.8 0
86.35 20.8 0
86.4 20.8 0
86.45 20.8 0
86.5 20.8 0
86.55 20.8 0
86.6 20.8 0
86.65 20.8 0
86.7 20.8 0
86.75 20.8 0
86.8 20.8 0
86.85 20.8 0
86.9 20.8 0
86.95 20.8 0
87 20.8 0
87.05 20.8 0
87.1 20.8 0
87.15 20.8 0
87.2 20.8 0
87.25 20.8 0
87.3 20.8 0
87.35 20.8 0
87.4 20.8 0
87.45 20.8 0
87.5 20.8 0
87.55 20.8 0
87.6 20.8 0
87.65 20.8 0
87.7 20.8 0
87.75 20.8 0
87.8 20.8 0
87.85 20.8 0
87.9 20.8 0
87.95 20.8 0
88 20.85 0
88.05 20.9 0
88.1 20.95 0
88.15 21 0
88.2 21.05 0
88.25 21.1 0
88.3 21.15 0
88.35 21.2 0
88.4 21.25 0
88.45 21.3 0
88.5 21.35 0
88.55 21.4 0
88.6 21.45 0
88.65 21.5 0
88.7 21.55 0
88.75 21.6 0
88.8 21.65 0
88.85 21.7 0
88.9 21.75 0
88.95 21.8 0
89 21.85 0
89.05 21.9 0
89.1 21.95 0
89.15 22 0
89.2 22.05 0
89.25 22.1 0
89.3 22.15 0
89.35 22.2 0
89.4 22.25 0
89.45 22.3 0
89.5 22.35 0
89.55 22.35 0
89.6 22.35 0
89.65 22.35 0
89.7 22.35 0
89.75 22.35 0
89.8 22.4 0
89.85 22.45 0
89.9 22.5 0
89.95 22.55 0
90 22.6 0
90.05 22.65 0
90.1 22.7 0
90.15 22.75 0
90.2 22.8 0
90.25 22.85 0
90.3 22.85 0
90.35 22.9 0
90.4 22.95 0
90.45 22.95 0
90.5 22.95 0
90.55 22.95 0
90.6 22.95 0
90.65 22.95 0
90.7 22.95 0
90.75 22.95 0
90.8 22.95 0
90.85 22.95 0
90.9 22.95 0
90.95 22.95 0
91 22.95 0
91.05 22.95 0
91.1 22.95 0
91.15 22.95 0
91.2 22.95 0
91.25 22.95 0
91.3 22.95 0
91.35 22.95 0
91.4 22.95 0
91.45 22.95 0
91.5 23 0
91.55 23.05 0
91.6 23.1 0
91.65 23.15 0
91.7 23.15 0
91.75 23.15 0
91.8 23.15 0
91.85 23.15 0
91.9 23.15 0
91.95 23.15 0
92 23.15 0
92.05 23.15 0
92.1 23.15 0
92.15 23.15 0
92.2 23.15 0
92.25 23.15 0
92.3 23.15 0
92.35 23.15 0
92.4 23.15 0
92.45 23.15 0
92.5 23.15 0
92.55 23.15 0
92.6 23.2 0
92.65 23.25 0
92.7 23.25 0
92.75 23.25 0
92.8 23.25 0
92.85 23.25 0
92.9 23.25 0
92.95 23.25 0
93 23.25 0
93.05 23.25 0
93.1 23.25 0
93.15 23.25 0
93.2 23.25 0
93.25 23.25 0
93.3 23.25 0
93.35 23.25 0
93.4 23.25 0
93.45 23.25 0
93.5 23.25 0
93.55 23.25 0
93.6 23.25 0
93.65 23.25 0
93.7 23.25 0
93.75 23.25 0
93.8 23.25 0
93.85 23.25 0
93.9 23.25 0
93.95 23.25 0
94 23.25 0
94.05 23.25 0
94.1 23.25 0
94.15 23.25 0
94.2 23.25 0
94.25 23.25 0
94.3 23.25 0
94.35 23.25 0
94.4 23.25 0
94.45 23.3 0
94.5 23.35 0
94.55 23.35 0
94.6 23.35 0
94.65 23.35 0
94.7 23.35 0
94.75 23.35 0
94.8 23.35 0
94.85 23.4 0
94.9 23.45 0
94.95 23.5 0
95 23.55 0
95.05 23.55 0
95.1 23.55 0
95.15 23.55 0
95.2 23.55 0
95.25 23.55 0
95.3 23.55 0
95.35 23.55 0
95.4 23.55 0
95.45 23.55 0
95.5 23.55 0
95.55 23.55 0
95.6 23.6 0
95.65 23.65 0
95.7 23.7 0
95.75 23.75 0
95.8 23.8 0
95.85 23.85 0
95.9 23.9 0
95.95 23.95 0
96 24 0
PATH 72 695
43.75 7.5 0
43.75 7.45 0
43.75 7.4 0
43.75 7.35 0
43.75 7.3 0
43.75 7.25 0
43.75 7.2 0
43.75 7.15 0
43.75 7.1 0
43.75 7.05 0
43.75 7 0
43.75 6.95 0
43.75 6.9 0
43.75 6.85 0
43.75 6.8 0
43.75 6.75 0
43.75 6.7 0
43.75 6.65 0
43.75 6.6 0
43.75 6.55 0
43.75 6.5 0
43.75 6.45 0
43.75 6.4 0
43.75 6.35 0
43.8 6.3 0
43.85 6.25 0
43.9 6.2 0
43.95 6.15 0
43.95 6.1 0
43.95 6.05 0
43.95 6 0
43.95 5.95 0
43.95 5.9 0
43.95 5.85 0
43.95 5.8 0
43.95 5.75 0
43.95 5.7 0
44 5.65 0
44 5.6 0
44 5.55 0
44 5.5 0
44.05 5.45 0
44.05 5.4 0
44.1 5.35 0
44.15 5.3 0
44.2 5.25 0
44.25 5.2 0
44.3 5.2 0
44.35 5.15 0
44.4 5.15 0
44.45 5.15 0
44.5 5.15 0
44.55 5.1 0
44.6 5.1 0
44.65 5.1 0
44.7 5.1 0
44.75 5.1 0
44.8 5.1 0
44.85 5.1 0
44.9 5.1 0
44.95 5.1 0
45 5.1 0
45.05 5.1 0
45.1 5.1 0
45.15 5.1 0
45.2 5.1 0
45.25 5.1 0
45.3 5.1 0
45.35 5.1 0
45.4 5.1 0
45.45 5.1 0
45.5 5.1 0
45.55 5.1 0
45.6 5.1 0
45.65 5.1 0
45.7 5.1 0
45.75 5.1 0
45.8 5.1 0
45.85 5.1 0
45.9 5.1 0
45.95 5.1 0
46 5.1 0
46.05 5.1 0
46.1 5.1 0
46.15 5.1 0
46.2 5.1 0
46.25 5.1 0
46.3 5.1 0
46.35 5.1 0
46.4 5.1 0
46.45 5.1 0
46.5 5.1 0
46.55 5.1 0
46.6 5.1 0
46.65 5.1 0
46.7 5.1 0
46.75 5.1 0
46.8 5.1 0
46.85 5.1 0
46.9 5.1 0
46.95 5.1 0
47 5.1 0
47.05 5.1 0
47.1 5.1 0
47.15 5.1 0
47.2 5.1 0
47.25 5.1 0
47.3 5.1 0
47.35 5.1 0
47.4 5.1 0
47.45 5.1 0
47.5 5.1 0
47.55 5.1 0
47.6 5.1 0
47.65 5.1 0
47.7 5.1 0
47.75 5.1 0
47.8 5.1 0
47.85 5.1 0
47.9 5.1 0
47.95 5.1 0
48 5.1 0
48.05 5.1 0
48.1 5.1 0
48.15 5.1 0
48.2 5.1 0
48.25 5.1 0
48.3 5.1 0
48.35 5.1 0
48.4 5.1 0
48.45 5.1 0
48.5 5.1 0
48.55 5.1 0
48.6 5.1 0
48.65 5.1 0
48.7 5.1 0
48.75 5.1 0
48.8 5.1 0
48.85 5.1 0
48.9 5.1 0
48.95 5.1 0
49 5.1 0
49.05 5.1 0
49.1 5.1 0
49.15 5.1 0
49.2 5.1 0
49.25 5.1 0
49.3 5.1 0
49.35 5.1 0
49.4 5.1 0
49.45 5.1 0
49.5 5.1 0
49.55 5.1 0
49.6 5.1 0
49.65 5.1 0
49.7 5.1 0
49.75 5.1 0
49.8 5.1 0
49.85 5.1 0
49.9 5.1 0
49.95 5.1 0
50 5.1 0
50.05 5.1 0
50.1 5.1 0
50.15 5.1 0
50.2 5.1 0
50.25 5.1 0
50.3 5.1 0
50.35 5.1 0
50.4 5.1 0
50.45 5.1 0
50.5 5.1 0
50.55 5.1 0
50.6 5.1 0
50.65 5.1 0
50.7 5.1 0
50.75 5.1 0
50.8 5.1 0
50.85 5.1 0
50.9 5.1 0
50.95 5.1 0
51 5.1 0
51.05 5.1 0
51.1 5.1 0
51.15 5.1 0
51.2 5.1 0
51.25 5.1 0
51.3 5.1 0
51.35 5.1 0
51.4 5.1 0
51.45 5.1 0
51.5 5.1 0
51.55 5.1 0
51.6 5.1 0
51.65 5.1 0
51.7 5.1 0
51.75 5.1 0
51.8 5.1 0
51.85 5.1 0
51.9 5.1 0
51.95 5.1 0
52 5.1 0
52.05 5.1 0
52.1 5.1 0
52.15 5.1 0
52.2 5.1 0
52.25 5.1 0
52.3 5.1 0
52.35 5.1 0
52.4 5.1 0
52.45 5.1 0
52.5 5.1 0
52.55 5.1 0
52.6 5.1 0
52.65 5.1 0
52.7 5.1 0
52.75 5.1 0
52.8 5.1 0
52.85 5.1 0
52.9 5.1 0
52.95 5.1 0
53 5.1 0
53.05 5.1 0
53.1 5.1 0
53.15 5.1 0
53.2 5.1 0
53.25 5.1 0
53.3 5.1 0
53.35 5.1 0
53.4 5.1 0
53.45 5.1 0
53.5 5.1 0
53.55 5.1 0
53.6 5.1 0
53.65 5.1 0
53.7 5.1 0
53.75 5.1 0
53.8 5.1 0
53.85 5.1 0
53.9 5.1 0
53.95 5.1 0
54 5.1 0
54.05 5.1 0
54.1 5.1 0
54.15 5.1 0
54.2 5.1 0
54.25 5.1 0
54.3 5.1 0
54.35 5.1 0
54.4 5.05 0
54.45 5 0
54.5 4.95 0
54.55 4.9 0
54.6 4.85 0
54.65 4.8 0
54.7 4.8 0
54.75 4.75 0
54.8 4.75 0
54.85 4.75 0
54.9 4.75 0
54.95 4.7 0
55 4.7 0
55.05 4.7 0
55.1 4.7 0
55.15 4.65 0
55.2 4.65 0
55.25 4.65 0
55.3 4.65 0
55.35 4.65 0
55.4 4.65 0
55.45 4.65 0
55.5 4.65 0
55.55 4.65 0
55.6 4.65 0
55.65 4.65 0
55.7 4.65 0
55.75 4.65 0
55.8 4.65 0
55.85 4.65 0
55.9 4.65 0
55.95 4.65 0
56 4.65 0
56.05 4.65 0
56.1 4.65 0
56.15 4.65 0
56.2 4.65 0
56.25 4.65 0
56.3 4.65 0
56.35 4.65 0
56.4 4.65 0
56.45 4.65 0
56.5 4.65 0
56.55 4.65 0
56.6 4.65 0
56.65 4.65 0
56.7 4.65 0
56.75 4.65 0
56.8 4.65 0
56.85 4.65 0
56.9 4.65 0
56.95 4.65 0
57 4.65 0
57.05 4.65 0
57.1 4.65 0
57.15 4.65 0
57.2 4.65 0
57.25 4.65 0
57.3 4.65 0
57.35 4.65 0
57.4 4.65 0
57.45 4.65 0
57.5 4.65 0
57.55 4.65 0
57.6 4.65 0
57.65 4.65 0
57.7 4.65 0
57.75 4.65 0
57.8 4.65 0
57.85 4.65 0
57.9 4.65 0
57.95 4.65 0
58 4.65 0
58.05 4.65 0
58.1 4.65 0
58.15 4.65 0
58.2 4.65 0
58.25 4.65 0
58.3 4.65 0
58.35 4.65 0
58.4 4.65 0
58.45 4.65 0
58.5 4.65 0
58.55 4.65 0
58.6 4.65 0
58.65 4.65 0
58.7 4.65 0
58.75 4.65 0
58.8 4.65 0
58.85 4.65 0
58.9 4.65 0
58.95 4.65 0
59 4.65 0
59.05 4.65 0
59.1 4.65 0
59.15 4.65 0
59.2 4.65 0
59.25 4.65 0
59.3 4.65 0
59.35 4.65 0
59.4 4.65 0
59.45 4.65 0
59.5 4.65 0
59.55 4.65 0
59.6 4.65 0
59.65 4.65 0
59.7 4.65 0
59.75 4.65 0
59.8 4.65 0
59.85 4.65 0
59.9 4.65 0
59.95 4.65 0
60 4.65 0
60.05 4.65 0
60.1 4.65 0
60.15 4.65 0
60.2 4.65 0
60.25 4.65 0
60.3 4.65 0
60.35 4.65 0
60.4 4.65 0
60.45 4.65 0
60.5 4.65 0
60.55 4.65 0
60.6 4.65 0
60.65 4.65 0
60.7 4.65 0
60.75 4.65 0
60.8 4.65 0
60.85 4.65 0
60.9 4.65 0
60.95 4.65 0
61 4.65 0
61.05 4.65 0
61.1 4.65 0
61.15 4.65 0
61.2 4.65 0
61.25 4.65 0
61.3 4.65 0
61.35 4.65 0
61.4 4.65 0
61.45 4.65 0
61.5 4.65 0
61.55 4.65 0
61.6 4.65 0
61.65 4.65 0
61.7 4.65 0
61.75 4.65 0
61.8 4.65 0
61.85 4.65 0
61.9 4.65 0
61.95 4.65 0
62 4.65 0
62.05 4.65 0
62.1 4.65 0
62.15 4.65 0
62.2 4.65 0
62.25 4.65 0
62.3 4.65 0
62.35 4.65 0
62.4 4.65 0
62.45 4.65 0
62.5 4.65 0
62.55 4.65 0
62.6 4.65 0
62.65 4.65 0
62.7 4.65 0
62.75 4.65 0
62.8 4.65 0
62.85 4.65 0
62.9 4.6 0
62.95 4.6 0
63 4.55 0
63.05 4.55 0
63.1 4.55 0
63.15 4.55 0
63.2 4.5 0
63.25 4.5 0
63.3 4.5 0
63.35 4.5 0
63.4 4.5 0
63.45 4.5 0
63.5 4.5 0
63.55 4.5 0
63.6 4.5 0
63.65 4.5 0
63.7 4.5 0
63.75 4.5 0
63.8 4.5 0
63.85 4.5 0
63.9 4.5 0
63.95 4.5 0
64 4.5 0
64.05 4.5 0
64.1 4.5 0
64.15 4.55 0
64.2 4.6 0
64.25 4.6 0
64.3 4.6 0
64.35 4.6 0
64.4 4.6 0
64.4 4.6 2
64.45 4.65 2
64.5 4.65 2
64.55 4.7 2
64.6 4.75 2
64.65 4.8 2
64.7 4.85 2
64.75 4.9 2
64.8 4.95 2
64.85 5 2
64.9 5.05 2
64.95 5.1 2
65 5.1 2
65.05 5.15 2
65.1 5.15 2
65.15 5.2 2
65.2 5.25 2
65.25 5.3 2
65.3 5.3 2
65.35 5.35 2
65.4 5.4 2
65.45 5.4 2
65.5 5.45 2
65.55 5.5 2
65.6 5.5 2
65.65 5.55 2
65.7 5.55 2
65.75 5.6 2
65.8 5.65 2
65.85 5.7 2
65.9 5.75 2
65.95 5.8 2
66 5.85 2
66.05 5.9 2
66.1 5.9 2
66.15 5.95 2
66.2 6 2
66.25 6.05 2
66.3 6.1 2
66.35 6.15 2
66.4 6.2 2
66.45 6.25 2
66.5 6.25 2
66.55 6.3 2
66.6 6.35 2
66.65 6.4 2
66.7 6.45 2
66.75 6.45 2
66.8 6.5 2
66.85 6.55 2
66.9 6.6 2
66.95 6.65 2
67 6.65 2
67.05 6.7 2
67.1 6.75 2
67.15 6.8 2
67.2 6.8 2
67.25 6.85 2
67.3 6.9 2
67.35 6.95 2
67.4 7 2
67.45 7.05 2
67.5 7.05 2
67.55 7.1 2
67.6 7.15 2
67.65 7.2 2
67.7 7.25 2
67.75 7.3 2
67.8 7.35 2
67.85 7.4 2
67.9 7.45 2
67.95 7.5 2
68 7.55 2
68.05 7.6 2
68.1 7.65 2
68.15 7.7 2
68.2 7.75 2
68.25 7.8 2
68.3 7.85 2
68.35 7.9 2
68.4 7.95 2
68.45 8 2
68.5 8.05 2
68.55 8.1 2
68.6 8.15 2
68.65 8.2 2
68.7 8.25 2
68.75 8.3 2
68.8 8.35 2
68.85 8.4 2
68.9 8.45 2
68.95 8.5 2
69 8.55 2
69.05 8.6 2
69.1 8.65 2
69.15 8.7 2
69.2 8.75 2
69.25 8.8 2
69.3 8.85 2
69.35 8.9 2
69.4 8.95 2
69.45 9 2
69.5 9.05 2
69.55 9.1 2
69.6 9.15 2
69.65 9.2 2
69.7 9.25 2
69.75 9.3 2
69.8 9.35 2
69.85 9.4 2
69.9 9.45 2
69.95 9.5 2
70 9.55 2
70.05 9.6 2
70.1 9.65 2
70.15 9.7 2
70.2 9.75 2
70.25 9.8 2
70.3 9.85 2
70.35 9.9 2
70.4 9.95 2
70.45 9.95 2
70.5 10 2
70.55 10.05 2
70.6 10.1 2
70.65 10.15 2
70.7 10.2 2
70.75 10.25 2
70.8 10.3 2
70.85 10.35 2
70.9 10.4 2
70.95 10.45 2
71 10.5 2
71.05 10.55 2
71.1 10.6 2
71.15 10.65 2
71.2 10.7 2
71.25 10.75 2
71.3 10.8 2
71.35 10.85 2
71.4 10.9 2
71.45 10.95 2
71.5 11 2
71.55 11.05 2
71.6 11.1 2
71.65 11.15 2
71.7 11.2 2
71.75 11.25 2
71.8 11.3 2
71.85 11.35 2
71.9 11.4 2
71.95 11.45 2
72 11.5 2
72.05 11.55 2
72.1 11.6 2
72.15 11.65 2
72.2 11.7 2
72.25 11.75 2
72.3 11.8 2
72.35 11.85 2
72.4 11.9 2
72.45 11.95 2
72.5 12 2
72.55 12.05 2
72.6 12.1 2
72.65 12.15 2
72.7 12.2 2
72.75 12.25 2
72.8 12.3 2
72.85 12.35 2
72.9 12.4 2
72.95 12.45 2
73 12.5 2
73.05 12.55 2
73.1 12.6 2
73.15 12.65 2
73.2 12.7 2
73.25 12.75 2
73.3 12.8 2
73.35 12.85 2
73.4 12.9 2
73.45 12.95 2
73.5 13 2
73.55 13.05 2
73.6 13.1 2
73.65 13.15 2
73.7 13.2 2
73.75 13.25 2
73.8 13.3 2
73.85 13.35 2
73.9 13.4 2
73.95 13.45 2
74 13.5 2
74.05 13.55 2
74.1 13.6 2
74.15 13.65 2
74.2 13.7 2
74.25 13.75 2
74.3 13.8 2
74.35 13.85 2
74.4 13.9 2
74.45 13.95 2
74.5 14 2
74.55 14.05 2
74.6 14.1 2
74.65 14.15 2
74.7 14.2 2
74.75 14.25 2
74.8 14.3 2
74.85 14.35 2
74.9 14.35 2
74.95 14.4 2
75 14.45 2
75.05 14.5 2
75.1 14.55 2
75.15 14.6 2
75.2 14.65 2
75.25 14.7 2
75.3 14.75 2
75.35 14.8 2
75.4 14.85 2
75.45 14.9 2
75.5 14.95 2
75.55 15 2
75.6 15.05 2
75.65 15.1 2
75.7 15.15 2
75.75 15.2 2
75.8 15.25 2
75.85 15.3 2
75.9 15.35 2
75.95 15.4 2
76 15.45 2
76.05 15.5 2
76.1 15.55 2
76.15 15.6 2
76.2 15.65 2
76.25 15.7 2
76.25 15.7 0
76.3 15.75 0
76.35 15.8 0
76.4 15.85 0
76.45 15.9 0
76.5 15.95 0
76.55 16 0
PATH 72 84
40.75 7.5 0
40.75 7.45 0
40.75 7.4 0
40.75 7.35 0
40.75 7.3 0
40.75 7.25 0
40.75 7.2 0
40.75 7.15 0
40.75 7.1 0
40.75 7.05 0
40.75 7 0
40.75 6.95 0
40.75 6.9 0
40.75 6.85 0
40.75 6.8 0
40.75 6.75 0
40.75 6.7 0
40.75 6.65 0
40.75 6.6 0
40.75 6.55 0
40.75 6.5 0
40.75 6.45 0
40.75 6.4 0
40.75 6.35 0
40.8 6.35 0
40.85 6.35 0
40.9 6.35 0
40.95 6.35 0
41 6.35 0
41.05 6.35 0
41.1 6.35 0
41.15 6.35 0
41.2 6.35 0
41.25 6.35 0
41.3 6.35 0
41.35 6.35 0
41.4 6.35 0
41.45 6.35 0
41.5 6.35 0
41.55 6.35 0
41.6 6.35 0
41.65 6.35 0
41.7 6.35 0
41.75 6.35 0
41.8 6.35 0
41.85 6.35 0
41.9 6.35 0
41.95 6.35 0
42 6.35 0
42.05 6.35 0
42.1 6.35 0
42.15 6.35 0
42.2 6.35 0
42.25 6.35 0
42.3 6.35 0
42.35 6.35 0
42.4 6.35 0
42.45 6.35 0
42.5 6.35 0
42.55 6.35 0
42.6 6.35 0
42.65 6.35 0
42.7 6.35 0
42.75 6.35 0
42.8 6.35 0
42.85 6.35 0
42.9 6.35 0
42.95 6.35 0
43 6.35 0
43.05 6.35 0
43.1 6.35 0
43.15 6.35 0
43.2 6.35 0
43.25 6.35 0
43.3 6.35 0
43.35 6.35 0
43.4 6.35 0
43.45 6.35 0
43.5 6.35 0
43.55 6.35 0
43.6 6.35 0
43.65 6.35 0
43.7 6.35 0
43.75 6.35 0
PATH 40 81
88.95 67 0
88.9 67.05 0
88.85 67.1 0
88.85 67.15 0
88.8 67.2 0
88.8 67.25 0
88.8 67.3 0
88.75 67.35 0
88.75 67.4 0
88.75 67.45 0
88.75 67.5 0
88.75 67.55 0
88.7 67.6 0
88.65 67.65 0
88.6 67.7 0
88.55 67.75 0
88.5 67.8 0
88.45 67.85 0
88.45 67.9 0
88.45 67.95 0
88.45 68 0
88.45 68.05 0
88.45 68.1 0
88.45 68.15 0
88.45 68.2 0
88.45 68.25 0
88.45 68.3 0
88.45 68.35 0
88.45 68.4 0
88.45 68.45 0
88.45 68.5 0
88.45 68.55 0
88.45 68.6 0
88.45 68.65 0
88.45 68.7 0
88.45 68.75 0
88.45 68.8 0
88.45 68.85 0
88.45 68.9 0
88.45 68.95 0
88.45 69 0
88.45 69.05 0
88.45 69.1 0
88.45 69.15 0
88.45 69.2 0
88.45 69.25 0
88.45 69.3 0
88.45 69.35 0
88.45 69.4 0
88.45 69.45 0
88.45 69.5 0
88.45 69.55 0
88.4 69.6 0
88.35 69.65 0
88.3 69.7 0
88.25 69.75 0
88.2 69.8 0
88.15 69.85 0
88.1 69.9 0
88.05 69.95 0
88 70 0
87.95 70.05 0
87.9 70.1 0
87.85 70.15 0
87.8 70.2 0
87.75 70.25 0
87.7 70.3 0
87.65 70.35 0
87.6 70.4 0
87.55 70.45 0
87.5 70.5 0
87.45 70.55 0
87.4 70.6 0
87.35 70.65 0
87.3 70.7 0
87.25 70.75 0
87.2 70.8 0
87.2 70.85 0
87.2 70.9 0
87.2 70.95 0
87.2 71 0
PATH 40 149
84.85 61.7 0
84.9 61.75 0
84.95 61.8 0
85 61.85 0
85.05 61.85 0
85.1 61.85 0
85.15 61.85 0
85.2 61.85 0
85.25 61.85 0
85.3 61.85 0
85.35 61.85 0
85.4 61.85 0
85.45 61.85 0
85.5 61.85 0
85.55 61.85 0
85.6 61.85 0
85.65 61.85 0
85.7 61.85 0
85.75 61.85 0
85.8 61.85 0
85.85 61.85 0
85.9 61.85 0
85.95 61.85 0
86 61.9 0
86.05 61.95 0
86.1 62 0
86.15 62.05 0
86.2 62.05 0
86.25 62.05 0
86.3 62.05 0
86.35 62.05 0
86.4 62.05 0
86.45 62.05 0
86.5 62.05 0
86.55 62.05 0
86.6 62.05 0
86.65 62.05 0
86.7 62.05 0
86.75 62.05 0
86.8 62.05 0
86.85 62.05 0
86.9 62.05 0
86.9 62.05 2
86.95 62.1 2
87 62.15 2
87.05 62.2 2
87.1 62.25 2
87.15 62.3 2
87.2 62.35 2
87.25 62.4 2
87.3 62.45 2
87.35 62.5 2
87.4 62.55 2
87.45 62.6 2
87.5 62.65 2
87.55 62.7 2
87.6 62.75 2
87.65 62.8 2
87.7 62.85 2
87.75 62.9 2
87.8 62.95 2
87.85 63 2
87.9 63.05 2
87.95 63.1 2
88 63.15 2
88.05 63.2 2
88.1 63.25 2
88.15 63.3 2
88.2 63.35 2
88.25 63.4 2
88.3 63.45 2
88.35 63.5 2
88.4 63.55 2
88.45 63.6 2
88.5 63.65 2
88.55 63.7 2
88.6 63.75 2
88.65 63.8 2
88.7 63.85 2
88.75 63.9 2
88.8 63.95 2
88.85 64 2
88.9 64.05 2
88.95 64.1 2
89 64.15 2
89.05 64.2 2
89.1 64.2 2
89.15 64.2 2
89.2 64.2 2
89.25 64.2 2
89.3 64.2 2
89.35 64.2 2
89.35 64.2 0
89.3 64.25 0
89.25 64.3 0
89.2 64.35 0
89.15 64.4 0
89.1 64.45 0
89.05 64.5 0
89.05 64.55 0
89.05 64.6 0
89.05 64.65 0
89.05 64.7 0
89.05 64.75 0
89.05 64.8 0
89.05 64.85 0
89.05 64.9 0
89.05 64.95 0
89 65 0
89 65.05 0
89 65.1 0
89 65.15 0
88.95 65.2 0
88.95 65.25 0
88.95 65.3 0
88.95 65.35 0
88.95 65.4 0
88.95 65.45 0
88.95 65.5 0
88.95 65.55 0
88.95 65.6 0
88.95 65.65 0
88.95 65.7 0
88.95 65.75 0
88.95 65.8 0
88.95 65.85 0
88.95 65.9 0
88.95 65.95 0
88.95 66 0
88.95 66.05 0
88.95 66.1 0
88.95 66.15 0
88.95 66.2 0
88.95 66.25 0
88.95 66.3 0
88.95 66.35 0
88.95 66.4 0
88.95 66.45 0
88.95 66.5 0
88.95 66.55 0
88.95 66.6 0
88.95 66.65 0
88.95 66.7 0
88.95 66.75 0
88.95 66.8 0
88.95 66.85 0
88.95 66.9 0
88.95 66.95 0
88.95 67 0
PATH 40 115
79.15 61.1 0
79.2 61.1 0
79.25 61.1 0
79.3 61.1 0
79.35 61.1 0
79.4 61.15 0
79.45 61.15 0
79.5 61.15 0
79.55 61.15 0
79.6 61.15 0
79.65 61.15 0
79.7 61.15 0
79.75 61.15 0
79.8 61.15 0
79.85 61.15 0
79.9 61.15 0
79.95 61.15 0
80 61.15 0
80.05 61.15 0
80.1 61.15 0
80.15 61.15 0
80.2 61.15 0
80.25 61.15 0
80.3 61.15 0
80.35 61.15 0
80.4 61.15 0
80.45 61.15 0
80.5 61.15 0
80.55 61.15 0
80.6 61.15 0
80.65 61.15 0
80.7 61.15 0
80.75 61.15 0
80.8 61.15 0
80.85 61.15 0
80.9 61.15 0
80.95 61.15 0
81 61.15 0
81.05 61.15 0
81.1 61.15 0
81.15 61.15 0
81.2 61.15 0
81.25 61.15 0
81.3 61.15 0
81.35 61.15 0
81.4 61.15 0
81.45 61.15 0
81.5 61.15 0
81.55 61.15 0
81.6 61.15 0
81.65 61.15 0
81.7 61.15 0
81.75 61.15 0
81.8 61.15 0
81.85 61.15 0
81.9 61.15 0
81.95 61.15 0
82 61.15 0
82.05 61.15 0
82.1 61.15 0
82.15 61.15 0
82.2 61.15 0
82.25 61.15 0
82.3 61.15 0
82.35 61.15 0
82.4 61.15 0
82.45 61.15 0
82.5 61.15 0
82.55 61.15 0
82.6 61.15 0
82.65 61.15 0
82.7 61.15 0
82.75 61.15 0
82.8 61.15 0
82.85 61.15 0
82.9 61.15 0
82.95 61.15 0
83 61.2 0
83.05 61.25 0
83.1 61.3 0
83.15 61.35 0
83.2 61.4 0
83.25 61.45 0
83.3 61.5 0
83.35 61.55 0
83.4 61.6 0
83.45 61.6 0
83.5 61.65 0
83.55 61.65 0
83.6 61.65 0
83.65 61.65 0
83.7 61.65 0
83.75 61.65 0
83.8 61.7 0
83.85 61.7 0
83.9 61.7 0
83.95 61.7 0
84 61.7 0
84.05 61.7 0
84.1 61.7 0
84.15 61.7 0
84.2 61.7 0
84.25 61.7 0
84.3 61.7 0
84.35 61.7 0
84.4 61.7 0
84.45 61.7 0
84.5 61.7 0
84.55 61.7 0
84.6 61.7 0
84.65 61.7 0
84.7 61.7 0
84.75 61.7 0
84.8 61.7 0
84.85 61.7 0
PATH 3 123
54.55 62 0
54.6 62 0
54.65 62 0
54.7 62 0
54.75 62 0
54.8 62 0
54.85 62 0
54.9 62 0
54.95 62 0
55 62 0
55.05 62 0
55.1 62 0
55.15 62 0
55.2 62 0
55.25 62 0
55.3 62 0
55.35 62 0
55.4 62 0
55.45 62 0
55.5 62 0
55.55 62 0
55.6 62 0
55.65 62 0
55.7 62 0
55.75 62 0
55.8 62 0
55.85 62 0
55.9 62 0
55.95 62 0
55.95 62 2
56 62 2
56.05 62 2
56.1 62 2
56.15 62 2
56.2 62 2
56.25 62 2
56.3 62 2
56.35 62 2
56.4 62 2
56.45 62 2
56.5 62 2
56.55 62 2
56.6 62 2
56.65 62 2
56.7 62 2
56.75 62 2
56.8 62 2
56.85 62 2
56.9 62 2
56.95 62 2
57 62 2
57.05 62 2
57.1 62 2
57.15 62 2
57.2 62 2
57.25 62 2
57.3 62 2
57.35 62 2
57.4 62 2
57.45 62 2
57.5 62 2
57.55 62 2
57.6 62 2
57.65 62 2
57.7 62 2
57.75 62 2
57.8 62 2
57.85 62 2
57.9 62 2
57.95 62 2
58 62 2
58.05 62 2
58.1 62 2
58.15 62 2
58.2 62 2
58.25 62 2
58.3 62 2
58.35 62 2
58.4 62 2
58.45 62 2
58.5 62 2
58.55 62 2
58.6 62 2
58.65 62 2
58.7 62 2
58.75 62 2
58.8 62 2
58.85 62 2
58.9 62 2
58.95 62 2
59 62 2
59.05 62 2
59.1 62 2
59.15 62 2
59.2 62 2
59.25 62 2
59.3 62 2
59.35 62 2
59.4 62 2
59.45 62 2
59.5 62 2
59.55 62 2
59.6 62 2
59.65 62 2
59.7 62 2
59.75 62 2
59.8 62 2
59.85 62 2
59.9 62 2
59.95 62 2
60 62 2
60.05 62 2
60.1 62 2
60.15 62 2
60.2 62 2
60.25 62 2
60.3 62 2
60.35 62 2
60.4 62 2
60.45 62 2
60.5 62 2
60.55 62 2
60.55 62 0
PATH 3 43
52.45 61 0
52.5 61 0
52.55 61 0
52.6 61 0
52.65 61 0
52.7 61 0
52.75 61 0
52.8 61 0
52.85 61 0
52.9 61 0
52.95 61 0
53 61 0
53.05 61 0
53.1 61 0
53.15 61 0
53.2 61 0
53.25 61 0
53.3 61 0
53.35 61 0
53.4 61 0
53.45 61 0
53.5 61 0
53.55 61 0
53.6 61.05 0
53.65 61.1 0
53.7 61.15 0
53.75 61.2 0
53.8 61.25 0
53.85 61.3 0
53.9 61.35 0
53.95 61.4 0
54 61.45 0
54.05 61.5 0
54.1 61.55 0
54.15 61.6 0
54.2 61.65 0
54.25 61.7 0
54.3 61.75 0
54.35 61.8 0
54.4 61.85 0
54.45 61.9 0
54.5 61.95 0
54.55 62 0
PATH 3 102
65.55 61 0
65.5 61 0
65.45 61 0
65.4 61.05 0
65.35 61.1 0
65.3 61.15 0
65.3 61.15 2
65.25 61.15 2
65.2 61.2 2
65.15 61.2 2
65.1 61.2 2
65.05 61.2 2
65 61.2 2
64.95 61.2 2
64.9 61.2 2
64.85 61.2 2
64.8 61.2 2
64.75 61.2 2
64.7 61.2 2
64.65 61.2 2
64.6 61.2 2
64.55 61.2 2
64.5 61.2 2
64.45 61.2 2
64.4 61.2 2
64.35 61.2 2
64.3 61.2 2
64.25 61.2 2
64.2 61.2 2
64.15 61.25 2
64.1 61.25 2
64.05 61.3 2
64 61.35 2
63.95 61.35 2
63.9 61.35 2
63.85 61.35 2
63.8 61.35 2
63.75 61.35 2
63.7 61.35 2
63.65 61.35 2
63.6 61.35 2
63.55 61.35 2
63.5 61.35 2
63.45 61.35 2
63.4 61.4 2
63.35 61.45 2
63.3 61.45 2
63.25 61.45 2
63.2 61.45 2
63.15 61.5 2
63.1 61.5 2
63.05 61.55 2
63 61.6 2
62.95 61.65 2
62.9 61.65 2
62.85 61.7 2
62.8 61.75 2
62.75 61.75 2
62.7 61.8 2
62.65 61.8 2
62.6 61.8 2
62.55 61.8 2
62.5 61.8 2
62.45 61.8 2
62.4 61.85 2
62.35 61.85 2
62.3 61.85 2
62.25 61.85 2
62.2 61.85 2
62.15 61.85 2
62.1 61.85 2
62.05 61.85 2
62 61.85 2
61.95 61.85 2
61.9 61.85 2
61.85 61.85 2
61.8 61.85 2
61.75 61.85 2
61.7 61.85 2
61.65 61.85 2
61.6 61.85 2
61.55 61.85 2
61.5 61.85 2
61.45 61.85 2
61.4 61.85 2
61.35 61.85 2
61.3 61.85 2
61.25 61.85 2
61.2 61.85 2
61.15 61.85 2
61.1 61.85 2
61.05 61.85 2
61 61.85 2
60.95 61.85 2
60.9 61.85 2
60.85 61.85 2
60.8 61.85 2
60.75 61.85 2
60.7 61.85 2
60.65 61.9 2
60.6 61.95 2
60.55 62 2
PATH 75 261
30.85 11 0
30.9 10.95 0
30.95 10.9 0
30.95 10.9 2
31 10.85 2
31.05 10.8 2
31.1 10.75 2
31.15 10.7 2
31.2 10.65 2
31.25 10.6 2
31.3 10.55 2
31.35 10.5 2
31.4 10.45 2
31.45 10.4 2
31.5 10.35 2
31.55 10.3 2
31.6 10.25 2
31.65 10.2 2
31.7 10.15 2
31.75 10.1 2
31.8 10.05 2
31.85 10 2
31.9 9.95 2
31.95 9.9 2
32 9.85 2
32.05 9.8 2
32.1 9.75 2
32.15 9.7 2
32.2 9.65 2
32.25 9.6 2
32.3 9.55 2
32.35 9.5 2
32.4 9.45 2
32.45 9.4 2
32.5 9.35 2
32.55 9.3 2
32.6 9.25 2
32.65 9.2 2
32.7 9.15 2
32.75 9.1 2
32.8 9.05 2
32.85 9 2
32.9 8.95 2
32.95 8.9 2
33 8.85 2
33.05 8.8 2
33.1 8.75 2
33.15 8.7 2
33.2 8.65 2
33.25 8.6 2
33.3 8.55 2
33.35 8.5 2
33.4 8.45 2
33.45 8.4 2
33.5 8.35 2
33.55 8.3 2
33.6 8.25 2
33.65 8.2 2
33.7 8.15 2
33.75 8.1 2
33.8 8.05 2
33.85 8 2
33.9 7.95 2
33.95 7.9 2
34 7.85 2
34.05 7.8 2
34.1 7.75 2
34.15 7.7 2
34.2 7.65 2
34.25 7.6 2
34.3 7.55 2
34.35 7.5 2
34.4 7.45 2
34.4 7.4 2
34.4 7.35 2
34.4 7.3 2
34.4 7.25 2
34.4 7.2 2
34.4 7.15 2
34.4 7.1 2
34.4 7.05 2
34.4 7 2
34.4 6.95 2
34.4 6.9 2
34.4 6.85 2
34.4 6.8 2
34.4 6.75 2
34.4 6.7 2
34.4 6.65 2
34.4 6.6 2
34.4 6.55 2
34.4 6.5 2
34.4 6.45 2
34.4 6.4 2
34.4 6.35 2
34.4 6.3 2
34.4 6.25 2
34.4 6.2 2
34.4 6.15 2
34.4 6.1 2
34.4 6.05 2
34.4 6 2
34.4 5.95 2
34.4 5.9 2
34.4 5.85 2
34.4 5.8 2
34.4 5.75 2
34.4 5.7 2
34.4 5.65 2
34.4 5.6 2
34.4 5.55 2
34.4 5.5 2
34.45 5.45 2
34.45 5.4 2
34.45 5.35 2
34.45 5.3 2
34.5 5.25 2
34.5 5.2 2
34.5 5.15 2
34.5 5.1 2
34.55 5.05 2
34.55 5 2
34.6 4.95 2
34.65 4.9 2
34.7 4.85 2
34.75 4.8 2
34.8 4.75 2
34.85 4.7 2
34.9 4.65 2
34.95 4.6 2
35 4.6 2
35.05 4.55 2
35.1 4.55 2
35.15 4.55 2
35.2 4.55 2
35.25 4.5 2
35.3 4.5 2
35.35 4.5 2
35.4 4.5 2
35.45 4.45 2
35.5 4.45 2
35.55 4.45 2
35.6 4.45 2
35.65 4.45 2
35.7 4.45 2
35.75 4.45 2
35.8 4.45 2
35.85 4.45 2
35.9 4.45 2
35.95 4.45 2
36 4.45 2
36.05 4.45 2
36.1 4.45 2
36.15 4.45 2
36.2 4.45 2
36.25 4.45 2
36.3 4.45 2
36.35 4.45 2
36.4 4.45 2
36.45 4.45 2
36.5 4.45 2
36.55 4.45 2
36.6 4.45 2
36.65 4.45 2
36.7 4.45 2
36.75 4.4 2
36.8 4.35 2
36.85 4.3 2
36.9 4.25 2
36.95 4.2 2
37 4.2 2
37.05 4.15 2
37.1 4.15 2
37.15 4.15 2
37.2 4.15 2
37.25 4.1 2
37.3 4.1 2
37.35 4.1 2
37.4 4.15 2
37.45 4.15 2
37.5 4.15 2
37.55 4.15 2
37.6 4.2 2
37.65 4.2 2
37.7 4.25 2
37.75 4.3 2
37.8 4.35 2
37.85 4.4 2
37.9 4.45 2
37.95 4.5 2
38 4.55 2
38.05 4.6 2
38.1 4.65 2
38.15 4.7 2
38.2 4.75 2
38.25 4.8 2
38.3 4.85 2
38.35 4.9 2
38.4 4.95 2
38.45 5 2
38.5 5.05 2
38.55 5.1 2
38.6 5.15 2
38.65 5.2 2
38.7 5.25 2
38.75 5.3 2
38.8 5.35 2
38.85 5.4 2
38.9 5.45 2
38.95 5.5 2
39 5.55 2
39.05 5.6 2
39.1 5.65 2
39.15 5.7 2
39.2 5.75 2
39.25 5.8 2
39.3 5.8 2
39.35 5.8 2
39.4 5.8 2
39.45 5.8 2
39.5 5.8 2
39.55 5.8 2
39.6 5.8 2
39.65 5.8 2
39.7 5.8 2
39.75 5.8 2
39.75 5.8 0
39.75 5.85 0
39.75 5.9 0
39.75 5.95 0
39.75 6 0
39.75 6.05 0
39.75 6.1 0
39.75 6.15 0
39.75 6.2 0
39.75 6.25 0
39.75 6.3 0
39.75 6.35 0
39.75 6.4 0
39.75 6.45 0
39.75 6.5 0
39.75 6.55 0
39.75 6.6 0
39.75 6.65 0
39.75 6.7 0
39.75 6.75 0
39.75 6.8 0
39.75 6.85 0
39.75 6.9 0
39.75 6.95 0
39.75 7 0
39.75 7.05 0
39.75 7.1 0
39.75 7.15 0
39.75 7.2 0
39.75 7.25 0
39.75 7.3 0
39.75 7.35 0
39.75 7.4 0
39.75 7.45 0
39.75 7.5 0
PATH 75 1163
53.85 69 0
53.8 68.95 0
53.75 68.9 0
53.7 68.85 0
53.65 68.8 0
53.6 68.75 0
53.55 68.7 0
53.5 68.65 0
53.45 68.6 0
53.4 68.55 0
53.35 68.5 0
53.3 68.45 0
53.25 68.4 0
53.2 68.35 0
53.15 68.3 0
53.1 68.25 0
53.05 68.2 0
53 68.15 0
52.95 68.1 0
52.9 68.05 0
52.85 68 0
52.8 67.95 0
52.75 67.9 0
52.7 67.85 0
52.65 67.8 0
52.6 67.75 0
52.55 67.7 0
52.5 67.65 0
52.45 67.6 0
52.4 67.55 0
52.35 67.5 0
52.3 67.45 0
52.25 67.4 0
52.2 67.35 0
52.15 67.3 0
52.1 67.25 0
52.05 67.2 0
52 67.15 0
51.95 67.1 0
51.9 67.05 0
51.85 67 0
51.8 66.95 0
51.75 66.9 0
51.7 66.85 0
51.65 66.8 0
51.6 66.75 0
51.55 66.7 0
51.5 66.65 0
51.45 66.6 0
51.4 66.55 0
51.35 66.5 0
51.3 66.45 0
51.25 66.4 0
51.2 66.35 0
51.15 66.3 0
51.1 66.25 0
51.05 66.2 0
51 66.15 0
50.95 66.1 0
50.9 66.05 0
50.85 66 0
50.8 65.95 0
50.75 65.9 0
50.7 65.85 0
50.65 65.8 0
50.6 65.75 0
50.55 65.7 0
50.5 65.65 0
50.45 65.6 0
50.4 65.55 0
50.35 65.5 0
50.3 65.45 0
50.25 65.4 0
50.2 65.35 0
50.15 65.3 0
50.1 65.25 0
50.05 65.2 0
50 65.15 0
49.95 65.1 0
49.9 65.05 0
49.85 65 0
49.8 64.95 0
49.75 64.9 0
49.7 64.85 0
49.65 64.8 0
49.6 64.75 0
49.55 64.7 0
49.5 64.65 0
49.45 64.6 0
49.4 64.55 0
49.35 64.5 0
49.3 64.45 0
49.25 64.4 0
49.2 64.35 0
49.15 64.3 0
49.1 64.25 0
49.05 64.2 0
49 64.15 0
48.95 64.1 0
48.9 64.05 0
48.85 64 0
48.8 63.95 0
48.75 63.9 0
48.7 63.85 0
48.65 63.8 0
48.6 63.75 0
48.55 63.7 0
48.5 63.65 0
48.45 63.6 0
48.4 63.55 0
48.35 63.5 0
48.3 63.45 0
48.25 63.4 0
48.2 63.35 0
48.15 63.3 0
48.1 63.25 0
48.05 63.2 0
48 63.15 0
47.95 63.1 0
47.9 63.05 0
47.85 63 0
47.8 62.95 0
47.75 62.9 0
47.7 62.85 0
47.65 62.8 0
47.6 62.75 0
47.55 62.7 0
47.5 62.65 0
47.45 62.6 0
47.4 62.55 0
47.35 62.5 0
47.3 62.45 0
47.3 62.4 0
47.3 62.4 2
47.3 62.35 2
47.3 62.3 2
47.25 62.25 2
47.2 62.2 2
47.15 62.15 2
47.1 62.1 2
47.05 62.05 2
47 62 2
46.95 61.95 2
46.9 61.9 2
46.85 61.85 2
46.8 61.8 2
46.75 61.75 2
46.7 61.7 2
46.65 61.65 2
46.6 61.6 2
46.55 61.55 2
46.5 61.5 2
46.45 61.45 2
46.4 61.4 2
46.35 61.35 2
46.3 61.3 2
46.25 61.25 2
46.2 61.2 2
46.15 61.15 2
46.1 61.1 2
46.1 61.05 2
46.05 61 2
46 60.95 2
45.95 60.9 2
45.9 60.85 2
45.85 60.8 2
45.85 60.75 2
45.8 60.7 2
45.75 60.65 2
45.7 60.6 2
45.65 60.55 2
45.65 60.5 2
45.65 60.45 2
45.65 60.4 2
45.6 60.35 2
45.55 60.3 2
45.55 60.25 2
45.5 60.2 2
45.45 60.15 2
45.4 60.1 2
45.35 60.05 2
45.3 60 2
45.25 59.95 2
45.2 59.9 2
45.15 59.85 2
45.1 59.8 2
45.05 59.75 2
45 59.7 2
44.95 59.65 2
44.9 59.6 2
44.85 59.55 2
44.8 59.5 2
44.75 59.45 2
44.7 59.4 2
44.65 59.35 2
44.6 59.3 2
44.55 59.25 2
44.5 59.2 2
44.45 59.15 2
44.4 59.1 2
44.35 59.05 2
44.3 59 2
44.25 58.95 2
44.2 58.9 2
44.15 58.85 2
44.1 58.8 2
44.05 58.75 2
44 58.7 2
43.95 58.65 2
43.9 58.6 2
43.85 58.55 2
43.8 58.5 2
43.75 58.45 2
43.7 58.4 2
43.65 58.35 2
43.6 58.3 2
43.55 58.25 2
43.5 58.2 2
43.45 58.15 2
43.4 58.1 2
43.4 58.05 2
43.4 58 2
43.4 57.95 2
43.4 57.9 2
43.4 57.85 2
43.4 57.8 2
43.4 57.75 2
43.4 57.7 2
43.4 57.65 2
43.4 57.6 2
43.4 57.55 2
43.4 57.5 2
43.35 57.45 2
43.3 57.4 2
43.3 57.35 2
43.3 57.3 2
43.25 57.25 2
43.2 57.2 2
43.15 57.15 2
43.1 57.1 2
43.05 57.05 2
43 57 2
42.95 56.95 2
42.9 56.9 2
42.9 56.85 2
42.9 56.8 2
42.9 56.75 2
42.9 56.7 2
42.9 56.65 2
42.9 56.6 2
42.85 56.55 2
42.8 56.5 2
42.75 56.45 2
42.7 56.4 2
42.65 56.35 2
42.6 56.3 2
42.55 56.25 2
42.55 56.2 2
42.55 56.15 2
42.55 56.1 2
42.55 56.05 2
42.5 56 2
42.45 55.95 2
42.4 55.9 2
42.35 55.85 2
42.3 55.8 2
42.3 55.75 2
42.3 55.7 2
42.3 55.65 2
42.3 55.6 2
42.3 55.55 2
42.25 55.5 2
42.2 55.45 2
42.15 55.4 2
42.1 55.35 2
42.05 55.3 2
42 55.25 2
41.95 55.2 2
41.9 55.15 2
41.85 55.1 2
41.8 55.05 2
41.75 55 2
41.7 54.95 2
41.65 54.9 2
41.6 54.85 2
41.55 54.8 2
41.5 54.75 2
41.45 54.7 2
41.4 54.65 2
41.35 54.6 2
41.3 54.55 2
41.25 54.5 2
41.2 54.45 2
41.15 54.4 2
41.1 54.35 2
41.05 54.3 2
41 54.25 2
40.95 54.2 2
40.9 54.15 2
40.85 54.1 2
40.8 54.05 2
40.75 54 2
40.7 53.95 2
40.65 53.9 2
40.6 53.85 2
40.55 53.8 2
40.5 53.75 2
40.45 53.7 2
40.4 53.65 2
40.35 53.6 2
40.3 53.55 2
40.25 53.5 2
40.2 53.45 2
40.15 53.4 2
40.1 53.35 2
40.05 53.3 2
40 53.25 2
39.95 53.2 2
39.9 53.15 2
39.85 53.1 2
39.8 53.05 2
39.75 53 2
39.7 52.95 2
39.65 52.9 2
39.6 52.85 2
39.55 52.8 2
39.5 52.75 2
39.45 52.7 2
39.4 52.65 2
39.35 52.6 2
39.3 52.55 2
39.25 52.5 2
39.2 52.45 2
39.15 52.4 2
39.1 52.35 2
39.05 52.3 2
39 52.25 2
38.95 52.2 2
38.9 52.15 2
38.85 52.1 2
38.8 52.05 2
38.75 52 2
38.7 51.95 2
38.65 51.9 2
38.6 51.85 2
38.55 51.8 2
38.5 51.75 2
38.45 51.7 2
38.4 51.65 2
38.35 51.6 2
38.3 51.55 2
38.25 51.5 2
38.2 51.45 2
38.15 51.4 2
38.1 51.35 2
38.05 51.3 2
38 51.25 2
37.95 51.2 2
37.9 51.15 2
37.85 51.1 2
37.8 51.05 2
37.75 51 2
37.7 50.95 2
37.65 50.9 2
37.6 50.85 2
37.55 50.8 2
37.5 50.75 2
37.45 50.7 2
37.4 50.65 2
37.35 50.6 2
37.3 50.55 2
37.25 50.5 2
37.2 50.45 2
37.2 50.4 2
37.2 50.35 2
37.2 50.3 2
37.2 50.25 2
37.2 50.2 2
37.2 50.15 2
37.2 50.1 2
37.2 50.05 2
37.2 50 2
37.2 49.95 2
37.2 49.9 2
37.2 49.85 2
37.2 49.8 2
37.2 49.75 2
37.2 49.7 2
37.2 49.65 2
37.2 49.6 2
37.2 49.55 2
37.2 49.5 2
37.2 49.45 2
37.2 49.4 2
37.2 49.35 2
37.2 49.3 2
37.2 49.25 2
37.2 49.2 2
37.2 49.15 2
37.2 49.1 2
37.2 49.05 2
37.2 49 2
37.2 48.95 2
37.2 48.9 2
37.2 48.85 2
37.2 48.8 2
37.2 48.75 2
37.15 48.7 2
37.15 48.65 2
37.15 48.6 2
37.15 48.55 2
37.1 48.5 2
37.05 48.45 2
37.05 48.4 2
37.05 48.35 2
37 48.3 2
36.95 48.25 2
36.95 48.2 2
36.95 48.15 2
36.95 48.1 2
36.95 48.05 2
36.95 48 2
36.95 47.95 2
36.95 47.9 2
36.95 47.85 2
36.95 47.8 2
36.9 47.75 2
36.9 47.7 2
36.9 47.65 2
36.9 47.6 2
36.9 47.55 2
36.9 47.5 2
36.9 47.45 2
36.9 47.4 2
36.9 47.35 2
36.85 47.3 2
36.8 47.25 2
36.75 47.2 2
36.7 47.15 2
36.7 47.1 2
36.7 47.05 2
36.65 47 2
36.6 46.95 2
36.6 46.9 2
36.55 46.85 2
36.55 46.8 2
36.55 46.75 2
36.5 46.7 2
36.5 46.65 2
36.5 46.6 2
36.45 46.55 2
36.45 46.5 2
36.45 46.45 2
36.45 46.4 2
36.45 46.35 2
36.4 46.3 2
36.35 46.25 2
36.3 46.2 2
36.25 46.15 2
36.2 46.1 2
36.15 46.05 2
36.1 46 2
36.05 45.95 2
36 45.9 2
35.95 45.85 2
35.9 45.8 2
35.85 45.75 2
35.85 45.7 2
35.85 45.65 2
35.85 45.6 2
35.85 45.55 2
35.85 45.5 2
35.85 45.45 2
35.85 45.4 2
35.85 45.35 2
35.85 45.3 2
35.85 45.25 2
35.85 45.2 2
35.8 45.15 2
35.75 45.1 2
35.75 45.05 2
35.75 45 2
35.75 44.95 2
35.75 44.9 2
35.75 44.85 2
35.75 44.8 2
35.7 44.75 2
35.65 44.7 2
35.6 44.65 2
35.6 44.6 2
35.55 44.55 2
35.5 44.5 2
35.45 44.45 2
35.4 44.4 2
35.35 44.35 2
35.3 44.3 2
35.25 44.25 2
35.2 44.2 2
35.15 44.15 2
35.1 44.1 2
35.05 44.05 2
35 44 2
34.95 43.95 2
34.9 43.9 2
34.85 43.85 2
34.85 43.8 2
34.85 43.75 2
34.85 43.7 2
34.85 43.65 2
34.85 43.6 2
34.85 43.55 2
34.8 43.5 2
34.75 43.45 2
34.7 43.4 2
34.65 43.35 2
34.6 43.3 2
34.55 43.25 2
34.5 43.2 2
34.45 43.15 2
34.4 43.1 2
34.35 43.05 2
34.3 43 2
34.25 42.95 2
34.2 42.9 2
34.2 42.85 2
34.2 42.8 2
34.2 42.75 2
34.15 42.7 2
34.1 42.65 2
34.05 42.6 2
34 42.55 2
34 42.5 2
34 42.45 2
34 42.4 2
34 42.35 2
34 42.3 2
34 42.25 2
33.95 42.2 2
33.95 42.15 2
33.95 42.1 2
33.95 42.05 2
33.95 42 2
33.95 41.95 2
33.95 41.9 2
33.95 41.85 2
33.95 41.8 2
33.95 41.75 2
33.95 41.7 2
33.95 41.65 2
33.95 41.6 2
33.95 41.55 2
33.95 41.5 2
33.95 41.45 2
33.95 41.4 2
33.95 41.35 2
33.95 41.3 2
33.95 41.25 2
33.9 41.2 2
33.85 41.15 2
33.85 41.1 2
33.85 41.05 2
33.8 41 2
33.8 40.95 2
33.8 40.9 2
33.8 40.85 2
33.75 40.8 2
33.75 40.75 2
33.75 40.7 2
33.75 40.65 2
33.75 40.6 2
33.75 40.55 2
33.7 40.5 2
33.7 40.45 2
33.7 40.4 2
33.7 40.35 2
33.7 40.3 2
33.7 40.25 2
33.7 40.2 2
33.7 40.15 2
33.7 40.1 2
33.7 40.05 2
33.7 40 2
33.7 39.95 2
33.7 39.9 2
33.7 39.85 2
33.7 39.8 2
33.7 39.75 2
33.7 39.7 2
33.7 39.65 2
33.65 39.6 2
33.65 39.55 2
33.65 39.5 2
33.65 39.45 2
33.65 39.4 2
33.65 39.35 2
33.65 39.3 2
33.65 39.25 2
33.65 39.2 2
33.65 39.15 2
33.65 39.1 2
33.65 39.05 2
33.65 39 2
33.65 38.95 2
33.65 38.9 2
33.65 38.85 2
33.65 38.8 2
33.65 38.75 2
33.65 38.7 2
33.65 38.65 2
33.65 38.6 2
33.65 38.55 2
33.65 38.5 2
33.65 38.45 2
33.65 38.4 2
33.65 38.35 2
33.65 38.3 2
33.65 38.25 2
33.65 38.2 2
33.65 38.15 2
33.65 38.1 2
33.65 38.05 2
33.65 38 2
33.65 37.95 2
33.65 37.9 2
33.65 37.85 2
33.65 37.8 2
33.65 37.75 2
33.65 37.7 2
33.65 37.65 2
33.65 37.6 2
33.65 37.55 2
33.65 37.5 2
33.65 37.45 2
33.65 37.4 2
33.65 37.35 2
33.65 37.3 2
33.65 37.25 2
33.65 37.2 2
33.65 37.15 2
33.65 37.1 2
33.65 37.05 2
33.65 37 2
33.65 36.95 2
33.65 36.9 2
33.65 36.85 2
33.65 36.8 2
33.65 36.75 2
33.65 36.7 2
33.65 36.65 2
33.65 36.6 2
33.65 36.55 2
33.65 36.5 2
33.65 36.45 2
33.65 36.4 2
33.65 36.35 2
33.65 36.3 2
33.65 36.25 2
33.65 36.2 2
33.65 36.15 2
33.65 36.1 2
33.65 36.05 2
33.65 36 2
33.65 35.95 2
33.65 35.9 2
33.65 35.85 2
33.65 35.8 2
33.65 35.75 2
33.65 35.7 2
33.65 35.65 2
33.65 35.6 2
33.65 35.55 2
33.65 35.5 2
33.65 35.45 2
33.65 35.4 2
33.65 35.35 2
33.65 35.3 2
33.65 35.25 2
33.65 35.2 2
33.65 35.15 2
33.65 35.1 2
33.65 35.05 2
33.65 35 2
33.65 34.95 2
33.65 34.9 2
33.65 34.85 2
33.65 34.8 2
33.65 34.75 2
33.65 34.7 2
33.65 34.65 2
33.65 34.6 2
33.65 34.55 2
33.65 34.5 2
33.65 34.45 2
33.65 34.4 2
33.65 34.35 2
33.65 34.3 2
33.65 34.25 2
33.65 34.2 2
33.65 34.15 2
33.65 34.1 2
33.65 34.05 2
33.65 34 2
33.65 33.95 2
33.65 33.9 2
33.65 33.85 2
33.65 33.8 2
33.65 33.75 2
33.65 33.7 2
33.65 33.65 2
33.65 33.6 2
33.65 33.55 2
33.65 33.5 2
33.65 33.45 2
33.65 33.4 2
33.65 33.35 2
33.65 33.3 2
33.65 33.25 2
33.65 33.2 2
33.65 33.15 2
33.65 33.1 2
33.65 33.05 2
33.65 33 2
33.65 32.95 2
33.65 32.9 2
33.65 32.85 2
33.65 32.8 2
33.65 32.75 2
33.65 32.7 2
33.65 32.65 2
33.65 32.6 2
33.65 32.55 2
33.65 32.5 2
33.65 32.45 2
33.65 32.4 2
33.65 32.35 2
33.65 32.35 0
33.6 32.3 0
33.6 32.25 0
33.6 32.2 0
33.6 32.15 0
33.6 32.1 0
33.6 32.05 0
33.6 32 0
33.6 31.95 0
33.6 31.9 0
33.55 31.85 0
33.5 31.8 0
33.5 31.75 0
33.5 31.7 0
33.5 31.65 0
33.5 31.6 0
33.5 31.55 0
33.5 31.5 0
33.5 31.45 0
33.5 31.4 0
33.5 31.35 0
33.5 31.3 0
33.5 31.25 0
33.5 31.2 0
33.5 31.15 0
33.5 31.1 0
33.5 31.05 0
33.5 31 0
33.5 30.95 0
33.5 30.9 0
33.5 30.85 0
33.45 30.8 0
33.45 30.75 0
33.45 30.7 0
33.45 30.65 0
33.45 30.6 0
33.45 30.55 0
33.45 30.5 0
33.45 30.45 0
33.4 30.4 0
33.4 30.35 0
33.4 30.3 0
33.4 30.25 0
33.4 30.2 0
33.4 30.15 0
33.4 30.1 0
33.4 30.05 0
33.4 30 0
33.4 29.95 0
33.4 29.9 0
33.4 29.85 0
33.4 29.8 0
33.4 29.75 0
33.4 29.7 0
33.4 29.65 0
33.4 29.6 0
33.4 29.55 0
33.4 29.5 0
33.4 29.45 0
33.4 29.4 0
33.4 29.35 0
33.4 29.3 0
33.4 29.25 0
33.4 29.2 0
33.4 29.15 0
33.4 29.1 0
33.4 29.05 0
33.4 29 0
33.4 28.95 0
33.4 28.9 0
33.4 28.85 0
33.4 28.8 0
33.4 28.75 0
33.4 28.7 0
33.4 28.65 0
33.4 28.6 0
33.4 28.55 0
33.4 28.5 0
33.4 28.45 0
33.4 28.4 0
33.4 28.35 0
33.4 28.3 0
33.4 28.25 0
33.4 28.2 0
33.4 28.15 0
33.4 28.1 0
33.4 28.05 0
33.4 28 0
33.4 27.95 0
33.4 27.9 0
33.4 27.85 0
33.4 27.8 0
33.4 27.75 0
33.4 27.7 0
33.4 27.65 0
33.4 27.6 0
33.4 27.55 0
33.4 27.5 0
33.4 27.45 0
33.4 27.4 0
33.4 27.35 0
33.4 27.3 0
33.4 27.25 0
33.4 27.2 0
33.4 27.15 0
33.4 27.1 0
33.4 27.05 0
33.4 27 0
33.4 26.95 0
33.4 26.9 0
33.4 26.85 0
33.4 26.8 0
33.4 26.75 0
33.4 26.7 0
33.4 26.65 0
33.4 26.6 0
33.4 26.55 0
33.4 26.5 0
33.4 26.45 0
33.4 26.4 0
33.4 26.35 0
33.4 26.3 0
33.4 26.25 0
33.4 26.2 0
33.4 26.15 0
33.4 26.1 0
33.4 26.05 0
33.4 26 0
33.4 25.95 0
33.4 25.9 0
33.4 25.85 0
33.4 25.8 0
33.4 25.75 0
33.4 25.7 0
33.4 25.65 0
33.4 25.6 0
33.4 25.55 0
33.4 25.5 0
33.4 25.45 0
33.4 25.4 0
33.4 25.35 0
33.4 25.3 0
33.4 25.25 0
33.4 25.2 0
33.4 25.15 0
33.4 25.1 0
33.4 25.05 0
33.4 25 0
33.4 24.95 0
33.4 24.9 0
33.4 24.85 0
33.4 24.8 0
33.4 24.75 0
33.4 24.7 0
33.4 24.65 0
33.4 24.6 0
33.4 24.55 0
33.4 24.5 0
33.4 24.45 0
33.4 24.4 0
33.35 24.35 0
33.35 24.3 0
33.35 24.25 0
33.35 24.2 0
33.35 24.15 0
33.35 24.1 0
33.35 24.05 0
33.35 24 0
33.35 23.95 0
33.35 23.9 0
33.35 23.85 0
33.35 23.8 0
33.35 23.75 0
33.35 23.7 0
33.35 23.65 0
33.35 23.6 0
33.35 23.55 0
33.35 23.5 0
33.35 23.45 0
33.35 23.4 0
33.35 23.35 0
33.35 23.3 0
33.35 23.25 0
33.3 23.2 0
33.3 23.15 0
33.3 23.1 0
33.3 23.05 0
33.3 23 0
33.3 22.95 0
33.3 22.9 0
33.3 22.85 0
33.3 22.8 0
33.3 22.75 0
33.3 22.7 0
33.3 22.65 0
33.3 22.6 0
33.3 22.55 0
33.3 22.5 0
33.3 22.45 0
33.3 22.4 0
33.3 22.35 0
33.3 22.3 0
33.3 22.25 0
33.3 22.2 0
33.3 22.15 0
33.3 22.1 0
33.3 22.05 0
33.3 22 0
33.3 21.95 0
33.3 21.9 0
33.3 21.85 0
33.3 21.8 0
33.3 21.75 0
33.3 21.7 0
33.3 21.65 0
33.3 21.6 0
33.3 21.55 0
33.3 21.5 0
33.3 21.45 0
33.3 21.4 0
33.3 21.35 0
33.3 21.3 0
33.3 21.25 0
33.3 21.2 0
33.3 21.15 0
33.3 21.1 0
33.3 21.05 0
33.3 21 0
33.3 20.95 0
33.3 20.9 0
33.3 20.85 0
33.3 20.8 0
33.3 20.75 0
33.3 20.7 0
33.3 20.65 0
33.3 20.6 0
33.3 20.55 0
33.3 20.5 0
33.3 20.45 0
33.3 20.4 0
33.3 20.35 0
33.3 20.3 0
33.3 20.25 0
33.3 20.2 0
33.3 20.15 0
33.3 20.1 0
33.3 20.05 0
33.3 20 0
33.3 19.95 0
33.3 19.9 0
33.3 19.85 0
33.3 19.8 0
33.3 19.75 0
33.3 19.7 0
33.3 19.65 0
33.3 19.6 0
33.3 19.55 0
33.3 19.5 0
33.3 19.45 0
33.3 19.4 0
33.3 19.35 0
33.3 19.3 0
33.3 19.25 0
33.3 19.2 0
33.3 19.15 0
33.3 19.1 0
33.3 19.05 0
33.3 19 0
33.3 18.95 0
33.3 18.9 0
33.3 18.85 0
33.3 18.8 0
33.3 18.75 0
33.3 18.7 0
33.3 18.65 0
33.3 18.6 0
33.3 18.55 0
33.3 18.5 0
33.3 18.45 0
33.3 18.4 0
33.3 18.35 0
33.3 18.3 0
33.3 18.25 0
33.3 18.2 0
33.3 18.15 0
33.3 18.1 0
33.3 18.05 0
33.3 18 0
33.3 17.95 0
33.3 17.9 0
33.3 17.85 0
33.3 17.8 0
33.3 17.75 0
33.3 17.7 0
33.3 17.65 0
33.3 17.6 0
33.3 17.55 0
33.3 17.5 0
33.3 17.45 0
33.3 17.4 0
33.3 17.35 0
33.3 17.3 0
33.3 17.25 0
33.3 17.2 0
33.3 17.15 0
33.3 17.1 0
33.3 17.05 0
33.3 17 0
33.3 16.95 0
33.3 16.9 0
33.3 16.85 0
33.3 16.8 0
33.3 16.75 0
33.3 16.7 0
33.3 16.65 0
33.3 16.6 0
33.3 16.55 0
33.3 16.5 0
33.3 16.45 0
33.25 16.4 0
33.25 16.35 0
33.25 16.3 0
33.25 16.25 0
33.2 16.2 0
33.2 16.15 0
33.2 16.1 0
33.2 16.05 0
33.2 16 0
33.2 15.95 0
33.2 15.9 0
33.2 15.85 0
33.2 15.8 0
33.2 15.75 0
33.2 15.7 0
33.2 15.65 0
33.2 15.6 0
33.2 15.55 0
33.2 15.5 0
33.2 15.45 0
33.2 15.4 0
33.2 15.35 0
33.2 15.3 0
33.2 15.25 0
33.2 15.2 0
33.2 15.15 0
33.2 15.1 0
33.2 15.05 0
33.2 15 0
33.2 14.95 0
33.2 14.9 0
33.2 14.85 0
33.2 14.8 0
33.2 14.75 0
33.2 14.7 0
33.2 14.65 0
33.2 14.6 0
33.15 14.55 0
33.1 14.5 0
33.1 14.45 0
33.1 14.4 0
33.05 14.35 0
33 14.3 0
32.95 14.25 0
32.9 14.2 0
32.85 14.15 0
32.8 14.1 0
32.75 14.05 0
32.7 14 0
32.65 13.95 0
32.6 13.9 0
32.55 13.85 0
32.5 13.8 0
32.45 13.75 0
32.4 13.7 0
32.35 13.65 0
32.3 13.6 0
32.25 13.55 0
32.2 13.5 0
32.15 13.45 0
32.15 13.4 0
32.15 13.35 0
32.15 13.3 0
32.15 13.25 0
32.15 13.2 0
32.1 13.15 0
32.1 13.1 0
32.1 13.05 0
32.1 13 0
32.1 12.95 0
32.1 12.9 0
32.1 12.85 0
32.1 12.8 0
32.1 12.75 0
32.1 12.7 0
32.1 12.65 0
32.1 12.6 0
32.1 12.55 0
32.1 12.5 0
32.1 12.45 0
32.1 12.4 0
32.05 12.35 0
32 12.3 0
31.95 12.25 0
31.9 12.2 0
31.85 12.15 0
31.8 12.1 0
31.75 12.05 0
31.7 12 0
31.65 11.95 0
31.6 11.9 0
31.55 11.85 0
31.5 11.8 0
31.45 11.75 0
31.4 11.7 0
31.35 11.65 0
31.3 11.6 0
31.25 11.55 0
31.2 11.5 0
31.15 11.45 0
31.1 11.4 0
31.05 11.35 0
31 11.3 0
30.95 11.25 0
30.9 11.2 0
30.85 11.15 0
30.85 11.1 0
30.85 11.05 0
30.85 11 0
PATH 14 85
71.15 12 0
71.1 12 0
71.05 12 0
71.05 12 1
71.05 11.95 1
71.1 11.9 1
71.15 11.85 1
71.2 11.8 1
71.25 11.75 1
71.3 11.7 1
71.35 11.65 1
71.4 11.6 1
71.45 11.55 1
71.5 11.5 1
71.55 11.45 1
71.6 11.4 1
71.65 11.35 1
71.7 11.3 1
71.75 11.25 1
71.8 11.2 1
71.85 11.15 1
71.9 11.1 1
71.95 11.05 1
72 11 1
72.05 10.95 1
72.1 10.9 1
72.15 10.85 1
72.2 10.8 1
72.25 10.75 1
72.3 10.7 1
72.35 10.65 1
72.4 10.6 1
72.45 10.55 1
72.5 10.5 1
72.55 10.45 1
72.6 10.4 1
72.65 10.35 1
72.7 10.3 1
72.75 10.25 1
72.8 10.2 1
72.85 10.15 1
72.9 10.1 1
72.95 10.05 1
73 10 1
73.05 9.95 1
73.1 9.9 1
73.15 9.85 1
73.2 9.8 1
73.25 9.75 1
73.3 9.7 1
73.3 9.7 0
73.35 9.65 0
73.4 9.6 0
73.45 9.55 0
73.5 9.5 0
73.55 9.45 0
73.6 9.4 0
73.65 9.35 0
73.7 9.3 0
73.75 9.25 0
73.8 9.2 0
73.85 9.15 0
73.9 9.1 0
73.95 9.05 0
74 9 0
74.05 8.95 0
74.1 8.9 0
74.15 8.85 0
74.2 8.8 0
74.25 8.75 0
74.3 8.7 0
74.35 8.65 0
74.4 8.6 0
74.45 8.55 0
74.5 8.5 0
74.55 8.45 0
74.6 8.4 0
74.65 8.35 0
74.7 8.3 0
74.75 8.25 0
74.8 8.2 0
74.85 8.15 0
74.9 8.1 0
74.95 8.05 0
75 8 0
PATH 14 1018
79.15 61.7 0
79.1 61.65 0
79.05 61.6 0
79 61.6 0
78.95 61.6 0
78.9 61.6 0
78.85 61.6 0
78.8 61.6 0
78.75 61.6 0
78.7 61.6 0
78.65 61.6 0
78.6 61.6 0
78.55 61.6 0
78.5 61.6 0
78.45 61.6 0
78.4 61.6 0
78.35 61.6 0
78.3 61.6 0
78.25 61.6 0
78.2 61.6 0
78.15 61.6 0
78.1 61.6 0
78.05 61.6 0
78 61.55 0
77.95 61.5 0
77.95 61.45 0
77.95 61.4 0
77.95 61.35 0
77.95 61.3 0
77.9 61.25 0
77.85 61.2 0
77.8 61.15 0
77.75 61.1 0
77.7 61.05 0
77.65 61 0
77.6 60.95 0
77.55 60.9 0
77.5 60.85 0
77.45 60.8 0
77.4 60.75 0
77.35 60.7 0
77.3 60.65 0
77.25 60.6 0
77.2 60.55 0
77.15 60.5 0
77.1 60.45 0
77.05 60.4 0
77 60.35 0
76.95 60.3 0
76.9 60.25 0
76.85 60.2 0
76.8 60.15 0
76.75 60.1 0
76.7 60.05 0
76.65 60 0
76.6 59.95 0
76.55 59.9 0
76.5 59.85 0
76.45 59.8 0
76.4 59.75 0
76.35 59.7 0
76.3 59.65 0
76.25 59.6 0
76.2 59.55 0
76.15 59.5 0
76.1 59.45 0
76.05 59.4 0
76 59.35 0
75.95 59.3 0
75.9 59.25 0
75.85 59.2 0
75.8 59.15 0
75.75 59.1 0
75.7 59.05 0
75.65 59 0
75.6 58.95 0
75.55 58.9 0
75.5 58.85 0
75.45 58.8 0
75.4 58.75 0
75.35 58.7 0
75.3 58.65 0
75.25 58.6 0
75.2 58.55 0
75.15 58.5 0
75.1 58.45 0
75.05 58.4 0
75 58.35 0
74.95 58.3 0
74.9 58.25 0
74.85 58.2 0
74.8 58.15 0
74.75 58.1 0
74.7 58.05 0
74.65 58 0
74.6 57.95 0
74.55 57.9 0
74.55 57.85 0
74.55 57.8 0
74.55 57.75 0
74.55 57.7 0
74.5 57.65 0
74.45 57.6 0
74.4 57.55 0
74.35 57.5 0
74.3 57.45 0
74.25 57.4 0
74.2 57.35 0
74.15 57.3 0
74.1 57.25 0
74.05 57.2 0
74 57.15 0
73.95 57.1 0
73.9 57.05 0
73.85 57 0
73.8 56.95 0
73.75 56.9 0
73.7 56.85 0
73.65 56.8 0
73.6 56.75 0
73.55 56.7 0
73.5 56.65 0
73.45 56.6 0
73.4 56.55 0
73.35 56.5 0
73.3 56.45 0
73.25 56.4 0
73.2 56.35 0
73.15 56.3 0
73.1 56.25 0
73.05 56.2 0
73 56.15 0
72.95 56.1 0
72.9 56.05 0
72.85 56 0
72.8 55.95 0
72.75 55.9 0
72.7 55.85 0
72.65 55.8 0
72.6 55.75 0
72.55 55.7 0
72.5 55.65 0
72.45 55.6 0
72.4 55.55 0
72.35 55.5 0
72.3 55.45 0
72.25 55.4 0
72.2 55.35 0
72.2 55.3 0
72.2 55.25 0
72.2 55.2 0
72.2 55.2 1
72.15 55.15 1
72.15 55.1 1
72.1 55.05 1
72.1 55 1
72.1 54.95 1
72.05 54.9 1
72.05 54.85 1
72 54.8 1
72 54.75 1
71.95 54.7 1
71.9 54.65 1
71.9 54.6 1
71.9 54.55 1
71.9 54.5 1
71.9 54.45 1
71.85 54.4 1
71.85 54.35 1
71.85 54.3 1
71.85 54.25 1
71.85 54.2 1
71.85 54.15 1
71.85 54.1 1
71.85 54.05 1
71.8 54 1
71.75 53.95 1
71.7 53.9 1
71.7 53.85 1
71.7 53.8 1
71.7 53.75 1
71.7 53.7 1
71.65 53.65 1
71.6 53.6 1
71.55 53.55 1
71.5 53.5 1
71.5 53.45 1
71.5 53.4 1
71.45 53.35 1
71.4 53.3 1
71.35 53.25 1
71.3 53.2 1
71.25 53.15 1
71.2 53.1 1
71.2 53.05 1
71.15 53 1
71.15 53 2
71.15 52.95 2
71.15 52.9 2
71.15 52.85 2
71.15 52.8 2
71.15 52.75 2
71.15 52.7 2
71.15 52.65 2
71.15 52.6 2
71.15 52.55 2
71.15 52.5 2
71.15 52.45 2
71.15 52.4 2
71.15 52.35 2
71.15 52.3 2
71.15 52.25 2
71.15 52.2 2
71.15 52.15 2
71.15 52.1 2
71.15 52.05 2
71.15 52 2
71.15 51.95 2
71.15 51.9 2
71.15 51.85 2
71.15 51.8 2
71.15 51.75 2
71.15 51.7 2
71.15 51.65 2
71.15 51.6 2
71.15 51.55 2
71.15 51.5 2
71.15 51.45 2
71.15 51.4 2
71.15 51.35 2
71.15 51.3 2
71.15 51.25 2
71.15 51.2 2
71.15 51.15 2
71.15 51.1 2
71.15 51.05 2
71.15 51 2
71.15 50.95 2
71.15 50.9 2
71.15 50.85 2
71.15 50.8 2
71.15 50.75 2
71.15 50.7 2
71.15 50.65 2
71.15 50.6 2
71.15 50.55 2
71.15 50.5 2
71.15 50.45 2
71.15 50.4 2
71.15 50.35 2
71.15 50.3 2
71.15 50.25 2
71.15 50.2 2
71.15 50.15 2
71.15 50.1 2
71.15 50.05 2
71.15 50 2
71.15 49.95 2
71.15 49.9 2
71.15 49.85 2
71.15 49.8 2
71.15 49.75 2
71.15 49.7 2
71.15 49.65 2
71.15 49.6 2
71.15 49.55 2
71.15 49.5 2
71.15 49.45 2
71.15 49.4 2
71.15 49.35 2
71.15 49.3 2
71.15 49.25 2
71.15 49.2 2
71.15 49.15 2
71.15 49.1 2
71.15 49.05 2
71.15 49 2
71.15 48.95 2
71.15 48.9 2
71.15 48.85 2
71.15 48.8 2
71.15 48.75 2
71.15 48.7 2
71.15 48.65 2
71.15 48.6 2
71.15 48.55 2
71.15 48.5 2
71.15 48.45 2
71.15 48.4 2
71.15 48.35 2
71.15 48.3 2
71.15 48.25 2
71.15 48.2 2
71.15 48.15 2
71.15 48.1 2
71.15 48.05 2
71.15 48 2
71.15 47.95 2
71.15 47.9 2
71.15 47.85 2
71.15 47.8 2
71.15 47.75 2
71.15 47.7 2
71.15 47.65 2
71.15 47.6 2
71.15 47.55 2
71.15 47.5 2
71.15 47.45 2
71.15 47.4 2
71.15 47.35 2
71.15 47.3 2
71.15 47.25 2
71.15 47.2 2
71.15 47.15 2
71.15 47.1 2
71.15 47.05 2
71.15 47 2
71.15 46.95 2
71.15 46.9 2
71.15 46.85 2
71.15 46.8 2
71.15 46.75 2
71.15 46.7 2
71.15 46.65 2
71.15 46.6 2
71.15 46.55 2
71.15 46.5 2
71.15 46.45 2
71.15 46.4 2
71.15 46.35 2
71.15 46.3 2
71.15 46.25 2
71.15 46.2 2
71.15 46.15 2
71.15 46.1 2
71.15 46.05 2
71.15 46 2
71.15 45.95 2
71.15 45.9 2
71.15 45.85 2
71.15 45.8 2
71.15 45.75 2
71.15 45.7 2
71.15 45.65 2
71.15 45.6 2
71.15 45.55 2
71.15 45.5 2
71.15 45.45 2
71.15 45.4 2
71.15 45.35 2
71.15 45.3 2
71.15 45.25 2
71.15 45.2 2
71.15 45.15 2
71.15 45.1 2
71.15 45.05 2
71.15 45 2
71.15 44.95 2
71.15 44.9 2
71.15 44.85 2
71.15 44.8 2
71.15 44.75 2
71.15 44.7 2
71.15 44.65 2
71.15 44.6 2
71.15 44.55 2
71.15 44.5 2
71.15 44.45 2
71.15 44.4 2
71.15 44.35 2
71.15 44.3 2
71.15 44.25 2
71.15 44.2 2
71.15 44.15 2
71.15 44.1 2
71.15 44.05 2
71.15 44 2
71.15 43.95 2
71.15 43.9 2
71.15 43.85 2
71.15 43.8 2
71.15 43.75 2
71.15 43.7 2
71.15 43.65 2
71.15 43.6 2
71.15 43.55 2
71.15 43.5 2
71.15 43.45 2
71.15 43.4 2
71.15 43.35 2
71.15 43.3 2
71.15 43.25 2
71.15 43.2 2
71.15 43.15 2
71.15 43.1 2
71.15 43.05 2
71.15 43 2
71.15 42.95 2
71.15 42.9 2
71.15 42.85 2
71.15 42.8 2
71.15 42.75 2
71.15 42.7 2
71.15 42.65 2
71.15 42.6 2
71.15 42.55 2
71.15 42.5 2
71.15 42.45 2
71.15 42.4 2
71.15 42.35 2
71.15 42.3 2
71.15 42.25 2
71.15 42.2 2
71.15 42.15 2
71.15 42.1 2
71.15 42.05 2
71.15 42 2
71.15 41.95 2
71.15 41.9 2
71.15 41.85 2
71.15 41.8 2
71.15 41.75 2
71.15 41.7 2
71.15 41.65 2
71.15 41.6 2
71.15 41.55 2
71.15 41.5 2
71.15 41.45 2
71.15 41.4 2
71.15 41.35 2
71.15 41.3 2
71.15 41.25 2
71.15 41.2 2
71.15 41.15 2
71.15 41.1 2
71.15 41.05 2
71.15 41 2
71.15 40.95 2
71.15 40.9 2
71.15 40.85 2
71.15 40.8 2
71.15 40.75 2
71.15 40.7 2
71.15 40.65 2
71.15 40.6 2
71.15 40.55 2
71.15 40.5 2
71.15 40.45 2
71.15 40.4 2
71.15 40.35 2
71.15 40.3 2
71.15 40.25 2
71.15 40.2 2
71.15 40.15 2
71.15 40.1 2
71.15 40.05 2
71.15 40 2
71.15 39.95 2
71.15 39.9 2
71.15 39.85 2
71.15 39.8 2
71.15 39.75 2
71.15 39.7 2
71.15 39.65 2
71.15 39.6 2
71.15 39.55 2
71.15 39.5 2
71.15 39.45 2
71.15 39.4 2
71.15 39.35 2
71.15 39.3 2
71.15 39.25 2
71.15 39.2 2
71.15 39.15 2
71.15 39.1 2
71.15 39.05 2
71.15 39 2
71.15 38.95 2
71.15 38.9 2
71.15 38.85 2
71.15 38.8 2
71.15 38.75 2
71.15 38.7 2
71.15 38.65 2
71.15 38.6 2
71.15 38.55 2
71.15 38.5 2
71.15 38.45 2
71.15 38.4 2
71.15 38.35 2
71.15 38.3 2
71.15 38.25 2
71.15 38.2 2
71.15 38.15 2
71.15 38.1 2
71.15 38.05 2
71.15 38 2
71.15 37.95 2
71.15 37.9 2
71.15 37.85 2
71.15 37.8 2
71.15 37.75 2
71.15 37.7 2
71.15 37.65 2
71.15 37.6 2
71.15 37.55 2
71.15 37.5 2
71.15 37.45 2
71.15 37.4 2
71.15 37.35 2
71.15 37.3 2
71.15 37.25 2
71.15 37.2 2
71.15 37.15 2
71.15 37.1 2
71.15 37.05 2
71.15 37 2
71.15 36.95 2
71.15 36.9 2
71.15 36.85 2
71.15 36.8 2
71.15 36.75 2
71.15 36.7 2
71.15 36.65 2
71.15 36.6 2
71.15 36.55 2
71.15 36.5 2
71.15 36.45 2
71.15 36.4 2
71.15 36.35 2
71.15 36.3 2
71.15 36.25 2
71.15 36.2 2
71.15 36.15 2
71.15 36.1 2
71.15 36.05 2
71.15 36 2
71.15 35.95 2
71.15 35.9 2
71.15 35.85 2
71.15 35.8 2
71.15 35.75 2
71.15 35.7 2
71.15 35.65 2
71.15 35.6 2
71.15 35.55 2
71.15 35.5 2
71.15 35.45 2
71.15 35.4 2
71.15 35.35 2
71.15 35.3 2
71.15 35.25 2
71.15 35.2 2
71.15 35.15 2
71.15 35.1 2
71.15 35.05 2
71.15 35 2
71.15 34.95 2
71.15 34.9 2
71.15 34.85 2
71.15 34.8 2
71.15 34.75 2
71.15 34.7 2
71.15 34.65 2
71.15 34.6 2
71.15 34.55 2
71.15 34.5 2
71.15 34.45 2
71.15 34.4 2
71.15 34.35 2
71.15 34.3 2
71.15 34.25 2
71.15 34.2 2
71.15 34.15 2
71.15 34.1 2
71.15 34.05 2
71.15 34 2
71.15 33.95 2
71.15 33.9 2
71.15 33.85 2
71.15 33.8 2
71.15 33.75 2
71.15 33.7 2
71.15 33.65 2
71.15 33.6 2
71.15 33.55 2
71.15 33.5 2
71.15 33.45 2
71.15 33.4 2
71.15 33.35 2
71.15 33.3 2
71.15 33.25 2
71.15 33.2 2
71.15 33.15 2
71.15 33.1 2
71.15 33.05 2
71.15 33 2
71.15 32.95 2
71.15 32.9 2
71.15 32.85 2
71.15 32.8 2
71.15 32.75 2
71.15 32.7 2
71.15 32.65 2
71.15 32.6 2
71.15 32.55 2
71.15 32.5 2
71.15 32.45 2
71.15 32.4 2
71.15 32.35 2
71.15 32.3 2
71.15 32.25 2
71.15 32.2 2
71.15 32.15 2
71.15 32.1 2
71.15 32.05 2
71.15 32 2
71.15 31.95 2
71.15 31.9 2
71.15 31.85 2
71.15 31.8 2
71.15 31.75 2
71.15 31.7 2
71.15 31.65 2
71.15 31.6 2
71.15 31.55 2
71.15 31.5 2
71.15 31.45 2
71.15 31.4 2
71.15 31.35 2
71.15 31.3 2
71.15 31.25 2
71.15 31.2 2
71.15 31.15 2
71.15 31.1 2
71.15 31.05 2
71.15 31 2
71.15 30.95 2
71.15 30.9 2
71.15 30.85 2
71.15 30.8 2
71.15 30.75 2
71.15 30.7 2
71.15 30.65 2
71.15 30.6 2
71.15 30.55 2
71.15 30.5 2
71.15 30.45 2
71.15 30.4 2
71.15 30.35 2
71.15 30.3 2
71.15 30.25 2
71.15 30.2 2
71.15 30.15 2
71.15 30.1 2
71.15 30.05 2
71.15 30 2
71.15 29.95 2
71.15 29.9 2
71.15 29.85 2
71.15 29.8 2
71.15 29.75 2
71.15 29.7 2
71.15 29.65 2
71.15 29.6 2
71.15 29.55 2
71.15 29.5 2
71.15 29.45 2
71.15 29.4 2
71.15 29.35 2
71.15 29.3 2
71.15 29.25 2
71.15 29.2 2
71.15 29.15 2
71.15 29.1 2
71.15 29.05 2
71.15 29 2
71.15 28.95 2
71.15 28.9 2
71.15 28.85 2
71.15 28.8 2
71.15 28.75 2
71.15 28.7 2
71.15 28.65 2
71.15 28.6 2
71.1 28.55 2
71.05 28.5 2
71.05 28.5 1
71.05 28.45 1
71.05 28.4 1
71.05 28.35 1
71.05 28.3 1
71.05 28.25 1
71.05 28.2 1
71.05 28.15 1
71.05 28.1 1
71.05 28.05 1
71.05 28 1
71.05 27.95 1
71.05 27.9 1
71.05 27.85 1
71.05 27.8 1
71.05 27.75 1
71.05 27.7 1
71.05 27.65 1
71.05 27.6 1
71.05 27.55 1
71.05 27.5 1
71.05 27.45 1
71.05 27.4 1
71.05 27.35 1
71.05 27.3 1
71.05 27.25 1
71.05 27.2 1
71.05 27.15 1
71.05 27.1 1
71.05 27.05 1
71.05 27 1
71.05 26.95 1
71.05 26.9 1
71.05 26.85 1
71.05 26.8 1
71.05 26.75 1
71.05 26.7 1
71.05 26.65 1
71.05 26.6 1
71.05 26.55 1
71.05 26.5 1
71.05 26.45 1
71.05 26.4 1
71.05 26.35 1
71.05 26.3 1
71.05 26.25 1
71.05 26.2 1
71.05 26.15 1
71.05 26.1 1
71.05 26.05 1
71.05 26 1
71.05 25.95 1
71.05 25.9 1
71.05 25.85 1
71.05 25.8 1
71.05 25.75 1
71.05 25.7 1
71.05 25.65 1
71.05 25.6 1
71.05 25.55 1
71.05 25.5 1
71.05 25.45 1
71.05 25.4 1
71.05 25.35 1
71.05 25.3 1
71.05 25.25 1
71.05 25.2 1
71.05 25.15 1
71.05 25.1 1
71.05 25.05 1
71.05 25 1
71.05 24.95 1
71.05 24.9 1
71.05 24.85 1
71.05 24.8 1
71.05 24.75 1
71.05 24.7 1
71.05 24.65 1
71.05 24.6 1
71.05 24.55 1
71.05 24.5 1
71.05 24.45 1
71.05 24.4 1
71.05 24.35 1
71.05 24.3 1
71.05 24.25 1
71.05 24.2 1
71.05 24.15 1
71.05 24.1 1
71.05 24.05 1
71.05 24 1
71.05 23.95 1
71.05 23.9 1
71.05 23.85 1
71.05 23.8 1
71.05 23.75 1
71.05 23.7 1
71.05 23.65 1
71.05 23.6 1
71.05 23.55 1
71.05 23.5 1
71.05 23.45 1
71.05 23.4 1
71.05 23.35 1
71.05 23.3 1
71.05 23.25 1
71.05 23.2 1
71.05 23.15 1
71.05 23.1 1
71.05 23.05 1
71.05 23 1
71.05 22.95 1
71.05 22.9 1
71.05 22.85 1
71.05 22.8 1
71.05 22.75 1
71.05 22.7 1
71.05 22.65 1
71.05 22.6 1
71.05 22.55 1
71.05 22.5 1
71.05 22.45 1
71.05 22.4 1
71.05 22.35 1
71.05 22.3 1
71.05 22.25 1
71.05 22.2 1
71.05 22.15 1
71.05 22.1 1
71.05 22.05 1
71.05 22 1
71.05 21.95 1
71.05 21.9 1
71.05 21.85 1
71.05 21.8 1
71.05 21.75 1
71.05 21.7 1
71.05 21.65 1
71.05 21.6 1
71.05 21.55 1
71.05 21.5 1
71.05 21.45 1
71.05 21.4 1
71.05 21.35 1
71.05 21.3 1
71.05 21.25 1
71.05 21.2 1
71.05 21.15 1
71.05 21.1 1
71.05 21.05 1
71.05 21 1
71.05 20.95 1
71.05 20.9 1
71.05 20.85 1
71.05 20.8 1
71.05 20.75 1
71.05 20.7 1
71.05 20.65 1
71.05 20.6 1
71.05 20.55 1
71.05 20.5 1
71.05 20.45 1
71.05 20.4 1
71.05 20.35 1
71.05 20.3 1
71.05 20.25 1
71.05 20.2 1
71.05 20.15 1
71.05 20.1 1
71.05 20.05 1
71.05 20 1
71.05 19.95 1
71.05 19.9 1
71.05 19.85 1
71.05 19.8 1
71.05 19.75 1
71.05 19.7 1
71.05 19.65 1
71.05 19.6 1
71.05 19.55 1
71.05 19.5 1
71.05 19.45 1
71.05 19.4 1
71.05 19.35 1
71.05 19.3 1
71.05 19.25 1
71.05 19.2 1
71.05 19.15 1
71.05 19.1 1
71.05 19.05 1
71.05 19 1
71.05 18.95 1
71.05 18.9 1
71.05 18.85 1
71.05 18.8 1
71.05 18.75 1
71.05 18.7 1
71.05 18.65 1
71.05 18.6 1
71.05 18.55 1
71.05 18.5 1
71.05 18.45 1
71.05 18.4 1
71.05 18.35 1
71.05 18.3 1
71.05 18.25 1
71.05 18.2 1
71.05 18.15 1
71.05 18.1 1
71.05 18.05 1
71.05 18 1
71.05 17.95 1
71.05 17.9 1
71.05 17.85 1
71.05 17.8 1
71.05 17.75 1
71.05 17.7 1
71.05 17.65 1
71.05 17.6 1
71.05 17.55 1
71.05 17.5 1
71.05 17.45 1
71.05 17.4 1
71.05 17.35 1
71.05 17.3 1
71.05 17.25 1
71.05 17.2 1
71.05 17.15 1
71.05 17.1 1
71.05 17.05 1
71.05 17 1
71.05 16.95 1
71.05 16.9 1
71.05 16.85 1
71.05 16.8 1
71.05 16.75 1
71.05 16.7 1
71.05 16.65 1
71.05 16.6 1
71.05 16.55 1
71.05 16.5 1
71.05 16.45 1
71.05 16.4 1
71.05 16.35 1
71.05 16.3 1
71.05 16.25 1
71.05 16.2 1
71.05 16.15 1
71.05 16.1 1
71.05 16.05 1
71.05 16 1
71.05 15.95 1
71.05 15.9 1
71.05 15.85 1
71.05 15.8 1
71.05 15.75 1
71.05 15.7 1
71.05 15.65 1
71.05 15.6 1
71.05 15.55 1
71.05 15.5 1
71.05 15.45 1
71.05 15.4 1
71.05 15.35 1
71.05 15.3 1
71.05 15.25 1
71.05 15.2 1
71.05 15.15 1
71.05 15.1 1
71.05 15.05 1
71.05 15 1
71.05 14.95 1
71.05 14.9 1
71.05 14.85 1
71.05 14.8 1
71.05 14.75 1
71.05 14.7 1
71.05 14.65 1
71.05 14.6 1
71.05 14.55 1
71.05 14.5 1
71.05 14.45 1
71.05 14.4 1
71.05 14.35 1
71.05 14.3 1
71.05 14.25 1
71.05 14.2 1
71.05 14.15 1
71.05 14.1 1
71.05 14.05 1
71.05 14 1
71.05 13.95 1
71.05 13.9 1
71.05 13.85 1
71.05 13.8 1
71.05 13.75 1
71.05 13.7 1
71.05 13.65 1
71.05 13.6 1
71.05 13.55 1
71.05 13.5 1
71.05 13.45 1
71.05 13.4 1
71.05 13.35 1
71.05 13.3 1
71.05 13.25 1
71.05 13.2 1
71.05 13.15 1
71.05 13.1 1
71.05 13.05 1
71.05 13 1
71.05 12.95 1
71.05 12.9 1
71.05 12.85 1
71.05 12.8 1
71.05 12.75 1
71.05 12.7 1
71.05 12.65 1
71.05 12.6 1
71.05 12.55 1
71.05 12.5 1
71.05 12.45 1
71.05 12.4 1
71.05 12.35 1
71.05 12.3 1
71.05 12.25 1
71.05 12.2 1
71.05 12.15 1
71.05 12.1 1
71.05 12.05 1
71.05 12 1
PATH 81 61
34.85 58 0
34.85 57.95 0
34.85 57.9 0
34.85 57.85 0
34.85 57.8 0
34.85 57.75 0
34.9 57.7 0
34.95 57.65 0
34.95 57.6 0
35 57.55 0
35.05 57.5 0
35.1 57.45 0
35.15 57.4 0
35.15 57.35 0
35.15 57.3 0
35.15 57.25 0
35.2 57.2 0
35.25 57.15 0
35.3 57.1 0
35.35 57.05 0
35.4 57 0
35.4 56.95 0
35.4 56.9 0
35.4 56.85 0
35.4 56.8 0
35.45 56.75 0
35.5 56.7 0
35.55 56.65 0
35.6 56.6 0
35.65 56.55 0
35.7 56.5 0
35.7 56.45 0
35.7 56.4 0
35.7 56.35 0
35.7 56.3 0
35.7 56.25 0
35.7 56.2 0
35.7 56.15 0
35.7 56.1 0
35.75 56.05 0
35.8 56 0
35.85 55.95 0
35.85 55.9 0
35.85 55.85 0
35.9 55.8 0
35.95 55.75 0
36 55.7 0
36 55.65 0
36.05 55.6 0
36.05 55.55 0
36.05 55.5 0
36.05 55.45 0
36.05 55.4 0
36.05 55.35 0
36.1 55.3 0
36.1 55.25 0
36.1 55.2 0
36.1 55.15 0
36.1 55.1 0
36.1 55.05 0
36.15 55 0
PATH 81 147
27.55 55 0
27.6 55.05 0
27.65 55.1 0
27.7 55.1 0
27.75 55.15 0
27.8 55.2 0
27.85 55.25 0
27.9 55.3 0
27.95 55.35 0
28 55.4 0
28.05 55.45 0
28.1 55.5 0
28.15 55.55 0
28.2 55.55 0
28.25 55.6 0
28.3 55.65 0
28.35 55.7 0
28.4 55.75 0
28.45 55.8 0
28.5 55.8 0
28.55 55.85 0
28.6 55.9 0
28.65 55.9 0
28.7 55.95 0
28.75 56 0
28.8 56.05 0
28.85 56.1 0
28.9 56.15 0
28.95 56.2 0
29 56.25 0
29.05 56.25 0
29.1 56.25 0
29.15 56.3 0
29.2 56.35 0
29.25 56.4 0
29.3 56.45 0
29.35 56.5 0
29.4 56.55 0
29.45 56.6 0
29.5 56.65 0
29.55 56.7 0
29.6 56.7 0
29.65 56.7 0
29.7 56.75 0
29.75 56.8 0
29.8 56.85 0
29.85 56.9 0
29.9 56.95 0
29.95 57 0
30 57.05 0
30.05 57.1 0
30.1 57.15 0
30.15 57.2 0
30.2 57.25 0
30.25 57.25 0
30.3 57.25 0
30.35 57.3 0
30.4 57.35 0
30.45 57.4 0
30.5 57.45 0
30.55 57.5 0
30.6 57.55 0
30.65 57.6 0
30.7 57.65 0
30.75 57.65 0
30.8 57.7 0
30.85 57.7 0
30.9 57.7 0
30.95 57.7 0
31 57.7 0
31.05 57.7 0
31.1 57.7 0
31.15 57.7 0
31.2 57.7 0
31.25 57.7 0
31.3 57.7 0
31.35 57.7 0
31.4 57.75 0
31.45 57.8 0
31.5 57.85 0
31.55 57.9 0
31.6 57.95 0
31.65 58 0
31.7 58.05 0
31.75 58.1 0
31.8 58.15 0
31.85 58.2 0
31.9 58.25 0
31.95 58.3 0
32 58.35 0
32.05 58.4 0
32.1 58.45 0
32.15 58.5 0
32.2 58.55 0
32.25 58.6 0
32.3 58.65 0
32.35 58.7 0
32.4 58.75 0
32.45 58.8 0
32.5 58.8 0
32.55 58.8 0
32.6 58.8 0
32.65 58.8 0
32.7 58.8 0
32.75 58.8 0
32.8 58.8 0
32.85 58.8 0
32.9 58.8 0
32.95 58.8 0
33 58.8 0
33.05 58.8 0
33.1 58.8 0
33.15 58.8 0
33.2 58.8 0
33.25 58.8 0
33.3 58.8 0
33.35 58.8 0
33.4 58.8 0
33.45 58.8 0
33.5 58.8 0
33.55 58.8 0
33.6 58.8 0
33.65 58.8 0
33.7 58.8 0
33.75 58.8 0
33.8 58.8 0
33.85 58.8 0
33.9 58.8 0
33.95 58.75 0
34 58.7 0
34.05 58.65 0
34.1 58.6 0
34.15 58.55 0
34.2 58.5 0
34.25 58.45 0
34.3 58.4 0
34.35 58.35 0
34.4 58.3 0
34.45 58.25 0
34.5 58.2 0
34.55 58.15 0
34.6 58.1 0
34.65 58.05 0
34.7 58 0
34.75 58 0
34.8 58 0
34.85 58 0
PATH 81 93
23.05 56.95 0
23.1 56.95 0
23.15 56.95 0
23.2 56.95 0
23.25 56.95 0
23.3 56.95 0
23.35 56.95 0
23.35 56.95 2
23.4 56.9 2
23.45 56.9 2
23.5 56.9 2
23.55 56.9 2
23.6 56.9 2
23.65 56.9 2
23.7 56.9 2
23.75 56.9 2
23.8 56.9 2
23.85 56.9 2
23.9 56.9 2
23.95 56.9 2
24 56.9 2
24.05 56.9 2
24.1 56.9 2
24.15 56.9 2
24.2 56.9 2
24.25 56.85 2
24.3 56.8 2
24.35 56.75 2
24.4 56.75 2
24.45 56.75 2
24.5 56.7 2
24.55 56.65 2
24.6 56.6 2
24.65 56.55 2
24.7 56.55 2
24.75 56.55 2
24.8 56.55 2
24.85 56.55 2
24.9 56.55 2
24.95 56.55 2
25 56.5 2
25.05 56.45 2
25.1 56.4 2
25.15 56.35 2
25.2 56.3 2
25.25 56.25 2
25.3 56.2 2
25.35 56.15 2
25.4 56.1 2
25.45 56.05 2
25.5 56 2
25.55 55.95 2
25.6 55.95 2
25.65 55.95 2
25.7 55.95 2
25.75 55.95 2
25.8 55.95 2
25.85 55.95 2
25.9 55.9 2
25.95 55.9 2
26 55.9 2
26.05 55.9 2
26.1 55.9 2
26.15 55.9 2
26.2 55.9 2
26.25 55.9 2
26.3 55.9 2
26.35 55.9 2
26.4 55.9 2
26.45 55.85 2
26.5 55.8 2
26.55 55.75 2
26.6 55.7 2
26.65 55.65 2
26.7 55.6 2
26.75 55.55 2
26.8 55.5 2
26.85 55.45 2
26.9 55.4 2
26.95 55.35 2
27 55.3 2
27.05 55.25 2
27.1 55.2 2
27.15 55.15 2
27.2 55.1 2
27.25 55.05 2
27.3 55 2
27.35 55 2
27.4 55 2
27.45 55 2
27.5 55 2
27.55 55 2
27.55 55 0
PATH 39 1297
28.25 35 0
28.3 35 0
28.35 35 0
28.4 34.95 0
28.45 34.95 0
28.5 34.95 0
28.55 34.95 0
28.6 34.9 0
28.65 34.85 0
28.7 34.85 0
28.75 34.85 0
28.8 34.85 0
28.85 34.85 0
28.9 34.85 0
28.95 34.85 0
29 34.85 0
29.05 34.85 0
29.1 34.85 0
29.15 34.85 0
29.2 34.85 0
29.25 34.85 0
29.3 34.85 0
29.35 34.85 0
29.4 34.85 0
29.45 34.85 0
29.5 34.85 0
29.55 34.85 0
29.6 34.85 0
29.65 34.85 0
29.7 34.85 0
29.75 34.85 0
29.8 34.85 0
29.85 34.85 0
29.9 34.85 0
29.95 34.85 0
30 34.85 0
30.05 34.8 0
30.1 34.75 0
30.15 34.7 0
30.2 34.65 0
30.25 34.6 0
30.3 34.55 0
30.35 34.5 0
30.4 34.45 0
30.45 34.4 0
30.5 34.35 0
30.55 34.35 0
30.6 34.35 0
30.65 34.35 0
30.7 34.35 0
30.75 34.35 0
30.8 34.35 0
30.85 34.35 0
30.9 34.35 0
30.95 34.35 0
31 34.35 0
31.05 34.3 0
31.1 34.25 0
31.15 34.2 0
31.2 34.15 0
31.25 34.1 0
31.3 34.05 0
31.35 34.05 0
31.4 34.05 0
31.45 34.05 0
31.5 34.05 0
31.55 34.05 0
31.6 34.05 0
31.65 34.05 0
31.7 34.05 0
31.75 34.05 0
31.8 34.05 0
31.85 34.05 0
31.9 34.05 0
31.95 34.05 0
32 34.05 0
32.05 34.05 0
32.1 34.05 0
32.15 34.05 0
32.2 34.05 0
32.25 34.05 0
32.3 34.05 0
32.35 34.05 0
32.4 34.05 0
32.45 34.05 0
32.5 34.05 0
32.55 34.05 0
32.6 34.05 0
32.65 34.05 0
32.7 34.05 0
32.75 34.05 0
32.8 34.05 0
32.85 34.05 0
32.9 34.05 0
32.95 34.05 0
33 34.05 0
33.05 34.05 0
33.1 34.05 0
33.15 34 0
33.2 33.95 0
33.25 33.9 0
33.3 33.85 0
33.35 33.8 0
33.4 33.75 0
33.45 33.7 0
33.5 33.65 0
33.55 33.6 0
33.6 33.55 0
33.65 33.5 0
33.7 33.45 0
33.75 33.4 0
33.8 33.35 0
33.85 33.3 0
33.9 33.25 0
33.95 33.2 0
34 33.2 0
34.05 33.2 0
34.1 33.2 0
34.15 33.2 0
34.2 33.2 0
34.25 33.2 0
34.3 33.2 0
34.35 33.2 0
34.4 33.2 0
34.45 33.2 0
34.5 33.2 0
34.55 33.2 0
34.6 33.2 0
34.65 33.2 0
34.7 33.2 0
34.75 33.2 0
34.8 33.2 0
34.85 33.2 0
34.9 33.2 0
34.95 33.2 0
34.95 33.2 1
35 33.2 1
35.05 33.2 1
35.1 33.2 1
35.15 33.2 1
35.2 33.2 1
35.25 33.2 1
35.3 33.2 1
35.35 33.2 1
35.4 33.2 1
35.45 33.2 1
35.5 33.2 1
35.55 33.2 1
35.6 33.2 1
35.65 33.2 1
35.7 33.2 1
35.75 33.2 1
35.8 33.2 1
35.85 33.2 1
35.9 33.2 1
35.95 33.2 1
36 33.2 1
36.05 33.2 1
36.1 33.2 1
36.15 33.2 1
36.2 33.2 1
36.25 33.2 1
36.3 33.2 1
36.35 33.2 1
36.4 33.2 1
36.45 33.2 1
36.5 33.2 1
36.55 33.2 1
36.6 33.2 1
36.65 33.2 1
36.7 33.2 1
36.75 33.2 1
36.8 33.2 1
36.85 33.2 1
36.9 33.2 1
36.95 33.2 1
37 33.2 1
37.05 33.2 1
37.1 33.2 1
37.15 33.2 1
37.2 33.2 1
37.25 33.2 1
37.3 33.2 1
37.35 33.2 1
37.4 33.2 1
37.45 33.2 1
37.5 33.2 1
37.55 33.2 1
37.6 33.2 1
37.65 33.2 1
37.7 33.2 1
37.75 33.2 1
37.8 33.2 1
37.85 33.2 1
37.9 33.2 1
37.95 33.2 1
38 33.2 1
38.05 33.2 1
38.1 33.2 1
38.15 33.2 1
38.2 33.2 1
38.25 33.2 1
38.3 33.2 1
38.35 33.2 1
38.4 33.2 1
38.45 33.2 1
38.5 33.2 1
38.55 33.2 1
38.6 33.2 1
38.65 33.2 1
38.7 33.2 1
38.75 33.2 1
38.8 33.2 1
38.85 33.2 1
38.9 33.2 1
38.95 33.2 1
39 33.2 1
39.05 33.2 1
39.1 33.2 1
39.15 33.2 1
39.2 33.2 1
39.25 33.2 1
39.3 33.2 1
39.35 33.2 1
39.4 33.2 1
39.45 33.2 1
39.5 33.2 1
39.55 33.2 1
39.6 33.2 1
39.65 33.2 1
39.7 33.2 1
39.75 33.2 1
39.8 33.2 1
39.85 33.2 1
39.9 33.2 1
39.95 33.2 1
40 33.2 1
40.05 33.2 1
40.1 33.2 1
40.15 33.2 1
40.2 33.2 1
40.25 33.2 1
40.3 33.2 1
40.35 33.2 1
40.4 33.2 1
40.45 33.2 1
40.5 33.2 1
40.55 33.2 1
40.6 33.2 1
40.65 33.2 1
40.7 33.2 1
40.75 33.2 1
40.8 33.2 1
40.85 33.2 1
40.9 33.2 1
40.95 33.2 1
41 33.2 1
41.05 33.2 1
41.1 33.2 1
41.15 33.2 1
41.2 33.2 1
41.25 33.2 1
41.3 33.2 1
41.35 33.2 1
41.4 33.2 1
41.45 33.2 1
41.5 33.2 1
41.55 33.2 1
41.6 33.2 1
41.65 33.2 1
41.7 33.2 1
41.75 33.2 1
41.8 33.2 1
41.85 33.2 1
41.9 33.2 1
41.95 33.2 1
42 33.2 1
42.05 33.2 1
42.1 33.2 1
42.15 33.2 1
42.2 33.2 1
42.25 33.2 1
42.3 33.2 1
42.35 33.2 1
42.4 33.2 1
42.45 33.2 1
42.5 33.2 1
42.55 33.2 1
42.6 33.2 1
42.65 33.2 1
42.7 33.2 1
42.7 33.2 2
42.75 33.2 2
42.8 33.2 2
42.85 33.2 2
42.9 33.2 2
42.95 33.2 2
43 33.2 2
43.05 33.2 2
43.1 33.2 2
43.15 33.2 2
43.2 33.2 2
43.25 33.2 2
43.3 33.2 2
43.35 33.2 2
43.4 33.2 2
43.45 33.2 2
43.5 33.2 2
43.55 33.2 2
43.6 33.2 2
43.65 33.2 2
43.7 33.2 2
43.75 33.2 2
43.8 33.2 2
43.85 33.2 2
43.9 33.2 2
43.95 33.2 2
44 33.2 2
44.05 33.2 2
44.1 33.2 2
44.15 33.2 2
44.2 33.2 2
44.25 33.2 2
44.3 33.2 2
44.35 33.2 2
44.4 33.2 2
44.45 33.2 2
44.5 33.2 2
44.55 33.2 2
44.6 33.2 2
44.65 33.2 2
44.7 33.2 2
44.75 33.2 2
44.8 33.2 2
44.85 33.2 2
44.9 33.2 2
44.95 33.2 2
45 33.2 2
45.05 33.2 2
45.1 33.2 2
45.15 33.2 2
45.2 33.2 2
45.25 33.2 2
45.3 33.2 2
45.35 33.2 2
45.4 33.2 2
45.45 33.2 2
45.5 33.2 2
45.55 33.2 2
45.6 33.2 2
45.65 33.2 2
45.7 33.2 2
45.75 33.2 2
45.8 33.2 2
45.85 33.2 2
45.9 33.2 2
45.95 33.2 2
46 33.2 2
46.05 33.2 2
46.1 33.2 2
46.15 33.2 2
46.2 33.2 2
46.25 33.2 2
46.3 33.2 2
46.35 33.2 2
46.4 33.2 2
46.45 33.2 2
46.5 33.2 2
46.55 33.2 2
46.6 33.2 2
46.65 33.2 2
46.7 33.2 2
46.75 33.2 2
46.8 33.2 2
46.85 33.2 2
46.9 33.2 2
46.95 33.2 2
47 33.2 2
47.05 33.2 2
47.1 33.2 2
47.15 33.2 2
47.2 33.2 2
47.25 33.2 2
47.3 33.2 2
47.35 33.2 2
47.4 33.2 2
47.45 33.2 2
47.5 33.2 2
47.55 33.2 2
47.6 33.2 2
47.65 33.2 2
47.7 33.2 2
47.75 33.2 2
47.8 33.2 2
47.85 33.2 2
47.9 33.2 2
47.95 33.2 2
48 33.2 2
48.05 33.2 2
48.1 33.2 2
48.15 33.2 2
48.2 33.2 2
48.25 33.2 2
48.3 33.2 2
48.35 33.2 2
48.4 33.2 2
48.45 33.2 2
48.5 33.2 2
48.55 33.2 2
48.6 33.2 2
48.65 33.2 2
48.7 33.2 2
48.75 33.2 2
48.8 33.2 2
48.85 33.2 2
48.9 33.2 2
48.95 33.2 2
49 33.2 2
49.05 33.2 2
49.1 33.2 2
49.15 33.2 2
49.2 33.2 2
49.25 33.2 2
49.3 33.2 2
49.35 33.2 2
49.4 33.2 2
49.45 33.2 2
49.5 33.2 2
49.55 33.2 2
49.6 33.2 2
49.65 33.2 2
49.7 33.2 2
49.75 33.2 2
49.8 33.2 2
49.85 33.2 2
49.9 33.2 2
49.95 33.2 2
50 33.2 2
50.05 33.2 2
50.1 33.2 2
50.15 33.2 2
50.2 33.2 2
50.25 33.2 2
50.3 33.2 2
50.35 33.2 2
50.4 33.2 2
50.45 33.2 2
50.5 33.2 2
50.55 33.2 2
50.6 33.2 2
50.65 33.2 2
50.7 33.2 2
50.75 33.2 2
50.8 33.2 2
50.85 33.2 2
50.9 33.2 2
50.95 33.2 2
51 33.2 2
51.05 33.2 2
51.1 33.2 2
51.15 33.2 2
51.2 33.2 2
51.25 33.2 2
51.3 33.2 2
51.35 33.2 2
51.4 33.2 2
51.45 33.2 2
51.5 33.2 2
51.55 33.2 2
51.6 33.2 2
51.65 33.2 2
51.7 33.2 2
51.75 33.2 2
51.8 33.2 2
51.85 33.2 2
51.9 33.2 2
51.95 33.2 2
52 33.2 2
52.05 33.2 2
52.1 33.2 2
52.15 33.2 2
52.2 33.2 2
52.25 33.2 2
52.3 33.2 2
52.35 33.2 2
52.4 33.2 2
52.45 33.2 2
52.5 33.2 2
52.55 33.2 2
52.6 33.2 2
52.65 33.2 2
52.7 33.2 2
52.75 33.2 2
52.8 33.2 2
52.85 33.2 2
52.9 33.2 2
52.95 33.2 2
53 33.2 2
53.05 33.2 2
53.1 33.2 2
53.15 33.2 2
53.2 33.2 2
53.25 33.2 2
53.3 33.2 2
53.35 33.2 2
53.4 33.2 2
53.45 33.2 2
53.5 33.2 2
53.55 33.2 2
53.6 33.2 2
53.65 33.2 2
53.7 33.2 2
53.75 33.2 2
53.8 33.2 2
53.85 33.2 2
53.9 33.2 2
53.95 33.2 2
54 33.2 2
54.05 33.2 2
54.1 33.2 2
54.15 33.2 2
54.2 33.2 2
54.25 33.2 2
54.3 33.2 2
54.35 33.2 2
54.4 33.2 2
54.45 33.2 2
54.5 33.2 2
54.55 33.2 2
54.6 33.2 2
54.65 33.2 2
54.7 33.2 2
54.75 33.2 2
54.8 33.2 2
54.85 33.2 2
54.9 33.2 2
54.95 33.2 2
55 33.2 2
55.05 33.2 2
55.1 33.2 2
55.15 33.2 2
55.2 33.2 2
55.25 33.2 2
55.3 33.2 2
55.35 33.2 2
55.4 33.2 2
55.45 33.2 2
55.5 33.2 2
55.55 33.2 2
55.6 33.2 2
55.65 33.2 2
55.7 33.2 2
55.75 33.2 2
55.8 33.2 2
55.85 33.2 2
55.9 33.2 2
55.95 33.2 2
56 33.2 2
56.05 33.2 2
56.1 33.2 2
56.15 33.2 2
56.2 33.2 2
56.25 33.2 2
56.3 33.2 2
56.35 33.2 2
56.4 33.2 2
56.45 33.2 2
56.5 33.2 2
56.55 33.2 2
56.6 33.2 2
56.65 33.2 2
56.7 33.2 2
56.75 33.2 2
56.8 33.2 2
56.8 33.2 1
56.85 33.2 1
56.9 33.2 1
56.95 33.2 1
57 33.2 1
57.05 33.2 1
57.1 33.2 1
57.15 33.2 1
57.2 33.2 1
57.25 33.2 1
57.3 33.2 1
57.35 33.2 1
57.4 33.2 1
57.45 33.2 1
57.5 33.2 1
57.55 33.2 1
57.6 33.2 1
57.65 33.2 1
57.7 33.2 1
57.75 33.2 1
57.8 33.2 1
57.85 33.2 1
57.9 33.2 1
57.95 33.2 1
58 33.2 1
58.05 33.2 1
58.1 33.2 1
58.15 33.2 1
58.2 33.2 1
58.25 33.2 1
58.3 33.2 1
58.35 33.2 1
58.4 33.2 1
58.45 33.2 1
58.5 33.2 1
58.55 33.2 1
58.6 33.2 1
58.65 33.2 1
58.7 33.2 1
58.75 33.2 1
58.8 33.2 1
58.85 33.2 1
58.9 33.2 1
58.95 33.2 1
59 33.2 1
59.05 33.2 1
59.1 33.2 1
59.15 33.2 1
59.2 33.2 1
59.25 33.2 1
59.3 33.2 1
59.35 33.2 1
59.4 33.2 1
59.45 33.2 1
59.5 33.2 1
59.55 33.2 1
59.6 33.2 1
59.65 33.2 1
59.7 33.2 1
59.75 33.2 1
59.8 33.2 1
59.85 33.2 1
59.9 33.2 1
59.95 33.2 1
60 33.2 1
60.05 33.2 1
60.1 33.2 1
60.15 33.2 1
60.2 33.2 1
60.25 33.2 1
60.3 33.2 1
60.35 33.2 1
60.4 33.2 1
60.45 33.2 1
60.5 33.2 1
60.55 33.2 1
60.6 33.2 1
60.65 33.2 1
60.7 33.2 1
60.75 33.2 1
60.8 33.2 1
60.85 33.2 1
60.9 33.2 1
60.95 33.2 1
61 33.2 1
61.05 33.2 1
61.1 33.2 1
61.15 33.2 1
61.2 33.2 1
61.25 33.2 1
61.3 33.2 1
61.35 33.2 1
61.4 33.2 1
61.45 33.2 1
61.5 33.2 1
61.55 33.2 1
61.6 33.2 1
61.65 33.2 1
61.7 33.2 1
61.75 33.2 1
61.8 33.2 1
61.85 33.2 1
61.9 33.2 1
61.95 33.2 1
62 33.2 1
62.05 33.2 1
62.1 33.2 1
62.15 33.2 1
62.2 33.2 1
62.25 33.2 1
62.3 33.2 1
62.35 33.2 1
62.4 33.2 1
62.45 33.2 1
62.5 33.2 1
62.55 33.2 1
62.6 33.2 1
62.65 33.2 1
62.7 33.2 1
62.75 33.2 1
62.8 33.2 1
62.85 33.2 1
62.9 33.2 1
62.95 33.2 1
63 33.2 1
63.05 33.2 1
63.1 33.2 1
63.15 33.2 1
63.2 33.2 1
63.25 33.2 1
63.3 33.2 1
63.35 33.2 1
63.4 33.2 1
63.45 33.2 1
63.5 33.2 1
63.55 33.2 1
63.6 33.2 1
63.65 33.2 1
63.7 33.2 1
63.75 33.2 1
63.8 33.2 1
63.85 33.2 1
63.9 33.2 1
63.95 33.2 1
64 33.2 1
64.05 33.2 1
64.1 33.2 1
64.15 33.2 1
64.2 33.2 1
64.25 33.2 1
64.3 33.2 1
64.35 33.2 1
64.4 33.2 1
64.45 33.2 1
64.5 33.2 1
64.55 33.2 1
64.6 33.2 1
64.65 33.2 1
64.7 33.2 1
64.75 33.2 1
64.8 33.2 1
64.85 33.2 1
64.9 33.2 1
64.95 33.2 1
65 33.2 1
65.05 33.2 1
65.1 33.2 1
65.15 33.2 1
65.2 33.2 1
65.25 33.2 1
65.3 33.2 1
65.35 33.2 1
65.4 33.2 1
65.45 33.2 1
65.5 33.2 1
65.55 33.2 1
65.6 33.2 1
65.65 33.2 1
65.7 33.2 1
65.75 33.2 1
65.8 33.2 1
65.85 33.2 1
65.9 33.2 1
65.95 33.2 1
66 33.2 1
66.05 33.2 1
66.1 33.2 1
66.15 33.2 1
66.2 33.2 1
66.25 33.2 1
66.3 33.2 1
66.35 33.2 1
66.4 33.2 1
66.45 33.2 1
66.5 33.2 1
66.55 33.2 1
66.6 33.2 1
66.65 33.2 1
66.7 33.2 1
66.75 33.2 1
66.8 33.2 1
66.85 33.2 1
66.9 33.2 1
66.95 33.2 1
67 33.2 1
67.05 33.2 1
67.1 33.2 1
67.15 33.2 1
67.2 33.2 1
67.25 33.2 1
67.3 33.2 1
67.35 33.2 1
67.4 33.2 1
67.45 33.2 1
67.5 33.2 1
67.55 33.2 1
67.6 33.2 1
67.65 33.2 1
67.7 33.2 1
67.75 33.2 1
67.8 33.2 1
67.85 33.2 1
67.9 33.2 1
67.95 33.2 1
68 33.2 1
68.05 33.2 1
68.1 33.2 1
68.15 33.2 1
68.2 33.2 1
68.25 33.2 1
68.3 33.2 1
68.35 33.2 1
68.4 33.2 1
68.45 33.2 1
68.5 33.2 1
68.55 33.2 1
68.6 33.2 1
68.65 33.2 1
68.7 33.2 1
68.75 33.2 1
68.8 33.2 1
68.85 33.2 1
68.9 33.2 1
68.95 33.2 1
69 33.2 1
69.05 33.2 1
69.1 33.2 1
69.15 33.2 1
69.2 33.2 1
69.25 33.2 1
69.3 33.2 1
69.35 33.2 1
69.4 33.2 1
69.45 33.2 1
69.5 33.2 1
69.55 33.2 1
69.6 33.2 1
69.65 33.2 1
69.7 33.2 1
69.75 33.2 1
69.8 33.2 1
69.85 33.2 1
69.9 33.2 1
69.95 33.2 1
70 33.2 1
70.05 33.2 1
70.1 33.2 1
70.15 33.2 1
70.2 33.2 1
70.25 33.2 1
70.3 33.2 1
70.35 33.2 1
70.4 33.2 1
70.45 33.2 1
70.5 33.2 1
70.55 33.2 1
70.6 33.2 1
70.65 33.2 1
70.7 33.2 1
70.75 33.2 1
70.8 33.2 1
70.85 33.2 1
70.9 33.2 1
70.95 33.2 1
71 33.2 1
71.05 33.2 1
71.1 33.2 1
71.15 33.2 1
71.2 33.2 1
71.25 33.2 1
71.3 33.2 1
71.35 33.2 1
71.4 33.2 1
71.45 33.2 1
71.5 33.2 1
71.55 33.2 1
71.6 33.2 1
71.65 33.2 1
71.7 33.2 1
71.75 33.2 1
71.8 33.2 1
71.85 33.2 1
71.9 33.2 1
71.95 33.2 1
72 33.2 1
72.05 33.2 1
72.1 33.2 1
72.15 33.2 1
72.2 33.2 1
72.25 33.2 1
72.3 33.2 1
72.35 33.2 1
72.4 33.2 1
72.45 33.2 1
72.5 33.2 1
72.55 33.2 1
72.6 33.2 1
72.65 33.2 1
72.7 33.2 1
72.75 33.2 1
72.8 33.2 1
72.85 33.2 1
72.9 33.2 1
72.95 33.2 1
73 33.2 1
73.05 33.2 1
73.1 33.2 1
73.15 33.2 1
73.2 33.2 1
73.25 33.2 1
73.3 33.2 1
73.35 33.2 1
73.4 33.2 1
73.45 33.2 1
73.5 33.2 1
73.55 33.2 1
73.6 33.2 1
73.65 33.2 1
73.7 33.2 1
73.75 33.2 1
73.8 33.2 1
73.85 33.2 1
73.9 33.2 1
73.95 33.2 1
74 33.2 1
74.05 33.2 1
74.1 33.2 1
74.15 33.2 1
74.2 33.2 1
74.25 33.2 1
74.3 33.2 1
74.35 33.2 1
74.4 33.2 1
74.45 33.2 1
74.5 33.2 1
74.55 33.2 1
74.6 33.2 1
74.65 33.2 1
74.7 33.2 1
74.75 33.2 1
74.8 33.2 1
74.85 33.2 1
74.9 33.2 1
74.95 33.2 1
75 33.2 1
75.05 33.2 1
75.1 33.2 1
75.15 33.2 1
75.2 33.2 1
75.25 33.2 1
75.3 33.2 1
75.35 33.2 1
75.4 33.2 1
75.45 33.2 1
75.5 33.2 1
75.55 33.2 1
75.6 33.2 1
75.65 33.2 1
75.7 33.2 1
75.75 33.2 1
75.8 33.2 1
75.85 33.2 1
75.9 33.2 1
75.95 33.2 1
76 33.2 1
76.05 33.2 1
76.1 33.2 1
76.15 33.2 1
76.2 33.2 1
76.25 33.2 1
76.3 33.2 1
76.35 33.2 1
76.4 33.2 1
76.45 33.2 1
76.5 33.2 1
76.55 33.2 1
76.6 33.2 1
76.65 33.2 1
76.7 33.2 1
76.75 33.2 1
76.8 33.2 1
76.85 33.2 1
76.9 33.2 1
76.95 33.2 1
77 33.2 1
77.05 33.2 1
77.1 33.2 1
77.15 33.2 1
77.2 33.2 1
77.25 33.2 1
77.3 33.2 1
77.35 33.2 1
77.4 33.2 1
77.45 33.2 1
77.5 33.2 1
77.55 33.2 1
77.6 33.2 1
77.65 33.2 1
77.7 33.2 1
77.75 33.2 1
77.8 33.2 1
77.85 33.2 1
77.9 33.2 1
77.95 33.2 1
78 33.2 1
78.05 33.2 1
78.1 33.2 1
78.15 33.2 1
78.2 33.2 1
78.25 33.2 1
78.3 33.2 1
78.35 33.2 1
78.4 33.2 1
78.45 33.2 1
78.5 33.2 1
78.55 33.2 1
78.6 33.2 1
78.65 33.2 1
78.7 33.2 1
78.75 33.2 1
78.8 33.2 1
78.85 33.2 1
78.9 33.2 1
78.95 33.2 1
79 33.2 1
79.05 33.2 1
79.1 33.2 1
79.15 33.2 1
79.2 33.2 1
79.25 33.2 1
79.3 33.2 1
79.35 33.2 1
79.4 33.2 1
79.45 33.2 1
79.5 33.2 1
79.55 33.2 1
79.6 33.2 1
79.65 33.2 1
79.7 33.2 1
79.75 33.2 1
79.8 33.2 1
79.85 33.2 1
79.9 33.2 1
79.95 33.2 1
80 33.2 1
80.05 33.2 1
80.1 33.2 1
80.15 33.2 1
80.2 33.2 1
80.25 33.2 1
80.3 33.2 1
80.35 33.2 1
80.4 33.2 1
80.45 33.2 1
80.5 33.2 1
80.55 33.2 1
80.6 33.2 1
80.65 33.2 1
80.7 33.2 1
80.75 33.2 1
80.8 33.2 1
80.85 33.2 1
80.9 33.2 1
80.95 33.2 1
81 33.2 1
81.05 33.2 1
81.1 33.2 1
81.15 33.2 1
81.2 33.2 1
81.25 33.2 1
81.3 33.2 1
81.35 33.2 1
81.4 33.2 1
81.45 33.2 1
81.5 33.2 1
81.55 33.2 1
81.6 33.2 1
81.65 33.2 1
81.7 33.2 1
81.75 33.2 1
81.8 33.2 1
81.85 33.2 1
81.9 33.2 1
81.95 33.2 1
82 33.2 1
82.05 33.2 1
82.1 33.2 1
82.15 33.2 1
82.2 33.2 1
82.25 33.2 1
82.3 33.2 1
82.35 33.2 1
82.4 33.2 1
82.45 33.2 1
82.5 33.2 1
82.55 33.2 1
82.6 33.2 1
82.65 33.2 1
82.7 33.2 1
82.75 33.2 1
82.8 33.2 1
82.85 33.2 1
82.9 33.2 1
82.95 33.2 1
83 33.2 1
83.05 33.2 1
83.1 33.2 1
83.15 33.2 1
83.2 33.2 1
83.25 33.2 1
83.3 33.2 1
83.35 33.2 1
83.4 33.2 1
83.45 33.2 1
83.5 33.2 1
83.55 33.2 1
83.6 33.2 1
83.65 33.2 1
83.7 33.2 1
83.75 33.2 1
83.8 33.2 1
83.85 33.2 1
83.9 33.2 1
83.95 33.2 1
84 33.2 1
84.05 33.2 1
84.1 33.2 1
84.15 33.2 1
84.2 33.2 1
84.25 33.2 1
84.3 33.2 1
84.35 33.2 1
84.4 33.2 1
84.45 33.2 1
84.5 33.2 1
84.55 33.2 1
84.6 33.2 1
84.65 33.2 1
84.7 33.2 1
84.75 33.2 1
84.8 33.2 1
84.85 33.2 1
84.9 33.2 1
84.95 33.2 1
85 33.2 1
85.05 33.2 1
85.1 33.2 1
85.15 33.2 1
85.2 33.2 1
85.25 33.2 1
85.3 33.2 1
85.35 33.2 1
85.4 33.2 1
85.45 33.2 1
85.5 33.2 1
85.55 33.2 1
85.6 33.15 1
85.65 33.15 1
85.7 33.15 1
85.75 33.15 1
85.8 33.15 1
85.85 33.15 1
85.9 33.15 1
85.95 33.1 1
86 33.05 1
86.05 33 1
86.1 33 1
86.15 33 1
86.15 33 2
86.2 33 2
86.25 33 2
86.3 33 2
86.35 33 2
86.4 33 2
86.45 33 2
86.5 33 2
86.55 33 2
86.6 33 2
86.65 33 2
86.7 33 2
86.75 33 2
86.8 33 2
86.85 33 2
86.9 33 2
86.95 33 2
87 33 2
87.05 33 2
87.1 33 2
87.15 33 2
87.2 33 2
87.25 33 2
87.3 33 2
87.35 33 2
87.4 33 2
87.45 33 2
87.5 33 2
87.55 33 2
87.6 33 2
87.65 33 2
87.7 33 2
87.75 33 2
87.8 33 2
87.85 33 2
87.9 33 2
87.95 33 2
88 33 2
88.05 33 2
88.1 33 2
88.15 33 2
88.2 33 2
88.25 33 2
88.3 33 2
88.35 33 2
88.4 33 2
88.45 33 2
88.5 33 2
88.55 33 2
88.6 33 2
88.65 33 2
88.7 33 2
88.75 33 2
88.8 33 2
88.85 33 2
88.9 33 2
88.95 33 2
89 33 2
89.05 33 2
89.1 33 2
89.15 33 2
89.2 33 2
89.25 33 2
89.3 33 2
89.35 33 2
89.4 33 2
89.45 33 2
89.5 33 2
89.55 33 2
89.6 33 2
89.65 33 2
89.7 33 2
89.75 33 2
89.8 33 2
89.85 33 2
89.9 33 2
89.95 33 2
90 33 2
90.05 33 2
90.1 33 2
90.15 33 2
90.2 33 2
90.25 33 2
90.3 33 2
90.35 33 2
90.4 33 2
90.45 33 2
90.5 33 2
90.55 33 2
90.6 33 2
90.65 33 2
90.7 33 2
90.75 33 2
90.8 33 2
90.85 33 2
90.9 33 2
90.95 33 2
91 33 2
91.05 33 2
91.1 33 2
91.15 33 2
91.2 33 2
91.25 33 2
91.3 33 2
91.35 33 2
91.4 33 2
91.45 33 2
91.5 33 2
91.55 33 2
91.6 33 2
91.65 33 2
91.7 33 2
91.75 33 2
91.8 33 2
91.85 33 2
91.9 33 2
91.95 33 2
92 33 2
92.05 33 2
92.1 33 2
92.15 33 2
92.2 33 2
92.25 33 2
92.3 33 2
92.35 33 2
92.4 33 2
92.45 33 2
92.5 33 2
92.55 33 2
92.6 33 2
92.65 33 2
92.7 33 2
92.75 33 2
92.8 33 2
92.8 33 0
PATH 39 184
30.4 44 0
30.4 43.95 0
30.4 43.9 0
30.4 43.85 0
30.4 43.8 0
30.4 43.75 0
30.4 43.7 0
30.4 43.65 0
30.4 43.6 0
30.4 43.55 0
30.4 43.5 0
30.4 43.45 0
30.4 43.4 0
30.4 43.35 0
30.4 43.3 0
30.4 43.25 0
30.4 43.2 0
30.4 43.15 0
30.4 43.1 0
30.4 43.05 0
30.4 43 0
30.4 42.95 0
30.4 42.9 0
30.4 42.85 0
30.4 42.8 0
30.4 42.75 0
30.4 42.7 0
30.4 42.65 0
30.4 42.6 0
30.4 42.55 0
30.4 42.5 0
30.4 42.45 0
30.4 42.4 0
30.4 42.35 0
30.4 42.3 0
30.4 42.25 0
30.4 42.2 0
30.4 42.15 0
30.4 42.1 0
30.4 42.05 0
30.4 42 0
30.4 41.95 0
30.4 41.9 0
30.4 41.85 0
30.4 41.8 0
30.4 41.75 0
30.4 41.7 0
30.4 41.65 0
30.4 41.6 0
30.4 41.55 0
30.4 41.5 0
30.4 41.45 0
30.4 41.4 0
30.4 41.35 0
30.4 41.3 0
30.4 41.25 0
30.4 41.2 0
30.4 41.15 0
30.4 41.1 0
30.4 41.05 0
30.4 41 0
30.4 40.95 0
30.4 40.9 0
30.4 40.85 0
30.4 40.8 0
30.4 40.75 0
30.4 40.7 0
30.4 40.65 0
30.4 40.6 0
30.4 40.55 0
30.4 40.5 0
30.4 40.45 0
30.4 40.4 0
30.35 40.35 0
30.3 40.3 0
30.25 40.25 0
30.2 40.2 0
30.15 40.15 0
30.15 40.1 0
30.15 40.05 0
30.15 40 0
30.15 39.95 0
30.15 39.9 0
30.15 39.85 0
30.15 39.8 0
30.15 39.75 0
30.15 39.7 0
30.15 39.65 0
30.15 39.6 0
30.15 39.55 0
30.15 39.5 0
30.15 39.45 0
30.15 39.4 0
30.15 39.35 0
30.15 39.3 0
30.15 39.25 0
30.15 39.2 0
30.15 39.15 0
30.15 39.1 0
30.15 39.05 0
30.15 39 0
30.15 38.95 0
30.15 38.9 0
30.15 38.85 0
30.15 38.8 0
30.15 38.75 0
30.15 38.7 0
30.15 38.65 0
30.15 38.6 0
30.1 38.55 0
30.05 38.5 0
30 38.45 0
30 38.4 0
30 38.35 0
30 38.3 0
30 38.25 0
30 38.2 0
30 38.15 0
30 38.1 0
30 38.05 0
30 38 0
30 37.95 0
30 37.9 0
30 37.85 0
30 37.8 0
30 37.75 0
30 37.7 0
30 37.65 0
30 37.6 0
30 37.55 0
30 37.5 0
30 37.45 0
30 37.4 0
30 37.35 0
30 37.3 0
30 37.25 0
30 37.2 0
30 37.15 0
30 37.1 0
30 37.05 0
30 37 0
30 36.95 0
30 36.9 0
30 36.85 0
30 36.8 0
30 36.75 0
30 36.7 0
30 36.65 0
30 36.6 0
30 36.55 0
30 36.5 0
30 36.45 0
30 36.4 0
30 36.35 0
30 36.3 0
30 36.25 0
30 36.2 0
30 36.15 0
30 36.1 0
30 36.05 0
30 36 0
30 35.95 0
30 35.9 0
30 35.85 0
30 35.8 0
30 35.75 0
30 35.7 0
30 35.65 0
30 35.6 0
30 35.55 0
30 35.5 0
30 35.45 0
30 35.4 0
30 35.35 0
30 35.3 0
30 35.25 0
30 35.2 0
30 35.15 0
30 35.1 0
30 35.05 0
30 35 0
30 34.95 0
30 34.9 0
30 34.85 0
PATH 39 111
24.9 45 0
24.95 44.95 0
25 44.95 0
25.05 44.95 0
25.1 44.95 0
25.15 44.95 0
25.2 44.95 0
25.25 44.95 0
25.3 44.95 0
25.35 44.95 0
25.4 44.95 0
25.45 44.95 0
25.5 44.9 0
25.55 44.9 0
25.6 44.9 0
25.65 44.9 0
25.7 44.9 0
25.75 44.9 0
25.8 44.9 0
25.85 44.9 0
25.9 44.9 0
25.95 44.9 0
26 44.9 0
26.05 44.9 0
26.1 44.9 0
26.15 44.9 0
26.2 44.9 0
26.25 44.9 0
26.3 44.9 0
26.35 44.9 0
26.4 44.9 0
26.45 44.9 0
26.5 44.9 0
26.55 44.9 0
26.6 44.9 0
26.65 44.9 0
26.7 44.9 0
26.75 44.9 0
26.8 44.9 0
26.85 44.9 0
26.9 44.9 0
26.95 44.9 0
27 44.9 0
27.05 44.9 0
27.1 44.9 0
27.15 44.9 0
27.2 44.9 0
27.25 44.9 0
27.3 44.9 0
27.35 44.9 0
27.4 44.9 0
27.45 44.9 0
27.5 44.9 0
27.55 44.9 0
27.6 44.9 0
27.65 44.9 0
27.7 44.9 0
27.75 44.9 0
27.8 44.9 0
27.85 44.9 0
27.9 44.9 0
27.95 44.9 0
28 44.9 0
28.05 44.9 0
28.1 44.9 0
28.15 44.9 0
28.2 44.9 0
28.25 44.9 0
28.3 44.9 0
28.35 44.9 0
28.4 44.9 0
28.45 44.9 0
28.5 44.9 0
28.55 44.85 0
28.6 44.8 0
28.65 44.8 0
28.7 44.8 0
28.75 44.8 0
28.8 44.8 0
28.85 44.8 0
28.9 44.8 0
28.95 44.8 0
29 44.8 0
29.05 44.8 0
29.1 44.8 0
29.15 44.8 0
29.2 44.8 0
29.25 44.8 0
29.3 44.8 0
29.35 44.75 0
29.4 44.7 0
29.45 44.65 0
29.5 44.6 0
29.55 44.55 0
29.6 44.5 0
29.65 44.45 0
29.7 44.4 0
29.75 44.35 0
29.8 44.3 0
29.85 44.25 0
29.9 44.2 0
29.95 44.15 0
30 44.1 0
30.05 44.05 0
30.1 44 0
30.15 44 0
30.2 44 0
30.25 44 0
30.3 44 0
30.35 44 0
30.4 44 0
PATH 39 327
34.85 61 0
34.85 60.95 0
34.85 60.9 0
34.85 60.85 0
34.85 60.8 0
34.85 60.75 0
34.85 60.7 0
34.85 60.65 0
34.85 60.6 0
34.85 60.55 0
34.85 60.5 0
34.85 60.45 0
34.85 60.4 0
34.85 60.35 0
34.85 60.3 0
34.85 60.25 0
34.85 60.2 0
34.85 60.15 0
34.85 60.1 0
34.85 60.05 0
34.85 60 0
34.8 59.95 0
34.8 59.9 0
34.8 59.85 0
34.8 59.8 0
34.8 59.75 0
34.8 59.7 0
34.8 59.65 0
34.8 59.6 0
34.8 59.55 0
34.8 59.5 0
34.8 59.45 0
34.8 59.4 0
34.8 59.4 2
34.8 59.35 2
34.8 59.3 2
34.8 59.25 2
34.8 59.2 2
34.8 59.15 2
34.8 59.1 2
34.75 59.05 2
34.7 59 2
34.65 58.95 2
34.65 58.9 2
34.65 58.85 2
34.65 58.8 2
34.65 58.75 2
34.65 58.7 2
34.65 58.65 2
34.65 58.6 2
34.65 58.55 2
34.65 58.5 2
34.65 58.45 2
34.65 58.4 2
34.65 58.35 2
34.65 58.3 2
34.65 58.25 2
34.65 58.2 2
34.65 58.15 2
34.65 58.1 2
34.65 58.05 2
34.65 58 2
34.65 57.95 2
34.65 57.9 2
34.65 57.85 2
34.65 57.8 2
34.65 57.75 2
34.65 57.7 2
34.65 57.65 2
34.65 57.6 2
34.65 57.55 2
34.65 57.5 2
34.65 57.45 2
34.65 57.4 2
34.65 57.35 2
34.65 57.3 2
34.6 57.25 2
34.55 57.2 2
34.5 57.15 2
34.5 57.1 2
34.5 57.05 2
34.5 57 2
34.5 56.95 2
34.5 56.9 2
34.5 56.85 2
34.5 56.8 2
34.5 56.75 2
34.5 56.7 2
34.5 56.65 2
34.5 56.6 2
34.5 56.55 2
34.5 56.5 2
34.5 56.45 2
34.5 56.4 2
34.5 56.35 2
34.5 56.3 2
34.5 56.25 2
34.5 56.2 2
34.5 56.15 2
34.5 56.1 2
34.5 56.05 2
34.5 56 2
34.5 55.95 2
34.5 55.9 2
34.5 55.85 2
34.5 55.8 2
34.5 55.75 2
34.5 55.7 2
34.5 55.65 2
34.5 55.6 2
34.5 55.55 2
34.5 55.5 2
34.5 55.45 2
34.5 55.4 2
34.5 55.35 2
34.5 55.3 2
34.5 55.25 2
34.5 55.2 2
34.5 55.15 2
34.5 55.1 2
34.5 55.05 2
34.5 55 2
34.5 54.95 2
34.5 54.9 2
34.5 54.85 2
34.5 54.8 2
34.5 54.75 2
34.5 54.7 2
34.5 54.65 2
34.5 54.6 2
34.5 54.55 2
34.5 54.5 2
34.5 54.45 2
34.5 54.4 2
34.5 54.35 2
34.5 54.3 2
34.5 54.25 2
34.5 54.2 2
34.5 54.15 2
34.45 54.1 2
34.4 54.05 2
34.35 54 2
34.3 53.95 2
34.25 53.9 2
34.2 53.85 2
34.15 53.8 2
34.1 53.75 2
34.05 53.7 2
34 53.65 2
33.95 53.6 2
33.9 53.55 2
33.85 53.5 2
33.8 53.45 2
33.75 53.4 2
33.7 53.35 2
33.65 53.3 2
33.6 53.25 2
33.55 53.2 2
33.55 53.15 2
33.55 53.1 2
33.55 53.05 2
33.55 53 2
33.55 52.95 2
33.55 52.9 2
33.55 52.85 2
33.55 52.8 2
33.55 52.75 2
33.55 52.7 2
33.55 52.65 2
33.55 52.6 2
33.55 52.55 2
33.55 52.5 2
33.55 52.45 2
33.55 52.4 2
33.55 52.35 2
33.55 52.3 2
33.55 52.25 2
33.55 52.2 2
33.55 52.15 2
33.55 52.1 2
33.55 52.05 2
33.55 52 2
33.55 51.95 2
33.55 51.9 2
33.55 51.85 2
33.55 51.8 2
33.55 51.75 2
33.55 51.7 2
33.55 51.65 2
33.55 51.6 2
33.55 51.55 2
33.55 51.5 2
33.55 51.45 2
33.55 51.4 2
33.55 51.35 2
33.55 51.3 2
33.55 51.25 2
33.55 51.2 2
33.55 51.15 2
33.55 51.1 2
33.55 51.05 2
33.55 51 2
33.55 50.95 2
33.55 50.9 2
33.55 50.85 2
33.55 50.8 2
33.55 50.75 2
33.55 50.7 2
33.55 50.65 2
33.55 50.6 2
33.55 50.55 2
33.55 50.5 2
33.55 50.45 2
33.55 50.4 2
33.55 50.35 2
33.55 50.3 2
33.55 50.25 2
33.55 50.2 2
33.55 50.15 2
33.55 50.1 2
33.55 50.05 2
33.55 50 2
33.55 49.95 2
33.55 49.9 2
33.5 49.85 2
33.45 49.8 2
33.4 49.75 2
33.35 49.7 2
33.3 49.65 2
33.25 49.6 2
33.2 49.55 2
33.15 49.5 2
33.1 49.45 2
33.05 49.4 2
33 49.35 2
32.95 49.3 2
32.9 49.25 2
32.85 49.2 2
32.8 49.15 2
32.75 49.1 2
32.7 49.05 2
32.65 49 2
32.6 48.95 2
32.55 48.9 2
32.5 48.85 2
32.45 48.8 2
32.4 48.75 2
32.35 48.7 2
32.3 48.65 2
32.25 48.6 2
32.2 48.55 2
32.15 48.5 2
32.1 48.45 2
32.05 48.4 2
32 48.35 2
31.95 48.3 2
31.9 48.25 2
31.85 48.2 2
31.8 48.15 2
31.75 48.1 2
31.7 48.05 2
31.65 48 2
31.6 47.95 2
31.55 47.9 2
31.5 47.85 2
31.45 47.8 2
31.4 47.75 2
31.35 47.7 2
31.3 47.65 2
31.25 47.6 2
31.2 47.55 2
31.15 47.5 2
31.1 47.45 2
31.05 47.4 2
31 47.35 2
30.95 47.3 2
30.9 47.25 2
30.85 47.2 2
30.8 47.15 2
30.75 47.1 2
30.7 47.05 2
30.65 47 2
30.6 46.95 2
30.55 46.9 2
30.5 46.85 2
30.45 46.8 2
30.4 46.75 2
30.35 46.7 2
30.3 46.65 2
30.25 46.6 2
30.2 46.55 2
30.15 46.5 2
30.1 46.45 2
30.05 46.4 2
30 46.35 2
29.95 46.3 2
29.9 46.25 2
29.85 46.2 2
29.8 46.15 2
29.75 46.1 2
29.7 46.05 2
29.65 46 2
29.6 45.95 2
29.55 45.9 2
29.5 45.85 2
29.45 45.8 2
29.4 45.75 2
29.35 45.7 2
29.3 45.65 2
29.3 45.6 2
29.3 45.55 2
29.3 45.5 2
29.3 45.45 2
29.3 45.4 2
29.3 45.35 2
29.3 45.3 2
29.3 45.25 2
29.3 45.2 2
29.3 45.15 2
29.3 45.1 2
29.3 45.05 2
29.3 45 2
29.3 44.95 2
29.3 44.9 2
29.3 44.85 2
29.3 44.8 2
29.3 44.8 0
PATH 82 141
90.2 41 0
90.25 41.05 0
90.3 41.1 0
90.3 41.15 0
90.35 41.2 0
90.35 41.25 0
90.4 41.3 0
90.45 41.35 0
90.45 41.4 0
90.5 41.45 0
90.55 41.5 0
90.6 41.55 0
90.65 41.6 0
90.65 41.65 0
90.65 41.7 0
90.65 41.75 0
90.7 41.8 0
90.75 41.85 0
90.8 41.9 0
90.8 41.95 0
90.8 42 0
90.85 42.05 0
90.9 42.1 0
90.95 42.15 0
90.95 42.2 0
91 42.25 0
91.05 42.3 0
91.1 42.35 0
91.15 42.4 0
91.2 42.45 0
91.25 42.5 0
91.3 42.55 0
91.35 42.6 0
91.4 42.65 0
91.45 42.7 0
91.45 42.75 0
91.5 42.8 0
91.55 42.85 0
91.6 42.9 0
91.65 42.95 0
91.7 43 0
91.75 43.05 0
91.8 43.1 0
91.85 43.15 0
91.9 43.2 0
91.95 43.25 0
92 43.3 0
92.05 43.35 0
92.1 43.4 0
92.15 43.45 0
92.2 43.5 0
92.25 43.55 0
92.25 43.6 0
92.25 43.65 0
92.25 43.7 0
92.3 43.75 0
92.35 43.8 0
92.4 43.85 0
92.45 43.9 0
92.5 43.95 0
92.55 44 0
92.6 44.05 0
92.65 44.1 0
92.7 44.15 0
92.7 44.2 0
92.75 44.25 0
92.8 44.3 0
92.85 44.35 0
92.9 44.4 0
92.95 44.45 0
93 44.5 0
93.05 44.55 0
93.1 44.6 0
93.15 44.65 0
93.2 44.7 0
93.25 44.75 0
93.3 44.8 0
93.35 44.85 0
93.4 44.9 0
93.45 44.95 0
93.5 45 0
93.55 45.05 0
93.6 45.1 0
93.65 45.15 0
93.7 45.2 0
93.75 45.25 0
93.8 45.3 0
93.85 45.35 0
93.9 45.4 0
93.95 45.45 0
94 45.5 0
94.05 45.55 0
94.1 45.6 0
94.15 45.65 0
94.2 45.7 0
94.25 45.75 0
94.3 45.8 0
94.35 45.85 0
94.4 45.9 0
94.45 45.95 0
94.5 46 0
94.55 46.05 0
94.6 46.1 0
94.65 46.15 0
94.7 46.2 0
94.75 46.25 0
94.8 46.3 0
94.85 46.35 0
94.9 46.4 0
94.95 46.45 0
95 46.5 0
95.05 46.55 0
95.1 46.6 0
95.15 46.65 0
95.2 46.7 0
95.25 46.75 0
95.3 46.8 0
95.35 46.85 0
95.4 46.9 0
95.4 46.95 0
95.4 47 0
95.4 47.05 0
95.4 47.1 0
95.4 47.15 0
95.4 47.2 0
95.4 47.25 0
95.4 47.3 0
95.4 47.35 0
95.4 47.4 0
95.45 47.45 0
95.5 47.5 0
95.55 47.55 0
95.6 47.6 0
95.65 47.65 0
95.7 47.7 0
95.75 47.75 0
95.8 47.8 0
95.85 47.85 0
95.9 47.9 0
95.95 47.95 0
96 48 0
PATH 82 325
90.55 25 0
90.55 25.05 0
90.55 25.1 0
90.55 25.15 0
90.55 25.2 0
90.55 25.25 0
90.55 25.3 0
90.55 25.35 0
90.55 25.4 0
90.55 25.45 0
90.55 25.5 0
90.55 25.55 0
90.55 25.6 0
90.55 25.65 0
90.55 25.7 0
90.55 25.75 0
90.55 25.8 0
90.55 25.85 0
90.55 25.9 0
90.55 25.95 0
90.55 26 0
90.55 26.05 0
90.55 26.05 2
90.55 26.1 2
90.55 26.15 2
90.55 26.2 2
90.55 26.25 2
90.55 26.3 2
90.55 26.35 2
90.55 26.4 2
90.55 26.45 2
90.55 26.5 2
90.55 26.55 2
90.55 26.6 2
90.55 26.65 2
90.55 26.7 2
90.55 26.75 2
90.55 26.8 2
90.55 26.85 2
90.55 26.9 2
90.55 26.95 2
90.55 27 2
90.55 27.05 2
90.55 27.1 2
90.55 27.15 2
90.55 27.2 2
90.55 27.25 2
90.55 27.3 2
90.55 27.35 2
90.55 27.4 2
90.55 27.45 2
90.55 27.5 2
90.55 27.55 2
90.55 27.6 2
90.55 27.65 2
90.55 27.7 2
90.55 27.75 2
90.55 27.8 2
90.55 27.85 2
90.55 27.9 2
90.55 27.95 2
90.55 28 2
90.55 28.05 2
90.55 28.1 2
90.55 28.15 2
90.55 28.2 2
90.55 28.25 2
90.55 28.3 2
90.55 28.35 2
90.55 28.4 2
90.55 28.45 2
90.55 28.5 2
90.55 28.55 2
90.55 28.6 2
90.55 28.65 2
90.55 28.7 2
90.55 28.75 2
90.55 28.8 2
90.55 28.85 2
90.55 28.9 2
90.55 28.95 2
90.55 29 2
90.55 29.05 2
90.55 29.1 2
90.55 29.15 2
90.55 29.2 2
90.55 29.25 2
90.55 29.3 2
90.55 29.35 2
90.55 29.4 2
90.55 29.45 2
90.55 29.5 2
90.55 29.55 2
90.55 29.6 2
90.55 29.65 2
90.55 29.7 2
90.55 29.75 2
90.55 29.8 2
90.55 29.85 2
90.55 29.9 2
90.55 29.95 2
90.55 30 2
90.55 30.05 2
90.55 30.1 2
90.55 30.15 2
90.55 30.2 2
90.55 30.25 2
90.55 30.3 2
90.55 30.35 2
90.55 30.4 2
90.55 30.45 2
90.55 30.5 2
90.55 30.55 2
90.55 30.6 2
90.55 30.65 2
90.55 30.7 2
90.55 30.75 2
90.55 30.8 2
90.55 30.85 2
90.55 30.9 2
90.55 30.95 2
90.55 31 2
90.55 31.05 2
90.55 31.1 2
90.55 31.15 2
90.55 31.2 2
90.55 31.25 2
90.55 31.3 2
90.55 31.35 2
90.55 31.4 2
90.55 31.45 2
90.55 31.5 2
90.55 31.55 2
90.55 31.6 2
90.55 31.6 0
90.5 31.65 0
90.45 31.7 0
90.45 31.75 0
90.45 31.8 0
90.45 31.85 0
90.45 31.9 0
90.45 31.95 0
90.45 32 0
90.45 32.05 0
90.45 32.1 0
90.45 32.15 0
90.45 32.2 0
90.45 32.25 0
90.45 32.3 0
90.45 32.35 0
90.45 32.4 0
90.45 32.45 0
90.45 32.5 0
90.45 32.55 0
90.45 32.6 0
90.45 32.65 0
90.45 32.7 0
90.45 32.75 0
90.45 32.8 0
90.45 32.85 0
90.45 32.9 0
90.45 32.95 0
90.45 33 0
90.45 33.05 0
90.45 33.1 0
90.45 33.15 0
90.45 33.2 0
90.45 33.25 0
90.45 33.3 0
90.45 33.35 0
90.45 33.4 0
90.45 33.45 0
90.45 33.5 0
90.45 33.55 0
90.45 33.6 0
90.45 33.65 0
90.45 33.7 0
90.45 33.75 0
90.45 33.8 0
90.45 33.85 0
90.45 33.9 0
90.45 33.95 0
90.45 34 0
90.45 34.05 0
90.45 34.1 0
90.45 34.15 0
90.45 34.2 0
90.45 34.25 0
90.45 34.3 0
90.45 34.35 0
90.45 34.4 0
90.45 34.45 0
90.45 34.5 0
90.45 34.55 0
90.45 34.6 0
90.45 34.65 0
90.45 34.7 0
90.45 34.75 0
90.45 34.8 0
90.45 34.85 0
90.45 34.9 0
90.45 34.95 0
90.45 35 0
90.45 35.05 0
90.45 35.1 0
90.45 35.15 0
90.45 35.2 0
90.45 35.25 0
90.45 35.3 0
90.45 35.35 0
90.45 35.35 2
90.4 35.4 2
90.35 35.45 2
90.3 35.5 2
90.25 35.55 2
90.2 35.6 2
90.2 35.65 2
90.2 35.7 2
90.2 35.75 2
90.2 35.8 2
90.2 35.85 2
90.2 35.9 2
90.2 35.95 2
90.2 36 2
90.2 36.05 2
90.2 36.1 2
90.2 36.15 2
90.2 36.2 2
90.2 36.25 2
90.2 36.3 2
90.2 36.35 2
90.2 36.4 2
90.2 36.45 2
90.2 36.5 2
90.2 36.55 2
90.2 36.6 2
90.2 36.65 2
90.2 36.7 2
90.2 36.75 2
90.2 36.8 2
90.2 36.85 2
90.2 36.9 2
90.2 36.95 2
90.2 37 2
90.2 37.05 2
90.2 37.1 2
90.2 37.15 2
90.2 37.2 2
90.2 37.25 2
90.2 37.3 2
90.2 37.35 2
90.2 37.4 2
90.2 37.45 2
90.2 37.5 2
90.2 37.55 2
90.2 37.6 2
90.2 37.65 2
90.2 37.7 2
90.2 37.75 2
90.2 37.8 2
90.2 37.85 2
90.2 37.9 2
90.2 37.95 2
90.2 38 2
90.2 38.05 2
90.2 38.1 2
90.2 38.15 2
90.2 38.2 2
90.2 38.25 2
90.2 38.3 2
90.2 38.35 2
90.2 38.4 2
90.2 38.45 2
90.2 38.5 2
90.2 38.55 2
90.2 38.6 2
90.2 38.65 2
90.2 38.7 2
90.2 38.75 2
90.2 38.8 2
90.2 38.85 2
90.2 38.9 2
90.2 38.95 2
90.2 39 2
90.2 39.05 2
90.2 39.1 2
90.2 39.15 2
90.2 39.2 2
90.2 39.25 2
90.2 39.3 2
90.2 39.35 2
90.2 39.4 2
90.2 39.45 2
90.2 39.5 2
90.2 39.55 2
90.2 39.6 2
90.2 39.65 2
90.2 39.7 2
90.2 39.75 2
90.2 39.8 2
90.2 39.85 2
90.2 39.9 2
90.2 39.95 2
90.2 40 2
90.2 40.05 2
90.2 40.1 2
90.2 40.15 2
90.2 40.2 2
90.2 40.25 2
90.2 40.3 2
90.2 40.35 2
90.2 40.4 2
90.2 40.45 2
90.2 40.5 2
90.2 40.55 2
90.2 40.6 2
90.2 40.65 2
90.2 40.7 2
90.2 40.75 2
90.2 40.8 2
90.2 40.85 2
90.2 40.9 2
90.2 40.95 2
90.2 41 2
90.2 41 0
PATH 82 112
85.05 28.05 0
85.1 28.05 0
85.15 28.05 0
85.2 28.05 0
85.25 28.05 0
85.3 28.05 0
85.35 28.05 0
85.4 28.05 0
85.45 28.05 0
85.5 28.05 0
85.55 28.05 0
85.6 28.05 0
85.65 28.05 0
85.7 28.05 0
85.75 28.05 0
85.8 28.05 0
85.85 28.05 0
85.9 28.05 0
85.95 28.05 0
86 28.05 0
86.05 28.05 0
86.1 28.05 0
86.15 28.05 0
86.2 28.05 0
86.25 28.05 0
86.3 28.05 0
86.35 28.05 0
86.4 28.05 0
86.45 28.05 0
86.5 28.05 0
86.55 28.05 0
86.6 28.05 0
86.65 28.05 0
86.7 28.05 0
86.75 28.05 0
86.8 28.05 0
86.85 28.05 0
86.9 28.05 0
86.95 28.05 0
87 28.05 0
87.05 28.05 0
87.1 28.05 0
87.15 28.05 0
87.2 28.05 0
87.25 28.05 0
87.3 28.05 0
87.35 28.05 0
87.4 28.05 0
87.45 28.05 0
87.5 28.05 0
87.55 28.05 0
87.6 28.05 0
87.65 28.05 0
87.7 28.05 0
87.75 28.05 0
87.8 28.05 0
87.85 28.05 0
87.9 28.05 0
87.95 28.05 0
88 28.05 0
88.05 28.05 0
88.1 28.05 0
88.15 28.05 0
88.2 28.05 0
88.25 28.05 0
88.3 28.05 0
88.35 28.05 0
88.4 28.05 0
88.45 28.05 0
88.5 28.05 0
88.55 28.05 0
88.6 28.05 0
88.65 28.05 0
88.7 28.05 0
88.75 28.05 0
88.8 28.05 0
88.85 28.05 0
88.9 28.05 0
88.95 28.05 0
89 28.05 0
89.05 28.05 0
89.1 28.05 0
89.15 28.05 0
89.2 28.05 0
89.25 28.05 0
89.3 28.05 0
89.35 28.05 0
89.4 28.05 0
89.45 28 0
89.5 27.95 0
89.55 27.9 0
89.55 27.9 2
89.6 27.9 2
89.65 27.9 2
89.7 27.9 2
89.75 27.9 2
89.8 27.9 2
89.85 27.9 2
89.9 27.9 2
89.95 27.9 2
90 27.9 2
90.05 27.9 2
90.1 27.9 2
90.15 27.9 2
90.2 27.9 2
90.25 27.9 2
90.3 27.9 2
90.35 27.9 2
90.4 27.9 2
90.45 27.9 2
90.5 27.9 2
90.55 27.9 2
PATH 82 507
64.75 7.5 0
64.8 7.55 0
64.85 7.6 0
64.9 7.65 0
64.95 7.7 0
65 7.75 0
65.05 7.8 0
65.1 7.85 0
65.15 7.9 0
65.2 7.95 0
65.25 8 0
65.3 8.05 0
65.35 8.1 0
65.4 8.15 0
65.45 8.2 0
65.5 8.25 0
65.55 8.3 0
65.6 8.35 0
65.65 8.4 0
65.7 8.45 0
65.75 8.5 0
65.8 8.55 0
65.85 8.6 0
65.9 8.65 0
65.95 8.7 0
66 8.75 0
66.05 8.8 0
66.1 8.85 0
66.15 8.9 0
66.2 8.9 0
66.25 8.9 0
66.3 8.9 0
66.35 8.9 0
66.4 8.9 0
66.45 8.9 0
66.5 8.9 0
66.55 8.9 0
66.6 8.9 0
66.65 8.9 0
66.7 8.9 0
66.75 8.9 0
66.8 8.9 0
66.85 8.9 0
66.9 8.9 0
66.95 8.9 0
67 8.9 0
67.05 8.9 0
67.1 8.9 0
67.15 8.9 0
67.2 8.9 0
67.25 8.9 0
67.3 8.9 0
67.35 8.9 0
67.4 8.9 0
67.45 8.9 0
67.5 8.9 0
67.55 8.9 0
67.6 8.9 0
67.65 8.9 0
67.7 8.9 0
67.75 8.9 0
67.8 8.9 0
67.85 8.9 0
67.9 8.9 0
67.95 8.9 0
68 8.9 0
68.05 8.9 0
68.1 8.9 0
68.15 8.9 0
68.2 8.9 0
68.25 8.9 0
68.3 8.9 0
68.35 8.9 0
68.4 8.9 0
68.45 8.9 0
68.5 8.9 0
68.55 8.9 0
68.6 8.9 0
68.65 8.9 0
68.7 8.9 0
68.75 8.9 0
68.8 8.9 0
68.85 8.9 0
68.9 8.9 0
68.95 8.9 0
69 8.9 0
69.05 8.9 0
69.1 8.9 0
69.15 8.9 0
69.2 8.9 0
69.25 8.9 0
69.3 8.9 0
69.35 8.9 0
69.4 8.9 0
69.45 8.9 0
69.5 8.9 0
69.55 8.9 0
69.6 8.9 0
69.65 8.9 0
69.7 8.9 0
69.75 8.9 0
69.8 8.9 0
69.85 8.9 0
69.9 8.9 0
69.95 8.9 0
70 8.9 0
70.05 8.9 0
70.1 8.9 0
70.15 8.9 0
70.2 8.9 0
70.25 8.9 0
70.3 8.9 0
70.35 8.9 0
70.4 8.9 0
70.45 8.9 0
70.5 8.9 0
70.55 8.9 0
70.6 8.9 0
70.65 8.9 0
70.7 8.9 0
70.75 8.9 0
70.8 8.9 0
70.8 8.9 2
70.8 8.95 2
70.85 9 2
70.9 9.05 2
70.95 9.1 2
70.95 9.15 2
71 9.2 2
71.05 9.25 2
71.1 9.3 2
71.15 9.35 2
71.2 9.4 2
71.25 9.45 2
71.3 9.5 2
71.3 9.55 2
71.35 9.6 2
71.4 9.65 2
71.45 9.7 2
71.45 9.75 2
71.5 9.8 2
71.55 9.85 2
71.6 9.9 2
71.65 9.95 2
71.7 10 2
71.7 10.05 2
71.75 10.1 2
71.8 10.15 2
71.8 10.2 2
71.85 10.25 2
71.9 10.3 2
71.95 10.35 2
72 10.4 2
72 10.45 2
72.05 10.5 2
72.1 10.55 2
72.15 10.6 2
72.2 10.65 2
72.25 10.7 2
72.3 10.75 2
72.35 10.8 2
72.4 10.85 2
72.45 10.9 2
72.5 10.95 2
72.55 11 2
72.6 11.05 2
72.65 11.1 2
72.65 11.15 2
72.7 11.2 2
72.75 11.25 2
72.8 11.3 2
72.85 11.35 2
72.9 11.4 2
72.95 11.45 2
73 11.5 2
73.05 11.55 2
73.1 11.6 2
73.15 11.65 2
73.2 11.7 2
73.2 11.75 2
73.25 11.8 2
73.3 11.85 2
73.35 11.9 2
73.4 11.95 2
73.45 12 2
73.5 12.05 2
73.55 12.1 2
73.6 12.15 2
73.65 12.2 2
73.7 12.25 2
73.75 12.3 2
73.8 12.35 2
73.85 12.4 2
73.9 12.45 2
73.95 12.5 2
74 12.55 2
74.05 12.6 2
74.1 12.65 2
74.15 12.7 2
74.2 12.75 2
74.25 12.8 2
74.3 12.85 2
74.35 12.9 2
74.4 12.95 2
74.45 13 2
74.5 13.05 2
74.55 13.1 2
74.6 13.15 2
74.65 13.2 2
74.7 13.25 2
74.75 13.3 2
74.8 13.35 2
74.85 13.4 2
74.9 13.45 2
74.95 13.5 2
75 13.55 2
75.05 13.6 2
75.1 13.65 2
75.15 13.7 2
75.2 13.75 2
75.25 13.8 2
75.3 13.85 2
75.35 13.9 2
75.4 13.95 2
75.45 14 2
75.5 14.05 2
75.55 14.1 2
75.6 14.15 2
75.65 14.2 2
75.7 14.25 2
75.75 14.3 2
75.8 14.35 2
75.85 14.4 2
75.9 14.45 2
75.95 14.5 2
76 14.55 2
76.05 14.6 2
76.1 14.65 2
76.15 14.7 2
76.2 14.75 2
76.25 14.8 2
76.3 14.85 2
76.35 14.9 2
76.4 14.95 2
76.45 15 2
76.5 15.05 2
76.55 15.1 2
76.6 15.15 2
76.65 15.2 2
76.7 15.25 2
76.75 15.3 2
76.8 15.35 2
76.8 15.4 2
76.85 15.45 2
76.9 15.5 2
76.95 15.55 2
77 15.6 2
77.05 15.65 2
77.1 15.7 2
77.15 15.75 2
77.2 15.8 2
77.25 15.85 2
77.3 15.9 2
77.35 15.95 2
77.4 16 2
77.45 16.05 2
77.45 16.1 2
77.5 16.15 2
77.5 16.2 2
77.55 16.25 2
77.55 16.3 2
77.6 16.35 2
77.65 16.4 2
77.7 16.45 2
77.75 16.5 2
77.8 16.55 2
77.85 16.6 2
77.9 16.65 2
77.9 16.7 2
77.95 16.75 2
78 16.8 2
78.05 16.85 2
78.1 16.9 2
78.15 16.95 2
78.2 17 2
78.25 17.05 2
78.3 17.1 2
78.35 17.15 2
78.4 17.2 2
78.4 17.25 2
78.4 17.3 2
78.45 17.35 2
78.5 17.4 2
78.55 17.45 2
78.6 17.5 2
78.65 17.55 2
78.65 17.6 2
78.65 17.65 2
78.65 17.7 2
78.65 17.75 2
78.65 17.8 2
78.65 17.85 2
78.65 17.9 2
78.65 17.95 2
78.65 18 2
78.65 18.05 2
78.7 18.1 2
78.75 18.15 2
78.75 18.2 2
78.75 18.25 2
78.75 18.3 2
78.8 18.35 2
78.8 18.4 2
78.85 18.45 2
78.9 18.5 2
78.95 18.55 2
78.95 18.6 2
79 18.65 2
79 18.7 2
79 18.75 2
79 18.8 2
79.05 18.85 2
79.05 18.9 2
79.1 18.95 2
79.1 19 2
79.15 19.05 2
79.15 19.1 2
79.15 19.15 2
79.15 19.2 2
79.15 19.25 2
79.2 19.3 2
79.2 19.35 2
79.25 19.4 2
79.25 19.45 2
79.3 19.5 2
79.3 19.55 2
79.35 19.6 2
79.4 19.65 2
79.45 19.7 2
79.5 19.75 2
79.55 19.8 2
79.6 19.85 2
79.6 19.9 2
79.6 19.95 2
79.6 20 2
79.6 20.05 2
79.6 20.1 2
79.6 20.15 2
79.6 20.2 2
79.65 20.25 2
79.65 20.3 2
79.65 20.35 2
79.65 20.4 2
79.65 20.45 2
79.7 20.5 2
79.75 20.55 2
79.8 20.6 2
79.85 20.65 2
79.85 20.7 2
79.85 20.75 2
79.85 20.8 2
79.85 20.85 2
79.9 20.9 2
79.9 20.95 2
79.9 21 2
79.9 21.05 2
79.9 21.1 2
79.9 21.15 2
79.9 21.2 2
79.9 21.25 2
79.95 21.3 2
79.95 21.35 2
79.95 21.4 2
80 21.45 2
80.05 21.5 2
80.05 21.55 2
80.05 21.6 2
80.05 21.65 2
80.05 21.7 2
80.05 21.75 2
80.1 21.8 2
80.15 21.85 2
80.2 21.9 2
80.25 21.95 2
80.3 22 2
80.35 22.05 2
80.4 22.1 2
80.45 22.15 2
80.5 22.2 2
80.5 22.25 2
80.5 22.3 2
80.5 22.35 2
80.55 22.4 2
80.6 22.45 2
80.6 22.5 2
80.65 22.55 2
80.7 22.6 2
80.75 22.65 2
80.75 22.7 2
80.8 22.75 2
80.85 22.8 2
80.9 22.85 2
80.95 22.9 2
80.95 22.95 2
80.95 23 2
80.95 23.05 2
80.95 23.1 2
80.95 23.15 2
81 23.2 2
81.05 23.25 2
81.1 23.3 2
81.15 23.35 2
81.2 23.4 2
81.25 23.45 2
81.25 23.5 2
81.3 23.55 2
81.35 23.6 2
81.4 23.65 2
81.45 23.7 2
81.5 23.75 2
81.55 23.8 2
81.6 23.85 2
81.65 23.9 2
81.7 23.95 2
81.75 24 2
81.75 24.05 2
81.8 24.1 2
81.85 24.15 2
81.9 24.2 2
81.95 24.25 2
82 24.3 2
82.05 24.35 2
82.1 24.4 2
82.1 24.45 2
82.15 24.5 2
82.2 24.55 2
82.2 24.6 2
82.25 24.65 2
82.3 24.7 2
82.35 24.75 2
82.4 24.8 2
82.4 24.85 2
82.45 24.9 2
82.5 24.95 2
82.5 25 2
82.55 25.05 2
82.6 25.1 2
82.65 25.15 2
82.7 25.2 2
82.75 25.25 2
82.75 25.3 2
82.8 25.35 2
82.85 25.4 2
82.9 25.45 2
82.95 25.5 2
83 25.55 2
83.05 25.6 2
83.1 25.65 2
83.1 25.7 2
83.15 25.75 2
83.2 25.8 2
83.25 25.85 2
83.25 25.9 2
83.3 25.95 2
83.35 26 2
83.4 26.05 2
83.45 26.1 2
83.5 26.15 2
83.5 26.2 2
83.5 26.25 2
83.5 26.3 2
83.5 26.35 2
83.5 26.4 2
83.5 26.45 2
83.5 26.5 2
83.5 26.5 0
83.55 26.55 0
83.6 26.6 0
83.65 26.65 0
83.7 26.7 0
83.75 26.75 0
83.8 26.8 0
83.85 26.85 0
83.9 26.9 0
83.95 26.95 0
84 27 0
84.05 27.05 0
84.1 27.1 0
84.15 27.15 0
84.2 27.2 0
84.25 27.25 0
84.3 27.3 0
84.35 27.35 0
84.4 27.4 0
84.45 27.45 0
84.5 27.5 0
84.55 27.55 0
84.6 27.6 0
84.65 27.65 0
84.7 27.7 0
84.75 27.75 0
84.8 27.8 0
84.85 27.85 0
84.9 27.9 0
84.95 27.95 0
85 28 0
85.05 28.05 0
PATH 20 1166
87.05 66.05 0
87.05 66 0
87.05 65.95 0
87.05 65.9 0
87.05 65.85 0
87.05 65.8 0
87.05 65.75 0
87.05 65.7 0
87.05 65.65 0
87.05 65.6 0
87.05 65.55 0
87.05 65.5 0
87.05 65.45 0
87.05 65.4 0
87.05 65.35 0
87.05 65.3 0
87.05 65.25 0
87.05 65.2 0
87.05 65.15 0
87.05 65.1 0
87.05 65.05 0
87.05 65 0
87.05 64.95 0
87.05 64.95 2
87 64.9 2
87 64.85 2
86.95 64.8 2
86.9 64.75 2
86.85 64.7 2
86.8 64.65 2
86.75 64.6 2
86.7 64.55 2
86.65 64.5 2
86.6 64.45 2
86.55 64.4 2
86.5 64.35 2
86.45 64.3 2
86.4 64.25 2
86.35 64.2 2
86.3 64.15 2
86.25 64.1 2
86.2 64.05 2
86.15 64 2
86.1 63.95 2
86.05 63.9 2
86 63.85 2
86 63.8 2
86 63.75 2
86 63.7 2
86 63.65 2
86 63.6 2
86 63.55 2
86 63.5 2
86 63.45 2
86 63.4 2
86 63.35 2
86 63.3 2
86 63.25 2
86 63.2 2
86 63.15 2
86 63.1 2
86 63.05 2
86 63 2
86 62.95 2
86 62.9 2
86 62.85 2
86 62.8 2
86 62.75 2
86 62.7 2
86 62.65 2
86 62.6 2
86 62.55 2
86 62.5 2
86 62.45 2
86 62.4 2
86 62.35 2
86 62.3 2
86 62.25 2
86 62.2 2
86 62.15 2
86 62.1 2
86 62.05 2
86 62 2
86 61.95 2
86 61.9 2
86 61.85 2
86 61.8 2
86 61.75 2
86 61.7 2
86 61.65 2
86 61.6 2
86 61.55 2
86 61.5 2
86 61.45 2
86 61.4 2
86 61.35 2
86 61.3 2
86 61.25 2
86 61.2 2
86 61.15 2
86 61.1 2
86 61.05 2
86 61 2
86 60.95 2
86 60.9 2
86 60.85 2
86 60.8 2
86 60.75 2
86 60.7 2
86 60.65 2
86 60.6 2
86 60.55 2
86 60.5 2
86 60.45 2
86 60.4 2
86 60.35 2
86 60.3 2
86 60.25 2
86 60.2 2
86 60.15 2
85.95 60.1 2
85.9 60.05 2
85.9 60 2
85.9 59.95 2
85.9 59.9 2
85.9 59.85 2
85.9 59.8 2
85.9 59.75 2
85.9 59.7 2
85.9 59.65 2
85.9 59.6 2
85.9 59.55 2
85.9 59.5 2
85.9 59.45 2
85.9 59.4 2
85.9 59.35 2
85.9 59.3 2
85.9 59.25 2
85.9 59.2 2
85.9 59.15 2
85.9 59.1 2
85.9 59.05 2
85.9 59 2
85.9 58.95 2
85.9 58.9 2
85.9 58.85 2
85.9 58.8 2
85.9 58.75 2
85.9 58.7 2
85.9 58.65 2
85.9 58.6 2
85.9 58.55 2
85.9 58.5 2
85.9 58.45 2
85.9 58.4 2
85.9 58.35 2
85.9 58.3 2
85.9 58.25 2
85.9 58.2 2
85.9 58.15 2
85.9 58.1 2
85.9 58.05 2
85.9 58 2
85.9 57.95 2
85.9 57.9 2
85.9 57.85 2
85.9 57.8 2
85.9 57.75 2
85.9 57.7 2
85.9 57.65 2
85.9 57.6 2
85.9 57.55 2
85.9 57.5 2
85.9 57.45 2
85.9 57.4 2
85.9 57.35 2
85.9 57.3 2
85.9 57.25 2
85.9 57.2 2
85.9 57.15 2
85.9 57.1 2
85.9 57.05 2
85.9 57 2
85.9 56.95 2
85.9 56.9 2
85.9 56.85 2
85.9 56.8 2
85.9 56.75 2
85.9 56.7 2
85.9 56.65 2
85.9 56.6 2
85.9 56.55 2
85.9 56.5 2
85.9 56.45 2
85.9 56.4 2
85.9 56.35 2
85.9 56.3 2
85.9 56.25 2
85.9 56.2 2
85.9 56.15 2
85.9 56.1 2
85.9 56.05 2
85.9 56 2
85.9 55.95 2
85.9 55.9 2
85.9 55.85 2
85.9 55.8 2
85.9 55.75 2
85.9 55.7 2
85.9 55.65 2
85.9 55.6 2
85.9 55.55 2
85.9 55.5 2
85.9 55.45 2
85.9 55.4 2
85.9 55.35 2
85.9 55.3 2
85.9 55.25 2
85.9 55.2 2
85.9 55.15 2
85.9 55.1 2
85.9 55.05 2
85.9 55 2
85.9 54.95 2
85.9 54.9 2
85.9 54.85 2
85.9 54.8 2
85.9 54.75 2
85.9 54.7 2
85.9 54.65 2
85.9 54.6 2
85.9 54.55 2
85.85 54.5 2
85.8 54.45 2
85.75 54.4 2
85.75 54.35 2
85.75 54.3 2
85.75 54.25 2
85.75 54.2 2
85.75 54.15 2
85.75 54.1 2
85.75 54.05 2
85.75 54 2
85.75 53.95 2
85.75 53.9 2
85.75 53.85 2
85.75 53.8 2
85.75 53.75 2
85.75 53.7 2
85.75 53.65 2
85.7 53.6 2
85.7 53.55 2
85.7 53.5 2
85.7 53.45 2
85.7 53.4 2
85.65 53.35 2
85.6 53.3 2
85.55 53.25 2
85.5 53.2 2
85.5 53.15 2
85.5 53.1 2
85.5 53.05 2
85.5 53 2
85.5 52.95 2
85.5 52.9 2
85.5 52.85 2
85.5 52.8 2
85.5 52.75 2
85.5 52.7 2
85.5 52.65 2
85.5 52.6 2
85.5 52.55 2
85.5 52.5 2
85.5 52.45 2
85.5 52.4 2
85.5 52.35 2
85.5 52.3 2
85.5 52.25 2
85.5 52.2 2
85.5 52.15 2
85.5 52.1 2
85.5 52.05 2
85.5 52 2
85.5 51.95 2
85.5 51.9 2
85.5 51.85 2
85.5 51.8 2
85.5 51.75 2
85.5 51.7 2
85.5 51.65 2
85.5 51.6 2
85.5 51.55 2
85.5 51.5 2
85.5 51.45 2
85.5 51.4 2
85.5 51.35 2
85.5 51.3 2
85.5 51.25 2
85.5 51.2 2
85.5 51.15 2
85.5 51.1 2
85.5 51.05 2
85.5 51 2
85.5 50.95 2
85.5 50.9 2
85.5 50.85 2
85.5 50.8 2
85.5 50.75 2
85.5 50.7 2
85.5 50.65 2
85.5 50.6 2
85.5 50.55 2
85.5 50.5 2
85.5 50.45 2
85.5 50.4 2
85.5 50.35 2
85.5 50.3 2
85.5 50.25 2
85.5 50.2 2
85.5 50.15 2
85.5 50.1 2
85.5 50.05 2
85.5 50 2
85.5 49.95 2
85.5 49.9 2
85.5 49.85 2
85.5 49.8 2
85.5 49.75 2
85.5 49.7 2
85.5 49.65 2
85.5 49.6 2
85.5 49.55 2
85.5 49.5 2
85.5 49.45 2
85.5 49.4 2
85.5 49.35 2
85.5 49.3 2
85.5 49.25 2
85.5 49.2 2
85.5 49.15 2
85.5 49.1 2
85.5 49.05 2
85.5 49 2
85.5 48.95 2
85.5 48.9 2
85.5 48.85 2
85.5 48.8 2
85.5 48.75 2
85.5 48.7 2
85.5 48.65 2
85.5 48.6 2
85.5 48.55 2
85.5 48.5 2
85.5 48.45 2
85.5 48.4 2
85.5 48.35 2
85.5 48.3 2
85.5 48.25 2
85.5 48.2 2
85.5 48.15 2
85.5 48.1 2
85.5 48.05 2
85.5 48 2
85.5 47.95 2
85.5 47.9 2
85.5 47.85 2
85.5 47.8 2
85.5 47.75 2
85.5 47.7 2
85.5 47.65 2
85.5 47.6 2
85.5 47.55 2
85.5 47.5 2
85.5 47.45 2
85.5 47.4 2
85.5 47.35 2
85.5 47.3 2
85.5 47.25 2
85.5 47.2 2
85.5 47.15 2
85.5 47.1 2
85.5 47.05 2
85.5 47 2
85.5 46.95 2
85.5 46.9 2
85.5 46.85 2
85.5 46.8 2
85.5 46.75 2
85.5 46.7 2
85.5 46.65 2
85.5 46.6 2
85.5 46.55 2
85.5 46.5 2
85.5 46.45 2
85.5 46.4 2
85.5 46.35 2
85.5 46.3 2
85.5 46.25 2
85.5 46.2 2
85.5 46.15 2
85.5 46.1 2
85.5 46.05 2
85.5 46 2
85.5 45.95 2
85.5 45.9 2
85.5 45.85 2
85.5 45.8 2
85.5 45.75 2
85.5 45.7 2
85.5 45.65 2
85.5 45.6 2
85.5 45.55 2
85.5 45.5 2
85.5 45.45 2
85.5 45.4 2
85.5 45.35 2
85.5 45.3 2
85.5 45.25 2
85.5 45.2 2
85.5 45.15 2
85.5 45.1 2
85.5 45.05 2
85.5 45 2
85.5 44.95 2
85.5 44.9 2
85.5 44.85 2
85.5 44.8 2
85.5 44.75 2
85.5 44.7 2
85.5 44.65 2
85.5 44.6 2
85.5 44.55 2
85.5 44.5 2
85.5 44.45 2
85.5 44.4 2
85.5 44.35 2
85.5 44.3 2
85.5 44.25 2
85.5 44.2 2
85.5 44.15 2
85.5 44.1 2
85.5 44.05 2
85.5 44 2
85.5 43.95 2
85.5 43.9 2
85.5 43.85 2
85.5 43.8 2
85.5 43.75 2
85.5 43.7 2
85.5 43.65 2
85.5 43.6 2
85.5 43.55 2
85.5 43.5 2
85.5 43.45 2
85.5 43.4 2
85.5 43.35 2
85.5 43.3 2
85.5 43.25 2
85.5 43.2 2
85.5 43.15 2
85.5 43.1 2
85.5 43.05 2
85.5 43 2
85.5 42.95 2
85.5 42.9 2
85.5 42.85 2
85.5 42.8 2
85.5 42.75 2
85.5 42.7 2
85.5 42.65 2
85.5 42.6 2
85.5 42.55 2
85.5 42.5 2
85.5 42.45 2
85.5 42.4 2
85.5 42.35 2
85.5 42.3 2
85.5 42.25 2
85.5 42.2 2
85.5 42.15 2
85.5 42.1 2
85.5 42.05 2
85.5 42 2
85.5 41.95 2
85.5 41.9 2
85.5 41.85 2
85.5 41.8 2
85.5 41.75 2
85.5 41.7 2
85.5 41.65 2
85.5 41.6 2
85.5 41.55 2
85.5 41.5 2
85.5 41.45 2
85.5 41.4 2
85.5 41.35 2
85.5 41.3 2
85.5 41.25 2
85.5 41.2 2
85.5 41.15 2
85.5 41.1 2
85.5 41.05 2
85.5 41 2
85.5 40.95 2
85.5 40.9 2
85.5 40.85 2
85.5 40.8 2
85.5 40.75 2
85.5 40.7 2
85.5 40.65 2
85.5 40.6 2
85.5 40.55 2
85.5 40.5 2
85.5 40.45 2
85.5 40.4 2
85.5 40.35 2
85.5 40.3 2
85.5 40.25 2
85.5 40.2 2
85.5 40.15 2
85.5 40.1 2
85.5 40.05 2
85.5 40 2
85.5 39.95 2
85.5 39.9 2
85.5 39.85 2
85.5 39.8 2
85.5 39.75 2
85.5 39.7 2
85.5 39.65 2
85.5 39.6 2
85.5 39.55 2
85.5 39.5 2
85.5 39.45 2
85.5 39.4 2
85.5 39.35 2
85.5 39.3 2
85.5 39.25 2
85.5 39.2 2
85.5 39.15 2
85.5 39.1 2
85.5 39.05 2
85.5 39 2
85.5 38.95 2
85.5 38.9 2
85.5 38.85 2
85.5 38.8 2
85.5 38.75 2
85.5 38.7 2
85.5 38.65 2
85.5 38.6 2
85.5 38.55 2
85.5 38.5 2
85.5 38.45 2
85.5 38.4 2
85.5 38.35 2
85.5 38.3 2
85.5 38.25 2
85.5 38.2 2
85.5 38.15 2
85.5 38.1 2
85.5 38.05 2
85.5 38 2
85.5 37.95 2
85.5 37.9 2
85.5 37.85 2
85.5 37.8 2
85.5 37.75 2
85.5 37.7 2
85.5 37.65 2
85.5 37.6 2
85.5 37.55 2
85.5 37.5 2
85.5 37.45 2
85.5 37.4 2
85.5 37.35 2
85.5 37.3 2
85.5 37.25 2
85.5 37.2 2
85.5 37.15 2
85.5 37.1 2
85.5 37.05 2
85.5 37 2
85.5 36.95 2
85.5 36.9 2
85.5 36.85 2
85.5 36.8 2
85.5 36.75 2
85.5 36.7 2
85.5 36.65 2
85.5 36.6 2
85.5 36.55 2
85.5 36.5 2
85.5 36.45 2
85.5 36.4 2
85.5 36.35 2
85.5 36.3 2
85.5 36.25 2
85.5 36.2 2
85.5 36.15 2
85.5 36.1 2
85.5 36.05 2
85.5 36 2
85.5 35.95 2
85.5 35.9 2
85.5 35.85 2
85.5 35.8 2
85.5 35.75 2
85.5 35.7 2
85.5 35.65 2
85.5 35.6 2
85.5 35.55 2
85.5 35.5 2
85.5 35.45 2
85.5 35.4 2
85.5 35.35 2
85.5 35.3 2
85.5 35.25 2
85.5 35.2 2
85.5 35.15 2
85.5 35.1 2
85.5 35.05 2
85.5 35 2
85.5 34.95 2
85.5 34.9 2
85.5 34.85 2
85.5 34.8 2
85.5 34.75 2
85.5 34.7 2
85.5 34.65 2
85.5 34.6 2
85.5 34.55 2
85.5 34.5 2
85.5 34.45 2
85.5 34.4 2
85.5 34.35 2
85.5 34.3 2
85.5 34.25 2
85.5 34.2 2
85.5 34.15 2
85.5 34.1 2
85.5 34.05 2
85.5 34 2
85.5 33.95 2
85.5 33.9 2
85.5 33.85 2
85.5 33.8 2
85.5 33.75 2
85.5 33.7 2
85.5 33.65 2
85.5 33.6 2
85.5 33.55 2
85.5 33.5 2
85.5 33.45 2
85.5 33.4 2
85.5 33.35 2
85.5 33.3 2
85.5 33.25 2
85.5 33.2 2
85.5 33.15 2
85.5 33.1 2
85.5 33.05 2
85.5 33 2
85.5 32.95 2
85.5 32.9 2
85.5 32.85 2
85.5 32.8 2
85.5 32.75 2
85.5 32.7 2
85.5 32.65 2
85.5 32.6 2
85.5 32.55 2
85.5 32.5 2
85.5 32.45 2
85.5 32.4 2
85.5 32.35 2
85.5 32.3 2
85.5 32.25 2
85.5 32.2 2
85.5 32.15 2
85.5 32.1 2
85.5 32.05 2
85.5 32 2
85.5 31.95 2
85.5 31.9 2
85.5 31.85 2
85.5 31.8 2
85.5 31.75 2
85.5 31.7 2
85.5 31.65 2
85.5 31.6 2
85.5 31.55 2
85.5 31.5 2
85.5 31.45 2
85.5 31.4 2
85.5 31.35 2
85.5 31.3 2
85.5 31.25 2
85.5 31.2 2
85.5 31.15 2
85.5 31.1 2
85.5 31.05 2
85.5 31 2
85.5 30.95 2
85.5 30.9 2
85.5 30.85 2
85.5 30.8 2
85.5 30.75 2
85.5 30.7 2
85.5 30.65 2
85.5 30.6 2
85.5 30.55 2
85.5 30.5 2
85.5 30.45 2
85.5 30.4 2
85.5 30.35 2
85.5 30.3 2
85.5 30.25 2
85.5 30.2 2
85.5 30.15 2
85.5 30.1 2
85.5 30.05 2
85.5 30 2
85.5 29.95 2
85.5 29.9 2
85.5 29.85 2
85.5 29.8 2
85.5 29.75 2
85.5 29.7 2
85.5 29.65 2
85.5 29.6 2
85.5 29.55 2
85.5 29.5 2
85.5 29.45 2
85.5 29.4 2
85.5 29.35 2
85.5 29.3 2
85.5 29.25 2
85.5 29.2 2
85.5 29.15 2
85.5 29.1 2
85.5 29.05 2
85.5 29 2
85.5 28.95 2
85.5 28.9 2
85.5 28.85 2
85.5 28.8 2
85.5 28.75 2
85.5 28.7 2
85.5 28.65 2
85.5 28.6 2
85.5 28.55 2
85.5 28.5 2
85.5 28.45 2
85.5 28.4 2
85.5 28.35 2
85.5 28.3 2
85.5 28.25 2
85.5 28.2 2
85.5 28.15 2
85.5 28.1 2
85.5 28.05 2
85.5 28 2
85.5 27.95 2
85.5 27.9 2
85.5 27.85 2
85.5 27.8 2
85.5 27.75 2
85.5 27.7 2
85.5 27.65 2
85.5 27.6 2
85.5 27.55 2
85.5 27.5 2
85.5 27.45 2
85.5 27.4 2
85.5 27.35 2
85.5 27.3 2
85.5 27.25 2
85.5 27.2 2
85.5 27.15 2
85.5 27.1 2
85.5 27.05 2
85.5 27 2
85.5 26.95 2
85.5 26.9 2
85.5 26.85 2
85.5 26.8 2
85.5 26.75 2
85.5 26.7 2
85.5 26.65 2
85.5 26.6 2
85.5 26.55 2
85.5 26.5 2
85.5 26.45 2
85.5 26.4 2
85.5 26.35 2
85.5 26.3 2
85.5 26.25 2
85.5 26.2 2
85.5 26.15 2
85.5 26.1 2
85.5 26.05 2
85.5 26 2
85.5 25.95 2
85.5 25.9 2
85.5 25.85 2
85.5 25.8 2
85.5 25.75 2
85.5 25.7 2
85.5 25.65 2
85.5 25.6 2
85.5 25.55 2
85.5 25.5 2
85.5 25.45 2
85.5 25.4 2
85.5 25.35 2
85.5 25.3 2
85.5 25.25 2
85.5 25.2 2
85.5 25.15 2
85.5 25.1 2
85.5 25.05 2
85.5 25 2
85.5 24.95 2
85.5 24.9 2
85.5 24.85 2
85.5 24.8 2
85.5 24.75 2
85.5 24.7 2
85.5 24.65 2
85.5 24.6 2
85.5 24.55 2
85.5 24.5 2
85.5 24.45 2
85.5 24.4 2
85.5 24.35 2
85.5 24.3 2
85.5 24.25 2
85.5 24.2 2
85.55 24.15 2
85.6 24.1 2
85.65 24.05 2
85.7 24 2
85.75 23.95 2
85.75 23.95 0
85.7 23.9 0
85.7 23.85 0
85.7 23.8 0
85.7 23.75 0
85.65 23.7 0
85.6 23.65 0
85.55 23.6 0
85.5 23.55 0
85.45 23.5 0
85.4 23.45 0
85.35 23.4 0
85.3 23.35 0
85.3 23.3 0
85.25 23.25 0
85.25 23.2 0
85.2 23.15 0
85.2 23.1 0
85.15 23.05 0
85.1 23 0
85.1 22.95 0
85.05 22.9 0
85 22.85 0
84.95 22.8 0
84.9 22.75 0
84.9 22.7 0
84.9 22.65 0
84.9 22.6 0
84.9 22.55 0
84.85 22.5 0
84.85 22.45 0
84.85 22.4 0
84.8 22.35 0
84.75 22.3 0
84.7 22.25 0
84.65 22.2 0
84.6 22.15 0
84.55 22.1 0
84.5 22.05 0
84.45 22 0
84.4 21.95 0
84.35 21.9 0
84.3 21.85 0
84.25 21.8 0
84.2 21.75 0
84.15 21.7 0
84.1 21.65 0
84.05 21.6 0
84 21.55 0
83.95 21.5 0
83.9 21.45 0
83.85 21.4 0
83.8 21.35 0
83.75 21.3 0
83.7 21.25 0
83.65 21.2 0
83.6 21.15 0
83.55 21.1 0
83.5 21.05 0
83.45 21 0
83.45 21 2
83.4 20.95 2
83.35 20.9 2
83.3 20.85 2
83.25 20.8 2
83.2 20.75 2
83.15 20.7 2
83.1 20.65 2
83.05 20.6 2
83.05 20.55 2
83.05 20.5 2
83.05 20.45 2
83.05 20.4 2
83.05 20.35 2
83.05 20.3 2
83.05 20.25 2
83.05 20.2 2
83.05 20.15 2
83.05 20.1 2
83.05 20.05 2
83.05 20 2
83.05 19.95 2
83.05 19.9 2
83.05 19.85 2
83.05 19.8 2
83.05 19.75 2
83.05 19.7 2
83.05 19.65 2
83.05 19.6 2
83.05 19.55 2
83.05 19.5 2
83.05 19.45 2
83.05 19.4 2
83.05 19.35 2
83.05 19.3 2
83.05 19.25 2
83.05 19.2 2
83.05 19.15 2
83.05 19.1 2
83.05 19.05 2
83.05 19 2
83.05 18.95 2
83.05 18.9 2
83.05 18.85 2
83.05 18.8 2
83.05 18.75 2
83.05 18.7 2
83.05 18.65 2
83.05 18.6 2
83.05 18.55 2
83.05 18.5 2
83.05 18.45 2
83.05 18.4 2
83.05 18.35 2
83.05 18.3 2
83.05 18.25 2
83.05 18.2 2
83.05 18.15 2
83.05 18.1 2
83 18.05 2
82.95 18 2
82.95 17.95 2
82.9 17.9 2
82.9 17.85 2
82.9 17.8 2
82.9 17.75 2
82.9 17.7 2
82.85 17.65 2
82.85 17.6 2
82.85 17.55 2
82.8 17.5 2
82.75 17.45 2
82.75 17.4 2
82.75 17.35 2
82.75 17.3 2
82.75 17.25 2
82.75 17.2 2
82.75 17.15 2
82.7 17.1 2
82.7 17.05 2
82.7 17 2
82.7 16.95 2
82.7 16.9 2
82.7 16.85 2
82.7 16.8 2
82.7 16.75 2
82.7 16.7 2
82.7 16.65 2
82.7 16.6 2
82.7 16.55 2
82.7 16.5 2
82.65 16.45 2
82.6 16.4 2
82.55 16.35 2
82.5 16.3 2
82.45 16.25 2
82.4 16.2 2
82.4 16.15 2
82.4 16.1 2
82.4 16.05 2
82.4 16 2
82.4 15.95 2
82.4 15.9 2
82.4 15.85 2
82.4 15.8 2
82.4 15.75 2
82.4 15.7 2
82.4 15.65 2
82.4 15.6 2
82.4 15.55 2
82.4 15.5 2
82.4 15.45 2
82.4 15.4 2
82.4 15.35 2
82.4 15.3 2
82.35 15.25 2
82.3 15.2 2
82.25 15.15 2
82.2 15.1 2
82.2 15.05 2
82.2 15 2
82.15 14.95 2
82.1 14.9 2
82.1 14.85 2
82.1 14.8 2
82.05 14.75 2
82.05 14.7 2
82 14.65 2
81.95 14.6 2
81.95 14.55 2
81.95 14.5 2
81.9 14.45 2
81.85 14.4 2
81.8 14.35 2
81.75 14.3 2
81.75 14.25 2
81.75 14.2 2
81.75 14.15 2
81.7 14.1 2
81.65 14.05 2
81.6 14 2
81.6 13.95 2
81.6 13.9 2
81.6 13.85 2
81.55 13.8 2
81.5 13.75 2
81.45 13.7 2
81.45 13.65 2
81.45 13.6 2
81.4 13.55 2
81.35 13.5 2
81.3 13.45 2
81.3 13.4 2
81.3 13.35 2
81.3 13.3 2
81.3 13.25 2
81.3 13.2 2
81.25 13.15 2
81.2 13.1 2
81.2 13.05 2
81.2 13 2
81.15 12.95 2
81.1 12.9 2
81.1 12.85 2
81.05 12.8 2
81.05 12.75 2
81.05 12.7 2
81.05 12.65 2
81.05 12.6 2
81.05 12.55 2
81.05 12.5 2
81.05 12.45 2
81.05 12.4 2
81.05 12.35 2
81.05 12.3 2
81 12.25 2
80.95 12.2 2
80.9 12.15 2
80.85 12.1 2
80.8 12.05 2
80.75 12 2
80.7 11.95 2
80.7 11.9 2
80.7 11.85 2
80.7 11.8 2
80.65 11.75 2
80.65 11.7 2
80.65 11.65 2
80.65 11.6 2
80.65 11.55 2
80.65 11.5 2
80.65 11.45 2
80.65 11.4 2
80.65 11.35 2
80.6 11.3 2
80.55 11.25 2
80.5 11.2 2
80.45 11.15 2
80.4 11.1 2
80.4 11.05 2
80.35 11 2
80.35 10.95 2
80.35 10.9 2
80.3 10.85 2
80.25 10.8 2
80.25 10.75 2
80.25 10.7 2
80.25 10.65 2
80.25 10.6 2
80.2 10.55 2
80.2 10.5 2
80.2 10.45 2
80.15 10.4 2
80.1 10.35 2
80.1 10.3 2
80.1 10.25 2
80.1 10.2 2
80.1 10.15 2
80.1 10.1 2
80.1 10.05 2
80.1 10 2
80.1 9.95 2
80.1 9.9 2
80.05 9.85 2
80.05 9.8 2
80 9.75 2
80 9.7 2
80 9.65 2
80 9.6 2
80 9.55 2
80 9.5 2
80 9.45 2
80 9.4 2
80 9.35 2
80 9.3 2
80 9.25 2
80 9.2 2
80 9.15 2
80 9.1 2
80 9.05 2
80 9 2
80 8.95 2
80 8.9 2
80 8.85 2
80 8.8 2
80 8.75 2
80 8.7 2
80 8.65 2
80 8.6 2
80 8.55 2
80 8.5 2
80 8.45 2
80 8.4 2
80 8.35 2
80 8.3 2
80 8.25 2
80 8.2 2
80 8.15 2
80 8.1 2
80 8.05 2
80 8 2
80 8 0
PATH 20 202
89.8 76 0
89.75 75.95 0
89.7 75.9 0
89.65 75.85 0
89.65 75.8 0
89.6 75.75 0
89.55 75.7 0
89.5 75.65 0
89.45 75.6 0
89.45 75.55 0
89.4 75.5 0
89.35 75.45 0
89.3 75.4 0
89.25 75.35 0
89.2 75.3 0
89.2 75.25 0
89.2 75.25 2
89.15 75.2 2
89.1 75.15 2
89.05 75.1 2
89 75.05 2
88.95 75 2
88.9 74.95 2
88.85 74.9 2
88.8 74.85 2
88.75 74.8 2
88.7 74.75 2
88.65 74.7 2
88.6 74.65 2
88.55 74.6 2
88.5 74.55 2
88.45 74.5 2
88.45 74.45 2
88.45 74.4 2
88.45 74.35 2
88.45 74.3 2
88.45 74.25 2
88.45 74.2 2
88.45 74.15 2
88.45 74.1 2
88.45 74.05 2
88.45 74 2
88.45 73.95 2
88.45 73.9 2
88.45 73.85 2
88.45 73.8 2
88.45 73.75 2
88.45 73.7 2
88.45 73.65 2
88.45 73.6 2
88.45 73.55 2
88.45 73.5 2
88.45 73.45 2
88.45 73.4 2
88.45 73.35 2
88.45 73.3 2
88.45 73.25 2
88.45 73.2 2
88.45 73.15 2
88.45 73.1 2
88.45 73.05 2
88.45 73 2
88.45 72.95 2
88.45 72.9 2
88.45 72.85 2
88.45 72.8 2
88.45 72.75 2
88.45 72.7 2
88.45 72.65 2
88.45 72.6 2
88.45 72.55 2
88.45 72.5 2
88.45 72.45 2
88.45 72.4 2
88.45 72.35 2
88.45 72.3 2
88.45 72.25 2
88.4 72.2 2
88.35 72.15 2
88.3 72.1 2
88.3 72.05 2
88.3 72 2
88.3 71.95 2
88.3 71.9 2
88.3 71.85 2
88.3 71.8 2
88.3 71.75 2
88.25 71.7 2
88.2 71.65 2
88.15 71.6 2
88.15 71.55 2
88.1 71.5 2
88.1 71.45 2
88.05 71.4 2
88 71.35 2
87.95 71.3 2
87.95 71.25 2
87.95 71.2 2
87.95 71.15 2
87.95 71.1 2
87.95 71.05 2
87.95 71 2
87.9 70.95 2
87.85 70.9 2
87.8 70.85 2
87.75 70.8 2
87.7 70.75 2
87.65 70.7 2
87.65 70.65 2
87.65 70.6 2
87.6 70.55 2
87.55 70.5 2
87.55 70.45 2
87.55 70.4 2
87.5 70.35 2
87.5 70.3 2
87.45 70.25 2
87.4 70.2 2
87.35 70.15 2
87.35 70.1 2
87.35 70.05 2
87.3 70 2
87.3 69.95 2
87.3 69.9 2
87.3 69.85 2
87.25 69.8 2
87.2 69.75 2
87.15 69.7 2
87.1 69.65 2
87.05 69.6 2
87.05 69.55 2
87.05 69.5 2
87.05 69.45 2
87.05 69.4 2
87.05 69.35 2
87.05 69.3 2
87.05 69.25 2
87.05 69.2 2
87.05 69.15 2
87.05 69.1 2
87.05 69.05 2
87.05 69 2
87.05 68.95 2
87.05 68.9 2
87.05 68.85 2
87.05 68.8 2
87.05 68.75 2
87.05 68.7 2
87.05 68.65 2
87.05 68.6 2
87.05 68.55 2
87.05 68.5 2
87.05 68.45 2
87.05 68.4 2
87.05 68.35 2
87.05 68.3 2
87.05 68.25 2
87.05 68.2 2
87.05 68.15 2
87.05 68.1 2
87.05 68.05 2
87.05 68 2
87.05 67.95 2
87.05 67.9 2
87.05 67.85 2
87.05 67.8 2
87.05 67.75 2
87.05 67.7 2
87.05 67.65 2
87.05 67.6 2
87.05 67.55 2
87.05 67.5 2
87.05 67.45 2
87.05 67.4 2
87.05 67.35 2
87.05 67.3 2
87.05 67.25 2
87.05 67.2 2
87.05 67.15 2
87.05 67.1 2
87.05 67.05 2
87.05 67 2
87.05 66.95 2
87.05 66.9 2
87.05 66.85 2
87.05 66.8 2
87.05 66.75 2
87.05 66.7 2
87.05 66.65 2
87.05 66.6 2
87.05 66.55 2
87.05 66.5 2
87.05 66.45 2
87.05 66.4 2
87.05 66.35 2
87.05 66.3 2
87.05 66.25 2
87.05 66.2 2
87.05 66.15 2
87.05 66.1 2
87.05 66.05 2
87.05 66.05 0
PATH 20 1179
27.15 73 0
27.2 72.95 0
27.25 72.9 0
27.3 72.85 0
27.35 72.85 0
27.4 72.8 0
27.45 72.75 0
27.5 72.7 0
27.55 72.65 0
27.6 72.6 0
27.65 72.55 0
27.7 72.5 0
27.75 72.45 0
27.8 72.4 0
27.85 72.35 0
27.9 72.3 0
27.95 72.25 0
28 72.2 0
28.05 72.2 0
28.1 72.2 0
28.15 72.2 0
28.2 72.2 0
28.25 72.2 0
28.3 72.2 0
28.35 72.2 0
28.4 72.2 0
28.45 72.2 0
28.5 72.2 0
28.55 72.2 0
28.6 72.2 0
28.65 72.2 0
28.7 72.2 0
28.75 72.2 0
28.8 72.2 0
28.85 72.2 0
28.9 72.2 0
28.95 72.2 0
29 72.2 0
29.05 72.2 0
29.1 72.2 0
29.15 72.2 0
29.2 72.2 0
29.25 72.2 0
29.3 72.2 0
29.35 72.2 0
29.4 72.2 0
29.45 72.2 0
29.5 72.2 0
29.55 72.2 0
29.6 72.2 0
29.65 72.2 0
29.7 72.2 0
29.75 72.2 0
29.8 72.2 0
29.85 72.2 0
29.9 72.2 0
29.95 72.2 0
30 72.2 0
30.05 72.2 0
30.1 72.2 0
30.15 72.2 0
30.2 72.2 0
30.25 72.2 0
30.3 72.2 0
30.35 72.2 0
30.4 72.2 0
30.45 72.2 0
30.5 72.2 0
30.55 72.2 0
30.6 72.2 0
30.65 72.2 0
30.7 72.2 0
30.75 72.2 0
30.8 72.2 0
30.85 72.2 0
30.9 72.2 0
30.95 72.2 0
31 72.2 0
31.05 72.2 0
31.1 72.2 0
31.15 72.2 0
31.2 72.2 0
31.25 72.2 0
31.3 72.2 0
31.35 72.2 0
31.4 72.2 0
31.45 72.2 0
31.5 72.2 0
31.55 72.2 0
31.6 72.2 0
31.65 72.2 0
31.7 72.2 0
31.75 72.2 0
31.8 72.2 0
31.85 72.2 0
31.9 72.2 0
31.95 72.2 0
32 72.2 0
32.05 72.2 0
32.1 72.2 0
32.15 72.2 0
32.2 72.2 0
32.25 72.2 0
32.3 72.2 0
32.35 72.2 0
32.4 72.2 0
32.45 72.2 0
32.5 72.2 0
32.55 72.2 0
32.6 72.2 0
32.65 72.2 0
32.7 72.2 0
32.75 72.2 0
32.8 72.2 0
32.85 72.2 0
32.9 72.2 0
32.95 72.2 0
33 72.2 0
33.05 72.2 0
33.1 72.2 0
33.15 72.2 0
33.2 72.2 0
33.25 72.2 0
33.3 72.2 0
33.35 72.2 0
33.4 72.2 0
33.45 72.2 0
33.5 72.2 0
33.55 72.2 0
33.6 72.2 0
33.65 72.2 0
33.7 72.2 0
33.75 72.2 0
33.8 72.2 0
33.85 72.2 0
33.9 72.2 0
33.95 72.2 0
34 72.2 0
34.05 72.2 0
34.1 72.2 0
34.15 72.2 0
34.2 72.2 0
34.25 72.2 0
34.3 72.2 0
34.35 72.2 0
34.4 72.2 0
34.45 72.2 0
34.5 72.2 0
34.55 72.2 0
34.6 72.2 0
34.65 72.2 0
34.7 72.2 0
34.75 72.2 0
34.8 72.2 0
34.85 72.2 0
34.9 72.2 0
34.95 72.2 0
35 72.2 0
35.05 72.2 0
35.1 72.2 0
35.15 72.2 0
35.2 72.2 0
35.25 72.2 0
35.3 72.2 0
35.35 72.2 0
35.4 72.2 0
35.45 72.2 0
35.5 72.2 0
35.55 72.2 0
35.6 72.2 0
35.65 72.2 0
35.7 72.2 0
35.75 72.2 0
35.8 72.2 0
35.85 72.2 0
35.9 72.2 0
35.95 72.2 0
36 72.2 0
36.05 72.2 0
36.1 72.2 0
36.15 72.2 0
36.2 72.2 0
36.25 72.2 0
36.3 72.2 0
36.35 72.2 0
36.4 72.2 0
36.45 72.2 0
36.5 72.2 0
36.55 72.2 0
36.6 72.2 0
36.65 72.2 0
36.7 72.2 0
36.75 72.2 0
36.8 72.2 0
36.85 72.2 0
36.9 72.2 0
36.95 72.2 0
37 72.2 0
37.05 72.2 0
37.1 72.2 0
37.15 72.2 0
37.2 72.2 0
37.25 72.2 0
37.3 72.2 0
37.35 72.2 0
37.4 72.2 0
37.45 72.2 0
37.5 72.2 0
37.55 72.2 0
37.6 72.2 0
37.65 72.2 0
37.7 72.2 0
37.75 72.2 0
37.8 72.2 0
37.85 72.2 0
37.9 72.2 0
37.95 72.2 0
38 72.2 0
38.05 72.2 0
38.1 72.2 0
38.15 72.2 0
38.2 72.2 0
38.25 72.2 0
38.3 72.2 0
38.35 72.2 0
38.4 72.2 0
38.45 72.2 0
38.5 72.2 0
38.55 72.2 0
38.6 72.2 0
38.65 72.2 0
38.7 72.2 0
38.75 72.2 0
38.8 72.2 0
38.85 72.2 0
38.9 72.2 0
38.95 72.2 0
39 72.2 0
39.05 72.2 0
39.1 72.2 0
39.15 72.2 0
39.2 72.2 0
39.25 72.2 0
39.3 72.2 0
39.35 72.2 0
39.4 72.2 0
39.45 72.2 0
39.5 72.2 0
39.55 72.2 0
39.6 72.2 0
39.65 72.2 0
39.7 72.2 0
39.75 72.2 0
39.8 72.2 0
39.85 72.2 0
39.9 72.2 0
39.95 72.2 0
40 72.2 0
40.05 72.2 0
40.1 72.2 0
40.15 72.2 0
40.2 72.2 0
40.25 72.2 0
40.3 72.2 0
40.35 72.2 0
40.4 72.2 0
40.45 72.2 0
40.5 72.2 0
40.55 72.2 0
40.6 72.2 0
40.65 72.2 0
40.7 72.2 0
40.75 72.2 0
40.8 72.2 0
40.85 72.2 0
40.9 72.2 0
40.95 72.2 0
41 72.2 0
41.05 72.2 0
41.1 72.2 0
41.15 72.2 0
41.2 72.2 0
41.25 72.2 0
41.3 72.2 0
41.35 72.2 0
41.4 72.2 0
41.45 72.2 0
41.5 72.2 0
41.55 72.2 0
41.6 72.2 0
41.65 72.2 0
41.7 72.2 0
41.75 72.2 0
41.8 72.2 0
41.85 72.2 0
41.9 72.2 0
41.95 72.2 0
42 72.2 0
42.05 72.2 0
42.1 72.2 0
42.15 72.2 0
42.2 72.2 0
42.25 72.2 0
42.3 72.2 0
42.35 72.2 0
42.4 72.2 0
42.45 72.2 0
42.5 72.2 0
42.55 72.2 0
42.6 72.2 0
42.65 72.2 0
42.7 72.2 0
42.75 72.2 0
42.8 72.2 0
42.85 72.2 0
42.9 72.2 0
42.95 72.2 0
43 72.2 0
43.05 72.2 0
43.1 72.2 0
43.15 72.2 0
43.2 72.2 0
43.25 72.2 0
43.3 72.2 0
43.35 72.2 0
43.4 72.2 0
43.45 72.2 0
43.5 72.2 0
43.55 72.2 0
43.6 72.2 0
43.65 72.2 0
43.7 72.2 0
43.75 72.2 0
43.8 72.2 0
43.85 72.2 0
43.9 72.2 0
43.95 72.2 0
44 72.2 0
44.05 72.2 0
44.1 72.2 0
44.15 72.2 0
44.2 72.2 0
44.25 72.2 0
44.3 72.2 0
44.35 72.2 0
44.4 72.2 0
44.45 72.2 0
44.5 72.2 0
44.55 72.2 0
44.6 72.2 0
44.65 72.2 0
44.7 72.2 0
44.75 72.2 0
44.8 72.2 0
44.85 72.2 0
44.9 72.2 0
44.95 72.2 0
45 72.2 0
45.05 72.2 0
45.1 72.2 0
45.15 72.2 0
45.2 72.2 0
45.25 72.2 0
45.3 72.2 0
45.35 72.2 0
45.4 72.2 0
45.45 72.2 0
45.5 72.2 0
45.55 72.2 0
45.6 72.2 0
45.65 72.2 0
45.7 72.2 0
45.75 72.2 0
45.8 72.2 0
45.85 72.2 0
45.9 72.2 0
45.95 72.2 0
46 72.2 0
46.05 72.2 0
46.1 72.2 0
46.15 72.2 0
46.2 72.2 0
46.25 72.2 0
46.3 72.2 0
46.35 72.2 0
46.4 72.2 0
46.45 72.2 0
46.5 72.2 0
46.55 72.2 0
46.6 72.2 0
46.65 72.2 0
46.7 72.2 0
46.75 72.2 0
46.8 72.2 0
46.85 72.2 0
46.9 72.2 0
46.95 72.2 0
47 72.2 0
47.05 72.2 0
47.1 72.2 0
47.15 72.2 0
47.2 72.2 0
47.25 72.2 0
47.3 72.2 0
47.35 72.2 0
47.4 72.2 0
47.45 72.2 0
47.5 72.2 0
47.55 72.2 0
47.6 72.2 0
47.65 72.2 0
47.7 72.2 0
47.75 72.2 0
47.8 72.2 0
47.85 72.2 0
47.9 72.2 0
47.95 72.2 0
48 72.2 0
48.05 72.2 0
48.1 72.2 0
48.15 72.2 0
48.2 72.2 0
48.25 72.2 0
48.3 72.2 0
48.35 72.2 0
48.4 72.2 0
48.45 72.2 0
48.5 72.2 0
48.55 72.2 0
48.6 72.2 0
48.65 72.2 0
48.7 72.2 0
48.75 72.2 0
48.8 72.2 0
48.85 72.2 0
48.9 72.2 0
48.95 72.2 0
49 72.2 0
49.05 72.2 0
49.1 72.2 0
49.15 72.2 0
49.2 72.2 0
49.25 72.2 0
49.3 72.2 0
49.35 72.2 0
49.4 72.2 0
49.45 72.2 0
49.5 72.2 0
49.55 72.2 0
49.6 72.2 0
49.65 72.2 0
49.7 72.2 0
49.75 72.2 0
49.8 72.2 0
49.85 72.2 0
49.9 72.2 0
49.95 72.2 0
50 72.2 0
50.05 72.2 0
50.1 72.2 0
50.15 72.2 0
50.2 72.2 0
50.25 72.2 0
50.3 72.2 0
50.35 72.2 0
50.4 72.2 0
50.45 72.2 0
50.5 72.2 0
50.55 72.2 0
50.6 72.2 0
50.65 72.2 0
50.7 72.2 0
50.75 72.2 0
50.8 72.2 0
50.85 72.2 0
50.9 72.2 0
50.95 72.2 0
51 72.2 0
51.05 72.2 0
51.1 72.2 0
51.15 72.2 0
51.2 72.2 0
51.25 72.2 0
51.3 72.2 0
51.35 72.2 0
51.4 72.2 0
51.45 72.2 0
51.5 72.2 0
51.55 72.2 0
51.6 72.2 0
51.65 72.2 0
51.7 72.2 0
51.75 72.2 0
51.8 72.2 0
51.85 72.2 0
51.9 72.2 0
51.95 72.2 0
52 72.2 0
52.05 72.2 0
52.1 72.2 0
52.15 72.2 0
52.2 72.2 0
52.25 72.2 0
52.3 72.2 0
52.35 72.2 0
52.4 72.2 0
52.45 72.2 0
52.5 72.2 0
52.55 72.2 0
52.6 72.2 0
52.65 72.2 0
52.7 72.2 0
52.75 72.2 0
52.8 72.2 0
52.85 72.2 0
52.9 72.2 0
52.95 72.2 0
53 72.2 0
53.05 72.2 0
53.1 72.2 0
53.15 72.2 0
53.2 72.2 0
53.25 72.2 0
53.3 72.2 0
53.35 72.2 0
53.4 72.2 0
53.45 72.2 0
53.5 72.2 0
53.55 72.2 0
53.6 72.2 0
53.65 72.2 0
53.7 72.2 0
53.75 72.2 0
53.8 72.2 0
53.85 72.2 0
53.9 72.2 0
53.95 72.2 0
54 72.2 0
54.05 72.2 0
54.1 72.2 0
54.15 72.2 0
54.2 72.2 0
54.25 72.2 0
54.3 72.2 0
54.35 72.2 0
54.4 72.2 0
54.45 72.2 0
54.5 72.2 0
54.55 72.2 0
54.6 72.2 0
54.65 72.2 0
54.7 72.2 0
54.75 72.2 0
54.8 72.2 0
54.85 72.2 0
54.9 72.2 0
54.95 72.2 0
55 72.2 0
55.05 72.2 0
55.1 72.2 0
55.15 72.2 0
55.2 72.2 0
55.25 72.2 0
55.3 72.2 0
55.35 72.2 0
55.4 72.2 0
55.45 72.2 0
55.5 72.2 0
55.55 72.2 0
55.6 72.2 0
55.65 72.2 0
55.7 72.2 0
55.75 72.2 0
55.8 72.2 0
55.85 72.2 0
55.9 72.2 0
55.95 72.2 0
56 72.2 0
56.05 72.2 0
56.1 72.2 0
56.15 72.2 0
56.2 72.2 0
56.25 72.2 0
56.3 72.2 0
56.35 72.2 0
56.4 72.2 0
56.45 72.2 0
56.5 72.2 0
56.55 72.2 0
56.6 72.2 0
56.65 72.2 0
56.7 72.2 0
56.75 72.2 0
56.8 72.2 0
56.85 72.2 0
56.9 72.2 0
56.95 72.2 0
57 72.2 0
57.05 72.2 0
57.1 72.2 0
57.15 72.2 0
57.2 72.2 0
57.25 72.2 0
57.3 72.2 0
57.35 72.2 0
57.4 72.2 0
57.45 72.2 0
57.5 72.2 0
57.55 72.2 0
57.6 72.2 0
57.65 72.2 0
57.7 72.2 0
57.75 72.2 0
57.8 72.2 0
57.85 72.2 0
57.9 72.2 0
57.95 72.2 0
58 72.2 0
58.05 72.2 0
58.1 72.2 0
58.15 72.2 0
58.2 72.2 0
58.25 72.2 0
58.3 72.2 0
58.35 72.2 0
58.4 72.2 0
58.45 72.2 0
58.5 72.2 0
58.55 72.2 0
58.6 72.2 0
58.65 72.2 0
58.7 72.2 0
58.75 72.2 0
58.8 72.2 0
58.85 72.2 0
58.9 72.2 0
58.95 72.2 0
59 72.2 0
59.05 72.2 0
59.1 72.2 0
59.15 72.2 0
59.2 72.2 0
59.25 72.2 0
59.3 72.2 0
59.35 72.2 0
59.4 72.2 0
59.45 72.2 0
59.5 72.2 0
59.55 72.2 0
59.6 72.2 0
59.65 72.2 0
59.7 72.2 0
59.75 72.2 0
59.8 72.2 0
59.85 72.2 0
59.9 72.2 0
59.95 72.2 0
60 72.2 0
60.05 72.2 0
60.1 72.2 0
60.15 72.2 0
60.2 72.2 0
60.25 72.2 0
60.3 72.2 0
60.35 72.2 0
60.4 72.2 0
60.45 72.2 0
60.5 72.2 0
60.55 72.2 0
60.6 72.2 0
60.65 72.2 0
60.7 72.2 0
60.75 72.2 0
60.8 72.2 0
60.85 72.2 0
60.9 72.2 0
60.95 72.2 0
61 72.2 0
61.05 72.2 0
61.1 72.2 0
61.15 72.2 0
61.2 72.2 0
61.25 72.2 0
61.3 72.2 0
61.35 72.2 0
61.4 72.2 0
61.45 72.2 0
61.5 72.2 0
61.55 72.2 0
61.6 72.2 0
61.6 72.2 2
61.65 72.2 2
61.7 72.15 2
61.75 72.1 2
61.8 72.05 2
61.85 72 2
61.9 72 2
61.95 71.95 2
62 71.9 2
62.05 71.9 2
62.1 71.85 2
62.15 71.8 2
62.2 71.8 2
62.25 71.75 2
62.3 71.7 2
62.35 71.7 2
62.4 71.65 2
62.45 71.6 2
62.5 71.55 2
62.55 71.5 2
62.6 71.45 2
62.65 71.4 2
62.7 71.4 2
62.75 71.4 2
62.8 71.35 2
62.85 71.3 2
62.9 71.25 2
62.95 71.2 2
63 71.15 2
63.05 71.1 2
63.1 71.05 2
63.15 71.05 2
63.2 71 2
63.25 70.95 2
63.3 70.9 2
63.35 70.85 2
63.4 70.85 2
63.45 70.8 2
63.5 70.75 2
63.55 70.7 2
63.6 70.65 2
63.65 70.6 2
63.7 70.55 2
63.75 70.5 2
63.8 70.45 2
63.85 70.4 2
63.9 70.35 2
63.95 70.3 2
64 70.25 2
64.05 70.2 2
64.1 70.15 2
64.15 70.1 2
64.2 70.05 2
64.25 70 2
64.3 69.95 2
64.35 69.9 2
64.4 69.9 2
64.45 69.85 2
64.5 69.8 2
64.55 69.75 2
64.6 69.7 2
64.65 69.65 2
64.7 69.6 2
64.75 69.6 2
64.8 69.6 2
64.85 69.6 2
64.9 69.6 2
64.95 69.6 2
65 69.55 2
65.05 69.5 2
65.1 69.45 2
65.15 69.4 2
65.2 69.35 2
65.25 69.3 2
65.3 69.25 2
65.35 69.2 2
65.4 69.15 2
65.45 69.1 2
65.5 69.05 2
65.55 69 2
65.6 68.95 2
65.65 68.9 2
65.7 68.85 2
65.75 68.8 2
65.8 68.75 2
65.85 68.7 2
65.9 68.65 2
65.95 68.6 2
66 68.55 2
66.05 68.5 2
66.1 68.45 2
66.15 68.4 2
66.2 68.35 2
66.25 68.3 2
66.3 68.25 2
66.35 68.2 2
66.4 68.15 2
66.45 68.1 2
66.5 68.05 2
66.55 68 2
66.6 67.95 2
66.65 67.9 2
66.7 67.85 2
66.75 67.8 2
66.8 67.75 2
66.85 67.7 2
66.9 67.65 2
66.95 67.6 2
67 67.55 2
67.05 67.5 2
67.1 67.45 2
67.15 67.4 2
67.2 67.35 2
67.25 67.3 2
67.3 67.25 2
67.35 67.2 2
67.4 67.15 2
67.45 67.1 2
67.5 67.05 2
67.55 67 2
67.6 66.95 2
67.65 66.9 2
67.7 66.85 2
67.75 66.8 2
67.8 66.75 2
67.85 66.7 2
67.9 66.65 2
67.95 66.6 2
68 66.55 2
68.05 66.5 2
68.1 66.45 2
68.15 66.4 2
68.2 66.35 2
68.25 66.3 2
68.3 66.25 2
68.35 66.2 2
68.4 66.15 2
68.45 66.1 2
68.5 66.05 2
68.55 66 2
68.6 65.95 2
68.65 65.9 2
68.7 65.85 2
68.75 65.8 2
68.8 65.75 2
68.85 65.7 2
68.9 65.65 2
68.95 65.6 2
69 65.55 2
69.05 65.5 2
69.1 65.45 2
69.15 65.4 2
69.2 65.35 2
69.25 65.3 2
69.3 65.25 2
69.35 65.2 2
69.4 65.15 2
69.45 65.1 2
69.5 65.05 2
69.55 65 2
69.6 64.95 2
69.65 64.9 2
69.7 64.85 2
69.75 64.8 2
69.8 64.75 2
69.85 64.7 2
69.9 64.65 2
69.95 64.6 2
70 64.55 2
70.05 64.5 2
70.1 64.5 2
70.15 64.45 2
70.2 64.4 2
70.25 64.4 2
70.3 64.35 2
70.35 64.3 2
70.4 64.25 2
70.45 64.2 2
70.5 64.2 2
70.55 64.15 2
70.6 64.1 2
70.65 64.05 2
70.7 64 2
70.75 63.95 2
70.8 63.95 2
70.85 63.9 2
70.9 63.9 2
70.95 63.9 2
71 63.9 2
71.05 63.85 2
71.1 63.85 2
71.15 63.85 2
71.2 63.85 2
71.25 63.85 2
71.3 63.85 2
71.35 63.85 2
71.4 63.85 2
71.45 63.85 2
71.5 63.85 2
71.55 63.85 2
71.6 63.85 2
71.65 63.85 2
71.7 63.85 2
71.75 63.85 2
71.8 63.85 2
71.85 63.85 2
71.9 63.85 2
71.95 63.85 2
72 63.85 2
72.05 63.85 2
72.1 63.85 2
72.15 63.85 2
72.2 63.85 2
72.25 63.85 2
72.3 63.85 2
72.35 63.85 2
72.4 63.85 2
72.45 63.85 2
72.5 63.85 2
72.55 63.85 2
72.6 63.85 2
72.65 63.85 2
72.7 63.85 2
72.75 63.85 2
72.8 63.85 2
72.85 63.85 2
72.9 63.85 2
72.95 63.85 2
73 63.85 2
73.05 63.85 2
73.1 63.85 2
73.15 63.85 2
73.2 63.85 2
73.25 63.85 2
73.3 63.85 2
73.35 63.85 2
73.4 63.85 2
73.45 63.85 2
73.5 63.85 2
73.55 63.85 2
73.6 63.85 2
73.65 63.85 2
73.7 63.85 2
73.75 63.85 2
73.8 63.85 2
73.85 63.85 2
73.9 63.85 2
73.95 63.85 2
74 63.85 2
74.05 63.85 2
74.1 63.85 2
74.15 63.85 2
74.2 63.85 2
74.25 63.85 2
74.3 63.85 2
74.35 63.85 2
74.4 63.85 2
74.45 63.85 2
74.5 63.85 2
74.55 63.85 2
74.6 63.85 2
74.65 63.85 2
74.7 63.85 2
74.75 63.85 2
74.8 63.85 2
74.85 63.85 2
74.9 63.85 2
74.95 63.85 2
75 63.85 2
75.05 63.85 2
75.1 63.85 2
75.15 63.85 2
75.2 63.85 2
75.25 63.85 2
75.3 63.85 2
75.35 63.85 2
75.4 63.85 2
75.45 63.85 2
75.5 63.85 2
75.55 63.85 2
75.6 63.85 2
75.65 63.85 2
75.7 63.85 2
75.75 63.85 2
75.8 63.85 2
75.85 63.85 2
75.9 63.85 2
75.95 63.85 2
76 63.85 2
76.05 63.85 2
76.1 63.85 2
76.15 63.85 2
76.2 63.85 2
76.25 63.85 2
76.3 63.85 2
76.35 63.85 2
76.4 63.85 2
76.45 63.85 2
76.5 63.85 2
76.55 63.85 2
76.6 63.85 2
76.65 63.85 2
76.7 63.85 2
76.75 63.85 2
76.8 63.85 2
76.85 63.85 2
76.9 63.85 2
76.95 63.85 2
77 63.85 2
77.05 63.85 2
77.1 63.85 2
77.15 63.85 2
77.2 63.85 2
77.25 63.85 2
77.3 63.85 2
77.35 63.85 2
77.4 63.85 2
77.45 63.85 2
77.5 63.85 2
77.55 63.85 2
77.6 63.85 2
77.65 63.85 2
77.7 63.85 2
77.75 63.85 2
77.8 63.85 2
77.85 63.85 2
77.9 63.85 2
77.95 63.85 2
78 63.85 2
78.05 63.85 2
78.1 63.85 2
78.15 63.85 2
78.2 63.85 2
78.25 63.85 2
78.3 63.85 2
78.35 63.85 2
78.4 63.85 2
78.45 63.85 2
78.5 63.85 2
78.55 63.85 2
78.6 63.85 2
78.65 63.85 2
78.7 63.85 2
78.75 63.85 2
78.8 63.85 2
78.85 63.85 2
78.9 63.85 2
78.95 63.85 2
79 63.85 2
79.05 63.85 2
79.1 63.85 2
79.15 63.85 2
79.2 63.85 2
79.25 63.85 2
79.3 63.85 2
79.35 63.85 2
79.4 63.85 2
79.45 63.85 2
79.5 63.85 2
79.55 63.85 2
79.6 63.85 2
79.65 63.85 2
79.7 63.85 2
79.75 63.85 2
79.8 63.85 2
79.85 63.85 2
79.9 63.85 2
79.95 63.85 2
80 63.85 2
80.05 63.85 2
80.1 63.85 2
80.15 63.85 2
80.2 63.85 2
80.25 63.85 2
80.3 63.85 2
80.35 63.85 2
80.4 63.85 2
80.45 63.85 2
80.5 63.85 2
80.55 63.85 2
80.6 63.85 2
80.65 63.85 2
80.7 63.85 2
80.75 63.85 2
80.8 63.85 2
80.85 63.85 2
80.9 63.85 2
80.95 63.85 2
81 63.85 2
81.05 63.85 2
81.1 63.85 2
81.15 63.85 2
81.2 63.85 2
81.25 63.85 2
81.3 63.85 2
81.35 63.85 2
81.4 63.85 2
81.45 63.85 2
81.5 63.85 2
81.55 63.85 2
81.6 63.85 2
81.65 63.85 2
81.7 63.85 2
81.75 63.85 2
81.8 63.85 2
81.85 63.85 2
81.9 63.85 2
81.95 63.85 2
82 63.85 2
82.05 63.85 2
82.1 63.85 2
82.15 63.85 2
82.2 63.85 2
82.25 63.85 2
82.3 63.85 2
82.35 63.85 2
82.4 63.85 2
82.45 63.85 2
82.5 63.85 2
82.55 63.85 2
82.6 63.85 2
82.65 63.85 2
82.7 63.85 2
82.75 63.85 2
82.8 63.85 2
82.85 63.85 2
82.9 63.85 2
82.95 63.85 2
83 63.85 2
83.05 63.85 2
83.1 63.85 2
83.15 63.85 2
83.2 63.85 2
83.25 63.85 2
83.3 63.85 2
83.35 63.85 2
83.4 63.85 2
83.45 63.85 2
83.5 63.85 2
83.55 63.85 2
83.6 63.85 2
83.65 63.85 2
83.7 63.85 2
83.75 63.85 2
83.8 63.85 2
83.85 63.85 2
83.9 63.85 2
83.95 63.85 2
84 63.85 2
84.05 63.85 2
84.1 63.85 2
84.15 63.85 2
84.2 63.85 2
84.25 63.85 2
84.3 63.85 2
84.35 63.85 2
84.4 63.85 2
84.45 63.85 2
84.5 63.85 2
84.55 63.85 2
84.6 63.85 2
84.65 63.85 2
84.7 63.85 2
84.75 63.85 2
84.8 63.85 2
84.85 63.85 2
84.9 63.85 2
84.95 63.85 2
85 63.85 2
85.05 63.85 2
85.1 63.85 2
85.15 63.85 2
85.2 63.85 2
85.25 63.85 2
85.3 63.85 2
85.35 63.85 2
85.4 63.85 2
85.45 63.85 2
85.5 63.85 2
85.55 63.85 2
85.6 63.85 2
85.65 63.85 2
85.7 63.85 2
85.75 63.85 2
85.8 63.85 2
85.85 63.85 2
85.9 63.85 2
85.95 63.85 2
86 63.85 2
PATH 71 510
70.65 40 0
70.7 40 0
70.75 40 0
70.8 40 0
70.85 40 0
70.9 40 0
70.95 40 0
71 40 0
71.05 40 0
71.1 40 0
71.15 40 0
71.2 40 0
71.25 40 0
71.3 40 0
71.35 40 0
71.4 40 0
71.45 40 0
71.5 40 0
71.55 40 0
71.6 40 0
71.65 40 0
71.7 40 0
71.75 40 0
71.8 40 0
71.85 40 0
71.9 40 0
71.95 40 0
72 40 0
72.05 40 0
72.1 40 0
72.15 40 0
72.2 40 0
72.25 40 0
72.3 40 0
72.35 40 0
72.4 40 0
72.45 40 0
72.5 40 0
72.55 40 0
72.6 40 0
72.65 40 0
72.7 40 0
72.75 40 0
72.8 40 0
72.85 40 0
72.9 40 0
72.95 40 0
73 40 0
73.05 40 0
73.1 40 0
73.15 40 0
73.2 40 0
73.25 40 0
73.3 40 0
73.35 40 0
73.4 40 0
73.45 40 0
73.5 40 0
73.55 40 0
73.6 40 0
73.65 40 0
73.7 40 0
73.75 40 0
73.8 40 0
73.85 40 0
73.9 40 0
73.95 40 0
74 40 0
74.05 40 0
74.1 40 0
74.15 40 0
74.2 40 0
74.25 40 0
74.3 40 0
74.35 40 0
74.4 40 0
74.45 40 0
74.5 40 0
74.55 40 0
74.6 40 0
74.65 40 0
74.7 40 0
74.75 40 0
74.8 40 0
74.85 40 0
74.9 40 0
74.95 40 0
75 40 0
75.05 40 0
75.1 40 0
75.15 40 0
75.2 40 0
75.25 40 0
75.3 40 0
75.35 40 0
75.4 40 0
75.45 40 0
75.5 40 0
75.55 40 0
75.6 40 0
75.65 40 0
75.7 40 0
75.75 40 0
75.8 40 0
75.85 40 0
75.9 40 0
75.95 40 0
76 40 0
76.05 40 0
76.1 40 0
76.15 40 0
76.2 40 0
76.25 40 0
76.3 40 0
76.35 40 0
76.4 39.95 0
76.45 39.95 0
76.5 39.95 0
76.55 39.95 0
76.6 39.95 0
76.65 39.95 0
76.7 39.95 0
76.75 39.95 0
76.8 39.95 0
76.85 39.95 0
76.9 39.95 0
76.95 39.95 0
77 39.95 0
77.05 39.95 0
77.1 39.95 0
77.15 39.95 0
77.2 39.95 0
77.25 39.95 0
77.3 39.95 0
77.35 39.95 0
77.4 39.95 0
77.45 39.95 0
77.5 39.9 0
77.55 39.85 0
77.6 39.8 0
77.65 39.75 0
77.7 39.7 0
77.75 39.65 0
77.8 39.6 0
77.85 39.55 0
77.9 39.5 0
77.9 39.5 1
77.95 39.5 1
78 39.5 1
78.05 39.5 1
78.1 39.5 1
78.15 39.5 1
78.2 39.5 1
78.25 39.5 1
78.3 39.5 1
78.35 39.5 1
78.4 39.5 1
78.45 39.5 1
78.5 39.5 1
78.55 39.5 1
78.6 39.5 1
78.65 39.5 1
78.7 39.5 1
78.75 39.5 1
78.8 39.5 1
78.85 39.5 1
78.9 39.5 1
78.95 39.5 1
79 39.5 1
79.05 39.5 1
79.1 39.5 1
79.15 39.5 1
79.2 39.5 1
79.25 39.5 1
79.3 39.5 1
79.35 39.5 1
79.4 39.5 1
79.45 39.5 1
79.5 39.5 1
79.55 39.5 1
79.6 39.5 1
79.65 39.5 1
79.7 39.5 1
79.75 39.5 1
79.8 39.5 1
79.85 39.5 1
79.9 39.5 1
79.95 39.5 1
80 39.5 1
80.05 39.5 1
80.1 39.5 1
80.15 39.5 1
80.2 39.5 1
80.25 39.5 1
80.3 39.5 1
80.35 39.5 1
80.4 39.5 1
80.45 39.5 1
80.5 39.5 1
80.55 39.5 1
80.6 39.5 1
80.65 39.5 1
80.7 39.5 1
80.75 39.5 1
80.8 39.5 1
80.85 39.5 1
80.9 39.5 1
80.95 39.5 1
81 39.5 1
81.05 39.5 1
81.1 39.5 1
81.15 39.5 1
81.2 39.5 1
81.25 39.5 1
81.3 39.5 1
81.35 39.5 1
81.4 39.5 1
81.45 39.5 1
81.5 39.5 1
81.55 39.5 1
81.6 39.5 1
81.65 39.5 1
81.7 39.5 1
81.75 39.5 1
81.8 39.5 1
81.85 39.5 1
81.9 39.5 1
81.95 39.5 1
82 39.5 1
82.05 39.5 1
82.1 39.5 1
82.15 39.5 1
82.2 39.5 1
82.25 39.5 1
82.3 39.5 1
82.35 39.5 1
82.4 39.5 1
82.45 39.5 1
82.5 39.5 1
82.55 39.5 1
82.6 39.5 1
82.65 39.5 1
82.7 39.5 1
82.75 39.5 1
82.8 39.5 1
82.85 39.5 1
82.9 39.5 1
82.95 39.5 1
83 39.5 1
83.05 39.5 1
83.1 39.5 1
83.15 39.5 1
83.2 39.5 1
83.25 39.5 1
83.3 39.5 1
83.35 39.5 1
83.4 39.5 1
83.45 39.5 1
83.5 39.5 1
83.55 39.5 1
83.6 39.5 1
83.65 39.5 1
83.7 39.5 1
83.75 39.5 1
83.8 39.5 1
83.85 39.5 1
83.9 39.5 1
83.95 39.5 1
84 39.5 1
84.05 39.5 1
84.1 39.5 1
84.15 39.5 1
84.2 39.5 1
84.25 39.5 1
84.3 39.5 1
84.35 39.5 1
84.4 39.5 1
84.45 39.5 1
84.5 39.5 1
84.55 39.5 1
84.6 39.5 1
84.65 39.5 1
84.7 39.5 1
84.75 39.5 1
84.8 39.5 1
84.85 39.5 1
84.9 39.5 1
84.95 39.5 1
85 39.5 1
85.05 39.5 1
85.1 39.5 1
85.15 39.5 1
85.2 39.5 1
85.25 39.5 1
85.3 39.5 1
85.35 39.5 1
85.4 39.5 1
85.45 39.55 1
85.5 39.55 1
85.55 39.6 1
85.6 39.6 1
85.65 39.65 1
85.7 39.7 1
85.75 39.75 1
85.8 39.8 1
85.85 39.8 1
85.9 39.8 1
85.95 39.8 1
86 39.8 1
86.05 39.8 1
86.1 39.8 1
86.15 39.85 1
86.2 39.9 1
86.25 39.95 1
86.3 39.95 1
86.35 40 1
86.4 40 1
86.45 40.05 1
86.5 40.1 1
86.55 40.15 1
86.6 40.2 1
86.6 40.2 0
86.65 40.2 0
86.7 40.2 0
86.75 40.2 0
86.8 40.2 0
86.85 40.2 0
86.9 40.2 0
86.95 40.2 0
87 40.2 0
87.05 40.2 0
87.1 40.2 0
87.15 40.2 0
87.2 40.2 0
87.25 40.2 0
87.3 40.2 0
87.35 40.2 0
87.4 40.2 0
87.45 40.2 0
87.5 40.2 0
87.55 40.2 0
87.6 40.2 0
87.65 40.2 0
87.7 40.2 0
87.75 40.2 0
87.8 40.2 0
87.85 40.2 0
87.9 40.2 0
87.95 40.2 0
88 40.2 0
88.05 40.2 0
88.1 40.2 0
88.15 40.2 0
88.2 40.2 0
88.25 40.2 0
88.3 40.2 0
88.35 40.2 0
88.4 40.2 0
88.45 40.2 0
88.5 40.2 0
88.55 40.2 0
88.6 40.2 0
88.65 40.2 0
88.7 40.2 0
88.75 40.2 0
88.8 40.2 0
88.85 40.2 0
88.9 40.2 0
88.95 40.2 0
89 40.2 0
89.05 40.2 0
89.1 40.2 0
89.15 40.2 0
89.2 40.2 0
89.25 40.2 0
89.3 40.2 0
89.35 40.2 0
89.4 40.2 0
89.45 40.2 0
89.5 40.2 0
89.55 40.2 0
89.6 40.2 0
89.65 40.2 0
89.7 40.2 0
89.75 40.2 0
89.8 40.2 0
89.85 40.2 0
89.9 40.2 0
89.95 40.2 0
90 40.2 0
90.05 40.2 0
90.1 40.2 0
90.15 40.2 0
90.2 40.2 0
90.25 40.2 0
90.3 40.2 0
90.35 40.2 0
90.4 40.2 0
90.45 40.2 0
90.5 40.2 0
90.55 40.2 0
90.6 40.2 0
90.65 40.2 0
90.7 40.2 0
90.75 40.2 0
90.8 40.2 0
90.85 40.2 0
90.9 40.2 0
90.95 40.2 0
91 40.2 0
91.05 40.2 0
91.1 40.2 0
91.15 40.2 0
91.2 40.2 0
91.25 40.2 0
91.3 40.2 0
91.35 40.2 0
91.4 40.2 0
91.45 40.2 0
91.5 40.2 0
91.55 40.2 0
91.6 40.2 0
91.65 40.2 0
91.7 40.2 0
91.75 40.2 0
91.8 40.2 0
91.85 40.2 0
91.9 40.2 0
91.95 40.2 0
92 40.2 0
92.05 40.2 0
92.1 40.2 0
92.15 40.2 0
92.2 40.2 0
92.25 40.2 0
92.3 40.2 0
92.35 40.2 0
92.4 40.2 0
92.45 40.2 0
92.5 40.2 0
92.55 40.2 0
92.6 40.2 0
92.65 40.2 0
92.7 40.2 0
92.75 40.2 0
92.8 40.2 0
92.85 40.2 0
92.9 40.2 0
92.95 40.2 0
93 40.2 0
93.05 40.2 0
93.1 40.2 0
93.15 40.2 0
93.2 40.2 0
93.25 40.2 0
93.3 40.2 0
93.35 40.2 0
93.4 40.25 0
93.45 40.3 0
93.5 40.35 0
93.55 40.4 0
93.6 40.45 0
93.65 40.5 0
93.7 40.55 0
93.75 40.6 0
93.8 40.65 0
93.85 40.7 0
93.9 40.75 0
93.95 40.8 0
94 40.85 0
94.05 40.9 0
94.1 40.95 0
94.15 41 0
94.2 41.05 0
94.25 41.1 0
94.3 41.15 0
94.35 41.2 0
94.4 41.25 0
94.45 41.3 0
94.5 41.35 0
94.55 41.35 0
94.6 41.35 0
94.65 41.35 0
94.7 41.35 0
94.75 41.35 0
94.8 41.35 0
94.85 41.35 0
94.9 41.35 0
94.95 41.35 0
95 41.35 0
95.05 41.35 0
95.1 41.35 0
95.15 41.35 0
95.2 41.35 0
95.25 41.35 0
95.3 41.35 0
95.35 41.35 0
95.4 41.4 0
95.45 41.45 0
95.5 41.5 0
95.55 41.55 0
95.6 41.6 0
95.65 41.65 0
95.7 41.7 0
95.75 41.75 0
95.8 41.8 0
95.85 41.85 0
95.9 41.9 0
95.95 41.95 0
96 42 0
PATH 71 101
69.15 45 0
69.15 44.95 0
69.15 44.9 0
69.15 44.85 0
69.15 44.8 0
69.15 44.75 0
69.2 44.7 0
69.25 44.65 0
69.25 44.6 0
69.3 44.55 0
69.35 44.5 0
69.4 44.45 0
69.45 44.4 0
69.45 44.35 0
69.45 44.3 0
69.45 44.25 0
69.5 44.2 0
69.55 44.15 0
69.6 44.1 0
69.65 44.05 0
69.7 44 0
69.75 43.95 0
69.8 43.9 0
69.8 43.85 0
69.8 43.8 0
69.8 43.75 0
69.8 43.7 0
69.85 43.65 0
69.9 43.6 0
69.95 43.55 0
70 43.5 0
70.05 43.45 0
70.1 43.4 0
70.15 43.35 0
70.15 43.3 0
70.2 43.25 0
70.25 43.2 0
70.25 43.15 0
70.3 43.1 0
70.3 43.05 0
70.3 43 0
70.3 42.95 0
70.3 42.9 0
70.3 42.85 0
70.3 42.8 0
70.3 42.75 0
70.3 42.7 0
70.3 42.65 0
70.3 42.6 0
70.3 42.55 0
70.3 42.5 0
70.3 42.45 0
70.3 42.4 0
70.3 42.35 0
70.3 42.3 0
70.3 42.25 0
70.3 42.2 0
70.3 42.15 0
70.3 42.1 0
70.3 42.05 0
70.3 42 0
70.3 41.95 0
70.3 41.9 0
70.3 41.85 0
70.3 41.8 0
70.3 41.75 0
70.3 41.7 0
70.3 41.65 0
70.3 41.6 0
70.3 41.55 0
70.3 41.5 0
70.3 41.45 0
70.3 41.4 0
70.3 41.35 0
70.3 41.3 0
70.3 41.25 0
70.3 41.2 0
70.3 41.15 0
70.3 41.1 0
70.3 41.05 0
70.3 41 0
70.3 40.95 0
70.3 40.9 0
70.3 40.85 0
70.3 40.8 0
70.3 40.75 0
70.3 40.7 0
70.3 40.65 0
70.3 40.6 0
70.3 40.55 0
70.3 40.5 0
70.3 40.45 0
70.3 40.4 0
70.3 40.35 0
70.35 40.3 0
70.4 40.25 0
70.45 40.2 0
70.5 40.15 0
70.55 40.1 0
70.6 40.05 0
70.65 40 0
PATH 71 81
69.55 49 0
69.55 48.95 0
69.55 48.9 0
69.5 48.85 0
69.5 48.8 0
69.5 48.75 0
69.5 48.7 0
69.45 48.65 0
69.4 48.6 0
69.4 48.55 0
69.4 48.5 0
69.4 48.45 0
69.4 48.4 0
69.4 48.35 0
69.4 48.3 0
69.4 48.25 0
69.4 48.2 0
69.4 48.15 0
69.4 48.1 0
69.4 48.05 0
69.4 48 0
69.4 47.95 0
69.4 47.9 0
69.4 47.85 0
69.4 47.8 0
69.4 47.75 0
69.4 47.7 0
69.4 47.65 0
69.4 47.6 0
69.4 47.55 0
69.4 47.5 0
69.35 47.45 0
69.3 47.4 0
69.25 47.35 0
69.25 47.3 0
69.25 47.25 0
69.25 47.2 0
69.25 47.15 0
69.25 47.1 0
69.25 47.05 0
69.25 47 0
69.25 46.95 0
69.25 46.9 0
69.25 46.85 0
69.25 46.8 0
69.25 46.75 0
69.25 46.7 0
69.25 46.65 0
69.25 46.6 0
69.25 46.55 0
69.25 46.5 0
69.2 46.45 0
69.15 46.4 0
69.15 46.35 0
69.15 46.3 0
69.15 46.25 0
69.15 46.2 0
69.15 46.15 0
69.15 46.1 0
69.15 46.05 0
69.15 46 0
69.15 45.95 0
69.15 45.9 0
69.15 45.85 0
69.15 45.8 0
69.15 45.75 0
69.15 45.7 0
69.15 45.65 0
69.15 45.6 0
69.15 45.55 0
69.15 45.5 0
69.15 45.45 0
69.15 45.4 0
69.15 45.35 0
69.15 45.3 0
69.15 45.25 0
69.15 45.2 0
69.15 45.15 0
69.15 45.1 0
69.15 45.05 0
69.15 45 0
PATH 77 882
50.85 45 0
50.8 44.95 0
50.75 44.95 0
50.7 44.95 0
50.65 44.95 0
50.6 44.95 0
50.55 44.95 0
50.5 44.9 0
50.5 44.9 2
50.45 44.85 2
50.4 44.85 2
50.35 44.85 2
50.3 44.85 2
50.25 44.85 2
50.2 44.85 2
50.15 44.85 2
50.1 44.85 2
50.05 44.85 2
50 44.85 2
49.95 44.85 2
49.9 44.85 2
49.85 44.85 2
49.8 44.85 2
49.75 44.85 2
49.7 44.85 2
49.65 44.85 2
49.6 44.85 2
49.55 44.85 2
49.5 44.85 2
49.45 44.85 2
49.4 44.85 2
49.35 44.85 2
49.3 44.85 2
49.25 44.85 2
49.2 44.85 2
49.15 44.85 2
49.1 44.85 2
49.05 44.85 2
49 44.85 2
48.95 44.85 2
48.9 44.85 2
48.85 44.85 2
48.8 44.85 2
48.75 44.85 2
48.7 44.85 2
48.65 44.85 2
48.6 44.85 2
48.55 44.85 2
48.5 44.85 2
48.45 44.85 2
48.4 44.8 2
48.35 44.75 2
48.3 44.7 2
48.25 44.65 2
48.2 44.6 2
48.15 44.6 2
48.1 44.6 2
48.05 44.6 2
48 44.6 2
47.95 44.6 2
47.9 44.6 2
47.85 44.6 2
47.8 44.6 2
47.75 44.6 2
47.7 44.6 2
47.65 44.6 2
47.6 44.6 2
47.55 44.6 2
47.5 44.6 2
47.45 44.6 2
47.4 44.6 2
47.35 44.55 2
47.3 44.5 2
47.25 44.45 2
47.2 44.4 2
47.15 44.4 2
47.1 44.4 2
47.05 44.4 2
47 44.4 2
46.95 44.4 2
46.9 44.4 2
46.85 44.4 2
46.8 44.4 2
46.75 44.4 2
46.7 44.4 2
46.65 44.4 2
46.6 44.4 2
46.55 44.4 2
46.5 44.4 2
46.45 44.4 2
46.4 44.4 2
46.35 44.4 2
46.3 44.4 2
46.25 44.4 2
46.2 44.4 2
46.15 44.4 2
46.1 44.4 2
46.05 44.4 2
46 44.4 2
45.95 44.4 2
45.9 44.4 2
45.85 44.4 2
45.8 44.4 2
45.75 44.4 2
45.7 44.4 2
45.65 44.4 2
45.6 44.4 2
45.55 44.4 2
45.5 44.4 2
45.45 44.4 2
45.4 44.4 2
45.35 44.4 2
45.3 44.4 2
45.25 44.4 2
45.2 44.4 2
45.15 44.4 2
45.1 44.4 2
45.05 44.4 2
45 44.4 2
44.95 44.4 2
44.9 44.4 2
44.85 44.4 2
44.8 44.4 2
44.75 44.4 2
44.7 44.4 2
44.65 44.4 2
44.6 44.4 2
44.55 44.4 2
44.5 44.4 2
44.45 44.4 2
44.4 44.4 2
44.35 44.4 2
44.3 44.4 2
44.25 44.4 2
44.2 44.4 2
44.15 44.4 2
44.1 44.4 2
44.05 44.4 2
44 44.4 2
43.95 44.4 2
43.9 44.4 2
43.85 44.4 2
43.8 44.4 2
43.75 44.4 2
43.7 44.4 2
43.65 44.4 2
43.6 44.4 2
43.55 44.4 2
43.5 44.4 2
43.45 44.4 2
43.4 44.4 2
43.35 44.4 2
43.3 44.4 2
43.25 44.4 2
43.2 44.4 2
43.15 44.4 2
43.1 44.4 2
43.05 44.4 2
43 44.4 2
42.95 44.4 2
42.9 44.4 2
42.85 44.4 2
42.8 44.4 2
42.75 44.4 2
42.7 44.4 2
42.65 44.4 2
42.6 44.4 2
42.55 44.4 2
42.5 44.4 2
42.45 44.4 2
42.4 44.4 2
42.35 44.4 2
42.3 44.4 2
42.25 44.4 2
42.2 44.4 2
42.15 44.4 2
42.1 44.4 2
42.05 44.4 2
42 44.4 2
41.95 44.4 2
41.9 44.4 2
41.85 44.4 2
41.8 44.4 2
41.75 44.4 2
41.7 44.4 2
41.65 44.4 2
41.6 44.4 2
41.55 44.4 2
41.5 44.4 2
41.45 44.4 2
41.4 44.4 2
41.35 44.4 2
41.3 44.4 2
41.25 44.4 2
41.2 44.4 2
41.15 44.4 2
41.1 44.4 2
41.05 44.4 2
41 44.4 2
40.95 44.4 2
40.9 44.4 2
40.85 44.4 2
40.8 44.4 2
40.75 44.4 2
40.7 44.4 2
40.65 44.4 2
40.6 44.4 2
40.55 44.4 2
40.5 44.4 2
40.45 44.4 2
40.4 44.4 2
40.35 44.4 2
40.3 44.4 2
40.25 44.4 2
40.2 44.4 2
40.15 44.4 2
40.1 44.4 2
40.05 44.4 2
40 44.4 2
39.95 44.4 2
39.9 44.4 2
39.85 44.4 2
39.8 44.4 2
39.75 44.4 2
39.7 44.4 2
39.65 44.4 2
39.6 44.4 2
39.55 44.4 2
39.5 44.4 2
39.45 44.4 2
39.4 44.4 2
39.35 44.4 2
39.3 44.4 2
39.25 44.4 2
39.2 44.4 2
39.15 44.4 2
39.1 44.4 2
39.05 44.4 2
39 44.4 2
38.95 44.4 2
38.9 44.4 2
38.85 44.4 2
38.8 44.4 2
38.75 44.4 2
38.7 44.4 2
38.65 44.4 2
38.6 44.4 2
38.55 44.4 2
38.5 44.4 2
38.45 44.4 2
38.4 44.4 2
38.35 44.4 2
38.3 44.4 2
38.25 44.4 2
38.2 44.4 2
38.15 44.4 2
38.1 44.4 2
38.05 44.35 2
38 44.35 2
37.95 44.35 2
37.9 44.35 2
37.85 44.3 2
37.8 44.3 2
37.75 44.25 2
37.7 44.2 2
37.65 44.15 2
37.6 44.1 2
37.55 44.05 2
37.5 44 2
37.45 43.95 2
37.4 43.9 2
37.35 43.85 2
37.3 43.8 2
37.25 43.75 2
37.2 43.7 2
37.15 43.65 2
37.1 43.6 2
37.05 43.55 2
37 43.5 2
36.95 43.5 2
36.9 43.5 2
36.85 43.5 2
36.8 43.5 2
36.75 43.5 2
36.7 43.5 2
36.65 43.5 2
36.6 43.5 2
36.55 43.5 2
36.5 43.5 2
36.45 43.5 2
36.4 43.5 2
36.35 43.5 2
36.3 43.5 2
36.25 43.5 2
36.2 43.5 2
36.15 43.5 2
36.1 43.5 2
36.05 43.5 2
36 43.5 2
35.95 43.5 2
35.95 43.5 1
35.9 43.5 1
35.85 43.5 1
35.8 43.5 1
35.75 43.5 1
35.7 43.5 1
35.65 43.5 1
35.6 43.5 1
35.55 43.5 1
35.5 43.5 1
35.45 43.45 1
35.4 43.4 1
35.35 43.35 1
35.3 43.35 1
35.25 43.35 1
35.2 43.3 1
35.15 43.3 1
35.1 43.3 1
35.05 43.3 1
35 43.25 1
34.95 43.2 1
34.9 43.2 1
34.85 43.15 1
34.8 43.1 1
34.75 43.05 1
34.7 43 1
34.65 42.95 1
34.6 42.9 1
34.55 42.85 1
34.5 42.8 1
34.45 42.75 1
34.4 42.7 1
34.35 42.65 1
34.3 42.6 1
34.25 42.55 1
34.2 42.5 1
34.15 42.45 1
34.1 42.4 1
34.05 42.35 1
34 42.3 1
33.95 42.25 1
33.9 42.2 1
33.85 42.15 1
33.8 42.1 1
33.75 42.05 1
33.7 42 1
33.65 41.95 1
33.6 41.9 1
33.55 41.85 1
33.5 41.8 1
33.45 41.75 1
33.4 41.7 1
33.35 41.65 1
33.3 41.6 1
33.25 41.55 1
33.2 41.5 1
33.15 41.45 1
33.1 41.4 1
33.05 41.35 1
33 41.3 1
32.95 41.25 1
32.9 41.2 1
32.85 41.2 1
32.8 41.2 1
32.75 41.2 1
32.7 41.2 1
32.65 41.15 1
32.6 41.15 1
32.55 41.15 1
32.5 41.15 1
32.45 41.15 1
32.4 41.1 1
32.35 41.05 1
32.3 41 1
32.25 40.95 1
32.2 40.95 1
32.15 40.95 1
32.1 40.95 1
32.05 40.95 1
32 40.95 1
31.95 40.95 1
31.9 40.9 1
31.85 40.9 1
31.8 40.85 1
31.75 40.8 1
31.7 40.8 1
31.65 40.75 1
31.6 40.7 1
31.55 40.65 1
31.5 40.65 1
31.45 40.6 1
31.4 40.55 1
31.35 40.55 1
31.3 40.55 1
31.25 40.5 1
31.2 40.45 1
31.15 40.4 1
31.1 40.35 1
31.05 40.3 1
31 40.3 1
30.95 40.25 1
30.9 40.25 1
30.85 40.2 1
30.8 40.2 1
30.75 40.2 1
30.7 40.2 1
30.65 40.15 1
30.6 40.15 1
30.55 40.15 1
30.5 40.15 1
30.45 40.1 1
30.4 40.1 1
30.35 40.05 1
30.3 40 1
30.25 39.95 1
30.2 39.9 1
30.15 39.9 1
30.1 39.85 1
30.05 39.8 1
30 39.75 1
29.95 39.75 1
29.9 39.75 1
29.85 39.75 1
29.8 39.7 1
29.75 39.7 1
29.7 39.7 1
29.65 39.65 1
29.6 39.65 1
29.55 39.65 1
29.5 39.6 1
29.45 39.55 1
29.4 39.5 1
29.35 39.45 1
29.3 39.4 1
29.25 39.35 1
29.2 39.35 1
29.15 39.3 1
29.1 39.25 1
29.05 39.2 1
29 39.15 1
28.95 39.15 1
28.9 39.15 1
28.85 39.1 1
28.8 39.05 1
28.75 39.05 1
28.7 39.05 1
28.65 39 1
28.6 39 1
28.6 39 2
28.55 39 2
28.5 39 2
28.45 39 2
28.4 39 2
28.35 39 2
28.3 39 2
28.25 39 2
28.2 39 2
28.15 39 2
28.1 39 2
28.05 39 2
28 39 2
27.95 39 2
27.9 39 2
27.85 39 2
27.8 39 2
27.75 39 2
27.7 39 2
27.65 39 2
27.6 39 2
27.55 39 2
27.5 39 2
27.45 39 2
27.4 39 2
27.35 39 2
27.3 39 2
27.25 39 2
27.2 39 2
27.15 39 2
27.1 39 2
27.05 39 2
27 39 2
26.95 39 2
26.9 39 2
26.85 39 2
26.8 39 2
26.75 39 2
26.7 39 2
26.65 39 2
26.6 39 2
26.55 39 2
26.5 39 2
26.45 39 2
26.4 39 2
26.35 39 2
26.3 39 2
26.25 39 2
26.2 39 2
26.15 39 2
26.1 39 2
26.05 39 2
26 39 2
25.95 39 2
25.9 39 2
25.85 39 2
25.8 39 2
25.75 39 2
25.7 39 2
25.65 39 2
25.6 39 2
25.55 39 2
25.5 39 2
25.45 39 2
25.4 39 2
25.35 39 2
25.3 39 2
25.25 39 2
25.2 39 2
25.15 39 2
25.1 39 2
25.05 39 2
25 39 2
24.95 39 2
24.9 39 2
24.85 39 2
24.8 39 2
24.75 39 2
24.7 39 2
24.65 39 2
24.6 39 2
24.55 39 2
24.5 39 2
24.45 39 2
24.4 39 2
24.35 39 2
24.3 39 2
24.25 39 2
24.2 39 2
24.15 39 2
24.1 39 2
24.05 39 2
24 39 2
23.95 39 2
23.9 39 2
23.85 39 2
23.8 39 2
23.75 39 2
23.7 39 2
23.65 39 2
23.6 39 2
23.55 39 2
23.5 39 2
23.45 39 2
23.4 39 2
23.35 39 2
23.3 39 2
23.25 39 2
23.2 39 2
23.15 39 2
23.1 39 2
23.05 39 2
23 39 2
22.95 39 2
22.9 39 2
22.85 39 2
22.8 39 2
22.75 39 2
22.7 39 2
22.65 39 2
22.6 39 2
22.55 39 2
22.5 39 2
22.45 39 2
22.4 39 2
22.35 39 2
22.3 39 2
22.25 39 2
22.2 39 2
22.15 39 2
22.1 39 2
22.05 39 2
22 39 2
21.95 39 2
21.9 39 2
21.85 39 2
21.8 39 2
21.75 39 2
21.7 39 2
21.65 39 2
21.6 39 2
21.55 39 2
21.5 39 2
21.45 39 2
21.4 39 2
21.35 39 2
21.3 39 2
21.25 39 2
21.2 39 2
21.15 39 2
21.1 39 2
21.05 39 2
21 39 2
20.95 39 2
20.9 39 2
20.85 39 2
20.8 39 2
20.75 39 2
20.7 39 2
20.65 39 2
20.6 39 2
20.55 39 2
20.5 39 2
20.45 39 2
20.4 39 2
20.35 39 2
20.3 39 2
20.25 39 2
20.2 39 2
20.15 39 2
20.1 39 2
20.05 39 2
20 39 2
19.95 39 2
19.9 39 2
19.85 39 2
19.8 39 2
19.75 39 2
19.7 39 2
19.65 39 2
19.6 39 2
19.55 39 2
19.5 39 2
19.45 39 2
19.4 39 2
19.35 39 2
19.3 39 2
19.25 39 2
19.2 39 2
19.15 39 2
19.1 39 2
19.05 39 2
19 39 2
18.95 39 2
18.9 39 2
18.85 39 2
18.8 39 2
18.75 39 2
18.7 39 2
18.65 39 2
18.6 39 2
18.55 39 2
18.5 39 2
18.45 39 2
18.4 39 2
18.35 39 2
18.3 39 2
18.25 39 2
18.2 39 2
18.15 39 2
18.1 39 2
18.05 39 2
18 39 2
17.95 39 2
17.9 39 2
17.85 39 2
17.8 39 2
17.75 39 2
17.7 39 2
17.65 39 2
17.6 39 2
17.55 39 2
17.5 39 2
17.45 39 2
17.4 39 2
17.35 39 2
17.3 39 2
17.25 39 2
17.2 39 2
17.15 39 2
17.1 39 2
17.05 39 2
17 39 2
16.95 39 2
16.9 39 2
16.85 39 2
16.8 39 2
16.75 39 2
16.7 39 2
16.65 39 2
16.6 39 2
16.55 39 2
16.5 39 2
16.45 39 2
16.4 39 2
16.35 39 2
16.3 39 2
16.25 39 2
16.2 39 2
16.15 39 2
16.1 39 2
16.05 39 2
16 39 2
15.95 39 2
15.9 39 2
15.85 39 2
15.8 39 2
15.75 39 2
15.7 39 2
15.65 39 2
15.6 39 2
15.55 39 2
15.5 39 2
15.45 39 2
15.4 39 2
15.35 39 2
15.3 39 2
15.25 39 2
15.2 39 2
15.15 39 2
15.1 39 2
15.05 39 2
15 39 2
14.95 39 2
14.9 39 2
14.85 39 2
14.8 39 2
14.75 39 2
14.7 39 2
14.65 39 2
14.6 39 2
14.55 39 2
14.5 39 2
14.45 39 2
14.4 39 2
14.35 39 2
14.3 39 2
14.25 39 2
14.2 39 2
14.15 39 2
14.1 39 2
14.05 39 2
14 39 2
13.95 39 2
13.9 39 2
13.85 39 2
13.8 39 2
13.75 39 2
13.7 39 2
13.65 39 2
13.6 39 2
13.55 39 2
13.5 39 2
13.45 39 2
13.4 39 2
13.35 39 2
13.3 39 2
13.25 39 2
13.2 39 2
13.15 39 2
13.1 39 2
13.05 39 2
13 39 2
12.95 39 2
12.9 39 2
12.85 39 2
12.8 39 2
12.75 39 2
12.7 39 2
12.65 39 2
12.6 39 2
12.55 39 2
12.5 39 2
12.45 39 2
12.4 39 2
12.35 39 2
12.3 39 2
12.25 39 2
12.2 39 2
12.15 39 2
12.1 39 2
12.05 39 2
12 39 2
11.95 39 2
11.9 39 2
11.85 39 2
11.8 39 2
11.75 39 2
11.7 39 2
11.65 39 2
11.6 39 2
11.55 39 2
11.5 39 2
11.45 39 2
11.4 39 2
11.35 39 2
11.3 39 2
11.25 39 2
11.2 39 2
11.15 39 2
11.1 39 2
11.05 39 2
11 39 2
10.95 39 2
10.9 39 2
10.85 39 2
10.8 39 2
10.75 39 2
10.7 39 2
10.65 39 2
10.6 39 2
10.55 39 2
10.5 39 2
10.45 39 2
10.4 39 2
10.35 39 2
10.3 39 2
10.25 39 2
10.2 39 2
10.15 39 2
10.1 39 2
10.05 39 2
10 39 2
9.95 39 2
9.9 39 2
9.85 39 2
9.8 39 2
9.75 39 2
9.7 39 2
9.65 39 2
9.6 39 2
9.55 39 2
9.5 39 2
9.45 39 2
9.4 39 2
9.35 39 2
9.3 39 2
9.25 39 2
9.2 39 2
9.15 39 2
9.1 39 2
9.05 39 2
9 39 2
8.95 39 2
8.9 39 2
8.85 39 2
8.8 39 2
8.75 39 2
8.7 39 2
8.65 39 2
8.6 39 2
8.55 39 2
8.5 39 2
8.45 39 2
8.4 39 2
8.35 39 2
8.3 39 2
8.25 39 2
8.2 39 2
8.15 39 2
8.1 39 2
8.05 39 2
8 39 2
7.95 39 2
7.9 39 2
7.85 39 2
7.8 39 2
7.75 39 2
7.7 39 2
7.65 39 2
7.6 39 2
7.55 39 2
7.5 39 2
7.45 39 2
7.4 39 2
7.35 39 2
7.3 39 2
7.25 39 2
7.2 39 2
7.15 39 2
7.1 39 2
7.05 39 2
7 39 2
7 39 0
PATH 77 82
49.55 49 0
49.55 48.95 0
49.55 48.9 0
49.55 48.85 0
49.55 48.8 0
49.55 48.75 0
49.6 48.7 0
49.65 48.65 0
49.65 48.6 0
49.7 48.55 0
49.75 48.5 0
49.8 48.45 0
49.85 48.4 0
49.85 48.35 0
49.85 48.3 0
49.85 48.25 0
49.9 48.2 0
49.95 48.15 0
50 48.1 0
50.05 48.05 0
50.1 48 0
50.1 47.95 0
50.1 47.9 0
50.1 47.85 0
50.1 47.8 0
50.15 47.75 0
50.2 47.7 0
50.25 47.65 0
50.3 47.6 0
50.35 47.55 0
50.4 47.5 0
50.4 47.45 0
50.4 47.4 0
50.4 47.35 0
50.4 47.3 0
50.4 47.25 0
50.4 47.2 0
50.4 47.15 0
50.4 47.1 0
50.4 47.05 0
50.4 47 0
50.4 46.95 0
50.4 46.9 0
50.4 46.85 0
50.4 46.8 0
50.4 46.75 0
50.4 46.7 0
50.4 46.65 0
50.4 46.6 0
50.4 46.55 0
50.4 46.5 0
50.4 46.45 0
50.4 46.4 0
50.4 46.35 0
50.4 46.3 0
50.4 46.25 0
50.4 46.2 0
50.4 46.15 0
50.4 46.1 0
50.4 46.05 0
50.4 46 0
50.4 45.95 0
50.4 45.9 0
50.4 45.85 0
50.4 45.8 0
50.4 45.75 0
50.4 45.7 0
50.4 45.65 0
50.4 45.6 0
50.4 45.55 0
50.4 45.5 0
50.4 45.45 0
50.4 45.4 0
50.4 45.35 0
50.4 45.3 0
50.4 45.25 0
50.4 45.2 0
50.4 45.15 0
50.45 45.1 0
50.5 45.05 0
50.5 45 0
50.55 44.95 0
PATH 90 77
58.25 7.5 0
58.25 7.45 0
58.25 7.4 0
58.25 7.35 0
58.25 7.3 0
58.25 7.25 0
58.25 7.2 0
58.25 7.15 0
58.25 7.1 0
58.25 7.05 0
58.25 7 0
58.25 6.95 0
58.25 6.9 0
58.25 6.85 0
58.25 6.8 0
58.25 6.75 0
58.25 6.7 0
58.25 6.65 0
58.25 6.6 0
58.25 6.55 0
58.25 6.5 0
58.25 6.45 0
58.25 6.4 0
58.25 6.35 0
58.2 6.35 0
58.15 6.35 0
58.1 6.35 0
58.05 6.35 0
58 6.35 0
57.95 6.35 0
57.9 6.35 0
57.85 6.35 0
57.8 6.35 0
57.75 6.35 0
57.7 6.35 0
57.65 6.35 0
57.6 6.35 0
57.55 6.35 0
57.5 6.35 0
57.45 6.35 0
57.4 6.35 0
57.35 6.35 0
57.3 6.35 0
57.25 6.35 0
57.2 6.35 0
57.15 6.35 0
57.1 6.35 0
57.05 6.35 0
57 6.35 0
56.95 6.35 0
56.9 6.35 0
56.85 6.35 0
56.8 6.35 0
56.75 6.35 0
56.75 6.4 0
56.75 6.45 0
56.75 6.5 0
56.75 6.55 0
56.75 6.6 0
56.75 6.65 0
56.75 6.7 0
56.75 6.75 0
56.75 6.8 0
56.75 6.85 0
56.75 6.9 0
56.75 6.95 0
56.75 7 0
56.75 7.05 0
56.75 7.1 0
56.75 7.15 0
56.75 7.2 0
56.75 7.25 0
56.75 7.3 0
56.75 7.35 0
56.75 7.4 0
56.75 7.45 0
56.75 7.5 0
PATH 90 375
45.5 18.45 0
45.55 18.4 0
45.6 18.35 0
45.65 18.3 0
45.7 18.25 0
45.75 18.2 0
45.8 18.15 0
45.85 18.1 0
45.9 18.05 0
45.95 18 0
46 17.95 0
46.05 17.9 0
46.1 17.85 0
46.15 17.8 0
46.2 17.75 0
46.25 17.7 0
46.3 17.65 0
46.35 17.6 0
46.4 17.55 0
46.45 17.5 0
46.5 17.45 0
46.55 17.4 0
46.6 17.35 0
46.65 17.3 0
46.7 17.25 0
46.75 17.2 0
46.8 17.15 0
46.85 17.1 0
46.9 17.05 0
46.95 17 0
47 16.95 0
47.05 16.9 0
47.1 16.85 0
47.15 16.8 0
47.2 16.75 0
47.25 16.7 0
47.3 16.65 0
47.35 16.6 0
47.4 16.55 0
47.45 16.5 0
47.5 16.45 0
47.55 16.4 0
47.6 16.35 0
47.65 16.3 0
47.7 16.25 0
47.75 16.2 0
47.8 16.15 0
47.8 16.1 0
47.8 16.05 0
47.8 16 0
47.8 15.95 0
47.8 15.9 0
47.8 15.85 0
47.8 15.8 0
47.8 15.75 0
47.8 15.7 0
47.8 15.65 0
47.8 15.6 0
47.8 15.55 0
47.8 15.5 0
47.8 15.45 0
47.8 15.4 0
47.8 15.35 0
47.8 15.3 0
47.8 15.25 0
47.8 15.2 0
47.8 15.15 0
47.8 15.1 0
47.8 15.05 0
47.8 15 0
47.8 14.95 0
47.8 14.9 0
47.8 14.85 0
47.8 14.8 0
47.8 14.75 0
47.8 14.7 0
47.8 14.65 0
47.8 14.6 0
47.8 14.55 0
47.8 14.5 0
47.8 14.45 0
47.8 14.4 0
47.8 14.35 0
47.8 14.3 0
47.8 14.25 0
47.8 14.2 0
47.8 14.15 0
47.8 14.1 0
47.8 14.05 0
47.8 14 0
47.8 13.95 0
47.8 13.9 0
47.8 13.85 0
47.8 13.8 0
47.8 13.75 0
47.8 13.7 0
47.8 13.65 0
47.8 13.6 0
47.8 13.55 0
47.8 13.5 0
47.8 13.45 0
47.8 13.4 0
47.8 13.35 0
47.8 13.3 0
47.8 13.25 0
47.8 13.2 0
47.8 13.15 0
47.8 13.1 0
47.8 13.05 0
47.8 13 0
47.8 12.95 0
47.8 12.9 0
47.8 12.85 0
47.8 12.8 0
47.8 12.75 0
47.8 12.7 0
47.8 12.65 0
47.8 12.6 0
47.8 12.55 0
47.8 12.5 0
47.8 12.45 0
47.8 12.4 0
47.8 12.35 0
47.8 12.3 0
47.8 12.25 0
47.8 12.2 0
47.8 12.15 0
47.8 12.1 0
47.8 12.05 0
47.8 12 0
47.8 11.95 0
47.8 11.9 0
47.8 11.85 0
47.8 11.8 0
47.8 11.75 0
47.8 11.7 0
47.8 11.65 0
47.8 11.6 0
47.8 11.55 0
47.8 11.5 0
47.8 11.45 0
47.8 11.4 0
47.8 11.4 1
47.85 11.35 1
47.9 11.3 1
47.95 11.25 1
48 11.2 1
48.05 11.15 1
48.1 11.1 1
48.15 11.05 1
48.2 11 1
48.25 10.95 1
48.3 10.9 1
48.35 10.85 1
48.4 10.8 1
48.45 10.75 1
48.5 10.7 1
48.55 10.65 1
48.6 10.6 1
48.65 10.55 1
48.7 10.5 1
48.75 10.45 1
48.8 10.4 1
48.85 10.35 1
48.9 10.3 1
48.95 10.25 1
49 10.2 1
49.05 10.15 1
49.1 10.1 1
49.15 10.05 1
49.2 10 1
49.25 9.95 1
49.3 9.9 1
49.35 9.85 1
49.4 9.8 1
49.45 9.75 1
49.5 9.7 1
49.55 9.65 1
49.6 9.6 1
49.65 9.55 1
49.7 9.5 1
49.75 9.45 1
49.8 9.4 1
49.85 9.35 1
49.9 9.3 1
49.95 9.25 1
50 9.2 1
50.05 9.15 1
50.1 9.1 1
50.15 9.05 1
50.2 9 1
50.25 8.95 1
50.3 8.9 1
50.35 8.85 1
50.4 8.8 1
50.45 8.75 1
50.5 8.7 1
50.55 8.65 1
50.6 8.6 1
50.65 8.55 1
50.7 8.5 1
50.75 8.45 1
50.8 8.4 1
50.85 8.35 1
50.9 8.3 1
50.95 8.25 1
51 8.2 1
51.05 8.15 1
51.1 8.1 1
51.15 8.05 1
51.2 8 1
51.25 7.95 1
51.3 7.9 1
51.35 7.85 1
51.4 7.8 1
51.45 7.75 1
51.5 7.7 1
51.55 7.65 1
51.6 7.6 1
51.65 7.55 1
51.7 7.5 1
51.75 7.45 1
51.8 7.4 1
51.85 7.35 1
51.9 7.3 1
51.95 7.25 1
52 7.2 1
52.05 7.15 1
52.1 7.1 1
52.15 7.05 1
52.2 7 1
52.25 6.95 1
52.3 6.9 1
52.35 6.85 1
52.4 6.8 1
52.45 6.75 1
52.5 6.7 1
52.55 6.65 1
52.6 6.6 1
52.6 6.55 1
52.6 6.5 1
52.6 6.45 1
52.6 6.4 1
52.6 6.35 1
52.6 6.3 1
52.6 6.25 1
52.6 6.2 1
52.6 6.15 1
52.6 6.1 1
52.6 6.05 1
52.6 6 1
52.6 5.95 1
52.6 5.9 1
52.6 5.85 1
52.6 5.8 1
52.6 5.75 1
52.65 5.7 1
52.65 5.65 1
52.65 5.6 1
52.65 5.55 1
52.7 5.5 1
52.7 5.45 1
52.75 5.4 1
52.8 5.35 1
52.85 5.3 1
52.9 5.25 1
52.95 5.25 1
53 5.2 1
53.05 5.2 1
53.1 5.2 1
53.15 5.2 1
53.2 5.15 1
53.25 5.15 1
53.3 5.15 1
53.35 5.15 1
53.4 5.15 1
53.45 5.15 1
53.5 5.15 1
53.55 5.15 1
53.6 5.15 1
53.65 5.15 1
53.7 5.15 1
53.75 5.15 1
53.8 5.15 1
53.85 5.15 1
53.9 5.15 1
53.95 5.15 1
54 5.15 1
54.05 5.15 1
54.1 5.15 1
54.15 5.15 1
54.2 5.15 1
54.25 5.15 1
54.3 5.15 1
54.35 5.15 1
54.4 5.15 1
54.45 5.15 1
54.5 5.15 1
54.55 5.15 1
54.6 5.15 1
54.65 5.15 1
54.7 5.15 1
54.75 5.15 1
54.8 5.15 1
54.85 5.15 1
54.9 5.15 1
54.95 5.15 1
55 5.15 1
55.05 5.15 1
55.1 5.15 1
55.15 5.15 1
55.2 5.15 1
55.25 5.15 1
55.3 5.15 1
55.35 5.15 1
55.4 5.15 1
55.45 5.15 1
55.5 5.15 1
55.55 5.15 1
55.6 5.15 1
55.65 5.15 1
55.7 5.15 1
55.75 5.15 1
55.8 5.15 1
55.85 5.15 1
55.9 5.15 1
55.95 5.15 1
56 5.15 1
56.05 5.15 1
56.1 5.15 1
56.15 5.15 1
56.2 5.15 1
56.25 5.15 1
56.3 5.15 1
56.35 5.15 1
56.4 5.1 1
56.45 5.1 1
56.5 5.1 1
56.55 5.15 1
56.6 5.15 1
56.65 5.15 1
56.7 5.15 1
56.75 5.2 1
56.8 5.2 1
56.85 5.25 1
56.9 5.3 1
56.95 5.35 1
57 5.4 1
57.05 5.45 1
57.1 5.5 1
57.15 5.55 1
57.2 5.6 1
57.25 5.65 1
57.3 5.7 1
57.35 5.75 1
57.4 5.75 1
57.45 5.75 1
57.5 5.75 1
57.55 5.75 1
57.6 5.75 1
57.65 5.75 1
57.7 5.75 1
57.7 5.75 0
57.7 5.8 0
57.7 5.85 0
57.7 5.9 0
57.7 5.95 0
57.7 6 0
57.7 6.05 0
57.7 6.1 0
57.7 6.15 0
57.7 6.2 0
57.7 6.25 0
57.7 6.3 0
57.7 6.35 0
PATH 90 101
40.5 18.45 0
40.55 18.45 0
40.6 18.45 0
40.65 18.45 0
40.7 18.45 0
40.75 18.45 0
40.8 18.45 0
40.85 18.45 0
40.9 18.45 0
40.95 18.45 0
41 18.45 0
41.05 18.45 0
41.1 18.45 0
41.15 18.45 0
41.2 18.45 0
41.25 18.45 0
41.3 18.45 0
41.35 18.45 0
41.4 18.45 0
41.45 18.45 0
41.5 18.45 0
41.55 18.45 0
41.6 18.45 0
41.65 18.45 0
41.7 18.45 0
41.75 18.45 0
41.8 18.45 0
41.85 18.45 0
41.9 18.45 0
41.95 18.45 0
42 18.45 0
42.05 18.45 0
42.1 18.45 0
42.15 18.45 0
42.2 18.45 0
42.25 18.45 0
42.3 18.45 0
42.35 18.45 0
42.4 18.45 0
42.45 18.45 0
42.5 18.45 0
42.55 18.45 0
42.6 18.45 0
42.65 18.45 0
42.7 18.45 0
42.75 18.45 0
42.8 18.45 0
42.85 18.45 0
42.9 18.45 0
42.95 18.45 0
43 18.45 0
43.05 18.45 0
43.1 18.45 0
43.15 18.45 0
43.2 18.45 0
43.25 18.45 0
43.3 18.45 0
43.35 18.45 0
43.4 18.45 0
43.45 18.45 0
43.5 18.45 0
43.55 18.45 0
43.6 18.45 0
43.65 18.45 0
43.7 18.45 0
43.75 18.45 0
43.8 18.45 0
43.85 18.45 0
43.9 18.45 0
43.95 18.45 0
44 18.45 0
44.05 18.45 0
44.1 18.45 0
44.15 18.45 0
44.2 18.45 0
44.25 18.45 0
44.3 18.45 0
44.35 18.45 0
44.4 18.45 0
44.45 18.45 0
44.5 18.45 0
44.55 18.45 0
44.6 18.45 0
44.65 18.45 0
44.7 18.45 0
44.75 18.45 0
44.8 18.45 0
44.85 18.45 0
44.9 18.45 0
44.95 18.45 0
45 18.45 0
45.05 18.45 0
45.1 18.45 0
45.15 18.45 0
45.2 18.45 0
45.25 18.45 0
45.3 18.45 0
45.35 18.45 0
45.4 18.45 0
45.45 18.45 0
45.5 18.45 0
PATH 90 121
45.5 24.45 0
45.5 24.4 0
45.5 24.35 0
45.5 24.3 0
45.5 24.25 0
45.5 24.2 0
45.5 24.15 0
45.45 24.1 0
45.4 24.05 0
45.35 24 0
45.3 23.95 0
45.25 23.9 0
45.2 23.85 0
45.15 23.8 0
45.1 23.75 0
45.05 23.7 0
45 23.65 0
44.95 23.6 0
44.9 23.55 0
44.85 23.5 0
44.8 23.45 0
44.75 23.4 0
44.7 23.35 0
44.65 23.3 0
44.6 23.25 0
44.55 23.2 0
44.5 23.15 0
44.45 23.1 0
44.4 23.05 0
44.35 23 0
44.3 22.95 0
44.25 22.9 0
44.2 22.85 0
44.15 22.8 0
44.1 22.75 0
44.05 22.7 0
44 22.65 0
43.95 22.6 0
43.9 22.55 0
43.85 22.5 0
43.8 22.45 0
43.8 22.4 0
43.8 22.35 0
43.8 22.3 0
43.8 22.25 0
43.8 22.2 0
43.8 22.15 0
43.8 22.1 0
43.8 22.05 0
43.8 22 0
43.8 21.95 0
43.8 21.9 0
43.8 21.85 0
43.8 21.8 0
43.8 21.75 0
43.8 21.7 0
43.8 21.65 0
43.8 21.6 0
43.8 21.55 0
43.8 21.5 0
43.8 21.45 0
43.8 21.4 0
43.8 21.35 0
43.8 21.3 0
43.8 21.25 0
43.8 21.2 0
43.8 21.15 0
43.8 21.1 0
43.8 21.05 0
43.8 21 0
43.8 20.95 0
43.8 20.9 0
43.8 20.85 0
43.8 20.8 0
43.8 20.75 0
43.8 20.7 0
43.8 20.65 0
43.8 20.6 0
43.8 20.55 0
43.8 20.5 0
43.8 20.45 0
43.8 20.4 0
43.8 20.35 0
43.8 20.3 0
43.8 20.25 0
43.8 20.2 0
43.8 20.15 0
43.8 20.1 0
43.8 20.05 0
43.8 20 0
43.8 19.95 0
43.8 19.9 0
43.8 19.85 0
43.8 19.8 0
43.8 19.75 0
43.8 19.7 0
43.8 19.65 0
43.8 19.6 0
43.8 19.55 0
43.8 19.5 0
43.8 19.45 0
43.8 19.4 0
43.8 19.35 0
43.8 19.3 0
43.8 19.25 0
43.8 19.2 0
43.8 19.15 0
43.8 19.1 0
43.8 19.05 0
43.8 19 0
43.8 18.95 0
43.8 18.9 0
43.8 18.85 0
43.8 18.8 0
43.8 18.75 0
43.8 18.7 0
43.8 18.65 0
43.8 18.6 0
43.8 18.55 0
43.8 18.5 0
43.8 18.45 0
PATH 90 72
40.5 24.45 0
40.55 24.4 0
40.6 24.35 0
40.65 24.35 0
40.7 24.3 0
40.75 24.3 0
40.8 24.3 0
40.85 24.25 0
40.9 24.25 0
40.95 24.25 0
41 24.25 0
41.05 24.25 0
41.1 24.2 0
41.15 24.15 0
41.2 24.1 0
41.25 24.05 0
41.3 24.05 0
41.35 24.05 0
41.4 24.05 0
41.45 24.05 0
41.5 24.05 0
41.55 24.05 0
41.55 24.05 2
41.6 24 2
41.65 23.95 2
41.7 23.9 2
41.75 23.85 2
41.8 23.8 2
41.85 23.75 2
41.9 23.7 2
41.95 23.65 2
42 23.6 2
42.05 23.55 2
42.1 23.5 2
42.15 23.45 2
42.2 23.45 2
42.25 23.45 2
42.3 23.4 2
42.35 23.4 2
42.4 23.35 2
42.45 23.3 2
42.5 23.25 2
42.55 23.2 2
42.6 23.15 2
42.65 23.1 2
42.7 23.1 2
42.75 23.1 2
42.8 23.1 2
42.85 23.1 2
42.9 23.1 2
42.95 23.1 2
43 23.1 2
43.05 23.1 2
43.1 23.1 2
43.15 23.1 2
43.2 23.1 2
43.25 23.1 2
43.3 23.1 2
43.35 23.1 2
43.4 23.05 2
43.45 23 2
43.5 22.95 2
43.55 22.95 2
43.6 22.95 2
43.6 22.95 0
43.65 22.9 0
43.7 22.85 0
43.75 22.8 0
43.8 22.75 0
43.85 22.7 0
43.9 22.65 0
43.95 22.6 0
PATH 83 572
35.55 64 0
35.5 63.95 0
35.45 63.95 0
35.4 63.95 0
35.35 63.95 0
35.3 63.95 0
35.25 63.95 0
35.2 63.9 0
35.15 63.9 0
35.1 63.9 0
35.05 63.9 0
35 63.9 0
34.95 63.9 0
34.9 63.9 0
34.85 63.9 0
34.8 63.9 0
34.75 63.9 0
34.7 63.9 0
34.65 63.9 0
34.6 63.9 0
34.55 63.9 0
34.5 63.9 0
34.45 63.9 0
34.4 63.9 0
34.35 63.85 0
34.3 63.85 0
34.25 63.85 0
34.2 63.85 0
34.15 63.85 0
34.1 63.85 0
34.05 63.85 0
34 63.85 0
33.95 63.85 0
33.9 63.85 0
33.85 63.85 0
33.8 63.85 0
33.75 63.85 0
33.7 63.85 0
33.65 63.85 0
33.6 63.85 0
33.55 63.85 0
33.5 63.85 0
33.45 63.85 0
33.4 63.85 0
33.35 63.85 0
33.3 63.85 0
33.25 63.85 0
33.2 63.85 0
33.15 63.85 0
33.1 63.85 0
33.05 63.85 0
33 63.85 0
32.95 63.85 0
32.9 63.85 0
32.85 63.85 0
32.8 63.85 0
32.75 63.8 0
32.7 63.75 0
32.65 63.7 0
32.6 63.65 0
32.55 63.6 0
32.5 63.55 0
32.45 63.5 0
32.4 63.5 0
32.35 63.5 0
32.3 63.5 0
32.25 63.5 0
32.2 63.5 0
32.15 63.5 0
32.1 63.5 0
32.05 63.5 0
32 63.5 0
31.95 63.5 0
31.9 63.5 0
31.85 63.5 0
31.8 63.5 0
31.75 63.5 0
31.7 63.5 0
31.65 63.5 0
31.6 63.5 0
31.55 63.5 0
31.5 63.5 0
31.45 63.5 0
31.4 63.5 0
31.35 63.5 0
31.3 63.5 0
31.25 63.5 0
31.2 63.5 0
31.15 63.5 0
31.1 63.5 0
31.05 63.5 0
31 63.5 0
30.95 63.5 0
30.9 63.5 0
30.85 63.5 0
30.8 63.5 0
30.75 63.5 0
30.7 63.5 0
30.65 63.5 0
30.6 63.5 0
30.55 63.5 0
30.5 63.5 0
30.45 63.5 0
30.4 63.5 0
30.35 63.5 0
30.3 63.5 0
30.25 63.5 0
30.2 63.5 0
30.15 63.5 0
30.1 63.5 0
30.05 63.5 0
30 63.5 0
29.95 63.5 0
29.9 63.5 0
29.85 63.5 0
29.8 63.5 0
29.75 63.5 0
29.7 63.5 0
29.65 63.5 0
29.6 63.5 0
29.55 63.5 0
29.5 63.5 0
29.45 63.5 0
29.4 63.5 0
29.35 63.5 0
29.3 63.5 0
29.25 63.5 0
29.2 63.5 0
29.15 63.5 0
29.1 63.5 0
29.05 63.5 0
29 63.5 0
28.95 63.5 0
28.9 63.5 0
28.85 63.5 0
28.8 63.45 0
28.75 63.4 0
28.7 63.35 0
28.65 63.3 0
28.6 63.25 0
28.55 63.2 0
28.5 63.15 0
28.45 63.15 0
28.4 63.15 0
28.35 63.15 0
28.3 63.15 0
28.25 63.15 0
28.2 63.15 0
28.15 63.15 0
28.1 63.15 0
28.05 63.15 0
28 63.15 0
27.95 63.15 0
27.9 63.15 0
27.85 63.15 0
27.8 63.15 0
27.75 63.15 0
27.7 63.15 0
27.65 63.15 0
27.6 63.15 0
27.55 63.15 0
27.5 63.15 0
27.45 63.15 0
27.4 63.15 0
27.35 63.15 0
27.3 63.15 0
27.25 63.15 0
27.2 63.15 0
27.15 63.1 0
27.1 63.1 0
27.05 63.1 0
27 63.1 0
26.95 63.1 0
26.9 63.1 0
26.85 63.1 0
26.8 63.1 0
26.75 63.1 0
26.7 63.1 0
26.65 63.1 0
26.6 63.1 0
26.55 63.1 0
26.5 63.1 0
26.45 63.1 0
26.4 63.1 0
26.35 63.1 0
26.3 63.1 0
26.25 63.1 0
26.2 63.1 0
26.15 63.1 0
26.1 63.1 0
26.05 63.1 0
26 63.1 0
25.95 63.1 0
25.9 63.1 0
25.85 63.1 0
25.8 63.1 0
25.75 63.1 0
25.7 63.1 0
25.65 63.1 0
25.6 63.1 0
25.55 63.1 0
25.5 63.1 0
25.45 63.1 0
25.4 63.1 0
25.35 63.1 0
25.3 63.1 0
25.25 63.1 0
25.2 63.1 0
25.15 63.1 0
25.1 63.1 0
25.05 63.1 0
25 63.1 0
24.95 63.1 0
24.9 63.1 0
24.85 63.1 0
24.8 63.1 0
24.75 63.1 0
24.7 63.1 0
24.65 63.1 0
24.6 63.1 0
24.55 63.1 0
24.5 63.1 0
24.45 63.1 0
24.4 63.1 0
24.35 63.1 0
24.3 63.1 0
24.25 63.1 0
24.2 63.1 0
24.15 63.1 0
24.1 63.1 0
24.05 63.1 0
24 63.1 0
23.95 63.1 0
23.9 63.1 0
23.85 63.1 0
23.8 63.1 0
23.75 63.1 0
23.7 63.1 0
23.65 63.1 0
23.6 63.1 0
23.55 63.1 0
23.5 63.1 0
23.45 63.1 0
23.4 63.1 0
23.35 63.1 0
23.3 63.1 0
23.25 63.1 0
23.2 63.1 0
23.15 63.1 0
23.1 63.1 0
23.05 63.1 0
23 63.1 0
22.95 63.1 0
22.9 63.1 0
22.85 63.1 0
22.8 63.1 0
22.75 63.1 0
22.7 63.1 0
22.65 63.1 0
22.6 63.1 0
22.55 63.1 0
22.5 63.1 0
22.45 63.1 0
22.4 63.1 0
22.35 63.1 0
22.3 63.1 0
22.25 63.1 0
22.2 63.1 0
22.15 63.1 0
22.1 63.1 0
22.05 63.1 0
22 63.1 0
21.95 63.1 0
21.9 63.1 0
21.85 63.1 0
21.8 63.1 0
21.75 63.1 0
21.7 63.1 0
21.65 63.1 0
21.6 63.1 0
21.55 63.1 0
21.5 63.1 0
21.45 63.1 0
21.4 63.1 0
21.35 63.1 0
21.3 63.1 0
21.25 63.1 0
21.2 63.1 0
21.15 63.1 0
21.1 63.1 0
21.05 63.1 0
21 63.1 0
20.95 63.1 0
20.9 63.1 0
20.85 63.1 0
20.8 63.1 0
20.75 63.1 0
20.7 63.1 0
20.65 63.1 0
20.6 63.1 0
20.55 63.1 0
20.5 63.1 0
20.45 63.1 0
20.4 63.1 0
20.35 63.1 0
20.3 63.1 0
20.25 63.1 0
20.2 63.1 0
20.15 63.1 0
20.1 63.1 0
20.05 63.1 0
20 63.1 0
19.95 63.1 0
19.9 63.1 0
19.85 63.1 0
19.8 63.1 0
19.75 63.1 0
19.7 63.1 0
19.65 63.1 0
19.6 63.1 0
19.55 63.1 0
19.5 63.1 0
19.45 63.1 0
19.4 63.1 0
19.35 63.1 0
19.3 63.1 0
19.25 63.1 0
19.2 63.1 0
19.15 63.1 0
19.1 63.1 0
19.05 63.1 0
19 63.1 0
18.95 63.1 0
18.9 63.1 0
18.85 63.1 0
18.8 63.1 0
18.75 63.1 0
18.7 63.1 0
18.65 63.1 0
18.6 63.1 0
18.55 63.1 0
18.5 63.1 0
18.45 63.1 0
18.4 63.1 0
18.35 63.1 0
18.3 63.1 0
18.25 63.1 0
18.2 63.1 0
18.15 63.1 0
18.1 63.1 0
18.05 63.1 0
18 63.1 0
17.95 63.1 0
17.9 63.1 0
17.85 63.1 0
17.8 63.1 0
17.75 63.1 0
17.7 63.1 0
17.65 63.1 0
17.6 63.1 0
17.55 63.05 0
17.5 63 0
17.45 63 0
17.4 63 0
17.35 63 0
17.3 63 0
17.25 63 0
17.2 63 0
17.15 63 0
17.1 63 0
17.05 63 0
17 63 0
16.95 63 0
16.9 63 0
16.85 63 0
16.8 63 0
16.75 63 0
16.7 63 0
16.65 63 0
16.6 63 0
16.55 63 0
16.5 63 0
16.45 63 0
16.4 63 0
16.35 63 0
16.3 63 0
16.25 63 0
16.2 63 0
16.15 63 0
16.1 63 0
16.05 63 0
16 63 0
15.95 63 0
15.9 63 0
15.85 63 0
15.8 63 0
15.75 63 0
15.7 63 0
15.65 63 0
15.6 63 0
15.55 63 0
15.5 63 0
15.45 63 0
15.4 63 0
15.35 63 0
15.3 63 0
15.25 63 0
15.2 63 0
15.15 63 0
15.1 63 0
15.05 63 0
15 63 0
14.95 63 0
14.9 63 0
14.85 63 0
14.8 63 0
14.75 63 0
14.7 63 0
14.65 63 0
14.6 63 0
14.55 63 0
14.5 63 0
14.45 63 0
14.4 63 0
14.35 63 0
14.3 63 0
14.25 63 0
14.2 63 0
14.15 63 0
14.1 63 0
14.05 63 0
14 63 0
13.95 63 0
13.9 63 0
13.85 63 0
13.8 63 0
13.75 63 0
13.7 63 0
13.65 63 0
13.6 63 0
13.55 63 0
13.5 63 0
13.45 63 0
13.4 63 0
13.35 63 0
13.3 63 0
13.25 63 0
13.2 63 0
13.15 63 0
13.1 63 0
13.05 63 0
13 63 0
12.95 63 0
12.9 63 0
12.85 63 0
12.8 63 0
12.75 63 0
12.7 63 0
12.65 63 0
12.6 63 0
12.55 63 0
12.5 63 0
12.45 63 0
12.4 63 0
12.35 63 0
12.3 63 0
12.25 63 0
12.2 63 0
12.15 63 0
12.1 63 0
12.05 63 0
12 63 0
11.95 63 0
11.9 63 0
11.85 63 0
11.8 63 0
11.75 63 0
11.7 63 0
11.65 63 0
11.6 63 0
11.55 63 0
11.5 63 0
11.45 63 0
11.4 63 0
11.35 63 0
11.3 63 0
11.25 63 0
11.2 63 0
11.15 63 0
11.1 63 0
11.05 63 0
11 63 0
10.95 63 0
10.9 63 0
10.85 63 0
10.8 63 0
10.75 63 0
10.7 63 0
10.65 63 0
10.6 63 0
10.55 63 0
10.5 63 0
10.45 63 0
10.4 63 0
10.35 63 0
10.3 63 0
10.25 63 0
10.2 63 0
10.15 63 0
10.1 63 0
10.05 63 0
10 63 0
9.95 63 0
9.9 63 0
9.85 63 0
9.8 63 0
9.75 63 0
9.7 63 0
9.65 63 0
9.6 63 0
9.55 63 0
9.5 63 0
9.45 63 0
9.4 63 0
9.35 63 0
9.3 63 0
9.25 63 0
9.2 63 0
9.15 63 0
9.1 63 0
9.05 63 0
9 63 0
8.95 63 0
8.9 63 0
8.85 63 0
8.8 63 0
8.75 63 0
8.7 63 0
8.65 63 0
8.6 63 0
8.55 63 0
8.5 63 0
8.45 63 0
8.4 63 0
8.35 63 0
8.3 63 0
8.25 63 0
8.2 63 0
8.15 63 0
8.1 63 0
8.05 63 0
8 63 0
7.95 63 0
7.9 63 0
7.85 63 0
7.8 63 0
7.75 63 0
7.7 63 0
7.65 63 0
7.6 63 0
7.55 63 0
7.5 63 0
7.45 63 0
7.4 63 0
7.35 63 0
7.3 63 0
7.25 63 0
7.2 63 0
7.15 63 0
7.1 63 0
7.05 63 0
7 63 0
PATH 83 123
41.55 64 0
41.5 64 0
41.45 64 0
41.4 64 0
41.35 64 0
41.3 64 0
41.25 64 0
41.2 64 0
41.15 64 0
41.1 64 0
41.05 64 0
41 64 0
40.95 64 0
40.9 64 0
40.85 64 0
40.8 64 0
40.75 64 0
40.7 64 0
40.65 64 0
40.6 64 0
40.55 64 0
40.5 64 0
40.45 64 0
40.4 64 0
40.35 64 0
40.3 64 0
40.25 64 0
40.2 64 0
40.15 64 0
40.1 64 0
40.05 64 0
40 64 0
40 64 2
39.95 64 2
39.9 64 2
39.85 64 2
39.8 64 2
39.75 64 2
39.7 64 2
39.65 64 2
39.6 64 2
39.55 64 2
39.5 64 2
39.45 64 2
39.4 64 2
39.35 64 2
39.3 64 2
39.25 64 2
39.2 64 2
39.15 64 2
39.1 64 2
39.05 64 2
39 64 2
38.95 64 2
38.9 64 2
38.85 64 2
38.8 64 2
38.75 64 2
38.7 64 2
38.65 64 2
38.6 64 2
38.55 64 2
38.5 64 2
38.45 64 2
38.4 64 2
38.35 64 2
38.3 64 2
38.25 64 2
38.2 64 2
38.15 64 2
38.1 64 2
38.05 64 2
38 64 2
37.95 64 2
37.9 64 2
37.85 64 2
37.8 64 2
37.75 64 2
37.7 64 2
37.65 64 2
37.6 64 2
37.55 64 2
37.5 64 2
37.45 64 2
37.4 64 2
37.35 64 2
37.3 64 2
37.25 64 2
37.2 64 2
37.15 64 2
37.1 64 2
37.05 64 2
37 64 2
36.95 64 2
36.9 64 2
36.85 64 2
36.8 64 2
36.75 64 2
36.7 64 2
36.65 64 2
36.6 64 2
36.55 64 2
36.5 64 2
36.45 64 2
36.4 64 2
36.35 64 2
36.3 64 2
36.25 64 2
36.2 64 2
36.15 64 2
36.1 64 2
36.05 64 2
36 64 2
35.95 64 2
35.9 64 2
35.85 64 2
35.8 64 2
35.75 64 2
35.7 64 2
35.65 64 2
35.6 64 2
35.55 64 2
35.55 64 0
PATH 83 102
38.45 69 0
38.45 68.95 0
38.45 68.9 0
38.45 68.85 0
38.45 68.8 0
38.45 68.75 0
38.45 68.7 0
38.45 68.65 0
38.45 68.6 0
38.45 68.55 0
38.45 68.5 0
38.45 68.45 0
38.45 68.4 0
38.45 68.35 0
38.45 68.3 0
38.45 68.25 0
38.45 68.2 0
38.45 68.15 0
38.45 68.1 0
38.45 68.05 0
38.45 68 0
38.45 67.95 0
38.45 67.9 0
38.45 67.85 0
38.45 67.8 0
38.45 67.75 0
38.45 67.7 0
38.45 67.65 0
38.45 67.6 0
38.45 67.55 0
38.45 67.5 0
38.45 67.45 0
38.45 67.4 0
38.45 67.35 0
38.45 67.3 0
38.45 67.25 0
38.45 67.2 0
38.45 67.15 0
38.45 67.1 0
38.45 67.05 0
38.45 67 0
38.45 66.95 0
38.45 66.9 0
38.45 66.85 0
38.45 66.8 0
38.45 66.75 0
38.45 66.7 0
38.45 66.65 0
38.45 66.6 0
38.45 66.55 0
38.45 66.5 0
38.45 66.45 0
38.45 66.4 0
38.45 66.35 0
38.45 66.3 0
38.45 66.3 2
38.45 66.25 2
38.45 66.2 2
38.45 66.15 2
38.45 66.1 2
38.45 66.05 2
38.45 66 2
38.45 65.95 2
38.45 65.9 2
38.45 65.85 2
38.45 65.8 2
38.45 65.75 2
38.45 65.7 2
38.45 65.65 2
38.45 65.6 2
38.45 65.55 2
38.45 65.5 2
38.45 65.45 2
38.45 65.4 2
38.45 65.35 2
38.45 65.3 2
38.45 65.25 2
38.45 65.2 2
38.45 65.15 2
38.45 65.1 2
38.45 65.05 2
38.45 65 2
38.45 64.95 2
38.45 64.9 2
38.45 64.85 2
38.45 64.8 2
38.45 64.75 2
38.45 64.7 2
38.45 64.65 2
38.45 64.6 2
38.45 64.55 2
38.45 64.5 2
38.45 64.45 2
38.45 64.4 2
38.45 64.35 2
38.45 64.3 2
38.45 64.25 2
38.45 64.2 2
38.45 64.15 2
38.45 64.1 2
38.45 64.05 2
38.45 64 2
PATH 83 74
45.2 61 0
45.15 61 0
45.1 61 0
45.05 61 0
45 61 0
44.95 61 0
44.9 61.05 0
44.85 61.1 0
44.8 61.15 0
44.75 61.15 0
44.7 61.15 0
44.65 61.15 0
44.6 61.15 0
44.55 61.2 0
44.5 61.25 0
44.45 61.3 0
44.4 61.35 0
44.35 61.4 0
44.3 61.4 0
44.25 61.4 0
44.2 61.45 0
44.15 61.5 0
44.1 61.55 0
44.05 61.6 0
44 61.65 0
43.95 61.7 0
43.9 61.75 0
43.85 61.8 0
43.8 61.85 0
43.75 61.9 0
43.7 61.95 0
43.65 62 0
43.6 62.05 0
43.55 62.1 0
43.5 62.15 0
43.45 62.2 0
43.4 62.25 0
43.35 62.3 0
43.3 62.35 0
43.25 62.4 0
43.2 62.45 0
43.15 62.5 0
43.1 62.55 0
43.05 62.6 0
43 62.65 0
42.95 62.7 0
42.9 62.75 0
42.85 62.75 0
42.8 62.8 0
42.75 62.85 0
42.7 62.9 0
42.65 62.95 0
42.6 63 0
42.55 63.05 0
42.5 63.05 0
42.45 63.1 0
42.4 63.15 0
42.35 63.2 0
42.3 63.25 0
42.25 63.3 0
42.2 63.35 0
42.15 63.4 0
42.1 63.45 0
42.05 63.5 0
42 63.55 0
41.95 63.6 0
41.9 63.65 0
41.85 63.7 0
41.8 63.75 0
41.75 63.8 0
41.7 63.85 0
41.65 63.9 0
41.6 63.95 0
41.55 64 0
PATH 83 111
47.2 69 0
47.15 68.95 0
47.1 68.9 0
47.05 68.85 0
47 68.8 0
46.95 68.75 0
46.9 68.7 0
46.85 68.65 0
46.8 68.6 0
46.75 68.55 0
46.7 68.5 0
46.65 68.45 0
46.6 68.4 0
46.55 68.35 0
46.5 68.3 0
46.45 68.25 0
46.4 68.2 0
46.35 68.15 0
46.3 68.1 0
46.25 68.05 0
46.2 68 0
46.15 67.95 0
46.1 67.9 0
46.05 67.85 0
46 67.8 0
45.95 67.75 0
45.9 67.7 0
45.85 67.65 0
45.8 67.6 0
45.75 67.55 0
45.7 67.5 0
45.65 67.45 0
45.6 67.4 0
45.55 67.35 0
45.5 67.3 0
45.45 67.25 0
45.4 67.2 0
45.35 67.15 0
45.3 67.1 0
45.25 67.05 0
45.2 67.05 0
45.15 67 0
45.1 66.95 0
45.05 66.9 0
45 66.85 0
44.95 66.8 0
44.9 66.75 0
44.85 66.7 0
44.8 66.65 0
44.75 66.6 0
44.7 66.55 0
44.65 66.5 0
44.6 66.45 0
44.55 66.4 0
44.5 66.35 0
44.45 66.3 0
44.4 66.25 0
44.35 66.2 0
44.3 66.15 0
44.25 66.1 0
44.2 66.05 0
44.15 66 0
44.1 65.95 0
44.05 65.9 0
44 65.85 0
43.95 65.8 0
43.9 65.75 0
43.85 65.7 0
43.8 65.7 0
43.75 65.7 0
43.7 65.7 0
43.65 65.7 0
43.6 65.7 0
43.55 65.7 0
43.5 65.65 0
43.45 65.6 0
43.4 65.55 0
43.35 65.5 0
43.3 65.45 0
43.25 65.4 0
43.2 65.35 0
43.15 65.3 0
43.1 65.25 0
43.05 65.2 0
43 65.15 0
42.95 65.1 0
42.9 65.05 0
42.85 65 0
42.8 64.95 0
42.75 64.9 0
42.7 64.85 0
42.65 64.8 0
42.6 64.75 0
42.55 64.7 0
42.5 64.65 0
42.45 64.6 0
42.4 64.55 0
42.35 64.5 0
42.3 64.45 0
42.25 64.4 0
42.2 64.35 0
42.15 64.3 0
42.1 64.25 0
42.05 64.2 0
42 64.15 0
41.95 64.1 0
41.9 64.05 0
41.85 64 0
41.8 63.95 0
41.75 63.9 0
41.7 63.85 0
PATH 85 97
61.25 7.5 0
61.25 7.45 0
61.25 7.4 0
61.25 7.35 0
61.25 7.3 0
61.25 7.25 0
61.25 7.2 0
61.25 7.15 0
61.25 7.1 0
61.25 7.05 0
61.25 7 0
61.25 6.95 0
61.25 6.9 0
61.25 6.85 0
61.25 6.8 0
61.25 6.75 0
61.25 6.7 0
61.25 6.65 0
61.25 6.6 0
61.25 6.55 0
61.25 6.5 0
61.25 6.45 0
61.25 6.4 0
61.25 6.35 0
61.2 6.35 0
61.15 6.35 0
61.1 6.35 0
61.05 6.35 0
61 6.35 0
60.95 6.35 0
60.9 6.35 0
60.85 6.35 0
60.8 6.35 0
60.75 6.35 0
60.7 6.35 0
60.65 6.35 0
60.6 6.35 0
60.55 6.35 0
60.5 6.35 0
60.45 6.35 0
60.4 6.35 0
60.35 6.35 0
60.3 6.35 0
60.25 6.35 0
60.2 6.35 0
60.15 6.35 0
60.1 6.35 0
60.05 6.35 0
60 6.35 0
59.95 6.35 0
59.9 6.35 0
59.85 6.35 0
59.8 6.35 0
59.75 6.35 0
59.7 6.35 0
59.65 6.35 0
59.6 6.35 0
59.55 6.35 0
59.5 6.35 0
59.45 6.35 0
59.4 6.35 0
59.35 6.35 0
59.3 6.35 0
59.25 6.35 0
59.2 6.35 0
59.15 6.35 0
59.1 6.35 0
59.05 6.35 0
59 6.35 0
58.95 6.35 0
58.9 6.35 0
58.85 6.35 0
58.8 6.35 0
58.75 6.35 0
58.75 6.4 0
58.75 6.45 0
58.75 6.5 0
58.75 6.55 0
58.75 6.6 0
58.75 6.65 0
58.75 6.7 0
58.75 6.75 0
58.75 6.8 0
58.75 6.85 0
58.75 6.9 0
58.75 6.95 0
58.75 7 0
58.75 7.05 0
58.75 7.1 0
58.75 7.15 0
58.75 7.2 0
58.75 7.25 0
58.75 7.3 0
58.75 7.35 0
58.75 7.4 0
58.75 7.45 0
58.75 7.5 0
PATH 85 275
54.5 18.45 0
54.55 18.4 0
54.6 18.35 0
54.65 18.3 0
54.7 18.25 0
54.75 18.2 0
54.8 18.15 0
54.85 18.1 0
54.9 18.05 0
54.9 18 0
54.9 17.95 0
54.9 17.9 0
54.9 17.85 0
54.95 17.8 0
55 17.75 0
55.05 17.7 0
55.1 17.65 0
55.15 17.6 0
55.2 17.55 0
55.25 17.5 0
55.3 17.45 0
55.3 17.4 0
55.3 17.35 0
55.35 17.3 0
55.4 17.25 0
55.45 17.2 0
55.5 17.15 0
55.55 17.1 0
55.6 17.05 0
55.65 17 0
55.7 16.95 0
55.75 16.9 0
55.8 16.85 0
55.85 16.8 0
55.9 16.75 0
55.95 16.7 0
56 16.65 0
56.05 16.6 0
56.1 16.55 0
56.15 16.5 0
56.2 16.45 0
56.2 16.4 0
56.2 16.35 0
56.2 16.3 0
56.25 16.25 0
56.3 16.2 0
56.35 16.15 0
56.4 16.1 0
56.45 16.05 0
56.5 16 0
56.55 15.95 0
56.6 15.9 0
56.6 15.85 0
56.6 15.8 0
56.65 15.75 0
56.65 15.7 0
56.65 15.65 0
56.65 15.6 0
56.65 15.55 0
56.65 15.5 0
56.65 15.45 0
56.65 15.4 0
56.65 15.35 0
56.65 15.3 0
56.65 15.25 0
56.65 15.2 0
56.65 15.15 0
56.65 15.1 0
56.7 15.05 0
56.7 15 0
56.7 14.95 0
56.75 14.9 0
56.8 14.85 0
56.8 14.8 0
56.8 14.75 0
56.8 14.7 0
56.8 14.65 0
56.8 14.6 0
56.85 14.55 0
56.9 14.5 0
56.95 14.45 0
57 14.4 0
57.05 14.35 0
57.1 14.3 0
57.15 14.25 0
57.2 14.2 0
57.25 14.15 0
57.3 14.1 0
57.35 14.05 0
57.4 14 0
57.45 13.95 0
57.5 13.9 0
57.55 13.85 0
57.6 13.8 0
57.65 13.75 0
57.7 13.7 0
57.75 13.65 0
57.8 13.6 0
57.85 13.55 0
57.9 13.5 0
57.95 13.45 0
58 13.4 0
58.05 13.35 0
58.1 13.3 0
58.15 13.25 0
58.2 13.2 0
58.25 13.15 0
58.3 13.1 0
58.35 13.05 0
58.4 13 0
58.45 12.95 0
58.5 12.9 0
58.55 12.85 0
58.6 12.8 0
58.65 12.75 0
58.7 12.7 0
58.75 12.65 0
58.8 12.6 0
58.85 12.55 0
58.9 12.5 0
58.95 12.45 0
59 12.4 0
59.05 12.35 0
59.1 12.3 0
59.15 12.25 0
59.2 12.2 0
59.25 12.15 0
59.3 12.1 0
59.35 12.05 0
59.4 12 0
59.45 11.95 0
59.5 11.9 0
59.55 11.85 0
59.6 11.8 0
59.65 11.75 0
59.7 11.7 0
59.75 11.7 0
59.8 11.7 0
59.85 11.7 0
59.9 11.7 0
59.95 11.7 0
60 11.7 0
60 11.7 1
60 11.65 1
60 11.6 1
60 11.55 1
60 11.5 1
60 11.45 1
60 11.4 1
60 11.35 1
60 11.3 1
60 11.25 1
60 11.2 1
60 11.15 1
60 11.1 1
60 11.05 1
60 11 1
60 10.95 1
60 10.9 1
60 10.85 1
60 10.8 1
60 10.75 1
60 10.7 1
60 10.65 1
60 10.6 1
60 10.55 1
60 10.5 1
60 10.45 1
60 10.4 1
60 10.35 1
60 10.3 1
60 10.25 1
60 10.2 1
60 10.15 1
60 10.1 1
60 10.05 1
60 10 1
60 9.95 1
60 9.9 1
60 9.85 1
60 9.8 1
60 9.75 1
60 9.7 1
60 9.65 1
60 9.6 1
60 9.55 1
60 9.5 1
60 9.45 1
60 9.4 1
60 9.35 1
60 9.3 1
60 9.25 1
60 9.2 1
60 9.15 1
60 9.1 1
60 9.05 1
60 9 1
60 8.95 1
60 8.9 1
60 8.85 1
60 8.8 1
60 8.75 1
60 8.7 1
60 8.65 1
60 8.6 1
60 8.55 1
60 8.5 1
60 8.45 1
60 8.4 1
60 8.35 1
60 8.3 1
60 8.25 1
60 8.2 1
60 8.15 1
60 8.1 1
60 8.05 1
60 8 1
60 7.95 1
60 7.9 1
60 7.85 1
60 7.8 1
60 7.75 1
60 7.7 1
60 7.65 1
60 7.6 1
60 7.55 1
60 7.5 1
60 7.45 1
60 7.4 1
60 7.35 1
60 7.3 1
60 7.25 1
60 7.2 1
60 7.15 1
60 7.1 1
60 7.05 1
60 7 1
60 6.95 1
60 6.9 1
60 6.85 1
60 6.8 1
60 6.75 1
60 6.7 1
60 6.65 1
60 6.6 1
60 6.55 1
60 6.5 1
60 6.45 1
60 6.4 1
60 6.35 1
60 6.3 1
60 6.25 1
60 6.2 1
60 6.15 1
60 6.1 1
60 6.05 1
60 6 1
60 5.95 1
60 5.9 1
60 5.85 1
60 5.8 1
60 5.75 1
60 5.75 0
60 5.8 0
60 5.85 0
60 5.9 0
60 5.95 0
60 6 0
60 6.05 0
60 6.1 0
60 6.15 0
60 6.2 0
60 6.25 0
60 6.3 0
60 6.35 0
PATH 85 101
49.5 18.45 0
49.55 18.45 0
49.6 18.45 0
49.65 18.45 0
49.7 18.45 0
49.75 18.45 0
49.8 18.45 0
49.85 18.45 0
49.9 18.45 0
49.95 18.45 0
50 18.45 0
50.05 18.45 0
50.1 18.45 0
50.15 18.45 0
50.2 18.45 0
50.25 18.45 0
50.3 18.45 0
50.35 18.45 0
50.4 18.45 0
50.45 18.45 0
50.5 18.45 0
50.55 18.45 0
50.6 18.45 0
50.65 18.45 0
50.7 18.45 0
50.75 18.45 0
50.8 18.45 0
50.85 18.45 0
50.9 18.45 0
50.95 18.45 0
51 18.45 0
51.05 18.45 0
51.1 18.45 0
51.15 18.45 0
51.2 18.45 0
51.25 18.45 0
51.3 18.45 0
51.35 18.45 0
51.4 18.45 0
51.45 18.45 0
51.5 18.45 0
51.55 18.45 0
51.6 18.45 0
51.65 18.45 0
51.7 18.45 0
51.75 18.45 0
51.8 18.45 0
51.85 18.45 0
51.9 18.45 0
51.95 18.45 0
52 18.45 0
52.05 18.45 0
52.1 18.45 0
52.15 18.45 0
52.2 18.45 0
52.25 18.45 0
52.3 18.45 0
52.35 18.45 0
52.4 18.45 0
52.45 18.45 0
52.5 18.45 0
52.55 18.45 0
52.6 18.45 0
52.65 18.45 0
52.7 18.45 0
52.75 18.45 0
52.8 18.45 0
52.85 18.45 0
52.9 18.45 0
52.95 18.45 0
53 18.45 0
53.05 18.45 0
53.1 18.45 0
53.15 18.45 0
53.2 18.45 0
53.25 18.45 0
53.3 18.45 0
53.35 18.45 0
53.4 18.45 0
53.45 18.45 0
53.5 18.45 0
53.55 18.45 0
53.6 18.45 0
53.65 18.45 0
53.7 18.45 0
53.75 18.45 0
53.8 18.45 0
53.85 18.45 0
53.9 18.45 0
53.95 18.45 0
54 18.45 0
54.05 18.45 0
54.1 18.45 0
54.15 18.45 0
54.2 18.45 0
54.25 18.45 0
54.3 18.45 0
54.35 18.45 0
54.4 18.45 0
54.45 18.45 0
54.5 18.45 0
PATH 85 121
54.5 24.45 0
54.5 24.4 0
54.5 24.35 0
54.5 24.3 0
54.5 24.25 0
54.5 24.2 0
54.5 24.15 0
54.45 24.1 0
54.4 24.05 0
54.35 24 0
54.3 23.95 0
54.25 23.9 0
54.2 23.85 0
54.15 23.8 0
54.1 23.75 0
54.05 23.7 0
54 23.65 0
53.95 23.6 0
53.9 23.55 0
53.85 23.5 0
53.8 23.45 0
53.75 23.4 0
53.7 23.35 0
53.65 23.3 0
53.6 23.25 0
53.55 23.2 0
53.5 23.15 0
53.45 23.1 0
53.4 23.05 0
53.35 23 0
53.3 22.95 0
53.25 22.9 0
53.2 22.85 0
53.15 22.8 0
53.1 22.75 0
53.05 22.7 0
53 22.65 0
52.95 22.6 0
52.9 22.55 0
52.85 22.5 0
52.8 22.45 0
52.8 22.4 0
52.8 22.35 0
52.8 22.3 0
52.8 22.25 0
52.8 22.2 0
52.8 22.15 0
52.8 22.1 0
52.8 22.05 0
52.8 22 0
52.8 21.95 0
52.8 21.9 0
52.8 21.85 0
52.8 21.8 0
52.8 21.75 0
52.8 21.7 0
52.8 21.65 0
52.8 21.6 0
52.8 21.55 0
52.8 21.5 0
52.8 21.45 0
52.8 21.4 0
52.8 21.35 0
52.8 21.3 0
52.8 21.25 0
52.8 21.2 0
52.8 21.15 0
52.8 21.1 0
52.8 21.05 0
52.8 21 0
52.8 20.95 0
52.8 20.9 0
52.8 20.85 0
52.8 20.8 0
52.8 20.75 0
52.8 20.7 0
52.8 20.65 0
52.8 20.6 0
52.8 20.55 0
52.8 20.5 0
52.8 20.45 0
52.8 20.4 0
52.8 20.35 0
52.8 20.3 0
52.8 20.25 0
52.8 20.2 0
52.8 20.15 0
52.8 20.1 0
52.8 20.05 0
52.8 20 0
52.8 19.95 0
52.8 19.9 0
52.8 19.85 0
52.8 19.8 0
52.8 19.75 0
52.8 19.7 0
52.8 19.65 0
52.8 19.6 0
52.8 19.55 0
52.8 19.5 0
52.8 19.45 0
52.8 19.4 0
52.8 19.35 0
52.8 19.3 0
52.8 19.25 0
52.8 19.2 0
52.8 19.15 0
52.8 19.1 0
52.8 19.05 0
52.8 19 0
52.8 18.95 0
52.8 18.9 0
52.8 18.85 0
52.8 18.8 0
52.8 18.75 0
52.8 18.7 0
52.8 18.65 0
52.8 18.6 0
52.8 18.55 0
52.8 18.5 0
52.8 18.45 0
PATH 85 67
49.5 24.45 0
49.55 24.4 0
49.6 24.35 0
49.65 24.3 0
49.7 24.25 0
49.75 24.2 0
49.8 24.15 0
49.85 24.1 0
49.9 24.05 0
49.95 24 0
50 24 0
50.05 24 0
50.1 24 0
50.15 24 0
50.2 24 0
50.25 23.95 0
50.3 23.9 0
50.35 23.85 0
50.4 23.8 0
50.45 23.75 0
50.5 23.7 0
50.55 23.65 0
50.6 23.6 0
50.65 23.55 0
50.7 23.5 0
50.75 23.45 0
50.8 23.4 0
50.85 23.35 0
50.9 23.35 0
50.95 23.35 0
51 23.35 0
51.05 23.35 0
51.1 23.35 0
51.15 23.3 0
51.2 23.25 0
51.25 23.2 0
51.3 23.15 0
51.35 23.1 0
51.4 23.05 0
51.45 23 0
51.5 22.95 0
51.55 22.9 0
51.6 22.85 0
51.65 22.8 0
51.7 22.75 0
51.75 22.75 0
51.8 22.75 0
51.85 22.75 0
51.9 22.75 0
51.95 22.75 0
52 22.75 0
52.05 22.75 0
52.1 22.75 0
52.15 22.75 0
52.2 22.75 0
52.25 22.75 0
52.3 22.75 0
52.35 22.75 0
52.4 22.75 0
52.45 22.7 0
52.5 22.65 0
52.55 22.6 0
52.6 22.55 0
52.65 22.5 0
52.7 22.45 0
52.75 22.45 0
52.8 22.45 0
PATH 87 11
60.25 7.5 0
60.2 7.5 0
60.15 7.5 0
60.1 7.5 0
60.05 7.5 0
60 7.5 0
59.95 7.5 0
59.9 7.5 0
59.85 7.5 0
59.8 7.5 0
59.75 7.5 0
PATH 87 454
67.5 18.45 0
67.5 18.4 0
67.5 18.35 0
67.5 18.3 0
67.5 18.25 0
67.5 18.2 0
67.5 18.15 0
67.5 18.1 0
67.5 18.05 0
67.5 18 0
67.5 17.95 0
67.5 17.9 0
67.5 17.85 0
67.5 17.8 0
67.5 17.75 0
67.5 17.7 0
67.5 17.65 0
67.5 17.6 0
67.5 17.55 0
67.5 17.5 0
67.5 17.45 0
67.5 17.4 0
67.5 17.35 0
67.5 17.3 0
67.5 17.25 0
67.5 17.2 0
67.5 17.15 0
67.5 17.1 0
67.5 17.05 0
67.5 17.05 1
67.5 17 1
67.5 16.95 1
67.5 16.9 1
67.5 16.85 1
67.5 16.8 1
67.5 16.75 1
67.5 16.7 1
67.5 16.65 1
67.5 16.6 1
67.5 16.55 1
67.5 16.5 1
67.5 16.45 1
67.5 16.4 1
67.5 16.35 1
67.5 16.3 1
67.5 16.25 1
67.5 16.2 1
67.5 16.15 1
67.5 16.1 1
67.5 16.05 1
67.5 16 1
67.5 15.95 1
67.5 15.9 1
67.5 15.85 1
67.5 15.8 1
67.5 15.75 1
67.5 15.7 1
67.5 15.65 1
67.5 15.6 1
67.5 15.55 1
67.5 15.5 1
67.5 15.45 1
67.5 15.4 1
67.5 15.35 1
67.5 15.3 1
67.5 15.25 1
67.5 15.2 1
67.5 15.15 1
67.5 15.1 1
67.5 15.05 1
67.5 15 1
67.5 14.95 1
67.5 14.9 1
67.5 14.85 1
67.5 14.8 1
67.5 14.75 1
67.5 14.7 1
67.5 14.65 1
67.5 14.6 1
67.5 14.55 1
67.5 14.5 1
67.5 14.45 1
67.5 14.4 1
67.5 14.35 1
67.5 14.3 1
67.5 14.25 1
67.5 14.2 1
67.5 14.15 1
67.5 14.1 1
67.5 14.05 1
67.5 14 1
67.5 13.95 1
67.5 13.9 1
67.5 13.85 1
67.5 13.8 1
67.55 13.75 1
67.6 13.7 1
67.65 13.65 1
67.7 13.6 1
67.75 13.55 1
67.8 13.5 1
67.85 13.45 1
67.9 13.4 1
67.95 13.35 1
68 13.3 1
68.05 13.25 1
68.1 13.2 1
68.15 13.15 1
68.2 13.1 1
68.25 13.05 1
68.3 13 1
68.35 12.95 1
68.4 12.9 1
68.45 12.85 1
68.5 12.8 1
68.55 12.75 1
68.6 12.7 1
68.65 12.65 1
68.7 12.6 1
68.75 12.55 1
68.8 12.5 1
68.85 12.45 1
68.9 12.4 1
68.95 12.35 1
69 12.3 1
69.05 12.25 1
69.1 12.2 1
69.15 12.15 1
69.2 12.1 1
69.25 12.05 1
69.3 12 1
69.35 11.95 1
69.4 11.9 1
69.45 11.85 1
69.5 11.8 1
69.55 11.75 1
69.6 11.7 1
69.65 11.65 1
69.7 11.6 1
69.75 11.55 1
69.8 11.5 1
69.85 11.45 1
69.9 11.4 1
69.95 11.35 1
70 11.3 1
70.05 11.25 1
70.1 11.2 1
70.15 11.15 1
70.2 11.1 1
70.25 11.05 1
70.3 11 1
70.35 10.95 1
70.4 10.9 1
70.45 10.85 1
70.5 10.8 1
70.55 10.75 1
70.6 10.7 1
70.65 10.65 1
70.7 10.6 1
70.75 10.55 1
70.8 10.5 1
70.85 10.45 1
70.9 10.4 1
70.95 10.35 1
71 10.3 1
71.05 10.25 1
71.1 10.2 1
71.15 10.15 1
71.2 10.1 1
71.25 10.05 1
71.3 10 1
71.35 9.95 1
71.4 9.9 1
71.45 9.85 1
71.5 9.8 1
71.55 9.75 1
71.6 9.7 1
71.65 9.65 1
71.7 9.6 1
71.75 9.55 1
71.8 9.5 1
71.85 9.45 1
71.9 9.4 1
71.95 9.35 1
72 9.3 1
72.05 9.25 1
72.1 9.2 1
72.15 9.15 1
72.2 9.1 1
72.25 9.05 1
72.25 9.05 0
72.2 9.05 0
72.15 9.05 0
72.1 9.05 0
72.05 9.05 0
72 9.05 0
71.95 9.05 0
71.9 9.05 0
71.85 9.05 0
71.8 9.05 0
71.75 9.05 0
71.7 9.05 0
71.65 9.05 0
71.6 9.05 0
71.55 9.05 0
71.5 9.1 0
71.45 9.15 0
71.4 9.2 0
71.35 9.25 0
71.3 9.3 0
71.25 9.35 0
71.2 9.4 0
71.15 9.45 0
71.1 9.45 0
71.05 9.5 0
71 9.5 0
70.95 9.5 0
70.9 9.5 0
70.85 9.55 0
70.8 9.55 0
70.75 9.55 0
70.7 9.55 0
70.65 9.55 0
70.6 9.55 0
70.55 9.55 0
70.5 9.55 0
70.45 9.55 0
70.4 9.55 0
70.35 9.55 0
70.3 9.55 0
70.25 9.55 0
70.2 9.55 0
70.15 9.55 0
70.1 9.55 0
70.05 9.55 0
70 9.55 0
69.95 9.55 0
69.9 9.55 0
69.85 9.55 0
69.8 9.55 0
69.75 9.55 0
69.7 9.55 0
69.65 9.55 0
69.6 9.55 0
69.55 9.55 0
69.5 9.55 0
69.45 9.55 0
69.4 9.55 0
69.35 9.55 0
69.3 9.55 0
69.25 9.55 0
69.2 9.55 0
69.15 9.55 0
69.1 9.55 0
69.05 9.55 0
69 9.55 0
68.95 9.55 0
68.9 9.55 0
68.85 9.55 0
68.8 9.55 0
68.75 9.55 0
68.7 9.55 0
68.65 9.55 0
68.6 9.55 0
68.55 9.55 0
68.5 9.55 0
68.45 9.55 0
68.4 9.55 0
68.35 9.55 0
68.3 9.55 0
68.25 9.55 0
68.2 9.55 0
68.15 9.55 0
68.1 9.55 0
68.05 9.55 0
68 9.55 0
67.95 9.55 0
67.9 9.55 0
67.85 9.55 0
67.8 9.55 0
67.75 9.55 0
67.7 9.55 0
67.65 9.55 0
67.6 9.55 0
67.55 9.55 0
67.5 9.55 0
67.45 9.55 0
67.4 9.55 0
67.35 9.55 0
67.3 9.55 0
67.25 9.55 0
67.2 9.55 0
67.15 9.55 0
67.1 9.55 0
67.05 9.55 0
67 9.55 0
66.95 9.55 0
66.9 9.55 0
66.85 9.55 0
66.8 9.55 0
66.75 9.55 0
66.7 9.55 0
66.65 9.55 0
66.6 9.55 0
66.55 9.55 0
66.5 9.55 0
66.45 9.55 0
66.4 9.55 0
66.35 9.55 0
66.3 9.55 0
66.25 9.55 0
66.2 9.55 0
66.15 9.55 0
66.1 9.55 0
66.05 9.55 0
66 9.55 0
65.95 9.55 0
65.9 9.55 0
65.85 9.55 0
65.8 9.55 0
65.75 9.55 0
65.7 9.55 0
65.65 9.55 0
65.6 9.55 0
65.55 9.55 0
65.5 9.55 0
65.45 9.6 0
65.4 9.65 0
65.35 9.7 0
65.3 9.75 0
65.25 9.8 0
65.2 9.8 0
65.15 9.85 0
65.1 9.85 0
65.05 9.85 0
65 9.85 0
64.95 9.9 0
64.9 9.9 0
64.85 9.9 0
64.8 9.85 0
64.75 9.85 0
64.7 9.85 0
64.65 9.85 0
64.6 9.8 0
64.55 9.8 0
64.5 9.75 0
64.45 9.7 0
64.4 9.65 0
64.35 9.6 0
64.3 9.55 0
64.25 9.5 0
64.2 9.45 0
64.15 9.4 0
64.1 9.35 0
64.05 9.35 0
64 9.35 0
63.95 9.35 0
63.9 9.35 0
63.85 9.35 0
63.8 9.35 0
63.75 9.35 0
63.7 9.35 0
63.65 9.35 0
63.6 9.35 0
63.55 9.35 0
63.5 9.35 0
63.45 9.35 0
63.4 9.35 0
63.35 9.35 0
63.3 9.35 0
63.25 9.35 0
63.2 9.35 0
63.15 9.3 0
63.1 9.3 0
63.05 9.3 0
63 9.3 0
62.95 9.25 0
62.9 9.2 0
62.85 9.15 0
62.8 9.15 0
62.75 9.15 0
62.7 9.15 0
62.65 9.15 0
62.6 9.15 0
62.55 9.15 0
62.5 9.15 0
62.45 9.15 0
62.4 9.15 0
62.35 9.15 0
62.3 9.15 0
62.25 9.15 0
62.2 9.15 0
62.15 9.15 0
62.1 9.15 0
62.05 9.15 0
62 9.15 0
61.95 9.15 0
61.9 9.15 0
61.85 9.15 0
61.8 9.15 0
61.75 9.15 0
61.7 9.15 0
61.65 9.1 0
61.6 9.1 0
61.55 9.1 0
61.5 9.1 0
61.45 9.05 0
61.4 9 0
61.35 8.95 0
61.3 8.9 0
61.25 8.85 0
61.2 8.8 0
61.15 8.75 0
61.1 8.7 0
61.05 8.65 0
61 8.65 0
60.95 8.65 0
60.9 8.65 0
60.85 8.65 0
60.8 8.65 0
60.75 8.65 0
60.7 8.65 0
60.65 8.65 0
60.6 8.65 0
60.55 8.65 0
60.5 8.65 0
60.45 8.65 0
60.4 8.65 0
60.35 8.65 0
60.3 8.65 0
60.25 8.65 0
60.25 8.6 0
60.25 8.55 0
60.25 8.5 0
60.25 8.45 0
60.25 8.4 0
60.25 8.35 0
60.25 8.3 0
60.25 8.25 0
60.25 8.2 0
60.25 8.15 0
60.25 8.1 0
60.25 8.05 0
60.25 8 0
60.25 7.95 0
60.25 7.9 0
60.25 7.85 0
60.25 7.8 0
60.25 7.75 0
60.25 7.7 0
60.25 7.65 0
60.25 7.6 0
60.25 7.55 0
60.25 7.5 0
PATH 87 101
72.5 18.45 0
72.45 18.45 0
72.4 18.45 0
72.35 18.45 0
72.3 18.45 0
72.25 18.45 0
72.2 18.45 0
72.15 18.45 0
72.1 18.45 0
72.05 18.45 0
72 18.45 0
71.95 18.45 0
71.9 18.45 0
71.85 18.45 0
71.8 18.45 0
71.75 18.45 0
71.7 18.45 0
71.65 18.45 0
71.6 18.45 0
71.55 18.45 0
71.5 18.45 0
71.45 18.45 0
71.4 18.45 0
71.35 18.45 0
71.3 18.45 0
71.25 18.45 0
71.2 18.45 0
71.15 18.45 0
71.1 18.45 0
71.05 18.45 0
71 18.45 0
70.95 18.45 0
70.9 18.45 0
70.85 18.45 0
70.8 18.45 0
70.75 18.45 0
70.7 18.45 0
70.65 18.45 0
70.6 18.45 0
70.55 18.45 0
70.5 18.45 0
70.45 18.45 0
70.4 18.45 0
70.35 18.45 0
70.3 18.45 0
70.25 18.45 0
70.2 18.45 0
70.15 18.45 0
70.1 18.45 0
70.05 18.45 0
70 18.45 0
69.95 18.45 0
69.9 18.45 0
69.85 18.45 0
69.8 18.45 0
69.75 18.45 0
69.7 18.45 0
69.65 18.45 0
69.6 18.45 0
69.55 18.45 0
69.5 18.45 0
69.45 18.45 0
69.4 18.45 0
69.35 18.45 0
69.3 18.45 0
69.25 18.45 0
69.2 18.45 0
69.15 18.45 0
69.1 18.45 0
69.05 18.45 0
69 18.45 0
68.95 18.45 0
68.9 18.45 0
68.85 18.45 0
68.8 18.45 0
68.75 18.45 0
68.7 18.45 0
68.65 18.45 0
68.6 18.45 0
68.55 18.45 0
68.5 18.45 0
68.45 18.45 0
68.4 18.45 0
68.35 18.45 0
68.3 18.45 0
68.25 18.45 0
68.2 18.45 0
68.15 18.45 0
68.1 18.45 0
68.05 18.45 0
68 18.45 0
67.95 18.45 0
67.9 18.45 0
67.85 18.45 0
67.8 18.45 0
67.75 18.45 0
67.7 18.45 0
67.65 18.45 0
67.6 18.45 0
67.55 18.45 0
67.5 18.45 0
PATH 87 121
72.5 24.45 0
72.5 24.4 0
72.5 24.35 0
72.5 24.3 0
72.5 24.25 0
72.5 24.2 0
72.5 24.15 0
72.45 24.1 0
72.4 24.05 0
72.35 24 0
72.3 23.95 0
72.25 23.9 0
72.2 23.85 0
72.15 23.8 0
72.1 23.75 0
72.05 23.7 0
72 23.65 0
71.95 23.6 0
71.9 23.55 0
71.85 23.5 0
71.8 23.45 0
71.75 23.4 0
71.7 23.35 0
71.65 23.3 0
71.6 23.25 0
71.55 23.2 0
71.5 23.15 0
71.45 23.1 0
71.4 23.05 0
71.35 23 0
71.3 22.95 0
71.25 22.9 0
71.2 22.85 0
71.15 22.8 0
71.1 22.75 0
71.05 22.7 0
71 22.65 0
70.95 22.6 0
70.9 22.55 0
70.85 22.5 0
70.8 22.45 0
70.8 22.4 0
70.8 22.35 0
70.8 22.3 0
70.8 22.25 0
70.8 22.2 0
70.8 22.15 0
70.8 22.1 0
70.8 22.05 0
70.8 22 0
70.8 21.95 0
70.8 21.9 0
70.8 21.85 0
70.8 21.8 0
70.8 21.75 0
70.8 21.7 0
70.8 21.65 0
70.8 21.6 0
70.8 21.55 0
70.8 21.5 0
70.8 21.45 0
70.8 21.4 0
70.8 21.35 0
70.8 21.3 0
70.8 21.25 0
70.8 21.2 0
70.8 21.15 0
70.8 21.1 0
70.8 21.05 0
70.8 21 0
70.8 20.95 0
70.8 20.9 0
70.8 20.85 0
70.8 20.8 0
70.8 20.75 0
70.8 20.7 0
70.8 20.65 0
70.8 20.6 0
70.8 20.55 0
70.8 20.5 0
70.8 20.45 0
70.8 20.4 0
70.8 20.35 0
70.8 20.3 0
70.8 20.25 0
70.8 20.2 0
70.8 20.15 0
70.8 20.1 0
70.8 20.05 0
70.8 20 0
70.8 19.95 0
70.8 19.9 0
70.8 19.85 0
70.8 19.8 0
70.8 19.75 0
70.8 19.7 0
70.8 19.65 0
70.8 19.6 0
70.8 19.55 0
70.8 19.5 0
70.8 19.45 0
70.8 19.4 0
70.8 19.35 0
70.8 19.3 0
70.8 19.25 0
70.8 19.2 0
70.8 19.15 0
70.8 19.1 0
70.8 19.05 0
70.8 19 0
70.8 18.95 0
70.8 18.9 0
70.8 18.85 0
70.8 18.8 0
70.8 18.75 0
70.8 18.7 0
70.8 18.65 0
70.8 18.6 0
70.8 18.55 0
70.8 18.5 0
70.8 18.45 0
PATH 87 67
67.5 24.45 0
67.55 24.4 0
67.6 24.35 0
67.65 24.35 0
67.7 24.3 0
67.75 24.25 0
67.8 24.2 0
67.85 24.2 0
67.9 24.15 0
67.95 24.1 0
68 24.05 0
68.05 24 0
68.1 23.95 0
68.15 23.9 0
68.2 23.85 0
68.25 23.85 0
68.3 23.8 0
68.35 23.75 0
68.4 23.7 0
68.45 23.65 0
68.5 23.6 0
68.55 23.55 0
68.6 23.5 0
68.65 23.45 0
68.7 23.4 0
68.75 23.35 0
68.8 23.3 0
68.85 23.25 0
68.9 23.2 0
68.95 23.15 0
69 23.1 0
69.05 23.05 0
69.1 23 0
69.15 22.95 0
69.2 22.9 0
69.25 22.85 0
69.3 22.8 0
69.35 22.75 0
69.4 22.7 0
69.45 22.65 0
69.5 22.6 0
69.55 22.55 0
69.6 22.5 0
69.65 22.45 0
69.7 22.45 0
69.75 22.45 0
69.8 22.45 0
69.85 22.45 0
69.9 22.45 0
69.95 22.45 0
70 22.45 0
70.05 22.45 0
70.1 22.45 0
70.15 22.45 0
70.2 22.45 0
70.25 22.45 0
70.3 22.45 0
70.35 22.45 0
70.4 22.45 0
70.45 22.45 0
70.5 22.45 0
70.55 22.45 0
70.6 22.45 0
70.65 22.45 0
70.7 22.45 0
70.75 22.45 0
70.8 22.45 0
PATH 79 415
27.6 44 0
27.55 44 0
27.5 44 0
27.45 44 0
27.4 44 0
27.35 44 0
27.3 44 0
27.25 44 0
27.2 44 0
27.15 44 0
27.1 44 0
27.1 44 1
27.05 44 1
27 44 1
26.95 44 1
26.9 44 1
26.85 44 1
26.8 44 1
26.75 44 1
26.7 44 1
26.65 44 1
26.6 44 1
26.55 44 1
26.5 44 1
26.45 44 1
26.4 44 1
26.35 44 1
26.3 44 1
26.25 44 1
26.2 44 1
26.15 44 1
26.1 44 1
26.05 44 1
26 44 1
25.95 44 1
25.9 44 1
25.85 44 1
25.8 44 1
25.75 44 1
25.7 44 1
25.65 44 1
25.6 44 1
25.55 44 1
25.5 44 1
25.45 44 1
25.4 44 1
25.35 44 1
25.3 44 1
25.25 44 1
25.2 44 1
25.15 44 1
25.1 44 1
25.05 44 1
25 44 1
24.95 44 1
24.9 44 1
24.85 44 1
24.8 44 1
24.75 44 1
24.7 44 1
24.65 44 1
24.6 44 1
24.55 44 1
24.5 44 1
24.45 44 1
24.4 44 1
24.35 44 1
24.3 44 1
24.25 44 1
24.2 44 1
24.15 44 1
24.1 44 1
24.05 44 1
24 44 1
23.95 44 1
23.9 44 1
23.85 44 1
23.8 44 1
23.75 44 1
23.7 44 1
23.65 44 1
23.6 44 1
23.55 44 1
23.5 44 1
23.45 44 1
23.4 44 1
23.35 44 1
23.3 44 1
23.25 44 1
23.2 44 1
23.15 44 1
23.1 44 1
23.05 44 1
23 44 1
22.95 44 1
22.9 44 1
22.85 44 1
22.8 44 1
22.75 44 1
22.7 44 1
22.65 44 1
22.6 44 1
22.55 44 1
22.5 44 1
22.45 44 1
22.4 44 1
22.35 44 1
22.3 44 1
22.25 44 1
22.2 44 1
22.15 44 1
22.1 44 1
22.05 44 1
22 44 1
21.95 44 1
21.9 44 1
21.85 44 1
21.8 44 1
21.75 44 1
21.7 44 1
21.65 44 1
21.6 44 1
21.55 44 1
21.5 44 1
21.45 44 1
21.4 44 1
21.35 44 1
21.3 44 1
21.25 44 1
21.2 44 1
21.15 44 1
21.1 44 1
21.05 44 1
21.05 44 0
21 44 0
20.95 44 0
20.9 44 0
20.85 44 0
20.8 44 0
20.75 44 0
20.7 44 0
20.65 44 0
20.6 44.05 0
20.55 44.05 0
20.5 44.05 0
20.45 44.05 0
20.4 44.05 0
20.35 44.05 0
20.3 44.05 0
20.25 44.05 0
20.2 44.05 0
20.15 44.05 0
20.1 44.05 0
20.05 44.05 0
20 44.1 0
19.95 44.1 0
19.9 44.1 0
19.85 44.1 0
19.8 44.1 0
19.75 44.1 0
19.7 44.1 0
19.65 44.1 0
19.6 44.1 0
19.55 44.1 0
19.5 44.1 0
19.45 44.1 0
19.4 44.1 0
19.35 44.1 0
19.3 44.1 0
19.25 44.1 0
19.2 44.1 0
19.15 44.1 0
19.1 44.1 0
19.05 44.1 0
19 44.1 0
18.95 44.1 0
18.9 44.1 0
18.85 44.1 0
18.8 44.1 0
18.75 44.1 0
18.7 44.1 0
18.65 44.1 0
18.6 44.1 0
18.55 44.1 0
18.5 44.1 0
18.45 44.1 0
18.4 44.1 0
18.35 44.1 0
18.3 44.1 0
18.25 44.1 0
18.2 44.15 0
18.15 44.2 0
18.1 44.25 0
18.05 44.3 0
18 44.35 0
17.95 44.4 0
17.9 44.45 0
17.85 44.5 0
17.8 44.55 0
17.75 44.6 0
17.7 44.65 0
17.65 44.7 0
17.6 44.7 0
17.55 44.7 0
17.5 44.7 0
17.45 44.7 0
17.4 44.7 0
17.35 44.7 0
17.3 44.7 0
17.25 44.7 0
17.2 44.7 0
17.15 44.7 0
17.1 44.7 0
17.05 44.7 0
17 44.7 0
16.95 44.7 0
16.9 44.7 0
16.85 44.7 0
16.8 44.7 0
16.75 44.7 0
16.7 44.7 0
16.65 44.7 0
16.6 44.7 0
16.55 44.7 0
16.5 44.7 0
16.45 44.7 0
16.4 44.7 0
16.35 44.7 0
16.3 44.7 0
16.25 44.7 0
16.2 44.7 0
16.15 44.7 0
16.1 44.7 0
16.05 44.7 0
16 44.7 0
15.95 44.7 0
15.9 44.7 0
15.85 44.7 0
15.8 44.7 0
15.75 44.7 0
15.7 44.7 0
15.65 44.7 0
15.6 44.7 0
15.55 44.7 0
15.5 44.7 0
15.45 44.7 0
15.4 44.7 0
15.35 44.7 0
15.3 44.7 0
15.25 44.7 0
15.2 44.7 0
15.15 44.7 0
15.1 44.7 0
15.05 44.7 0
15 44.7 0
14.95 44.7 0
14.9 44.7 0
14.85 44.7 0
14.8 44.7 0
14.75 44.7 0
14.7 44.7 0
14.65 44.7 0
14.6 44.7 0
14.55 44.7 0
14.5 44.7 0
14.45 44.7 0
14.4 44.7 0
14.35 44.7 0
14.3 44.7 0
14.25 44.7 0
14.2 44.7 0
14.15 44.7 0
14.1 44.7 0
14.05 44.7 0
14 44.7 0
13.95 44.7 0
13.9 44.7 0
13.85 44.7 0
13.8 44.7 0
13.75 44.7 0
13.7 44.7 0
13.65 44.7 0
13.6 44.7 0
13.55 44.7 0
13.5 44.7 0
13.45 44.7 0
13.4 44.7 0
13.35 44.7 0
13.3 44.7 0
13.25 44.7 0
13.2 44.7 0
13.15 44.7 0
13.1 44.7 0
13.05 44.7 0
13 44.7 0
12.95 44.7 0
12.9 44.7 0
12.85 44.7 0
12.8 44.7 0
12.75 44.7 0
12.7 44.7 0
12.65 44.7 0
12.6 44.7 0
12.55 44.7 0
12.5 44.7 0
12.45 44.7 0
12.4 44.7 0
12.35 44.7 0
12.3 44.7 0
12.25 44.7 0
12.2 44.7 0
12.15 44.7 0
12.1 44.7 0
12.05 44.7 0
12 44.7 0
11.95 44.7 0
11.9 44.7 0
11.85 44.7 0
11.8 44.7 0
11.75 44.7 0
11.7 44.7 0
11.65 44.7 0
11.6 44.7 0
11.55 44.7 0
11.5 44.7 0
11.45 44.7 0
11.4 44.7 0
11.35 44.7 0
11.3 44.7 0
11.25 44.7 0
11.2 44.7 0
11.15 44.7 0
11.1 44.7 0
11.05 44.7 0
11 44.7 0
10.95 44.7 0
10.9 44.7 0
10.85 44.7 0
10.8 44.7 0
10.75 44.7 0
10.7 44.7 0
10.65 44.7 0
10.6 44.7 0
10.55 44.7 0
10.5 44.7 0
10.45 44.7 0
10.4 44.7 0
10.35 44.7 0
10.3 44.7 0
10.25 44.7 0
10.2 44.7 0
10.15 44.7 0
10.1 44.7 0
10.05 44.7 0
10 44.7 0
9.95 44.7 0
9.9 44.7 0
9.85 44.7 0
9.8 44.7 0
9.75 44.7 0
9.7 44.7 0
9.65 44.7 0
9.6 44.7 0
9.55 44.7 0
9.5 44.7 0
9.45 44.7 0
9.4 44.7 0
9.35 44.7 0
9.3 44.7 0
9.25 44.7 0
9.2 44.7 0
9.15 44.7 0
9.1 44.7 0
9.05 44.7 0
9 44.7 0
8.95 44.7 0
8.9 44.7 0
8.85 44.7 0
8.8 44.7 0
8.75 44.7 0
8.7 44.7 0
8.65 44.7 0
8.6 44.7 0
8.55 44.7 0
8.5 44.7 0
8.45 44.7 0
8.4 44.7 0
8.35 44.7 0
8.3 44.7 0
8.25 44.7 0
8.2 44.7 0
8.15 44.7 0
8.1 44.7 0
8.05 44.7 0
8 44.7 0
7.95 44.7 0
7.9 44.7 0
7.85 44.7 0
7.8 44.7 0
7.75 44.7 0
7.7 44.7 0
7.65 44.7 0
7.6 44.7 0
7.55 44.7 0
7.5 44.7 0
7.45 44.7 0
7.4 44.7 0
7.35 44.7 0
7.3 44.7 0
7.25 44.75 0
7.2 44.8 0
7.15 44.85 0
7.1 44.9 0
7.05 44.95 0
7 45 0
PATH 79 102
28.55 49 0
28.5 48.95 0
28.45 48.9 0
28.4 48.85 0
28.4 48.8 0
28.35 48.75 0
28.35 48.7 0
28.35 48.65 0
28.35 48.6 0
28.35 48.55 0
28.35 48.5 0
28.35 48.45 0
28.35 48.4 0
28.35 48.35 0
28.35 48.3 0
28.35 48.25 0
28.35 48.2 0
28.35 48.15 0
28.35 48.1 0
28.3 48.05 0
28.3 48 0
28.3 47.95 0
28.3 47.9 0
28.3 47.85 0
28.3 47.8 0
28.3 47.75 0
28.3 47.7 0
28.3 47.65 0
28.25 47.6 0
28.25 47.55 0
28.25 47.5 0
28.25 47.45 0
28.25 47.4 0
28.25 47.35 0
28.25 47.3 0
28.25 47.25 0
28.25 47.2 0
28.25 47.15 0
28.2 47.1 0
28.15 47.05 0
28.15 47 0
28.1 46.95 0
28.1 46.9 0
28.1 46.85 0
28.1 46.8 0
28.1 46.75 0
28.1 46.7 0
28.1 46.65 0
28.1 46.6 0
28.1 46.55 0
28.1 46.5 0
28.1 46.45 0
28.1 46.4 0
28.1 46.35 0
28.1 46.3 0
28.1 46.25 0
28.1 46.2 0
28.1 46.15 0
28.1 46.1 0
28.1 46.05 0
28.1 46 0
28.1 46 1
28.1 45.95 1
28.1 45.9 1
28.1 45.85 1
28.1 45.8 1
28.1 45.75 1
28.1 45.7 1
28.05 45.65 1
28 45.6 1
27.95 45.55 1
27.95 45.5 1
27.95 45.45 1
27.95 45.4 1
27.9 45.35 1
27.9 45.3 1
27.9 45.25 1
27.9 45.2 1
27.9 45.15 1
27.9 45.1 1
27.85 45.05 1
27.85 45 1
27.85 44.95 1
27.8 44.9 1
27.75 44.85 1
27.7 44.8 1
27.7 44.75 1
27.65 44.7 1
27.6 44.65 1
27.55 44.6 1
27.55 44.55 1
27.55 44.5 1
27.5 44.45 1
27.45 44.4 1
27.45 44.35 1
27.4 44.3 1
27.35 44.25 1
27.3 44.2 1
27.25 44.15 1
27.2 44.1 1
27.15 44.05 1
27.1 44 1
PATH 79 189
19.05 57.95 0
19.1 57.9 0
19.15 57.85 0
19.2 57.8 0
19.25 57.8 0
19.3 57.75 0
19.3 57.75 2
19.35 57.7 2
19.4 57.65 2
19.45 57.6 2
19.5 57.55 2
19.55 57.5 2
19.6 57.45 2
19.65 57.4 2
19.7 57.35 2
19.75 57.3 2
19.8 57.25 2
19.85 57.2 2
19.9 57.15 2
19.95 57.1 2
20 57.05 2
20.05 57 2
20.1 56.95 2
20.15 56.9 2
20.2 56.85 2
20.25 56.8 2
20.3 56.75 2
20.35 56.7 2
20.4 56.65 2
20.45 56.6 2
20.5 56.55 2
20.55 56.5 2
20.6 56.45 2
20.65 56.4 2
20.7 56.35 2
20.75 56.3 2
20.8 56.25 2
20.85 56.2 2
20.9 56.15 2
20.95 56.1 2
21 56.05 2
21.05 56 2
21.1 55.95 2
21.15 55.9 2
21.2 55.85 2
21.25 55.8 2
21.3 55.75 2
21.35 55.7 2
21.4 55.65 2
21.45 55.6 2
21.5 55.55 2
21.55 55.5 2
21.6 55.45 2
21.65 55.4 2
21.7 55.35 2
21.75 55.3 2
21.8 55.25 2
21.85 55.2 2
21.9 55.15 2
21.95 55.1 2
22 55.05 2
22.05 55 2
22.1 54.95 2
22.15 54.9 2
22.2 54.85 2
22.25 54.8 2
22.3 54.75 2
22.35 54.7 2
22.4 54.65 2
22.45 54.6 2
22.5 54.55 2
22.55 54.5 2
22.6 54.45 2
22.65 54.4 2
22.7 54.35 2
22.75 54.3 2
22.8 54.25 2
22.85 54.2 2
22.9 54.15 2
22.95 54.1 2
23 54.05 2
23.05 54 2
23.1 53.95 2
23.15 53.9 2
23.2 53.85 2
23.25 53.8 2
23.3 53.75 2
23.35 53.7 2
23.4 53.65 2
23.45 53.6 2
23.5 53.55 2
23.55 53.5 2
23.6 53.45 2
23.65 53.4 2
23.7 53.35 2
23.75 53.35 2
23.8 53.3 2
23.85 53.25 2
23.9 53.2 2
23.95 53.15 2
24 53.1 2
24.05 53.05 2
24.1 53 2
24.15 52.95 2
24.2 52.9 2
24.25 52.85 2
24.3 52.8 2
24.35 52.75 2
24.4 52.7 2
24.45 52.65 2
24.5 52.6 2
24.55 52.55 2
24.6 52.5 2
24.65 52.45 2
24.7 52.4 2
24.75 52.35 2
24.8 52.3 2
24.85 52.25 2
24.9 52.2 2
24.95 52.15 2
25 52.1 2
25.05 52.05 2
25.1 52 2
25.15 51.95 2
25.2 51.9 2
25.25 51.85 2
25.3 51.8 2
25.35 51.75 2
25.4 51.7 2
25.45 51.65 2
25.5 51.6 2
25.55 51.55 2
25.6 51.5 2
25.65 51.45 2
25.7 51.4 2
25.75 51.35 2
25.8 51.3 2
25.85 51.25 2
25.9 51.2 2
25.95 51.15 2
26 51.1 2
26.05 51.05 2
26.1 51 2
26.15 50.95 2
26.2 50.9 2
26.25 50.85 2
26.3 50.8 2
26.35 50.75 2
26.4 50.7 2
26.45 50.65 2
26.5 50.6 2
26.55 50.55 2
26.6 50.5 2
26.65 50.45 2
26.7 50.4 2
26.75 50.35 2
26.8 50.3 2
26.85 50.25 2
26.9 50.2 2
26.95 50.15 2
27 50.1 2
27.05 50.05 2
27.1 50 2
27.15 49.95 2
27.2 49.9 2
27.25 49.85 2
27.3 49.8 2
27.35 49.75 2
27.4 49.7 2
27.45 49.65 2
27.5 49.6 2
27.55 49.55 2
27.6 49.5 2
27.65 49.45 2
27.7 49.4 2
27.75 49.35 2
27.8 49.3 2
27.85 49.25 2
27.9 49.2 2
27.95 49.15 2
28 49.1 2
28.05 49.05 2
28.1 49 2
28.15 48.95 2
28.2 48.9 2
28.25 48.85 2
28.3 48.8 2
28.35 48.75 2
28.35 48.75 0
PATH 79 105
14.15 61 0
14.2 61 0
14.25 61 0
14.3 60.95 0
14.35 60.95 0
14.4 60.95 0
14.45 60.95 0
14.5 60.95 0
14.5 60.95 2
14.55 60.9 2
14.6 60.85 2
14.65 60.8 2
14.7 60.75 2
14.75 60.7 2
14.8 60.65 2
14.85 60.6 2
14.9 60.55 2
14.95 60.5 2
15 60.45 2
15.05 60.4 2
15.1 60.4 2
15.15 60.4 2
15.2 60.4 2
15.25 60.4 2
15.3 60.4 2
15.35 60.4 2
15.4 60.4 2
15.45 60.4 2
15.5 60.4 2
15.55 60.35 2
15.6 60.3 2
15.65 60.3 2
15.7 60.3 2
15.75 60.3 2
15.8 60.3 2
15.85 60.25 2
15.9 60.25 2
15.95 60.2 2
16 60.2 2
16.05 60.15 2
16.1 60.1 2
16.15 60.05 2
16.2 60.05 2
16.25 60.05 2
16.3 60 2
16.35 59.95 2
16.4 59.9 2
16.45 59.9 2
16.5 59.9 2
16.55 59.85 2
16.6 59.85 2
16.65 59.85 2
16.7 59.8 2
16.75 59.8 2
16.8 59.75 2
16.85 59.7 2
16.9 59.65 2
16.95 59.6 2
17 59.55 2
17.05 59.5 2
17.1 59.45 2
17.15 59.4 2
17.2 59.35 2
17.25 59.3 2
17.3 59.25 2
17.35 59.2 2
17.4 59.15 2
17.45 59.1 2
17.5 59.05 2
17.55 59 2
17.6 58.95 2
17.65 58.9 2
17.7 58.85 2
17.75 58.8 2
17.8 58.75 2
17.85 58.7 2
17.9 58.65 2
17.95 58.6 2
18 58.55 2
18.05 58.5 2
18.1 58.5 2
18.15 58.5 2
18.2 58.5 2
18.25 58.5 2
18.3 58.5 2
18.35 58.5 2
18.4 58.45 2
18.45 58.4 2
18.5 58.35 2
18.55 58.3 2
18.6 58.25 2
18.65 58.2 2
18.7 58.15 2
18.75 58.1 2
18.8 58.05 2
18.85 58 2
18.9 57.95 2
18.95 57.95 2
19 57.95 2
19.05 57.95 2
19.1 57.9 2
19.15 57.9 2
19.2 57.85 2
19.25 57.8 2
19.3 57.75 2
PATH 2 343
12.5 40 0
12.5 40.05 0
12.5 40.1 0
12.5 40.15 0
12.5 40.2 0
12.5 40.25 0
12.5 40.3 0
12.5 40.35 0
12.5 40.4 0
12.5 40.45 0
12.5 40.5 0
12.5 40.55 0
12.45 40.6 0
12.45 40.65 0
12.45 40.7 0
12.45 40.75 0
12.45 40.8 0
12.45 40.85 0
12.45 40.9 0
12.45 40.95 0
12.45 41 0
12.45 41.05 0
12.45 41.1 0
12.45 41.15 0
12.45 41.2 0
12.45 41.25 0
12.45 41.3 0
12.45 41.35 0
12.45 41.4 0
12.45 41.45 0
12.45 41.5 0
12.45 41.55 0
12.45 41.6 0
12.45 41.65 0
12.45 41.7 0
12.45 41.75 0
12.45 41.8 0
12.45 41.85 0
12.45 41.9 0
12.45 41.95 0
12.45 42 0
12.45 42.05 0
12.45 42.1 0
12.45 42.15 0
12.45 42.2 0
12.45 42.25 0
12.45 42.3 0
12.45 42.35 0
12.45 42.4 0
12.45 42.45 0
12.45 42.5 0
12.45 42.55 0
12.45 42.6 0
12.45 42.65 0
12.45 42.7 0
12.45 42.75 0
12.45 42.8 0
12.45 42.85 0
12.45 42.9 0
12.45 42.95 0
12.45 43 0
12.45 43.05 0
12.45 43.1 0
12.45 43.15 0
12.45 43.2 0
12.45 43.25 0
12.45 43.3 0
12.45 43.35 0
12.45 43.4 0
12.45 43.45 0
12.45 43.5 0
12.45 43.55 0
12.45 43.6 0
12.45 43.6 2
12.45 43.65 2
12.45 43.7 2
12.45 43.75 2
12.45 43.8 2
12.45 43.85 2
12.45 43.9 2
12.45 43.95 2
12.45 44 2
12.45 44.05 2
12.45 44.1 2
12.45 44.15 2
12.45 44.2 2
12.45 44.25 2
12.45 44.3 2
12.45 44.35 2
12.45 44.4 2
12.45 44.45 2
12.45 44.5 2
12.45 44.55 2
12.45 44.6 2
12.45 44.65 2
12.45 44.7 2
12.45 44.75 2
12.45 44.8 2
12.45 44.85 2
12.45 44.9 2
12.4 44.95 2
12.35 45 2
12.35 45.05 2
12.35 45.1 2
12.3 45.15 2
12.25 45.2 2
12.25 45.25 2
12.25 45.3 2
12.2 45.35 2
12.15 45.4 2
12.15 45.45 2
12.15 45.5 2
12.15 45.55 2
12.15 45.6 2
12.15 45.65 2
12.15 45.7 2
12.15 45.75 2
12.15 45.8 2
12.15 45.85 2
12.15 45.9 2
12.15 45.95 2
12.15 46 2
12.15 46.05 2
12.1 46.1 2
12.1 46.15 2
12.1 46.2 2
12.05 46.25 2
12 46.3 2
11.95 46.35 2
11.9 46.4 2
11.85 46.45 2
11.8 46.5 2
11.75 46.55 2
11.7 46.6 2
11.65 46.65 2
11.6 46.7 2
11.55 46.75 2
11.5 46.8 2
11.45 46.85 2
11.4 46.9 2
11.35 46.95 2
11.3 47 2
11.25 47.05 2
11.2 47.1 2
11.15 47.15 2
11.1 47.2 2
11.05 47.25 2
11 47.3 2
10.95 47.35 2
10.9 47.4 2
10.85 47.45 2
10.8 47.5 2
10.75 47.55 2
10.7 47.6 2
10.7 47.65 2
10.7 47.7 2
10.7 47.75 2
10.7 47.8 2
10.7 47.85 2
10.7 47.9 2
10.7 47.95 2
10.7 48 2
10.7 48.05 2
10.7 48.1 2
10.7 48.15 2
10.7 48.2 2
10.7 48.25 2
10.7 48.3 2
10.7 48.35 2
10.7 48.4 2
10.7 48.45 2
10.7 48.5 2
10.7 48.55 2
10.7 48.6 2
10.7 48.65 2
10.7 48.7 2
10.7 48.75 2
10.7 48.8 2
10.7 48.85 2
10.7 48.9 2
10.7 48.95 2
10.7 49 2
10.7 49.05 2
10.7 49.1 2
10.7 49.15 2
10.7 49.2 2
10.7 49.25 2
10.7 49.3 2
10.7 49.35 2
10.7 49.4 2
10.7 49.45 2
10.7 49.5 2
10.7 49.55 2
10.7 49.6 2
10.7 49.65 2
10.7 49.7 2
10.7 49.75 2
10.7 49.8 2
10.7 49.85 2
10.7 49.9 2
10.7 49.95 2
10.7 50 2
10.7 50.05 2
10.7 50.1 2
10.7 50.15 2
10.7 50.2 2
10.7 50.25 2
10.7 50.3 2
10.7 50.35 2
10.7 50.4 2
10.7 50.45 2
10.7 50.5 2
10.7 50.55 2
10.7 50.6 2
10.7 50.65 2
10.7 50.7 2
10.7 50.75 2
10.7 50.8 2
10.7 50.85 2
10.7 50.9 2
10.7 50.95 2
10.7 51 2
10.7 51.05 2
10.7 51.1 2
10.7 51.15 2
10.7 51.2 2
10.7 51.25 2
10.7 51.3 2
10.7 51.35 2
10.7 51.4 2
10.7 51.45 2
10.7 51.5 2
10.7 51.55 2
10.7 51.6 2
10.7 51.65 2
10.65 51.7 2
10.6 51.75 2
10.55 51.8 2
10.5 51.85 2
10.45 51.9 2
10.4 51.95 2
10.35 52 2
10.3 52.05 2
10.25 52.1 2
10.2 52.15 2
10.15 52.2 2
10.1 52.25 2
10.05 52.3 2
10 52.35 2
9.95 52.4 2
9.9 52.45 2
9.85 52.5 2
9.8 52.55 2
9.75 52.6 2
9.7 52.65 2
9.65 52.7 2
9.6 52.75 2
9.55 52.8 2
9.5 52.85 2
9.45 52.9 2
9.4 52.95 2
9.35 53 2
9.3 53.05 2
9.25 53.1 2
9.2 53.15 2
9.15 53.2 2
9.1 53.25 2
9.05 53.3 2
9 53.35 2
8.95 53.4 2
8.9 53.45 2
8.85 53.5 2
8.8 53.55 2
8.75 53.6 2
8.7 53.65 2
8.65 53.7 2
8.6 53.75 2
8.55 53.8 2
8.5 53.85 2
8.45 53.9 2
8.4 53.95 2
8.35 54 2
8.3 54.05 2
8.25 54.1 2
8.2 54.15 2
8.15 54.2 2
8.1 54.25 2
8.05 54.3 2
8 54.35 2
7.95 54.4 2
7.9 54.45 2
7.85 54.5 2
7.8 54.55 2
7.75 54.6 2
7.7 54.65 2
7.65 54.7 2
7.6 54.75 2
7.55 54.8 2
7.5 54.85 2
7.45 54.9 2
7.4 54.95 2
7.35 55 2
7.3 55.05 2
7.25 55.1 2
7.2 55.15 2
7.15 55.2 2
7.1 55.25 2
7.05 55.3 2
7 55.35 2
7 55.4 2
7 55.45 2
7 55.5 2
7 55.55 2
7 55.6 2
7 55.65 2
7 55.7 2
7 55.75 2
7 55.8 2
7 55.85 2
7 55.9 2
7 55.95 2
7 56 2
7 56.05 2
7 56.1 2
7 56.15 2
7 56.2 2
7 56.25 2
7 56.3 2
7 56.35 2
7 56.4 2
7 56.45 2
7 56.5 2
7 56.55 2
7 56.6 2
7 56.65 2
7 56.7 2
7 56.75 2
7 56.8 2
7 56.85 2
7 56.9 2
7 56.95 2
7 57 2
7 57 0
PATH 2 146
19.75 35 0
19.7 35 0
19.65 35 0
19.6 35 0
19.55 35 0
19.5 35 0
19.45 35.05 0
19.4 35.1 0
19.35 35.1 0
19.3 35.15 0
19.25 35.2 0
19.2 35.25 0
19.15 35.3 0
19.1 35.3 0
19.05 35.3 0
19 35.3 0
18.95 35.35 0
18.9 35.4 0
18.85 35.45 0
18.8 35.5 0
18.75 35.55 0
18.7 35.55 0
18.65 35.55 0
18.6 35.55 0
18.55 35.55 0
18.5 35.6 0
18.45 35.65 0
18.4 35.7 0
18.35 35.75 0
18.3 35.8 0
18.25 35.85 0
18.2 35.85 0
18.15 35.85 0
18.1 35.85 0
18.05 35.85 0
18 35.85 0
17.95 35.85 0
17.9 35.85 0
17.85 35.85 0
17.8 35.9 0
17.75 35.95 0
17.7 36 0
17.65 36.05 0
17.6 36.1 0
17.55 36.15 0
17.5 36.2 0
17.45 36.25 0
17.4 36.3 0
17.35 36.35 0
17.3 36.4 0
17.25 36.4 0
17.2 36.4 0
17.15 36.45 0
17.1 36.45 0
17.05 36.5 0
17 36.55 0
16.95 36.6 0
16.9 36.65 0
16.85 36.7 0
16.8 36.75 0
16.75 36.8 0
16.7 36.85 0
16.65 36.9 0
16.6 36.95 0
16.55 37 0
16.5 37.05 0
16.45 37.1 0
16.4 37.15 0
16.35 37.2 0
16.3 37.25 0
16.25 37.3 0
16.2 37.35 0
16.15 37.4 0
16.1 37.45 0
16.05 37.5 0
16 37.55 0
15.95 37.6 0
15.9 37.65 0
15.85 37.7 0
15.8 37.75 0
15.75 37.8 0
15.7 37.85 0
15.65 37.9 0
15.6 37.95 0
15.55 38 0
15.5 38.05 0
15.45 38.1 0
15.4 38.1 0
15.35 38.1 0
15.3 38.1 0
15.25 38.1 0
15.2 38.1 0
15.15 38.1 0
15.1 38.1 0
15.05 38.15 0
15 38.2 0
14.95 38.2 0
14.9 38.2 0
14.85 38.25 0
14.8 38.3 0
14.75 38.3 0
14.7 38.3 0
14.65 38.3 0
14.6 38.3 0
14.55 38.3 0
14.5 38.3 0
14.45 38.3 0
14.4 38.3 0
14.35 38.3 0
14.3 38.3 0
14.25 38.3 0
14.2 38.3 0
14.15 38.35 0
14.1 38.4 0
14.05 38.45 0
14 38.5 0
13.95 38.55 0
13.9 38.6 0
13.85 38.65 0
13.8 38.7 0
13.75 38.75 0
13.7 38.8 0
13.65 38.85 0
13.6 38.9 0
13.55 38.95 0
13.5 39 0
13.45 39.05 0
13.4 39.1 0
13.35 39.15 0
13.3 39.2 0
13.25 39.25 0
13.2 39.3 0
13.15 39.35 0
13.1 39.4 0
13.05 39.45 0
13 39.5 0
12.95 39.55 0
12.9 39.6 0
12.85 39.65 0
12.8 39.7 0
12.75 39.75 0
12.7 39.8 0
12.65 39.85 0
12.6 39.9 0
12.55 39.95 0
12.5 40 0
PATH 2 259
32.55 40 0
32.5 39.95 0
32.45 39.9 0
32.4 39.9 0
32.35 39.9 0
32.3 39.9 0
32.25 39.85 0
32.2 39.8 0
32.15 39.75 0
32.1 39.75 0
32.05 39.75 0
32 39.7 0
31.95 39.65 0
31.9 39.6 0
31.85 39.55 0
31.8 39.5 0
31.75 39.45 0
31.7 39.4 0
31.65 39.4 0
31.6 39.4 0
31.55 39.35 0
31.5 39.3 0
31.45 39.25 0
31.4 39.2 0
31.35 39.2 0
31.3 39.2 0
31.25 39.2 0
31.25 39.2 1
31.2 39.2 1
31.15 39.2 1
31.1 39.2 1
31.05 39.2 1
31 39.2 1
30.95 39.2 1
30.9 39.2 1
30.85 39.2 1
30.8 39.2 1
30.75 39.2 1
30.7 39.2 1
30.65 39.2 1
30.6 39.2 1
30.55 39.2 1
30.5 39.2 1
30.45 39.2 1
30.4 39.2 1
30.35 39.2 1
30.3 39.2 1
30.25 39.2 1
30.2 39.2 1
30.15 39.15 1
30.1 39.15 1
30.05 39.15 1
30 39.15 1
29.95 39.1 1
29.9 39.05 1
29.85 39 1
29.8 38.95 1
29.75 38.95 1
29.7 38.9 1
29.65 38.85 1
29.6 38.8 1
29.55 38.75 1
29.5 38.7 1
29.45 38.7 1
29.4 38.65 1
29.35 38.65 1
29.3 38.6 1
29.25 38.6 1
29.2 38.6 1
29.15 38.6 1
29.1 38.55 1
29.05 38.5 1
29 38.45 1
28.95 38.45 1
28.9 38.45 1
28.85 38.4 1
28.8 38.4 1
28.75 38.4 1
28.7 38.35 1
28.65 38.35 1
28.6 38.35 1
28.55 38.35 1
28.5 38.35 1
28.45 38.35 1
28.4 38.35 1
28.35 38.35 1
28.3 38.35 1
28.25 38.35 1
28.2 38.35 1
28.15 38.35 1
28.1 38.35 1
28.05 38.35 1
28 38.35 1
27.95 38.35 1
27.9 38.35 1
27.85 38.35 1
27.8 38.35 1
27.75 38.35 1
27.7 38.35 1
27.65 38.35 1
27.6 38.35 1
27.55 38.35 1
27.5 38.35 1
27.45 38.35 1
27.4 38.35 1
27.35 38.35 1
27.3 38.35 1
27.25 38.35 1
27.2 38.35 1
27.15 38.35 1
27.1 38.35 1
27.05 38.35 1
27 38.35 1
26.95 38.35 1
26.9 38.35 1
26.85 38.35 1
26.8 38.35 1
26.75 38.35 1
26.7 38.35 1
26.65 38.35 1
26.6 38.35 1
26.55 38.35 1
26.5 38.35 1
26.45 38.35 1
26.4 38.35 1
26.35 38.35 1
26.3 38.35 1
26.25 38.35 1
26.2 38.35 1
26.15 38.35 1
26.1 38.35 1
26.05 38.35 1
26 38.35 1
25.95 38.35 1
25.9 38.35 1
25.85 38.35 1
25.8 38.3 1
25.75 38.25 1
25.7 38.2 1
25.65 38.2 1
25.6 38.2 1
25.55 38.2 1
25.5 38.15 1
25.45 38.1 1
25.4 38.1 1
25.35 38.1 1
25.3 38.05 1
25.25 38 1
25.2 38 1
25.15 37.95 1
25.1 37.95 1
25.05 37.95 1
25 37.95 1
24.95 37.95 1
24.9 37.95 1
24.85 37.9 1
24.8 37.85 1
24.8 37.85 0
24.75 37.85 0
24.7 37.85 0
24.65 37.85 0
24.6 37.85 0
24.55 37.8 0
24.5 37.8 0
24.45 37.8 0
24.4 37.8 0
24.35 37.8 0
24.3 37.8 0
24.25 37.75 0
24.2 37.7 0
24.15 37.7 0
24.1 37.65 0
24.05 37.6 0
24 37.6 0
23.95 37.55 0
23.9 37.5 0
23.85 37.45 0
23.8 37.4 0
23.75 37.4 0
23.7 37.35 0
23.65 37.35 0
23.6 37.35 0
23.55 37.35 0
23.5 37.35 0
23.45 37.35 0
23.4 37.35 0
23.35 37.35 0
23.3 37.35 0
23.25 37.35 0
23.2 37.35 0
23.15 37.35 0
23.1 37.35 0
23.05 37.35 0
23 37.3 0
22.95 37.25 0
22.9 37.2 0
22.85 37.15 0
22.8 37.1 0
22.75 37.05 0
22.7 37 0
22.65 36.95 0
22.6 36.9 0
22.55 36.85 0
22.5 36.8 0
22.45 36.75 0
22.4 36.7 0
22.35 36.65 0
22.3 36.6 0
22.25 36.55 0
22.2 36.5 0
22.15 36.45 0
22.1 36.4 0
22.05 36.35 0
22 36.3 0
21.95 36.25 0
21.9 36.2 0
21.85 36.15 0
21.8 36.1 0
21.75 36.05 0
21.7 36 0
21.65 35.95 0
21.6 35.9 0
21.55 35.85 0
21.5 35.8 0
21.45 35.75 0
21.4 35.7 0
21.35 35.65 0
21.3 35.6 0
21.25 35.55 0
21.2 35.5 0
21.15 35.45 0
21.1 35.4 0
21.05 35.35 0
21 35.3 0
20.95 35.25 0
20.9 35.2 0
20.85 35.15 0
20.8 35.1 0
20.75 35.05 0
20.7 35 0
20.65 35 0
20.6 35 0
20.55 35 0
20.5 35 0
20.45 35 0
20.4 35 0
20.35 35 0
20.3 35 0
20.25 35 0
20.2 35 0
20.15 35 0
20.1 35 0
20.05 35 0
20 35 0
19.95 35 0
19.9 35 0
19.85 35 0
19.8 35 0
19.75 35 0
PATH 2 163
38.15 48 0
38.1 47.95 0
38.1 47.9 0
38.1 47.9 1
38.05 47.85 1
38 47.8 1
37.95 47.75 1
37.9 47.7 1
37.85 47.65 1
37.8 47.6 1
37.75 47.55 1
37.7 47.5 1
37.65 47.45 1
37.6 47.4 1
37.55 47.35 1
37.5 47.3 1
37.45 47.25 1
37.4 47.2 1
37.35 47.15 1
37.3 47.1 1
37.25 47.05 1
37.2 47 1
37.15 46.95 1
37.1 46.9 1
37.05 46.85 1
37 46.8 1
36.95 46.75 1
36.9 46.7 1
36.85 46.65 1
36.8 46.6 1
36.75 46.55 1
36.7 46.5 1
36.65 46.45 1
36.6 46.4 1
36.55 46.35 1
36.5 46.3 1
36.45 46.25 1
36.4 46.2 1
36.35 46.15 1
36.3 46.1 1
36.25 46.05 1
36.2 46 1
36.15 45.95 1
36.1 45.9 1
36.05 45.85 1
36 45.8 1
35.95 45.75 1
35.9 45.7 1
35.85 45.65 1
35.8 45.6 1
35.75 45.55 1
35.7 45.5 1
35.65 45.45 1
35.6 45.4 1
35.55 45.35 1
35.5 45.3 1
35.45 45.25 1
35.4 45.2 1
35.35 45.15 1
35.3 45.1 1
35.25 45.05 1
35.2 45 1
35.15 44.95 1
35.1 44.9 1
35.05 44.85 1
35 44.8 1
34.95 44.75 1
34.9 44.7 1
34.85 44.65 1
34.8 44.6 1
34.75 44.55 1
34.7 44.5 1
34.65 44.45 1
34.6 44.4 1
34.55 44.35 1
34.5 44.3 1
34.45 44.25 1
34.4 44.2 1
34.35 44.15 1
34.3 44.1 1
34.25 44.05 1
34.2 44 1
34.15 43.95 1
34.1 43.9 1
34.05 43.85 1
34 43.8 1
33.95 43.75 1
33.9 43.7 1
33.85 43.65 1
33.8 43.6 1
33.75 43.55 1
33.7 43.5 1
33.65 43.45 1
33.6 43.4 1
33.55 43.35 1
33.5 43.3 1
33.45 43.25 1
33.4 43.2 1
33.35 43.15 1
33.3 43.1 1
33.25 43.05 1
33.2 43 1
33.15 42.95 1
33.1 42.9 1
33.05 42.85 1
33 42.8 1
33 42.8 0
32.95 42.75 0
32.9 42.7 0
32.85 42.65 0
32.8 42.6 0
32.75 42.55 0
32.7 42.5 0
32.65 42.45 0
32.6 42.4 0
32.55 42.35 0
32.55 42.3 0
32.55 42.25 0
32.55 42.2 0
32.55 42.15 0
32.55 42.1 0
32.55 42.05 0
32.55 42 0
32.55 41.95 0
32.55 41.9 0
32.55 41.85 0
32.55 41.8 0
32.55 41.75 0
32.55 41.7 0
32.55 41.65 0
32.55 41.6 0
32.55 41.55 0
32.55 41.5 0
32.55 41.45 0
32.55 41.4 0
32.55 41.35 0
32.55 41.3 0
32.55 41.25 0
32.55 41.2 0
32.55 41.15 0
32.55 41.1 0
32.55 41.05 0
32.55 41 0
32.55 40.95 0
32.55 40.9 0
32.55 40.85 0
32.55 40.8 0
32.55 40.75 0
32.55 40.7 0
32.55 40.65 0
32.55 40.6 0
32.55 40.55 0
32.55 40.5 0
32.55 40.45 0
32.55 40.4 0
32.55 40.35 0
32.55 40.3 0
32.55 40.25 0
32.55 40.2 0
32.55 40.15 0
32.55 40.1 0
32.55 40.05 0
32.55 40 0
PATH 2 89
42.55 50 0
42.5 49.95 0
42.45 49.95 0
42.4 49.95 0
42.35 49.95 0
42.3 49.95 0
42.25 49.95 0
42.2 49.9 0
42.15 49.85 0
42.1 49.85 0
42.05 49.85 0
42 49.85 0
41.95 49.8 0
41.9 49.75 0
41.85 49.7 0
41.8 49.7 0
41.75 49.7 0
41.7 49.7 0
41.65 49.7 0
41.6 49.65 0
41.55 49.65 0
41.5 49.6 0
41.45 49.55 0
41.4 49.5 0
41.35 49.45 0
41.3 49.4 0
41.25 49.35 0
41.2 49.3 0
41.15 49.25 0
41.1 49.25 0
41.05 49.25 0
41 49.25 0
40.95 49.25 0
40.9 49.25 0
40.85 49.25 0
40.8 49.2 0
40.75 49.15 0
40.7 49.1 0
40.65 49.05 0
40.6 49 0
40.55 48.95 0
40.5 48.9 0
40.45 48.85 0
40.4 48.8 0
40.35 48.8 0
40.3 48.8 0
40.25 48.8 0
40.2 48.8 0
40.15 48.8 0
40.1 48.8 0
40.05 48.8 0
40 48.8 0
39.95 48.8 0
39.9 48.8 0
39.85 48.8 0
39.8 48.8 0
39.75 48.8 0
39.7 48.8 0
39.65 48.8 0
39.6 48.8 0
39.55 48.8 0
39.5 48.8 0
39.45 48.8 0
39.4 48.8 0
39.35 48.8 0
39.3 48.8 0
39.25 48.8 0
39.2 48.8 0
39.15 48.8 0
39.1 48.8 0
39.05 48.75 0
39 48.7 0
38.95 48.65 0
38.9 48.6 0
38.85 48.55 0
38.8 48.5 0
38.75 48.45 0
38.7 48.4 0
38.65 48.35 0
38.6 48.3 0
38.55 48.25 0
38.5 48.2 0
38.45 48.15 0
38.4 48.1 0
38.35 48.05 0
38.3 48 0
38.25 48 0
38.2 48 0
38.15 48 0
PATH 2 315
58.15 48 0
58.1 48 0
58.05 48 0
58 48 0
57.95 48 0
57.9 48 0
57.85 48.05 0
57.8 48.1 0
57.75 48.1 0
57.7 48.15 0
57.65 48.2 0
57.6 48.25 0
57.55 48.3 0
57.5 48.3 0
57.45 48.3 0
57.4 48.3 0
57.35 48.3 0
57.3 48.3 0
57.25 48.3 0
57.2 48.3 0
57.15 48.3 0
57.1 48.3 0
57.05 48.35 0
57.05 48.35 2
57 48.35 2
56.95 48.4 2
56.9 48.45 2
56.85 48.45 2
56.8 48.45 2
56.75 48.45 2
56.7 48.45 2
56.65 48.45 2
56.6 48.45 2
56.55 48.45 2
56.5 48.45 2
56.45 48.45 2
56.4 48.45 2
56.35 48.45 2
56.3 48.5 2
56.25 48.5 2
56.2 48.5 2
56.15 48.5 2
56.1 48.5 2
56.05 48.55 2
56 48.55 2
55.95 48.55 2
55.9 48.55 2
55.85 48.55 2
55.8 48.55 2
55.75 48.55 2
55.7 48.55 2
55.65 48.55 2
55.6 48.55 2
55.55 48.6 2
55.5 48.6 2
55.45 48.6 2
55.4 48.6 2
55.35 48.6 2
55.3 48.6 2
55.25 48.6 2
55.2 48.65 2
55.15 48.65 2
55.1 48.65 2
55.05 48.65 2
55 48.65 2
54.95 48.65 2
54.9 48.65 2
54.85 48.7 2
54.8 48.7 2
54.75 48.7 2
54.7 48.7 2
54.65 48.7 2
54.6 48.7 2
54.55 48.7 2
54.5 48.7 2
54.45 48.7 2
54.4 48.7 2
54.35 48.7 2
54.3 48.7 2
54.25 48.7 2
54.2 48.7 2
54.15 48.7 2
54.1 48.7 2
54.05 48.7 2
54 48.7 2
53.95 48.7 2
53.9 48.7 2
53.85 48.7 2
53.8 48.7 2
53.75 48.7 2
53.7 48.7 2
53.65 48.7 2
53.6 48.7 2
53.55 48.7 2
53.5 48.7 2
53.45 48.7 2
53.4 48.7 2
53.35 48.7 2
53.3 48.7 2
53.25 48.75 2
53.2 48.75 2
53.15 48.75 2
53.1 48.75 2
53.05 48.75 2
53 48.75 2
52.95 48.75 2
52.9 48.75 2
52.85 48.75 2
52.8 48.75 2
52.75 48.75 2
52.7 48.75 2
52.65 48.8 2
52.6 48.8 2
52.55 48.8 2
52.5 48.8 2
52.45 48.8 2
52.4 48.8 2
52.35 48.8 2
52.3 48.8 2
52.25 48.8 2
52.2 48.8 2
52.15 48.8 2
52.1 48.85 2
52.05 48.85 2
52 48.9 2
51.95 48.9 2
51.9 48.95 2
51.85 48.95 2
51.8 48.95 2
51.75 48.95 2
51.7 48.95 2
51.65 48.95 2
51.6 48.95 2
51.55 48.95 2
51.5 49 2
51.45 49 2
51.4 49 2
51.35 49 2
51.3 49 2
51.25 49 2
51.2 49 2
51.15 49 2
51.1 49 2
51.05 49 2
51 49 2
50.95 49 2
50.9 49 2
50.85 49 2
50.8 49 2
50.75 49 2
50.7 49 2
50.65 49 2
50.6 49 2
50.55 49 2
50.5 49 2
50.45 49 2
50.4 49.05 2
50.35 49.05 2
50.3 49.05 2
50.25 49.1 2
50.2 49.1 2
50.15 49.1 2
50.1 49.1 2
50.05 49.1 2
50 49.15 2
49.95 49.15 2
49.9 49.15 2
49.85 49.15 2
49.8 49.15 2
49.75 49.15 2
49.7 49.15 2
49.65 49.15 2
49.6 49.15 2
49.55 49.15 2
49.5 49.15 2
49.45 49.15 2
49.4 49.15 2
49.35 49.15 2
49.3 49.15 2
49.25 49.2 2
49.2 49.2 2
49.15 49.2 2
49.1 49.2 2
49.05 49.2 2
49 49.2 2
48.95 49.2 2
48.9 49.2 2
48.85 49.2 2
48.8 49.2 2
48.75 49.2 2
48.7 49.2 2
48.65 49.2 2
48.6 49.2 2
48.55 49.2 2
48.5 49.25 2
48.45 49.25 2
48.4 49.3 2
48.35 49.35 2
48.3 49.4 2
48.25 49.4 2
48.2 49.4 2
48.15 49.4 2
48.1 49.45 2
48.05 49.5 2
48 49.5 2
47.95 49.5 2
47.9 49.5 2
47.85 49.5 2
47.8 49.5 2
47.75 49.5 2
47.7 49.5 2
47.65 49.5 2
47.6 49.5 2
47.55 49.5 2
47.5 49.5 2
47.45 49.5 2
47.4 49.5 2
47.35 49.5 2
47.3 49.5 2
47.25 49.5 2
47.2 49.5 2
47.15 49.5 2
47.1 49.5 2
47.05 49.5 2
47 49.5 2
46.95 49.55 2
46.9 49.6 2
46.85 49.65 2
46.8 49.7 2
46.75 49.7 2
46.7 49.7 2
46.65 49.7 2
46.6 49.7 2
46.55 49.7 2
46.5 49.7 2
46.45 49.7 2
46.4 49.7 2
46.35 49.7 2
46.3 49.7 2
46.25 49.75 2
46.2 49.75 2
46.15 49.8 2
46.1 49.8 2
46.05 49.8 2
46 49.8 2
45.95 49.8 2
45.9 49.8 2
45.85 49.8 2
45.8 49.8 2
45.75 49.85 2
45.7 49.85 2
45.65 49.85 2
45.6 49.85 2
45.55 49.85 2
45.5 49.85 2
45.45 49.85 2
45.4 49.85 2
45.35 49.85 2
45.3 49.85 2
45.25 49.85 2
45.2 49.85 2
45.15 49.85 2
45.1 49.85 2
45.05 49.85 2
45 49.85 2
44.95 49.85 2
44.9 49.85 2
44.85 49.85 2
44.8 49.85 2
44.75 49.85 2
44.7 49.85 2
44.65 49.85 2
44.6 49.85 2
44.55 49.85 2
44.5 49.85 2
44.45 49.85 2
44.4 49.85 2
44.35 49.85 2
44.3 49.85 2
44.25 49.85 2
44.2 49.85 2
44.15 49.85 2
44.1 49.85 2
44.05 49.85 2
44 49.85 2
43.95 49.85 2
43.9 49.85 2
43.85 49.85 2
43.8 49.85 2
43.75 49.9 2
43.7 49.9 2
43.65 49.95 2
43.6 49.95 2
43.55 49.95 2
43.5 49.95 2
43.45 49.95 2
43.4 49.95 2
43.35 49.95 2
43.3 49.95 2
43.25 49.95 2
43.2 49.95 2
43.15 49.95 2
43.1 49.95 2
43.05 49.95 2
43 49.95 2
42.95 49.95 2
42.9 49.95 2
42.85 49.95 2
42.8 49.95 2
42.75 49.95 2
42.7 49.95 2
42.65 49.95 2
42.6 49.95 2
42.55 50 2
42.55 50 0
PATH 2 89
62.55 50 0
62.5 49.95 0
62.45 49.95 0
62.4 49.95 0
62.35 49.95 0
62.3 49.95 0
62.25 49.95 0
62.2 49.9 0
62.15 49.85 0
62.1 49.85 0
62.05 49.85 0
62 49.8 0
61.95 49.75 0
61.9 49.75 0
61.85 49.75 0
61.8 49.75 0
61.75 49.75 0
61.7 49.75 0
61.65 49.75 0
61.6 49.75 0
61.55 49.75 0
61.5 49.75 0
61.45 49.75 0
61.4 49.7 0
61.35 49.65 0
61.3 49.6 0
61.25 49.55 0
61.2 49.5 0
61.15 49.45 0
61.1 49.4 0
61.05 49.35 0
61 49.3 0
60.95 49.3 0
60.9 49.3 0
60.85 49.25 0
60.8 49.2 0
60.75 49.15 0
60.7 49.1 0
60.65 49.05 0
60.6 49 0
60.55 48.95 0
60.5 48.9 0
60.45 48.85 0
60.4 48.85 0
60.35 48.85 0
60.3 48.85 0
60.25 48.85 0
60.2 48.85 0
60.15 48.85 0
60.1 48.85 0
60.05 48.85 0
60 48.85 0
59.95 48.85 0
59.9 48.85 0
59.85 48.85 0
59.8 48.85 0
59.75 48.85 0
59.7 48.85 0
59.65 48.85 0
59.6 48.85 0
59.55 48.85 0
59.5 48.85 0
59.45 48.85 0
59.4 48.85 0
59.35 48.85 0
59.3 48.85 0
59.25 48.85 0
59.2 48.85 0
59.15 48.85 0
59.1 48.85 0
59.05 48.85 0
59 48.8 0
58.95 48.75 0
58.9 48.7 0
58.85 48.65 0
58.8 48.6 0
58.75 48.55 0
58.7 48.5 0
58.65 48.45 0
58.6 48.4 0
58.55 48.35 0
58.5 48.3 0
58.45 48.25 0
58.4 48.2 0
58.35 48.15 0
58.3 48.1 0
58.25 48.05 0
58.2 48 0
58.15 48 0
PATH 2 178
52.55 40 0
52.55 40.05 0
52.55 40.1 0
52.55 40.15 0
52.55 40.2 0
52.55 40.25 0
52.55 40.3 0
52.55 40.35 0
52.55 40.4 0
52.55 40.45 0
52.55 40.5 0
52.55 40.55 0
52.55 40.6 0
52.55 40.65 0
52.55 40.7 0
52.55 40.75 0
52.55 40.8 0
52.55 40.85 0
52.55 40.9 0
52.55 40.95 0
52.55 41 0
52.55 41.05 0
52.55 41.1 0
52.55 41.15 0
52.55 41.2 0
52.55 41.25 0
52.55 41.3 0
52.55 41.35 0
52.55 41.4 0
52.55 41.45 0
52.55 41.5 0
52.55 41.55 0
52.55 41.6 0
52.55 41.65 0
52.55 41.7 0
52.55 41.75 0
52.55 41.8 0
52.55 41.85 0
52.55 41.9 0
52.55 41.95 0
52.55 42 0
52.55 42.05 0
52.55 42.1 0
52.55 42.15 0
52.55 42.2 0
52.55 42.25 0
52.55 42.3 0
52.55 42.35 0
52.55 42.4 0
52.55 42.45 0
52.55 42.5 0
52.55 42.55 0
52.55 42.6 0
52.55 42.65 0
52.55 42.7 0
52.55 42.75 0
52.55 42.8 0
52.55 42.85 0
52.55 42.9 0
52.55 42.95 0
52.55 43 0
52.55 43.05 0
52.55 43.1 0
52.55 43.15 0
52.55 43.2 0
52.55 43.25 0
52.55 43.3 0
52.55 43.35 0
52.55 43.4 0
52.55 43.45 0
52.55 43.5 0
52.55 43.55 0
52.55 43.6 0
52.55 43.65 0
52.55 43.7 0
52.55 43.75 0
52.55 43.8 0
52.55 43.85 0
52.55 43.9 0
52.55 43.95 0
52.55 44 0
52.55 44.05 0
52.55 44.1 0
52.55 44.15 0
52.55 44.2 0
52.55 44.25 0
52.55 44.3 0
52.55 44.35 0
52.55 44.4 0
52.55 44.45 0
52.55 44.5 0
52.55 44.55 0
52.55 44.6 0
52.55 44.65 0
52.55 44.7 0
52.55 44.75 0
52.55 44.8 0
52.55 44.85 0
52.55 44.9 0
52.55 44.95 0
52.55 45 0
52.55 45.05 0
52.55 45.1 0
52.55 45.15 0
52.55 45.2 0
52.55 45.25 0
52.55 45.3 0
52.55 45.35 0
52.55 45.4 0
52.55 45.45 0
52.55 45.5 0
52.55 45.55 0
52.55 45.6 0
52.55 45.65 0
52.55 45.7 0
52.55 45.75 0
52.55 45.8 0
52.55 45.85 0
52.55 45.9 0
52.55 45.95 0
52.55 46 0
52.55 46.05 0
52.55 46.1 0
52.55 46.15 0
52.55 46.2 0
52.55 46.25 0
52.55 46.3 0
52.55 46.35 0
52.55 46.4 0
52.55 46.45 0
52.55 46.5 0
52.55 46.55 0
52.55 46.6 0
52.55 46.65 0
52.55 46.7 0
52.55 46.7 2
52.55 46.75 2
52.55 46.8 2
52.55 46.85 2
52.55 46.9 2
52.55 46.95 2
52.55 47 2
52.55 47.05 2
52.55 47.1 2
52.55 47.15 2
52.55 47.2 2
52.55 47.25 2
52.55 47.3 2
52.55 47.35 2
52.55 47.4 2
52.55 47.45 2
52.55 47.5 2
52.55 47.55 2
52.55 47.6 2
52.55 47.65 2
52.55 47.7 2
52.55 47.75 2
52.55 47.8 2
52.55 47.85 2
52.55 47.9 2
52.55 47.95 2
52.55 48 2
52.55 48.05 2
52.55 48.1 2
52.55 48.15 2
52.55 48.2 2
52.55 48.25 2
52.55 48.3 2
52.55 48.35 2
52.55 48.4 2
52.55 48.45 2
52.55 48.5 2
52.55 48.55 2
52.55 48.6 2
52.55 48.65 2
52.55 48.7 2
52.55 48.75 2
52.55 48.8 2
PATH 2 237
68.45 61 0
68.4 60.95 0
68.35 60.9 0
68.3 60.85 0
68.25 60.8 0
68.2 60.75 0
68.2 60.75 2
68.15 60.7 2
68.1 60.65 2
68.05 60.6 2
68 60.55 2
67.95 60.5 2
67.9 60.45 2
67.85 60.4 2
67.8 60.35 2
67.75 60.3 2
67.7 60.25 2
67.65 60.2 2
67.6 60.15 2
67.55 60.1 2
67.5 60.05 2
67.45 60 2
67.4 59.95 2
67.35 59.9 2
67.3 59.85 2
67.25 59.8 2
67.2 59.75 2
67.15 59.7 2
67.1 59.65 2
67.05 59.6 2
67 59.55 2
66.95 59.5 2
66.9 59.45 2
66.85 59.4 2
66.8 59.35 2
66.75 59.3 2
66.7 59.25 2
66.65 59.2 2
66.6 59.15 2
66.55 59.1 2
66.5 59.05 2
66.45 59 2
66.4 58.95 2
66.35 58.9 2
66.3 58.85 2
66.25 58.8 2
66.2 58.75 2
66.15 58.7 2
66.1 58.65 2
66.05 58.6 2
66 58.55 2
65.95 58.5 2
65.9 58.45 2
65.85 58.4 2
65.8 58.35 2
65.75 58.3 2
65.7 58.25 2
65.65 58.2 2
65.6 58.15 2
65.55 58.1 2
65.5 58.05 2
65.45 58 2
65.4 57.95 2
65.35 57.9 2
65.3 57.85 2
65.25 57.8 2
65.2 57.75 2
65.15 57.7 2
65.1 57.65 2
65.05 57.6 2
65 57.55 2
64.95 57.5 2
64.9 57.45 2
64.85 57.4 2
64.8 57.35 2
64.75 57.3 2
64.7 57.25 2
64.65 57.2 2
64.6 57.15 2
64.55 57.1 2
64.5 57.05 2
64.45 57 2
64.4 56.95 2
64.35 56.9 2
64.3 56.85 2
64.25 56.8 2
64.2 56.75 2
64.15 56.7 2
64.1 56.65 2
64.05 56.6 2
64 56.55 2
63.95 56.5 2
63.9 56.45 2
63.85 56.4 2
63.8 56.35 2
63.75 56.3 2
63.7 56.25 2
63.65 56.2 2
63.6 56.15 2
63.55 56.1 2
63.5 56.1 2
63.45 56.1 2
63.4 56.1 2
63.35 56.1 2
63.3 56.1 2
63.25 56.1 2
63.2 56.1 2
63.15 56.1 2
63.1 56.1 2
63.05 56.05 2
63 56.05 2
62.95 56.05 2
62.9 56.05 2
62.85 56 2
62.8 56 2
62.75 55.95 2
62.7 55.9 2
62.65 55.85 2
62.6 55.8 2
62.55 55.75 2
62.55 55.7 2
62.55 55.65 2
62.55 55.6 2
62.55 55.55 2
62.5 55.5 2
62.5 55.45 2
62.5 55.4 2
62.5 55.35 2
62.5 55.3 2
62.5 55.25 2
62.5 55.2 2
62.5 55.15 2
62.5 55.1 2
62.5 55.05 2
62.5 55 2
62.5 54.95 2
62.5 54.9 2
62.5 54.85 2
62.5 54.8 2
62.5 54.75 2
62.5 54.7 2
62.5 54.65 2
62.5 54.6 2
62.5 54.55 2
62.5 54.5 2
62.5 54.45 2
62.5 54.4 2
62.5 54.35 2
62.5 54.3 2
62.5 54.25 2
62.5 54.2 2
62.5 54.15 2
62.5 54.1 2
62.5 54.05 2
62.5 54 2
62.5 53.95 2
62.5 53.9 2
62.5 53.85 2
62.5 53.8 2
62.5 53.75 2
62.5 53.7 2
62.5 53.65 2
62.5 53.6 2
62.5 53.55 2
62.5 53.5 2
62.5 53.45 2
62.5 53.4 2
62.5 53.35 2
62.5 53.3 2
62.5 53.25 2
62.5 53.2 2
62.5 53.15 2
62.5 53.1 2
62.5 53.05 2
62.5 53 2
62.5 52.95 2
62.5 52.9 2
62.5 52.85 2
62.5 52.8 2
62.5 52.75 2
62.5 52.7 2
62.5 52.65 2
62.5 52.6 2
62.5 52.55 2
62.5 52.5 2
62.5 52.45 2
62.5 52.4 2
62.5 52.35 2
62.5 52.3 2
62.5 52.25 2
62.5 52.2 2
62.5 52.15 2
62.5 52.1 2
62.5 52.05 2
62.5 52 2
62.5 51.95 2
62.5 51.9 2
62.5 51.85 2
62.5 51.8 2
62.5 51.75 2
62.5 51.7 2
62.5 51.65 2
62.5 51.6 2
62.5 51.55 2
62.5 51.5 2
62.5 51.45 2
62.5 51.4 2
62.5 51.35 2
62.5 51.3 2
62.5 51.25 2
62.5 51.2 2
62.5 51.15 2
62.5 51.1 2
62.5 51.05 2
62.5 51 2
62.5 50.95 2
62.5 50.9 2
62.5 50.85 2
62.5 50.8 2
62.5 50.75 2
62.5 50.7 2
62.5 50.65 2
62.5 50.6 2
62.45 50.55 2
62.4 50.5 2
62.35 50.45 2
62.3 50.4 2
62.25 50.35 2
62.2 50.3 2
62.15 50.25 2
62.1 50.2 2
62.05 50.15 2
62.05 50.15 0
62.1 50.1 0
62.15 50.05 0
62.2 50 0
62.25 49.95 0
PATH 2 752
39.25 7.5 0
39.25 7.45 0
39.25 7.4 0
39.25 7.35 0
39.25 7.3 0
39.25 7.25 0
39.25 7.2 0
39.25 7.15 0
39.25 7.1 0
39.25 7.05 0
39.25 7 0
39.25 6.95 0
39.25 6.9 0
39.25 6.85 0
39.25 6.8 0
39.25 6.75 0
39.25 6.7 0
39.25 6.65 0
39.25 6.6 0
39.25 6.55 0
39.25 6.5 0
39.25 6.45 0
39.25 6.4 0
39.25 6.35 0
39.25 6.3 0
39.2 6.25 0
39.2 6.2 0
39.2 6.15 0
39.2 6.1 0
39.15 6.05 0
39.15 6 0
39.15 5.95 0
39.15 5.9 0
39.1 5.85 0
39.1 5.8 0
39.1 5.75 0
39.1 5.7 0
39.1 5.65 0
39.1 5.6 0
39.1 5.55 0
39.1 5.5 0
39.05 5.45 0
39 5.4 0
39 5.35 0
39 5.3 0
39 5.25 0
38.95 5.2 0
38.95 5.15 0
38.9 5.1 0
38.85 5.05 0
38.8 5 0
38.75 4.95 0
38.7 4.9 0
38.65 4.85 0
38.6 4.8 0
38.55 4.75 0
38.5 4.75 0
38.45 4.7 0
38.4 4.7 0
38.35 4.7 0
38.3 4.7 0
38.25 4.65 0
38.2 4.65 0
38.15 4.65 0
38.1 4.65 0
38.05 4.6 0
38 4.55 0
37.95 4.5 0
37.9 4.45 0
37.85 4.4 0
37.8 4.35 0
37.75 4.3 0
37.7 4.25 0
37.65 4.2 0
37.6 4.2 0
37.55 4.15 0
37.5 4.15 0
37.45 4.15 0
37.4 4.15 0
37.35 4.1 0
37.3 4.1 0
37.25 4.1 0
37.2 4.1 0
37.15 4.1 0
37.1 4.1 0
37.05 4.05 0
37 4 0
36.95 3.95 0
36.9 3.9 0
36.85 3.85 0
36.8 3.8 0
36.75 3.75 0
36.7 3.7 0
36.65 3.65 0
36.6 3.6 0
36.55 3.55 0
36.5 3.5 0
36.45 3.45 0
36.4 3.4 0
36.35 3.35 0
36.35 3.35 2
36.3 3.4 2
36.25 3.45 2
36.2 3.5 2
36.15 3.55 2
36.1 3.6 2
36.05 3.65 2
36 3.7 2
35.95 3.75 2
35.9 3.8 2
35.85 3.85 2
35.8 3.9 2
35.75 3.95 2
35.7 3.95 2
35.65 3.95 2
35.6 3.95 2
35.55 3.95 2
35.5 3.95 2
35.45 3.95 2
35.4 3.95 2
35.35 4 2
35.3 4 2
35.25 4 2
35.2 4 2
35.15 4.05 2
35.1 4.05 2
35.05 4.05 2
35 4.05 2
34.95 4.1 2
34.9 4.1 2
34.85 4.1 2
34.8 4.1 2
34.75 4.15 2
34.7 4.15 2
34.65 4.2 2
34.6 4.25 2
34.55 4.3 2
34.5 4.35 2
34.45 4.4 2
34.4 4.45 2
34.35 4.5 2
34.3 4.55 2
34.25 4.6 2
34.2 4.65 2
34.15 4.7 2
34.1 4.75 2
34.05 4.8 2
34 4.85 2
33.95 4.9 2
33.9 4.95 2
33.85 5 2
33.8 5.05 2
33.75 5.1 2
33.7 5.15 2
33.65 5.2 2
33.6 5.25 2
33.55 5.3 2
33.5 5.35 2
33.45 5.4 2
33.4 5.45 2
33.35 5.5 2
33.3 5.55 2
33.25 5.6 2
33.2 5.65 2
33.15 5.7 2
33.1 5.75 2
33.05 5.8 2
33 5.85 2
32.95 5.9 2
32.9 5.95 2
32.85 6 2
32.8 6.05 2
32.75 6.1 2
32.7 6.15 2
32.65 6.2 2
32.6 6.25 2
32.55 6.3 2
32.5 6.35 2
32.45 6.4 2
32.4 6.45 2
32.35 6.5 2
32.3 6.55 2
32.25 6.6 2
32.2 6.65 2
32.15 6.7 2
32.15 6.75 2
32.1 6.8 2
32.05 6.85 2
32 6.9 2
31.95 6.95 2
31.9 7 2
31.85 7.05 2
31.8 7.1 2
31.75 7.15 2
31.7 7.2 2
31.65 7.25 2
31.6 7.3 2
31.55 7.35 2
31.5 7.4 2
31.45 7.45 2
31.4 7.5 2
31.35 7.55 2
31.3 7.6 2
31.25 7.65 2
31.2 7.7 2
31.15 7.75 2
31.15 7.8 2
31.1 7.85 2
31.05 7.9 2
31 7.95 2
30.95 8 2
30.9 8.05 2
30.85 8.1 2
30.85 8.15 2
30.85 8.2 2
30.85 8.25 2
30.85 8.3 2
30.8 8.35 2
30.75 8.4 2
30.7 8.45 2
30.65 8.5 2
30.6 8.55 2
30.55 8.6 2
30.5 8.65 2
30.45 8.7 2
30.4 8.75 2
30.35 8.8 2
30.3 8.85 2
30.25 8.9 2
30.2 8.95 2
30.15 9 2
30.15 9.05 2
30.15 9.1 2
30.1 9.15 2
30.05 9.2 2
30 9.25 2
30 9.3 2
30 9.35 2
30 9.4 2
30 9.45 2
30 9.5 2
30 9.55 2
30 9.6 2
30 9.65 2
30 9.7 2
30 9.75 2
30 9.8 2
30 9.85 2
30 9.9 2
30 9.95 2
30 10 2
30 10.05 2
30 10.1 2
30 10.15 2
30 10.2 2
30 10.25 2
30 10.3 2
30 10.35 2
29.95 10.4 2
29.9 10.45 2
29.9 10.5 2
29.85 10.55 2
29.8 10.6 2
29.8 10.65 2
29.8 10.7 2
29.8 10.75 2
29.8 10.8 2
29.75 10.85 2
29.75 10.9 2
29.75 10.95 2
29.75 11 2
29.75 11.05 2
29.75 11.1 2
29.75 11.15 2
29.75 11.2 2
29.75 11.25 2
29.7 11.3 2
29.7 11.35 2
29.7 11.4 2
29.7 11.45 2
29.7 11.5 2
29.65 11.55 2
29.6 11.6 2
29.55 11.65 2
29.5 11.7 2
29.45 11.75 2
29.4 11.8 2
29.35 11.85 2
29.35 11.9 2
29.35 11.95 2
29.35 12 2
29.35 12.05 2
29.35 12.1 2
29.35 12.15 2
29.35 12.2 2
29.35 12.25 2
29.35 12.3 2
29.3 12.35 2
29.25 12.4 2
29.25 12.45 2
29.25 12.5 2
29.25 12.55 2
29.25 12.6 2
29.25 12.65 2
29.25 12.7 2
29.25 12.75 2
29.25 12.8 2
29.25 12.85 2
29.25 12.9 2
29.25 12.95 2
29.25 13 2
29.25 13.05 2
29.25 13.1 2
29.25 13.15 2
29.25 13.2 2
29.25 13.25 2
29.25 13.3 2
29.25 13.35 2
29.25 13.4 2
29.25 13.45 2
29.25 13.5 2
29.25 13.55 2
29.25 13.6 2
29.25 13.65 2
29.25 13.7 2
29.25 13.75 2
29.25 13.8 2
29.25 13.85 2
29.25 13.9 2
29.25 13.95 2
29.2 14 2
29.15 14.05 2
29.1 14.1 2
29.05 14.15 2
29 14.2 2
28.95 14.25 2
28.9 14.3 2
28.85 14.35 2
28.8 14.4 2
28.75 14.45 2
28.75 14.5 2
28.75 14.55 2
28.75 14.6 2
28.75 14.65 2
28.75 14.7 2
28.75 14.75 2
28.75 14.8 2
28.75 14.85 2
28.75 14.9 2
28.75 14.95 2
28.75 15 2
28.75 15.05 2
28.75 15.1 2
28.75 15.15 2
28.75 15.2 2
28.75 15.25 2
28.75 15.3 2
28.75 15.35 2
28.75 15.4 2
28.75 15.45 2
28.75 15.5 2
28.75 15.55 2
28.75 15.6 2
28.75 15.65 2
28.75 15.7 2
28.75 15.75 2
28.75 15.8 2
28.75 15.85 2
28.75 15.9 2
28.75 15.95 2
28.75 16 2
28.75 16.05 2
28.75 16.1 2
28.75 16.15 2
28.75 16.2 2
28.75 16.25 2
28.75 16.3 2
28.75 16.35 2
28.75 16.4 2
28.75 16.45 2
28.75 16.5 2
28.75 16.55 2
28.75 16.6 2
28.75 16.65 2
28.75 16.7 2
28.75 16.75 2
28.75 16.8 2
28.75 16.85 2
28.75 16.9 2
28.75 16.95 2
28.75 17 2
28.75 17.05 2
28.75 17.1 2
28.75 17.15 2
28.75 17.2 2
28.75 17.25 2
28.75 17.3 2
28.75 17.35 2
28.75 17.4 2
28.75 17.45 2
28.75 17.5 2
28.75 17.55 2
28.75 17.6 2
28.75 17.65 2
28.75 17.7 2
28.75 17.75 2
28.75 17.8 2
28.75 17.85 2
28.75 17.9 2
28.75 17.95 2
28.75 18 2
28.75 18.05 2
28.75 18.1 2
28.75 18.15 2
28.75 18.2 2
28.75 18.25 2
28.75 18.3 2
28.75 18.35 2
28.75 18.4 2
28.75 18.45 2
28.75 18.5 2
28.75 18.55 2
28.75 18.6 2
28.75 18.65 2
28.75 18.7 2
28.75 18.75 2
28.75 18.8 2
28.75 18.85 2
28.75 18.9 2
28.75 18.95 2
28.75 19 2
28.75 19.05 2
28.75 19.1 2
28.75 19.15 2
28.75 19.2 2
28.75 19.25 2
28.75 19.3 2
28.75 19.35 2
28.75 19.4 2
28.75 19.45 2
28.75 19.5 2
28.75 19.55 2
28.75 19.6 2
28.75 19.65 2
28.75 19.7 2
28.75 19.75 2
28.75 19.8 2
28.75 19.85 2
28.75 19.9 2
28.75 19.95 2
28.75 20 2
28.75 20.05 2
28.75 20.1 2
28.75 20.15 2
28.75 20.2 2
28.7 20.25 2
28.65 20.3 2
28.6 20.35 2
28.55 20.4 2
28.5 20.45 2
28.45 20.5 2
28.4 20.55 2
28.35 20.6 2
28.3 20.65 2
28.25 20.7 2
28.2 20.75 2
28.15 20.8 2
28.1 20.85 2
28.05 20.9 2
28 20.95 2
27.95 21 2
27.9 21.05 2
27.85 21.1 2
27.8 21.15 2
27.75 21.2 2
27.7 21.25 2
27.65 21.3 2
27.6 21.35 2
27.55 21.4 2
27.5 21.45 2
27.45 21.5 2
27.4 21.55 2
27.35 21.6 2
27.3 21.65 2
27.25 21.7 2
27.2 21.75 2
27.15 21.8 2
27.1 21.85 2
27.05 21.9 2
27 21.95 2
26.95 22 2
26.9 22.05 2
26.85 22.1 2
26.8 22.15 2
26.75 22.2 2
26.7 22.25 2
26.65 22.3 2
26.6 22.35 2
26.55 22.4 2
26.5 22.45 2
26.45 22.5 2
26.4 22.55 2
26.35 22.6 2
26.3 22.65 2
26.25 22.7 2
26.2 22.75 2
26.15 22.8 2
26.1 22.85 2
26.05 22.9 2
26 22.95 2
25.95 23 2
25.9 23.05 2
25.85 23.1 2
25.8 23.15 2
25.75 23.2 2
25.7 23.25 2
25.65 23.3 2
25.6 23.35 2
25.55 23.4 2
25.5 23.45 2
25.45 23.5 2
25.4 23.55 2
25.35 23.6 2
25.3 23.65 2
25.25 23.7 2
25.2 23.75 2
25.15 23.8 2
25.1 23.85 2
25.05 23.9 2
25 23.95 2
24.95 24 2
24.9 24.05 2
24.85 24.1 2
24.8 24.15 2
24.75 24.2 2
24.7 24.25 2
24.65 24.3 2
24.6 24.35 2
24.55 24.4 2
24.5 24.45 2
24.45 24.5 2
24.4 24.55 2
24.35 24.6 2
24.3 24.65 2
24.25 24.7 2
24.2 24.75 2
24.15 24.8 2
24.1 24.85 2
24.05 24.9 2
24 24.95 2
23.95 25 2
23.9 25.05 2
23.85 25.1 2
23.8 25.15 2
23.75 25.2 2
23.7 25.25 2
23.65 25.3 2
23.6 25.35 2
23.55 25.4 2
23.5 25.45 2
23.45 25.5 2
23.4 25.55 2
23.35 25.6 2
23.3 25.65 2
23.3 25.7 2
23.3 25.75 2
23.3 25.8 2
23.3 25.85 2
23.3 25.9 2
23.3 25.95 2
23.3 26 2
23.3 26.05 2
23.3 26.1 2
23.3 26.15 2
23.3 26.2 2
23.3 26.25 2
23.3 26.3 2
23.3 26.35 2
23.3 26.4 2
23.3 26.45 2
23.3 26.5 2
23.3 26.55 2
23.3 26.6 2
23.3 26.65 2
23.3 26.7 2
23.3 26.75 2
23.3 26.8 2
23.3 26.85 2
23.3 26.9 2
23.3 26.95 2
23.3 27 2
23.3 27.05 2
23.3 27.1 2
23.3 27.15 2
23.3 27.2 2
23.3 27.25 2
23.3 27.3 2
23.3 27.35 2
23.3 27.4 2
23.3 27.45 2
23.3 27.5 2
23.3 27.55 2
23.3 27.6 2
23.3 27.65 2
23.3 27.7 2
23.3 27.75 2
23.3 27.8 2
23.3 27.85 2
23.3 27.9 2
23.3 27.95 2
23.3 28 2
23.3 28.05 2
23.3 28.1 2
23.3 28.15 2
23.3 28.2 2
23.3 28.25 2
23.3 28.3 2
23.3 28.35 2
23.3 28.4 2
23.3 28.45 2
23.3 28.5 2
23.3 28.55 2
23.3 28.6 2
23.3 28.65 2
23.3 28.7 2
23.3 28.75 2
23.3 28.8 2
23.3 28.85 2
23.3 28.9 2
23.3 28.95 2
23.3 29 2
23.3 29.05 2
23.3 29.1 2
23.3 29.15 2
23.3 29.2 2
23.3 29.25 2
23.3 29.3 2
23.3 29.35 2
23.3 29.4 2
23.25 29.45 2
23.2 29.5 2
23.15 29.55 2
23.1 29.6 2
23.05 29.65 2
23 29.7 2
22.95 29.75 2
22.9 29.8 2
22.85 29.85 2
22.8 29.9 2
22.75 29.95 2
22.7 30 2
22.65 30.05 2
22.6 30.1 2
22.55 30.15 2
22.5 30.2 2
22.45 30.25 2
22.4 30.3 2
22.35 30.35 2
22.3 30.4 2
22.25 30.45 2
22.2 30.5 2
22.15 30.55 2
22.1 30.6 2
22.05 30.65 2
22 30.7 2
21.95 30.75 2
21.9 30.8 2
21.85 30.85 2
21.8 30.9 2
21.75 30.95 2
21.7 31 2
21.65 31.05 2
21.6 31.1 2
21.55 31.15 2
21.5 31.2 2
21.45 31.25 2
21.4 31.3 2
21.35 31.35 2
21.3 31.4 2
21.25 31.45 2
21.2 31.5 2
21.15 31.55 2
21.1 31.6 2
21.05 31.65 2
21 31.7 2
20.95 31.75 2
20.9 31.8 2
20.85 31.85 2
20.8 31.9 2
20.75 31.95 2
20.7 32 2
20.7 32.05 2
20.7 32.1 2
20.7 32.15 2
20.7 32.2 2
20.7 32.25 2
20.7 32.3 2
20.7 32.35 2
20.7 32.4 2
20.7 32.45 2
20.7 32.5 2
20.7 32.55 2
20.7 32.6 2
20.7 32.65 2
20.7 32.7 2
20.7 32.75 2
20.7 32.8 2
20.7 32.85 2
20.7 32.9 2
20.7 32.95 2
20.7 33 2
20.7 33.05 2
20.7 33.1 2
20.7 33.15 2
20.7 33.2 2
20.7 33.25 2
20.7 33.3 2
20.7 33.35 2
20.7 33.4 2
20.7 33.45 2
20.7 33.5 2
20.7 33.55 2
20.7 33.6 2
20.7 33.65 2
20.7 33.7 2
20.7 33.75 2
20.7 33.8 2
20.7 33.85 2
20.7 33.9 2
20.7 33.95 2
20.7 34 2
20.7 34.05 2
20.7 34.1 2
20.7 34.15 2
20.7 34.2 2
20.7 34.25 2
20.7 34.3 2
20.7 34.35 2
20.7 34.4 2
20.7 34.45 2
20.7 34.5 2
20.7 34.55 2
20.7 34.6 2
20.7 34.65 2
20.7 34.7 2
20.7 34.75 2
20.7 34.8 2
20.7 34.85 2
20.7 34.9 2
20.7 34.95 2
20.7 35 2
20.7 35 0
PATH 19 363
9.85 33 0
9.85 33.05 0
9.85 33.1 0
9.85 33.15 0
9.85 33.2 0
9.85 33.25 0
9.85 33.3 0
9.85 33.35 0
9.85 33.4 0
9.85 33.45 0
9.85 33.5 0
9.85 33.55 0
9.85 33.6 0
9.85 33.65 0
9.85 33.7 0
9.85 33.75 0
9.85 33.8 0
9.85 33.85 0
9.85 33.9 0
9.85 33.95 0
9.85 34 0
9.85 34.05 0
9.85 34.1 0
9.85 34.15 0
9.85 34.2 0
9.85 34.25 0
9.85 34.3 0
9.85 34.35 0
9.85 34.4 0
9.85 34.45 0
9.85 34.5 0
9.85 34.55 0
9.85 34.6 0
9.85 34.65 0
9.85 34.7 0
9.85 34.75 0
9.85 34.8 0
9.85 34.85 0
9.85 34.9 0
9.85 34.95 0
9.85 35 0
9.85 35.05 0
9.85 35.1 0
9.85 35.15 0
9.85 35.2 0
9.85 35.25 0
9.85 35.3 0
9.85 35.35 0
9.85 35.4 0
9.85 35.45 0
9.85 35.5 0
9.85 35.55 0
9.85 35.6 0
9.85 35.65 0
9.85 35.7 0
9.85 35.75 0
9.85 35.8 0
9.85 35.85 0
9.85 35.9 0
9.85 35.95 0
9.85 36 0
9.85 36.05 0
9.85 36.1 0
9.85 36.15 0
9.85 36.2 0
9.85 36.25 0
9.85 36.3 0
9.85 36.35 0
9.85 36.4 0
9.85 36.45 0
9.85 36.5 0
9.85 36.55 0
9.85 36.6 0
9.85 36.65 0
9.85 36.7 0
9.85 36.75 0
9.85 36.8 0
9.85 36.85 0
9.85 36.9 0
9.85 36.95 0
9.85 37 0
9.85 37.05 0
9.85 37.1 0
9.85 37.15 0
9.85 37.2 0
9.85 37.25 0
9.85 37.3 0
9.85 37.35 0
9.85 37.4 0
9.85 37.45 0
9.85 37.5 0
9.85 37.55 0
9.85 37.6 0
9.85 37.65 0
9.85 37.7 0
9.85 37.75 0
9.85 37.8 0
9.85 37.85 0
9.85 37.9 0
9.85 37.95 0
9.85 38 0
9.85 38.05 0
9.85 38.1 0
9.85 38.15 0
9.85 38.2 0
9.85 38.25 0
9.85 38.3 0
9.85 38.35 0
9.85 38.4 0
9.85 38.45 0
9.85 38.5 0
9.85 38.55 0
9.85 38.6 0
9.85 38.65 0
9.85 38.7 0
9.85 38.75 0
9.85 38.8 0
9.85 38.85 0
9.85 38.9 0
9.85 38.95 0
9.85 39 0
9.85 39.05 0
9.85 39.1 0
9.85 39.15 0
9.85 39.2 0
9.85 39.25 0
9.85 39.3 0
9.85 39.35 0
9.85 39.4 0
9.85 39.45 0
9.85 39.5 0
9.85 39.55 0
9.85 39.6 0
9.85 39.65 0
9.85 39.7 0
9.85 39.75 0
9.85 39.8 0
9.85 39.85 0
9.85 39.9 0
9.85 39.95 0
9.85 40 0
9.85 40.05 0
9.85 40.1 0
9.85 40.15 0
9.85 40.2 0
9.85 40.25 0
9.85 40.3 0
9.85 40.35 0
9.85 40.4 0
9.85 40.45 0
9.85 40.5 0
9.85 40.55 0
9.85 40.6 0
9.85 40.65 0
9.85 40.7 0
9.85 40.75 0
9.85 40.8 0
9.85 40.85 0
9.85 40.9 0
9.85 40.95 0
9.85 41 0
9.85 41.05 0
9.85 41.1 0
9.85 41.15 0
9.85 41.2 0
9.85 41.25 0
9.85 41.3 0
9.85 41.35 0
9.85 41.4 0
9.85 41.45 0
9.85 41.5 0
9.85 41.55 0
9.85 41.6 0
9.85 41.65 0
9.85 41.7 0
9.85 41.75 0
9.85 41.8 0
9.85 41.85 0
9.85 41.9 0
9.85 41.95 0
9.85 42 0
9.85 42.05 0
9.85 42.1 0
9.85 42.15 0
9.85 42.2 0
9.85 42.25 0
9.85 42.3 0
9.85 42.35 0
9.85 42.4 0
9.85 42.45 0
9.85 42.5 0
9.85 42.55 0
9.85 42.6 0
9.85 42.65 0
9.85 42.7 0
9.85 42.75 0
9.85 42.8 0
9.85 42.85 0
9.85 42.9 0
9.85 42.95 0
9.85 43 0
9.85 43.05 0
9.85 43.1 0
9.85 43.15 0
9.85 43.2 0
9.85 43.25 0
9.85 43.3 0
9.85 43.35 0
9.85 43.4 0
9.85 43.45 0
9.85 43.5 0
9.85 43.55 0
9.85 43.6 0
9.85 43.6 2
9.8 43.65 2
9.75 43.7 2
9.75 43.75 2
9.75 43.8 2
9.75 43.85 2
9.7 43.9 2
9.65 43.95 2
9.6 44 2
9.55 44.05 2
9.55 44.1 2
9.5 44.15 2
9.45 44.2 2
9.4 44.25 2
9.35 44.3 2
9.3 44.35 2
9.25 44.4 2
9.2 44.45 2
9.15 44.5 2
9.1 44.55 2
9.05 44.6 2
9 44.65 2
9 44.7 2
9 44.75 2
9 44.8 2
9 44.85 2
9 44.9 2
8.95 44.95 2
8.9 45 2
8.9 45.05 2
8.85 45.1 2
8.8 45.15 2
8.75 45.2 2
8.7 45.25 2
8.65 45.3 2
8.6 45.35 2
8.55 45.4 2
8.55 45.45 2
8.55 45.5 2
8.55 45.55 2
8.5 45.6 2
8.45 45.65 2
8.45 45.7 2
8.45 45.75 2
8.45 45.8 2
8.45 45.85 2
8.45 45.9 2
8.45 45.95 2
8.45 46 2
8.45 46.05 2
8.45 46.1 2
8.45 46.15 2
8.45 46.2 2
8.4 46.25 2
8.35 46.3 2
8.35 46.35 2
8.35 46.4 2
8.35 46.45 2
8.35 46.5 2
8.35 46.55 2
8.35 46.6 2
8.35 46.65 2
8.35 46.7 2
8.35 46.75 2
8.35 46.8 2
8.35 46.85 2
8.35 46.9 2
8.35 46.95 2
8.35 47 2
8.35 47.05 2
8.35 47.1 2
8.35 47.15 2
8.3 47.2 2
8.25 47.25 2
8.25 47.3 2
8.25 47.35 2
8.25 47.4 2
8.25 47.45 2
8.25 47.5 2
8.25 47.55 2
8.2 47.6 2
8.2 47.65 2
8.2 47.7 2
8.2 47.75 2
8.15 47.8 2
8.15 47.85 2
8.15 47.9 2
8.15 47.95 2
8.1 48 2
8.05 48.05 2
8.05 48.1 2
8.05 48.15 2
8 48.2 2
7.95 48.25 2
7.95 48.3 2
7.95 48.35 2
7.95 48.4 2
7.95 48.45 2
7.95 48.5 2
7.95 48.55 2
7.95 48.6 2
7.95 48.65 2
7.95 48.7 2
7.95 48.75 2
7.95 48.8 2
7.95 48.85 2
7.95 48.9 2
7.95 48.95 2
7.9 49 2
7.85 49.05 2
7.85 49.1 2
7.85 49.15 2
7.85 49.2 2
7.85 49.25 2
7.85 49.3 2
7.85 49.35 2
7.85 49.4 2
7.85 49.45 2
7.85 49.5 2
7.85 49.55 2
7.85 49.6 2
7.85 49.65 2
7.85 49.7 2
7.85 49.75 2
7.85 49.8 2
7.85 49.85 2
7.85 49.9 2
7.85 49.95 2
7.8 50 2
7.75 50.05 2
7.7 50.1 2
7.65 50.15 2
7.6 50.2 2
7.55 50.25 2
7.55 50.3 2
7.55 50.35 2
7.55 50.4 2
7.5 50.45 2
7.45 50.5 2
7.4 50.55 2
7.35 50.6 2
7.3 50.65 2
7.25 50.7 2
7.2 50.75 2
7.15 50.8 2
7.1 50.85 2
7.05 50.9 2
7 50.95 2
7 51 2
7 51 0
PATH 19 183
8.25 24 0
8.25 24.05 0
8.25 24.1 0
8.25 24.15 0
8.25 24.2 0
8.25 24.25 0
8.25 24.3 0
8.25 24.35 0
8.25 24.4 0
8.2 24.45 0
8.2 24.5 0
8.2 24.55 0
8.2 24.6 0
8.2 24.65 0
8.2 24.7 0
8.2 24.75 0
8.2 24.8 0
8.2 24.85 0
8.2 24.9 0
8.2 24.95 0
8.2 25 0
8.2 25.05 0
8.2 25.1 0
8.2 25.15 0
8.2 25.2 0
8.2 25.25 0
8.2 25.3 0
8.2 25.35 0
8.2 25.4 0
8.2 25.45 0
8.2 25.5 0
8.2 25.55 0
8.2 25.6 0
8.2 25.65 0
8.2 25.7 0
8.2 25.75 0
8.2 25.8 0
8.2 25.85 0
8.2 25.9 0
8.2 25.95 0
8.2 26 0
8.2 26.05 0
8.2 26.1 0
8.2 26.15 0
8.2 26.2 0
8.2 26.25 0
8.2 26.3 0
8.2 26.35 0
8.2 26.4 0
8.2 26.45 0
8.2 26.5 0
8.2 26.55 0
8.2 26.6 0
8.2 26.65 0
8.2 26.7 0
8.2 26.75 0
8.2 26.8 0
8.2 26.85 0
8.2 26.9 0
8.2 26.95 0
8.2 27 0
8.2 27.05 0
8.2 27.1 0
8.2 27.15 0
8.2 27.2 0
8.2 27.25 0
8.2 27.3 0
8.2 27.35 0
8.2 27.4 0
8.2 27.45 0
8.2 27.5 0
8.2 27.55 0
8.2 27.6 0
8.2 27.65 0
8.2 27.7 0
8.2 27.75 0
8.2 27.8 0
8.2 27.85 0
8.2 27.9 0
8.2 27.95 0
8.2 28 0
8.2 28.05 0
8.2 28.1 0
8.2 28.15 0
8.2 28.2 0
8.2 28.25 0
8.2 28.3 0
8.2 28.35 0
8.2 28.4 0
8.2 28.45 0
8.2 28.5 0
8.2 28.55 0
8.2 28.6 0
8.2 28.65 0
8.2 28.7 0
8.2 28.75 0
8.2 28.8 0
8.2 28.85 0
8.2 28.9 0
8.2 28.95 0
8.2 29 0
8.2 29.05 0
8.2 29.1 0
8.2 29.15 0
8.2 29.2 0
8.2 29.25 0
8.2 29.3 0
8.2 29.35 0
8.2 29.4 0
8.2 29.45 0
8.2 29.5 0
8.2 29.55 0
8.2 29.6 0
8.2 29.65 0
8.2 29.7 0
8.2 29.75 0
8.2 29.8 0
8.2 29.85 0
8.2 29.9 0
8.2 29.95 0
8.2 30 0
8.2 30.05 0
8.2 30.1 0
8.2 30.15 0
8.2 30.2 0
8.2 30.25 0
8.2 30.3 0
8.2 30.35 0
8.2 30.4 0
8.2 30.45 0
8.2 30.5 0
8.2 30.55 0
8.2 30.6 0
8.2 30.65 0
8.2 30.7 0
8.2 30.75 0
8.2 30.8 0
8.2 30.85 0
8.2 30.9 0
8.2 30.95 0
8.2 31 0
8.2 31.05 0
8.2 31.1 0
8.2 31.15 0
8.2 31.2 0
8.25 31.25 0
8.3 31.3 0
8.35 31.35 0
8.35 31.35 2
8.4 31.4 2
8.4 31.45 2
8.4 31.5 2
8.45 31.55 2
8.5 31.6 2
8.55 31.65 2
8.6 31.7 2
8.65 31.75 2
8.7 31.8 2
8.75 31.85 2
8.8 31.9 2
8.85 31.95 2
8.85 32 2
8.9 32.05 2
8.95 32.1 2
9 32.15 2
9.05 32.2 2
9.1 32.25 2
9.15 32.3 2
9.2 32.35 2
9.25 32.4 2
9.3 32.45 2
9.35 32.5 2
9.4 32.55 2
9.45 32.6 2
9.5 32.65 2
9.55 32.7 2
9.6 32.75 2
9.65 32.8 2
9.7 32.85 2
9.75 32.9 2
9.8 32.95 2
9.85 33 2
9.85 33 0
PATH 19 81
9.85 20 0
9.8 20.05 0
9.75 20.1 0
9.7 20.15 0
9.7 20.2 0
9.65 20.25 0
9.65 20.3 0
9.65 20.35 0
9.65 20.4 0
9.65 20.45 0
9.65 20.5 0
9.65 20.55 0
9.65 20.6 0
9.65 20.65 0
9.65 20.7 0
9.65 20.75 0
9.65 20.8 0
9.65 20.85 0
9.65 20.9 0
9.65 20.95 0
9.6 21 0
9.55 21.05 0
9.5 21.1 0
9.45 21.15 0
9.4 21.2 0
9.4 21.25 0
9.4 21.3 0
9.4 21.35 0
9.4 21.4 0
9.4 21.45 0
9.4 21.5 0
9.4 21.55 0
9.4 21.6 0
9.4 21.65 0
9.4 21.7 0
9.4 21.75 0
9.4 21.8 0
9.35 21.85 0
9.3 21.9 0
9.25 21.95 0
9.2 22 0
9.15 22.05 0
9.1 22.1 0
9.05 22.15 0
9 22.2 0
8.95 22.25 0
8.95 22.3 0
8.95 22.35 0
8.95 22.4 0
8.95 22.45 0
8.95 22.5 0
8.95 22.55 0
8.95 22.6 0
8.95 22.65 0
8.95 22.7 0
8.9 22.75 0
8.85 22.8 0
8.8 22.85 0
8.75 22.9 0
8.7 22.95 0
8.65 23 0
8.6 23.05 0
8.55 23.1 0
8.5 23.15 0
8.45 23.2 0
8.4 23.25 0
8.35 23.3 0
8.3 23.35 0
8.25 23.4 0
8.25 23.45 0
8.25 23.5 0
8.25 23.55 0
8.25 23.6 0
8.25 23.65 0
8.25 23.7 0
8.25 23.75 0
8.25 23.8 0
8.25 23.85 0
8.25 23.9 0
8.25 23.95 0
8.25 24 0
PATH 19 105
14.85 20 0
14.8 20 0
14.75 20 0
14.7 20 0
14.65 20.05 0
14.6 20.1 0
14.55 20.15 0
14.5 20.2 0
14.45 20.25 0
14.4 20.3 0
14.35 20.35 0
14.3 20.4 0
14.25 20.45 0
14.2 20.5 0
14.15 20.55 0
14.1 20.6 0
14.05 20.65 0
14 20.7 0
13.95 20.75 0
13.9 20.8 0
13.85 20.8 0
13.8 20.8 0
13.75 20.8 0
13.7 20.8 0
13.65 20.8 0
13.6 20.8 0
13.55 20.8 0
13.5 20.8 0
13.45 20.8 0
13.4 20.8 0
13.35 20.8 0
13.3 20.8 0
13.25 20.8 0
13.2 20.8 0
13.15 20.8 0
13.1 20.8 0
13.05 20.8 0
13 20.8 0
12.95 20.8 0
12.9 20.8 0
12.85 20.8 0
12.8 20.8 0
12.75 20.8 0
12.7 20.8 0
12.65 20.8 0
12.6 20.8 0
12.55 20.8 0
12.5 20.8 0
12.45 20.8 0
12.4 20.8 0
12.35 20.8 0
12.3 20.8 0
12.25 20.8 0
12.2 20.8 0
12.15 20.8 0
12.1 20.8 0
12.05 20.8 0
12 20.8 0
11.95 20.8 0
11.9 20.8 0
11.85 20.8 0
11.8 20.8 0
11.75 20.8 0
11.7 20.8 0
11.65 20.8 0
11.6 20.8 0
11.55 20.8 0
11.5 20.8 0
11.45 20.8 0
11.4 20.8 0
11.35 20.8 0
11.3 20.8 0
11.25 20.8 0
11.2 20.8 0
11.15 20.8 0
11.1 20.8 0
11.05 20.8 0
11 20.8 0
10.95 20.8 0
10.9 20.8 0
10.85 20.8 0
10.8 20.8 0
10.75 20.8 0
10.7 20.8 0
10.65 20.8 0
10.6 20.8 0
10.55 20.8 0
10.5 20.8 0
10.45 20.8 0
10.4 20.8 0
10.35 20.8 0
10.3 20.8 0
10.25 20.8 0
10.2 20.8 0
10.15 20.8 0
10.1 20.8 0
10.05 20.8 0
10 20.8 0
9.95 20.8 0
9.9 20.8 0
9.85 20.8 0
9.8 20.8 0
9.75 20.8 0
9.7 20.8 0
9.65 20.8 0
PATH 19 87
14.45 25.1 0
14.4 25.05 0
14.35 25 0
14.3 24.95 0
14.3 24.9 0
14.25 24.85 0
14.25 24.8 0
14.25 24.75 0
14.25 24.7 0
14.25 24.65 0
14.25 24.6 0
14.25 24.55 0
14.2 24.5 0
14.2 24.45 0
14.2 24.4 0
14.2 24.35 0
14.2 24.3 0
14.2 24.25 0
14.2 24.2 0
14.2 24.15 0
14.2 24.1 0
14.2 24.05 0
14.2 24 0
14.2 23.95 0
14.2 23.9 0
14.2 23.85 0
14.2 23.8 0
14.2 23.75 0
14.2 23.7 0
14.15 23.65 0
14.1 23.6 0
14.1 23.55 0
14.1 23.5 0
14.1 23.45 0
14.1 23.4 0
14.1 23.35 0
14.05 23.3 0
14 23.25 0
14 23.2 0
14 23.15 0
14 23.1 0
14 23.05 0
14 23 0
14 22.95 0
14 22.9 0
14 22.85 0
14 22.8 0
14 22.75 0
14 22.7 0
14 22.65 0
14 22.6 0
14 22.55 0
14 22.5 0
14 22.45 0
14 22.4 0
14 22.35 0
14 22.3 0
14 22.25 0
14 22.2 0
14 22.15 0
14 22.1 0
14 22.05 0
14 22 0
14 21.95 0
14 21.9 0
14 21.85 0
14 21.8 0
14 21.75 0
14 21.7 0
14 21.65 0
14 21.6 0
14 21.55 0
14 21.5 0
14 21.45 0
14 21.4 0
14 21.35 0
14 21.3 0
13.95 21.25 0
13.95 21.2 0
13.95 21.15 0
13.95 21.1 0
13.95 21.05 0
13.95 21 0
13.95 20.95 0
13.95 20.9 0
13.95 20.85 0
13.9 20.8 0
PATH 19 825
48.8 69 0
48.75 68.95 0
48.7 68.9 0
48.65 68.85 0
48.6 68.8 0
48.55 68.75 0
48.5 68.7 0
48.45 68.65 0
48.4 68.6 0
48.35 68.55 0
48.3 68.5 0
48.25 68.45 0
48.2 68.4 0
48.15 68.35 0
48.1 68.3 0
48.05 68.25 0
48 68.2 0
47.95 68.15 0
47.9 68.1 0
47.85 68.05 0
47.8 68 0
47.75 67.95 0
47.7 67.9 0
47.65 67.85 0
47.6 67.8 0
47.55 67.75 0
47.5 67.7 0
47.45 67.65 0
47.4 67.6 0
47.35 67.55 0
47.3 67.5 0
47.25 67.45 0
47.2 67.4 0
47.15 67.35 0
47.1 67.3 0
47.05 67.25 0
47 67.2 0
46.95 67.15 0
46.9 67.1 0
46.85 67.05 0
46.8 67 0
46.75 66.95 0
46.7 66.9 0
46.65 66.85 0
46.6 66.8 0
46.55 66.75 0
46.5 66.7 0
46.45 66.65 0
46.4 66.6 0
46.35 66.55 0
46.3 66.5 0
46.25 66.45 0
46.2 66.4 0
46.15 66.35 0
46.1 66.3 0
46.05 66.25 0
46 66.2 0
45.95 66.15 0
45.9 66.1 0
45.85 66.1 0
45.8 66.1 0
45.75 66.1 0
45.75 66.1 2
45.7 66.05 2
45.65 66 2
45.6 66 2
45.55 66 2
45.5 66 2
45.45 66 2
45.4 66 2
45.35 66 2
45.3 65.95 2
45.25 65.95 2
45.2 65.9 2
45.15 65.85 2
45.1 65.8 2
45.05 65.75 2
45 65.75 2
44.95 65.75 2
44.9 65.75 2
44.85 65.75 2
44.8 65.75 2
44.75 65.7 2
44.7 65.7 2
44.65 65.7 2
44.6 65.7 2
44.55 65.7 2
44.5 65.7 2
44.45 65.7 2
44.4 65.7 2
44.35 65.7 2
44.3 65.7 2
44.25 65.65 2
44.2 65.6 2
44.15 65.55 2
44.1 65.5 2
44.05 65.45 2
44 65.4 2
43.95 65.35 2
43.9 65.3 2
43.85 65.25 2
43.8 65.2 2
43.75 65.15 2
43.7 65.1 2
43.65 65.05 2
43.6 65.05 2
43.55 65.05 2
43.5 65.05 2
43.45 65.05 2
43.4 65.05 2
43.35 65.05 2
43.3 65.05 2
43.25 65.05 2
43.2 65.05 2
43.15 65.05 2
43.1 65.05 2
43.05 65.05 2
43 65.05 2
42.95 65.05 2
42.9 65.05 2
42.85 65.05 2
42.8 65.05 2
42.75 65 2
42.7 64.95 2
42.65 64.9 2
42.6 64.85 2
42.55 64.8 2
42.5 64.75 2
42.45 64.7 2
42.4 64.65 2
42.35 64.6 2
42.3 64.55 2
42.25 64.5 2
42.2 64.45 2
42.15 64.4 2
42.1 64.35 2
42.05 64.3 2
42 64.25 2
41.95 64.2 2
41.9 64.15 2
41.85 64.1 2
41.8 64.05 2
41.75 64 2
41.7 63.95 2
41.65 63.9 2
41.6 63.85 2
41.55 63.8 2
41.5 63.75 2
41.45 63.7 2
41.4 63.65 2
41.35 63.6 2
41.3 63.55 2
41.25 63.5 2
41.2 63.45 2
41.15 63.4 2
41.1 63.35 2
41.05 63.3 2
41 63.25 2
40.95 63.2 2
40.9 63.15 2
40.85 63.1 2
40.8 63.1 2
40.75 63.1 2
40.7 63.1 2
40.65 63.1 2
40.6 63.1 2
40.55 63.1 2
40.5 63.1 2
40.45 63.1 2
40.4 63.1 2
40.35 63.1 2
40.3 63.1 2
40.25 63.1 2
40.2 63.05 2
40.15 63 2
40.1 62.95 2
40.05 62.9 2
40 62.85 2
39.95 62.8 2
39.9 62.75 2
39.85 62.7 2
39.8 62.65 2
39.75 62.6 2
39.7 62.55 2
39.65 62.5 2
39.6 62.45 2
39.55 62.4 2
39.5 62.35 2
39.45 62.3 2
39.4 62.25 2
39.35 62.2 2
39.3 62.15 2
39.25 62.1 2
39.2 62.05 2
39.15 62 2
39.1 61.95 2
39.05 61.9 2
39 61.85 2
38.95 61.8 2
38.9 61.75 2
38.85 61.7 2
38.8 61.65 2
38.75 61.6 2
38.7 61.55 2
38.65 61.5 2
38.6 61.45 2
38.55 61.4 2
38.5 61.35 2
38.45 61.3 2
38.4 61.25 2
38.35 61.2 2
38.3 61.15 2
38.25 61.1 2
38.2 61.05 2
38.15 61 2
38.1 60.95 2
38.05 60.9 2
38 60.85 2
37.95 60.8 2
37.9 60.75 2
37.85 60.7 2
37.8 60.65 2
37.75 60.6 2
37.7 60.55 2
37.65 60.5 2
37.6 60.45 2
37.55 60.4 2
37.5 60.35 2
37.45 60.3 2
37.4 60.25 2
37.35 60.2 2
37.3 60.15 2
37.25 60.15 2
37.2 60.15 2
37.15 60.15 2
37.1 60.15 2
37.05 60.15 2
37 60.15 2
36.95 60.15 2
36.9 60.15 2
36.85 60.15 2
36.8 60.15 2
36.75 60.15 2
36.7 60.15 2
36.65 60.15 2
36.6 60.15 2
36.55 60.15 2
36.5 60.15 2
36.45 60.15 2
36.4 60.15 2
36.35 60.15 2
36.3 60.15 2
36.25 60.15 2
36.2 60.15 2
36.15 60.15 2
36.1 60.15 2
36.05 60.15 2
36 60.15 2
35.95 60.15 2
35.9 60.15 2
35.85 60.15 2
35.8 60.15 2
35.75 60.15 2
35.7 60.15 2
35.65 60.15 2
35.6 60.15 2
35.55 60.15 2
35.5 60.15 2
35.45 60.15 2
35.4 60.15 2
35.35 60.15 2
35.3 60.15 2
35.25 60.15 2
35.2 60.15 2
35.15 60.1 2
35.1 60.1 2
35.05 60.1 2
35 60.1 2
34.95 60.05 2
34.9 60.05 2
34.85 60.05 2
34.8 60.05 2
34.75 60.05 2
34.7 60.05 2
34.65 60.05 2
34.6 60.05 2
34.55 60.05 2
34.5 60 2
34.45 59.95 2
34.4 59.9 2
34.35 59.85 2
34.3 59.8 2
34.25 59.75 2
34.2 59.7 2
34.15 59.65 2
34.1 59.6 2
34.05 59.55 2
34 59.5 2
33.95 59.45 2
33.9 59.4 2
33.85 59.35 2
33.8 59.3 2
33.75 59.25 2
33.7 59.2 2
33.65 59.15 2
33.6 59.1 2
33.55 59.05 2
33.5 59 2
33.45 58.95 2
33.4 58.9 2
33.35 58.85 2
33.3 58.8 2
33.25 58.75 2
33.2 58.7 2
33.15 58.65 2
33.1 58.6 2
33.05 58.55 2
33 58.5 2
32.95 58.45 2
32.9 58.4 2
32.85 58.35 2
32.8 58.3 2
32.75 58.25 2
32.7 58.2 2
32.65 58.15 2
32.6 58.1 2
32.55 58.05 2
32.5 58 2
32.45 57.95 2
32.4 57.9 2
32.35 57.85 2
32.3 57.8 2
32.25 57.75 2
32.2 57.7 2
32.15 57.65 2
32.1 57.6 2
32.05 57.55 2
32 57.5 2
31.95 57.45 2
31.9 57.4 2
31.85 57.35 2
31.8 57.3 2
31.75 57.25 2
31.7 57.2 2
31.65 57.15 2
31.6 57.1 2
31.55 57.05 2
31.5 57 2
31.45 56.95 2
31.4 56.9 2
31.35 56.85 2
31.3 56.8 2
31.25 56.75 2
31.2 56.7 2
31.15 56.65 2
31.1 56.6 2
31.05 56.55 2
31 56.5 2
30.95 56.45 2
30.9 56.4 2
30.85 56.35 2
30.8 56.3 2
30.75 56.25 2
30.7 56.2 2
30.65 56.15 2
30.6 56.1 2
30.55 56.05 2
30.5 56 2
30.45 55.95 2
30.4 55.9 2
30.35 55.85 2
30.3 55.8 2
30.25 55.75 2
30.2 55.7 2
30.15 55.65 2
30.1 55.6 2
30.05 55.55 2
30 55.5 2
29.95 55.45 2
29.9 55.4 2
29.85 55.35 2
29.8 55.3 2
29.75 55.25 2
29.7 55.2 2
29.65 55.15 2
29.6 55.1 2
29.55 55.05 2
29.5 55 2
29.45 54.95 2
29.4 54.9 2
29.35 54.85 2
29.3 54.8 2
29.25 54.75 2
29.2 54.7 2
29.15 54.65 2
29.1 54.6 2
29.05 54.6 2
29 54.6 2
28.95 54.6 2
28.9 54.6 2
28.85 54.55 2
28.8 54.5 2
28.75 54.45 2
28.7 54.45 2
28.65 54.45 2
28.6 54.45 2
28.55 54.45 2
28.5 54.45 2
28.45 54.45 2
28.4 54.45 2
28.35 54.45 2
28.3 54.4 2
28.25 54.4 2
28.2 54.4 2
28.15 54.4 2
28.1 54.4 2
28.05 54.4 2
28 54.4 2
27.95 54.4 2
27.9 54.4 2
27.85 54.4 2
27.8 54.4 2
27.75 54.4 2
27.7 54.4 2
27.65 54.35 2
27.6 54.35 2
27.55 54.35 2
27.5 54.35 2
27.45 54.35 2
27.4 54.35 2
27.35 54.35 2
27.3 54.35 2
27.25 54.35 2
27.2 54.35 2
27.15 54.35 2
27.1 54.35 2
27.05 54.35 2
27 54.35 2
26.95 54.35 2
26.9 54.35 2
26.85 54.35 2
26.8 54.35 2
26.75 54.35 2
26.7 54.35 2
26.65 54.35 2
26.6 54.35 2
26.55 54.35 2
26.5 54.35 2
26.45 54.35 2
26.4 54.35 2
26.35 54.35 2
26.3 54.35 2
26.25 54.35 2
26.2 54.35 2
26.15 54.35 2
26.1 54.35 2
26.05 54.35 2
26 54.35 2
25.95 54.35 2
25.9 54.35 2
25.85 54.35 2
25.8 54.35 2
25.75 54.35 2
25.7 54.35 2
25.65 54.35 2
25.6 54.35 2
25.55 54.35 2
25.5 54.35 2
25.45 54.35 2
25.4 54.35 2
25.35 54.35 2
25.3 54.35 2
25.25 54.35 2
25.2 54.35 2
25.15 54.35 2
25.1 54.35 2
25.05 54.35 2
25 54.35 2
24.95 54.35 2
24.9 54.35 2
24.85 54.35 2
24.8 54.35 2
24.75 54.35 2
24.7 54.35 2
24.7 54.35 0
24.65 54.35 0
24.6 54.35 0
24.55 54.35 0
24.5 54.35 0
24.45 54.35 0
24.4 54.35 0
24.35 54.35 0
24.3 54.35 0
24.25 54.35 0
24.2 54.35 0
24.15 54.35 0
24.1 54.35 0
24.05 54.35 0
24 54.35 0
23.95 54.35 0
23.9 54.35 0
23.85 54.35 0
23.8 54.35 0
23.75 54.35 0
23.7 54.35 0
23.65 54.35 0
23.6 54.35 0
23.55 54.35 0
23.5 54.35 0
23.45 54.35 0
23.4 54.35 0
23.35 54.35 0
23.3 54.35 0
23.25 54.35 0
23.2 54.35 0
23.15 54.35 0
23.1 54.35 0
23.05 54.35 0
23 54.35 0
22.95 54.35 0
22.9 54.35 0
22.85 54.35 0
22.8 54.35 0
22.75 54.35 0
22.7 54.35 0
22.65 54.35 0
22.6 54.35 0
22.55 54.35 0
22.5 54.35 0
22.45 54.35 0
22.4 54.35 0
22.35 54.35 0
22.3 54.35 0
22.25 54.35 0
22.2 54.35 0
22.15 54.35 0
22.1 54.35 0
22.05 54.35 0
22 54.35 0
21.95 54.35 0
21.9 54.35 0
21.85 54.35 0
21.8 54.35 0
21.75 54.35 0
21.7 54.35 0
21.65 54.35 0
21.6 54.35 0
21.55 54.35 0
21.5 54.35 0
21.45 54.35 0
21.4 54.35 0
21.35 54.35 0
21.3 54.35 0
21.25 54.35 0
21.2 54.35 0
21.15 54.35 0
21.1 54.35 0
21.05 54.35 0
21 54.35 0
20.95 54.35 0
20.9 54.35 0
20.85 54.35 0
20.8 54.35 0
20.75 54.35 0
20.7 54.35 0
20.65 54.35 0
20.6 54.35 0
20.55 54.35 0
20.5 54.35 0
20.45 54.35 0
20.4 54.35 0
20.35 54.35 0
20.3 54.35 0
20.25 54.35 0
20.2 54.35 0
20.15 54.35 0
20.1 54.35 0
20.05 54.35 0
20 54.35 0
19.95 54.35 0
19.9 54.35 0
19.85 54.35 0
19.8 54.35 0
19.75 54.35 0
19.7 54.35 0
19.65 54.35 0
19.6 54.35 0
19.55 54.35 0
19.5 54.35 0
19.45 54.35 0
19.4 54.35 0
19.35 54.35 0
19.3 54.35 0
19.25 54.35 0
19.2 54.35 0
19.15 54.35 0
19.1 54.35 0
19.05 54.35 0
19 54.35 0
18.95 54.35 0
18.9 54.35 0
18.85 54.35 0
18.8 54.35 0
18.75 54.35 0
18.7 54.35 0
18.65 54.35 0
18.6 54.35 0
18.55 54.35 0
18.5 54.35 0
18.45 54.35 0
18.4 54.35 0
18.35 54.35 0
18.3 54.35 0
18.25 54.35 0
18.2 54.35 0
18.15 54.35 0
18.1 54.35 0
18.05 54.35 0
18 54.35 0
17.95 54.35 0
17.9 54.35 0
17.85 54.35 0
17.8 54.35 0
17.75 54.35 0
17.7 54.35 0
17.65 54.35 0
17.6 54.3 0
17.6 54.3 2
17.55 54.3 2
17.5 54.3 2
17.45 54.25 2
17.4 54.2 2
17.35 54.15 2
17.3 54.1 2
17.25 54.05 2
17.2 54 2
17.15 54 2
17.1 54 2
17.05 54 2
17 54 2
16.95 54 2
16.9 54 2
16.85 54 2
16.8 54 2
16.75 54 2
16.7 54 2
16.65 54 2
16.6 54 2
16.55 53.95 2
16.5 53.9 2
16.45 53.85 2
16.4 53.8 2
16.35 53.8 2
16.3 53.75 2
16.25 53.75 2
16.2 53.75 2
16.15 53.75 2
16.1 53.75 2
16.05 53.75 2
16 53.75 2
15.95 53.75 2
15.9 53.7 2
15.85 53.7 2
15.8 53.65 2
15.75 53.6 2
15.7 53.6 2
15.65 53.6 2
15.6 53.6 2
15.55 53.6 2
15.5 53.6 2
15.45 53.6 2
15.4 53.6 2
15.35 53.6 2
15.3 53.6 2
15.25 53.6 2
15.2 53.6 2
15.15 53.6 2
15.1 53.6 2
15.05 53.6 2
15 53.6 2
14.95 53.6 2
14.9 53.6 2
14.85 53.6 2
14.8 53.6 2
14.75 53.6 2
14.7 53.6 2
14.65 53.55 2
14.6 53.5 2
14.55 53.45 2
14.5 53.4 2
14.45 53.35 2
14.4 53.3 2
14.35 53.25 2
14.3 53.2 2
14.25 53.15 2
14.2 53.1 2
14.15 53.1 2
14.1 53.1 2
14.05 53.1 2
14 53.1 2
13.95 53.1 2
13.9 53.1 2
13.85 53.1 2
13.8 53.1 2
13.75 53.1 2
13.7 53.1 2
13.65 53.1 2
13.6 53.1 2
13.55 53.1 2
13.5 53.1 2
13.45 53.1 2
13.4 53.1 2
13.35 53.1 2
13.3 53.1 2
13.25 53.1 2
13.2 53.1 2
13.15 53.1 2
13.1 53.1 2
13.05 53.1 2
13 53.1 2
12.95 53.1 2
12.9 53.1 2
12.85 53.1 2
12.8 53.1 2
12.75 53.1 2
12.7 53.1 2
12.65 53.1 2
12.6 53.1 2
12.55 53.1 2
12.5 53.1 2
12.45 53.1 2
12.4 53.05 2
12.35 53.05 2
12.3 53.05 2
12.25 53 2
12.2 52.95 2
12.15 52.95 2
12.1 52.95 2
12.05 52.9 2
12 52.85 2
11.95 52.8 2
11.9 52.75 2
11.85 52.7 2
11.8 52.65 2
11.75 52.6 2
11.7 52.55 2
11.65 52.5 2
11.6 52.45 2
11.55 52.4 2
11.5 52.4 2
11.45 52.4 2
11.45 52.4 0
11.4 52.35 0
11.35 52.35 0
11.3 52.3 0
11.25 52.3 0
11.2 52.3 0
11.15 52.3 0
11.1 52.25 0
11.05 52.2 0
11 52.15 0
10.95 52.1 0
10.9 52.05 0
10.85 52 0
10.8 52 0
10.75 51.95 0
10.7 51.9 0
10.65 51.85 0
10.6 51.8 0
10.55 51.75 0
10.5 51.7 0
10.45 51.7 0
10.4 51.65 0
10.35 51.6 0
10.3 51.55 0
10.25 51.5 0
10.2 51.45 0
10.15 51.4 0
10.1 51.4 0
10.05 51.4 0
10 51.4 0
9.95 51.4 0
9.9 51.4 0
9.85 51.4 0
9.8 51.4 0
9.75 51.35 0
9.7 51.35 0
9.65 51.35 0
9.6 51.35 0
9.55 51.35 0
9.5 51.35 0
9.45 51.3 0
9.4 51.25 0
9.35 51.25 0
9.3 51.25 0
9.25 51.25 0
9.2 51.2 0
9.15 51.15 0
9.1 51.1 0
9.05 51.05 0
9 51 0
8.95 50.95 0
8.9 50.95 0
8.85 50.95 0
8.8 50.9 0
8.75 50.85 0
8.7 50.8 0
8.65 50.75 0
8.6 50.7 0
8.55 50.65 0
8.5 50.6 0
8.45 50.55 0
8.4 50.5 0
8.35 50.45 0
8.3 50.4 0
8.25 50.35 0
8.2 50.3 0
8.15 50.25 0
8.1 50.2 0
8.05 50.15 0
8 50.1 0
7.95 50.05 0
7.9 50 0
7.85 49.95 0
7.85 49.95 2
PATH 19 68
52.15 69 0
52.1 69 0
52.05 69 0
52 69 0
51.95 69 0
51.9 69 0
51.85 69 0
51.8 69 0
51.75 69 0
51.7 69 0
51.65 69 0
51.6 69 0
51.55 69 0
51.5 69 0
51.45 69 0
51.4 69 0
51.35 69 0
51.3 69 0
51.25 69 0
51.2 69 0
51.15 69 0
51.1 69 0
51.05 69 0
51 69 0
50.95 69 0
50.9 69 0
50.85 69 0
50.8 69 0
50.75 69 0
50.7 69 0
50.65 69 0
50.6 69 0
50.55 69 0
50.5 69 0
50.45 69 0
50.4 69 0
50.35 69 0
50.3 69 0
50.25 69 0
50.2 69 0
50.15 69 0
50.1 69 0
50.05 69 0
50 69 0
49.95 69 0
49.9 69 0
49.85 69 0
49.8 69 0
49.75 69 0
49.7 69 0
49.65 69 0
49.6 69 0
49.55 69 0
49.5 69 0
49.45 69 0
49.4 69 0
49.35 69 0
49.3 69 0
49.25 69 0
49.2 69 0
49.15 69 0
49.1 69 0
49.05 69 0
49 69 0
48.95 69 0
48.9 69 0
48.85 69 0
48.8 69 0
PATH 19 101
57.15 69 0
57.1 69 0
57.05 69 0
57 69 0
56.95 69 0
56.9 69 0
56.85 69 0
56.8 69 0
56.75 69 0
56.7 69 0
56.65 69 0
56.6 69 0
56.55 69 0
56.5 69 0
56.45 69 0
56.4 69 0
56.35 69 0
56.3 69 0
56.25 69 0
56.2 69 0
56.15 69 0
56.1 69 0
56.05 69 0
56 69 0
55.95 69 0
55.9 69 0
55.85 69 0
55.8 69 0
55.75 69 0
55.7 69 0
55.65 69 0
55.6 69 0
55.55 69 0
55.5 69 0
55.45 69 0
55.4 69 0
55.35 69 0
55.3 69.05 0
55.25 69.1 0
55.2 69.15 0
55.15 69.2 0
55.1 69.25 0
55.05 69.3 0
55 69.35 0
54.95 69.4 0
54.9 69.45 0
54.85 69.5 0
54.8 69.55 0
54.75 69.6 0
54.7 69.65 0
54.65 69.7 0
54.6 69.75 0
54.55 69.8 0
54.5 69.8 0
54.45 69.8 0
54.4 69.8 0
54.35 69.8 0
54.3 69.8 0
54.25 69.8 0
54.2 69.8 0
54.15 69.8 0
54.1 69.8 0
54.05 69.8 0
54 69.8 0
53.95 69.8 0
53.9 69.8 0
53.85 69.8 0
53.8 69.8 0
53.75 69.8 0
53.7 69.8 0
53.65 69.8 0
53.6 69.8 0
53.55 69.8 0
53.5 69.8 0
53.45 69.8 0
53.4 69.8 0
53.35 69.8 0
53.3 69.8 0
53.25 69.8 0
53.2 69.8 0
53.15 69.8 0
53.1 69.8 0
53.05 69.75 0
53 69.7 0
52.95 69.65 0
52.9 69.6 0
52.85 69.55 0
52.8 69.5 0
52.75 69.45 0
52.7 69.4 0
52.65 69.35 0
52.6 69.3 0
52.55 69.25 0
52.5 69.2 0
52.45 69.15 0
52.4 69.1 0
52.35 69.05 0
52.3 69 0
52.25 69 0
52.2 69 0
52.15 69 0
PATH 19 99
53.2 73 0
53.2 73.05 0
53.2 73.1 0
53.2 73.15 0
53.2 73.2 0
53.2 73.25 0
53.2 73.3 0
53.2 73.35 0
53.2 73.4 0
53.2 73.45 0
53.2 73.5 0
53.2 73.55 0
53.2 73.6 0
53.25 73.65 0
53.3 73.7 0
53.35 73.75 0
53.4 73.8 0
53.4 73.8 1
53.4 73.75 1
53.4 73.7 1
53.4 73.65 1
53.4 73.6 1
53.4 73.55 1
53.4 73.5 1
53.4 73.45 1
53.4 73.4 1
53.4 73.35 1
53.4 73.3 1
53.4 73.25 1
53.4 73.2 1
53.4 73.15 1
53.4 73.1 1
53.4 73.05 1
53.4 73 1
53.4 72.95 1
53.4 72.9 1
53.4 72.85 1
53.4 72.8 1
53.4 72.75 1
53.4 72.7 1
53.4 72.65 1
53.4 72.6 1
53.4 72.55 1
53.4 72.5 1
53.4 72.45 1
53.4 72.4 1
53.4 72.35 1
53.4 72.3 1
53.4 72.25 1
53.4 72.2 1
53.4 72.15 1
53.4 72.1 1
53.4 72.05 1
53.4 72 1
53.4 71.95 1
53.4 71.9 1
53.4 71.85 1
53.4 71.8 1
53.4 71.75 1
53.4 71.7 1
53.4 71.65 1
53.4 71.6 1
53.4 71.55 1
53.4 71.5 1
53.4 71.45 1
53.4 71.4 1
53.4 71.35 1
53.4 71.3 1
53.4 71.25 1
53.4 71.2 1
53.4 71.15 1
53.4 71.1 1
53.4 71.05 1
53.4 71 1
53.4 71 0
53.4 70.95 0
53.4 70.9 0
53.4 70.85 0
53.4 70.8 0
53.4 70.75 0
53.4 70.7 0
53.4 70.65 0
53.4 70.6 0
53.4 70.55 0
53.4 70.5 0
53.4 70.45 0
53.4 70.4 0
53.4 70.35 0
53.4 70.3 0
53.4 70.25 0
53.4 70.2 0
53.4 70.15 0
53.4 70.1 0
53.4 70.05 0
53.4 70 0
53.4 69.95 0
53.4 69.9 0
53.4 69.85 0
53.4 69.8 0
PATH 19 377
75.85 61.1 0
75.8 61.1 0
75.75 61.1 0
75.7 61.1 0
75.65 61.1 0
75.6 61.1 0
75.55 61.1 0
75.5 61.05 0
75.45 61 0
75.4 60.95 0
75.35 60.9 0
75.3 60.85 0
75.25 60.8 0
75.2 60.75 0
75.15 60.7 0
75.1 60.65 0
75.05 60.6 0
75.05 60.6 2
75 60.65 2
74.95 60.65 2
74.9 60.65 2
74.85 60.65 2
74.8 60.65 2
74.75 60.65 2
74.7 60.65 2
74.65 60.65 2
74.6 60.65 2
74.55 60.65 2
74.5 60.65 2
74.45 60.65 2
74.4 60.65 2
74.35 60.65 2
74.3 60.65 2
74.25 60.65 2
74.2 60.65 2
74.15 60.65 2
74.1 60.65 2
74.05 60.65 2
74 60.65 2
73.95 60.65 2
73.9 60.65 2
73.85 60.7 2
73.8 60.7 2
73.75 60.7 2
73.7 60.75 2
73.65 60.75 2
73.6 60.75 2
73.55 60.75 2
73.5 60.8 2
73.45 60.8 2
73.4 60.85 2
73.35 60.9 2
73.3 60.95 2
73.25 60.95 2
73.2 60.95 2
73.15 60.95 2
73.1 60.95 2
73.05 60.95 2
73 61 2
72.95 61.05 2
72.9 61.1 2
72.85 61.1 2
72.8 61.1 2
72.75 61.15 2
72.7 61.15 2
72.65 61.2 2
72.6 61.25 2
72.55 61.25 2
72.5 61.25 2
72.45 61.25 2
72.4 61.25 2
72.35 61.25 2
72.3 61.25 2
72.25 61.25 2
72.2 61.3 2
72.15 61.3 2
72.1 61.3 2
72.05 61.3 2
72 61.3 2
71.95 61.3 2
71.9 61.3 2
71.85 61.3 2
71.8 61.3 2
71.75 61.3 2
71.7 61.3 2
71.65 61.35 2
71.6 61.35 2
71.55 61.35 2
71.5 61.35 2
71.45 61.35 2
71.4 61.4 2
71.35 61.4 2
71.3 61.45 2
71.25 61.45 2
71.2 61.5 2
71.15 61.5 2
71.1 61.55 2
71.05 61.6 2
71 61.65 2
70.95 61.7 2
70.9 61.75 2
70.85 61.75 2
70.8 61.75 2
70.75 61.75 2
70.7 61.75 2
70.65 61.75 2
70.6 61.75 2
70.55 61.75 2
70.5 61.75 2
70.45 61.75 2
70.4 61.8 2
70.35 61.8 2
70.3 61.85 2
70.25 61.85 2
70.2 61.85 2
70.15 61.85 2
70.1 61.85 2
70.05 61.85 2
70 61.85 2
69.95 61.85 2
69.9 61.85 2
69.85 61.85 2
69.8 61.85 2
69.75 61.9 2
69.7 61.95 2
69.65 62 2
69.6 62.05 2
69.55 62.1 2
69.5 62.1 2
69.45 62.1 2
69.4 62.15 2
69.35 62.15 2
69.3 62.15 2
69.25 62.15 2
69.2 62.15 2
69.15 62.15 2
69.1 62.15 2
69.05 62.15 2
69 62.15 2
68.95 62.15 2
68.9 62.2 2
68.85 62.25 2
68.8 62.25 2
68.75 62.25 2
68.7 62.3 2
68.65 62.3 2
68.6 62.35 2
68.55 62.35 2
68.5 62.35 2
68.45 62.4 2
68.4 62.45 2
68.35 62.45 2
68.3 62.5 2
68.25 62.5 2
68.2 62.55 2
68.15 62.55 2
68.1 62.55 2
68.05 62.6 2
68 62.65 2
67.95 62.7 2
67.9 62.75 2
67.85 62.8 2
67.8 62.8 2
67.75 62.85 2
67.7 62.9 2
67.65 62.9 2
67.6 62.9 2
67.55 62.95 2
67.5 63 2
67.45 63 2
67.4 63.05 2
67.35 63.05 2
67.3 63.1 2
67.25 63.15 2
67.2 63.2 2
67.15 63.25 2
67.1 63.3 2
67.05 63.3 2
67 63.35 2
66.95 63.4 2
66.9 63.45 2
66.85 63.45 2
66.8 63.5 2
66.75 63.55 2
66.7 63.6 2
66.65 63.65 2
66.6 63.7 2
66.55 63.75 2
66.5 63.75 2
66.45 63.75 2
66.4 63.8 2
66.35 63.85 2
66.3 63.9 2
66.25 63.95 2
66.2 64 2
66.15 64.05 2
66.1 64.1 2
66.05 64.1 2
66 64.1 2
65.95 64.1 2
65.9 64.15 2
65.85 64.2 2
65.8 64.2 2
65.75 64.2 2
65.7 64.2 2
65.65 64.2 2
65.6 64.2 2
65.55 64.2 2
65.5 64.2 2
65.45 64.2 2
65.4 64.2 2
65.35 64.2 2
65.3 64.2 2
65.25 64.2 2
65.2 64.2 2
65.15 64.25 2
65.1 64.25 2
65.05 64.3 2
65 64.3 2
64.95 64.35 2
64.9 64.35 2
64.85 64.4 2
64.8 64.4 2
64.75 64.45 2
64.7 64.5 2
64.65 64.55 2
64.6 64.6 2
64.55 64.6 2
64.5 64.6 2
64.45 64.65 2
64.4 64.7 2
64.35 64.75 2
64.3 64.75 2
64.25 64.8 2
64.2 64.8 2
64.15 64.8 2
64.1 64.85 2
64.05 64.85 2
64 64.9 2
63.95 64.95 2
63.9 65 2
63.85 65.05 2
63.8 65.1 2
63.75 65.15 2
63.7 65.2 2
63.65 65.25 2
63.6 65.3 2
63.55 65.3 2
63.5 65.35 2
63.45 65.4 2
63.4 65.45 2
63.35 65.45 2
63.3 65.5 2
63.25 65.55 2
63.2 65.55 2
63.15 65.6 2
63.1 65.65 2
63.1 65.65 0
63.05 65.7 0
63 65.7 0
62.95 65.7 0
62.9 65.7 0
62.85 65.7 0
62.8 65.7 0
62.75 65.7 0
62.7 65.7 0
62.65 65.7 0
62.6 65.7 0
62.55 65.7 0
62.5 65.75 0
62.45 65.75 0
62.4 65.75 0
62.35 65.75 0
62.3 65.75 0
62.25 65.75 0
62.2 65.75 0
62.15 65.75 0
62.1 65.75 0
62.05 65.75 0
62 65.75 0
61.95 65.75 0
61.9 65.75 0
61.85 65.75 0
61.8 65.8 0
61.75 65.8 0
61.7 65.8 0
61.65 65.8 0
61.6 65.8 0
61.55 65.8 0
61.5 65.8 0
61.45 65.85 0
61.4 65.9 0
61.35 65.95 0
61.3 66 0
61.25 66 0
61.2 66 0
61.15 66.05 0
61.1 66.1 0
61.05 66.1 0
61 66.15 0
60.95 66.2 0
60.9 66.25 0
60.85 66.3 0
60.8 66.35 0
60.75 66.4 0
60.7 66.45 0
60.65 66.45 0
60.6 66.45 0
60.55 66.5 0
60.5 66.55 0
60.45 66.6 0
60.4 66.65 0
60.35 66.7 0
60.3 66.75 0
60.25 66.8 0
60.2 66.85 0
60.15 66.9 0
60.1 66.95 0
60.05 67 0
60 67.05 0
59.95 67.05 0
59.9 67.05 0
59.85 67.1 0
59.8 67.15 0
59.75 67.2 0
59.7 67.2 0
59.65 67.2 0
59.6 67.2 0
59.55 67.25 0
59.5 67.3 0
59.45 67.35 0
59.4 67.35 0
59.35 67.35 0
59.3 67.35 0
59.25 67.35 0
59.2 67.35 0
59.15 67.35 0
59.1 67.35 0
59.05 67.4 0
59 67.45 0
58.95 67.5 0
58.9 67.55 0
58.85 67.6 0
58.8 67.65 0
58.75 67.7 0
58.7 67.75 0
58.65 67.8 0
58.6 67.8 0
58.55 67.8 0
58.5 67.8 0
58.45 67.8 0
58.4 67.85 0
58.35 67.9 0
58.3 67.95 0
58.25 68 0
58.2 68.05 0
58.15 68.1 0
58.1 68.15 0
58.05 68.2 0
58 68.25 0
57.95 68.3 0
57.9 68.3 0
57.85 68.35 0
57.8 68.4 0
57.75 68.45 0
57.7 68.5 0
57.65 68.55 0
57.6 68.6 0
57.55 68.65 0
57.5 68.7 0
57.45 68.75 0
57.4 68.8 0
57.35 68.85 0
57.3 68.9 0
57.25 68.95 0
57.2 69 0
57.15 69 0
PATH 19 65
78.2 59 0
78.15 59.05 0
78.1 59.1 0
78.05 59.15 0
78 59.2 0
77.95 59.2 0
77.9 59.25 0
77.85 59.3 0
77.8 59.35 0
77.75 59.4 0
77.7 59.45 0
77.65 59.45 0
77.6 59.45 0
77.55 59.45 0
77.55 59.45 2
77.5 59.45 2
77.45 59.5 2
77.4 59.55 2
77.35 59.6 2
77.3 59.65 2
77.25 59.7 2
77.2 59.75 2
77.15 59.8 2
77.1 59.85 2
77.05 59.9 2
77 59.95 2
76.95 60 2
76.9 60.05 2
76.85 60.1 2
76.8 60.15 2
76.75 60.2 2
76.7 60.25 2
76.65 60.3 2
76.6 60.35 2
76.55 60.35 2
76.5 60.35 2
76.45 60.35 2
76.4 60.35 2
76.35 60.35 2
76.3 60.35 2
76.25 60.35 2
76.2 60.35 2
76.15 60.35 2
76.1 60.35 2
76.05 60.35 2
76 60.4 2
75.95 60.45 2
75.9 60.45 2
75.85 60.45 2
75.8 60.45 2
75.75 60.45 2
75.7 60.45 2
75.65 60.45 2
75.6 60.45 2
75.55 60.45 2
75.5 60.45 2
75.45 60.45 2
75.4 60.45 2
75.35 60.45 2
75.3 60.45 2
75.25 60.45 2
75.2 60.45 2
75.15 60.5 2
75.1 60.55 2
75.05 60.6 2
PATH 30 83
79.45 16 0
79.45 15.95 0
79.45 15.9 0
79.45 15.85 0
79.45 15.8 0
79.45 15.75 0
79.45 15.7 0
79.45 15.65 0
79.45 15.6 0
79.45 15.55 0
79.45 15.5 0
79.45 15.45 0
79.45 15.4 0
79.45 15.35 0
79.45 15.3 0
79.45 15.25 0
79.45 15.2 0
79.45 15.15 0
79.5 15.1 0
79.55 15.05 0
79.6 15 0
79.65 14.95 0
79.65 14.95 2
79.65 14.9 2
79.65 14.85 2
79.65 14.8 2
79.65 14.75 2
79.65 14.7 2
79.65 14.65 2
79.65 14.6 2
79.65 14.55 2
79.65 14.5 2
79.65 14.45 2
79.65 14.4 2
79.65 14.35 2
79.65 14.3 2
79.65 14.25 2
79.65 14.2 2
79.65 14.15 2
79.65 14.1 2
79.65 14.05 2
79.65 14 2
79.65 13.95 2
79.65 13.9 2
79.65 13.85 2
79.65 13.8 2
79.65 13.75 2
79.7 13.7 2
79.75 13.65 2
79.8 13.6 2
79.85 13.55 2
79.9 13.5 2
79.95 13.45 2
79.95 13.4 2
79.95 13.35 2
79.95 13.3 2
79.95 13.25 2
79.95 13.2 2
79.95 13.15 2
79.95 13.1 2
79.95 13.05 2
79.95 13 2
79.95 12.95 2
79.95 12.9 2
79.95 12.85 2
79.95 12.8 2
79.95 12.75 2
79.95 12.75 0
80 12.7 0
80 12.65 0
80 12.6 0
80 12.55 0
80 12.5 0
80 12.45 0
80 12.4 0
80 12.35 0
80 12.3 0
80 12.25 0
80 12.2 0
80 12.15 0
80 12.1 0
80 12.05 0
80 12 0
PATH 30 123
79.45 22 0
79.45 21.95 0
79.45 21.9 0
79.4 21.85 0
79.35 21.8 0
79.3 21.75 0
79.25 21.7 0
79.2 21.65 0
79.15 21.6 0
79.1 21.55 0
79.05 21.5 0
79 21.45 0
78.95 21.4 0
78.9 21.35 0
78.85 21.3 0
78.85 21.3 1
78.85 21.25 1
78.85 21.2 1
78.85 21.15 1
78.85 21.1 1
78.85 21.05 1
78.85 21 1
78.85 20.95 1
78.85 20.9 1
78.85 20.85 1
78.85 20.8 1
78.85 20.75 1
78.85 20.7 1
78.85 20.65 1
78.85 20.6 1
78.85 20.55 1
78.85 20.5 1
78.85 20.45 1
78.85 20.4 1
78.85 20.35 1
78.85 20.3 1
78.85 20.25 1
78.85 20.2 1
78.85 20.15 1
78.85 20.1 1
78.85 20.05 1
78.85 20 1
78.85 19.95 1
78.85 19.9 1
78.85 19.85 1
78.85 19.8 1
78.85 19.75 1
78.85 19.7 1
78.85 19.65 1
78.85 19.6 1
78.85 19.55 1
78.85 19.5 1
78.85 19.45 1
78.85 19.4 1
78.85 19.35 1
78.85 19.3 1
78.85 19.25 1
78.85 19.2 1
78.85 19.15 1
78.85 19.1 1
78.85 19.05 1
78.85 19 1
78.85 18.95 1
78.85 18.9 1
78.85 18.85 1
78.85 18.8 1
78.85 18.75 1
78.85 18.7 1
78.85 18.65 1
78.85 18.6 1
78.85 18.55 1
78.85 18.5 1
78.85 18.45 1
78.85 18.4 1
78.85 18.35 1
78.85 18.3 1
78.85 18.25 1
78.85 18.2 1
78.85 18.15 1
78.85 18.1 1
78.85 18.05 1
78.9 18 1
78.95 17.95 1
78.95 17.9 1
78.95 17.85 1
78.95 17.8 1
78.95 17.75 1
78.95 17.7 1
78.95 17.65 1
79 17.6 1
79.05 17.55 1
79.05 17.5 1
79.1 17.45 1
79.15 17.4 1
79.15 17.35 1
79.2 17.3 1
79.2 17.25 1
79.25 17.2 1
79.3 17.15 1
79.3 17.1 1
79.35 17.05 1
79.4 17 1
79.45 16.95 1
79.45 16.9 1
79.45 16.9 0
79.45 16.85 0
79.45 16.8 0
79.45 16.75 0
79.45 16.7 0
79.45 16.65 0
79.45 16.6 0
79.45 16.55 0
79.45 16.5 0
79.45 16.45 0
79.45 16.4 0
79.45 16.35 0
79.45 16.3 0
79.45 16.25 0
79.45 16.2 0
79.45 16.15 0
79.45 16.1 0
79.45 16.05 0
79.45 16 0
PATH 30 128
72.5 21.55 0
72.55 21.55 0
72.6 21.55 0
72.65 21.55 0
72.7 21.55 0
72.75 21.55 0
72.8 21.55 0
72.85 21.55 0
72.9 21.55 0
72.95 21.55 0
73 21.5 0
73.05 21.5 0
73.1 21.5 0
73.15 21.5 0
73.2 21.5 0
73.25 21.45 0
73.3 21.45 0
73.35 21.45 0
73.4 21.45 0
73.45 21.45 0
73.5 21.45 0
73.55 21.45 0
73.6 21.45 0
73.65 21.45 0
73.7 21.45 0
73.75 21.45 0
73.8 21.45 0
73.85 21.45 0
73.9 21.45 0
73.95 21.45 0
74 21.45 0
74.05 21.4 0
74.1 21.35 0
74.15 21.3 0
74.2 21.3 0
74.25 21.3 0
74.3 21.3 0
74.35 21.3 0
74.4 21.3 0
74.45 21.3 0
74.5 21.3 0
74.55 21.3 0
74.6 21.3 0
74.65 21.25 0
74.7 21.2 0
74.75 21.15 0
74.8 21.1 0
74.85 21.05 0
74.9 21 0
74.95 20.95 0
75 20.9 0
75.05 20.85 0
75.1 20.8 0
75.15 20.75 0
75.2 20.7 0
75.25 20.65 0
75.3 20.6 0
75.35 20.55 0
75.4 20.5 0
75.45 20.45 0
75.5 20.4 0
75.55 20.35 0
75.6 20.3 0
75.65 20.3 0
75.7 20.3 0
75.75 20.3 0
75.8 20.3 0
75.85 20.3 0
75.9 20.3 0
75.95 20.3 0
76 20.3 0
76.05 20.3 0
76.1 20.3 0
76.15 20.3 0
76.2 20.3 0
76.25 20.3 0
76.3 20.3 0
76.35 20.3 0
76.4 20.3 0
76.45 20.3 0
76.5 20.3 0
76.55 20.3 0
76.6 20.3 0
76.65 20.3 0
76.7 20.3 0
76.75 20.3 0
76.8 20.3 0
76.85 20.3 0
76.9 20.3 0
76.95 20.3 0
77 20.3 0
77.05 20.3 0
77.1 20.3 0
77.15 20.3 0
77.2 20.3 0
77.25 20.3 0
77.3 20.3 0
77.35 20.3 0
77.4 20.3 0
77.45 20.3 0
77.5 20.3 0
77.55 20.3 0
77.6 20.3 0
77.65 20.3 0
77.7 20.3 0
77.75 20.3 0
77.8 20.3 0
77.85 20.3 0
77.9 20.35 0
77.95 20.4 0
78 20.45 0
78.05 20.5 0
78.1 20.55 0
78.15 20.6 0
78.2 20.65 0
78.25 20.7 0
78.3 20.75 0
78.35 20.8 0
78.4 20.85 0
78.45 20.9 0
78.5 20.95 0
78.55 21 0
78.6 21.05 0
78.65 21.1 0
78.7 21.15 0
78.75 21.2 0
78.8 21.25 0
78.85 21.3 0
PATH 30 103
67.5 21.55 0
67.55 21.55 0
67.6 21.55 0
67.65 21.55 0
67.7 21.55 0
67.75 21.55 0
67.8 21.55 0
67.85 21.55 0
67.9 21.55 0
67.95 21.55 0
68 21.55 0
68.05 21.55 0
68.1 21.55 0
68.15 21.55 0
68.2 21.55 0
68.25 21.55 0
68.3 21.55 0
68.35 21.55 0
68.4 21.55 0
68.45 21.55 0
68.5 21.55 0
68.55 21.55 0
68.6 21.55 0
68.65 21.55 0
68.7 21.55 0
68.75 21.55 0
68.8 21.55 0
68.85 21.55 0
68.9 21.55 0
68.95 21.55 0
69 21.55 0
69.05 21.55 0
69.1 21.55 0
69.1 21.55 2
69.15 21.55 2
69.2 21.55 2
69.25 21.55 2
69.3 21.55 2
69.35 21.55 2
69.4 21.55 2
69.45 21.55 2
69.5 21.55 2
69.55 21.55 2
69.6 21.55 2
69.65 21.55 2
69.7 21.55 2
69.75 21.55 2
69.8 21.55 2
69.85 21.55 2
69.9 21.55 2
69.95 21.55 2
70 21.55 2
70.05 21.55 2
70.1 21.55 2
70.15 21.55 2
70.2 21.55 2
70.25 21.55 2
70.3 21.55 2
70.35 21.55 2
70.4 21.55 2
70.45 21.55 2
70.5 21.55 2
70.55 21.55 2
70.6 21.55 2
70.65 21.55 2
70.7 21.55 2
70.75 21.55 2
70.8 21.55 2
70.85 21.55 2
70.9 21.55 2
70.95 21.55 2
71 21.55 2
71.05 21.55 2
71.1 21.55 2
71.15 21.55 2
71.2 21.55 2
71.25 21.55 2
71.3 21.55 2
71.35 21.55 2
71.4 21.55 2
71.45 21.55 2
71.5 21.55 2
71.55 21.55 2
71.6 21.55 2
71.65 21.55 2
71.7 21.55 2
71.75 21.55 2
71.8 21.55 2
71.85 21.55 2
71.9 21.55 2
71.95 21.55 2
72 21.55 2
72.05 21.55 2
72.1 21.55 2
72.15 21.55 2
72.2 21.55 2
72.25 21.55 2
72.3 21.55 2
72.35 21.55 2
72.4 21.55 2
72.45 21.55 2
72.5 21.55 2
72.5 21.55 0
PATH 30 111
63.5 21.55 0
63.55 21.55 0
63.6 21.55 0
63.65 21.55 0
63.7 21.55 0
63.75 21.55 0
63.8 21.55 0
63.85 21.55 0
63.9 21.55 0
63.95 21.55 0
64 21.55 0
64.05 21.55 0
64.1 21.55 0
64.15 21.6 0
64.2 21.65 0
64.25 21.7 0
64.25 21.7 1
64.3 21.7 1
64.35 21.7 1
64.4 21.7 1
64.45 21.7 1
64.5 21.7 1
64.55 21.7 1
64.6 21.7 1
64.65 21.7 1
64.7 21.7 1
64.75 21.7 1
64.8 21.7 1
64.85 21.7 1
64.9 21.7 1
64.95 21.7 1
65 21.7 1
65.05 21.7 1
65.1 21.7 1
65.15 21.7 1
65.2 21.7 1
65.25 21.7 1
65.3 21.7 1
65.35 21.7 1
65.4 21.7 1
65.45 21.7 1
65.5 21.7 1
65.55 21.7 1
65.6 21.7 1
65.65 21.7 1
65.7 21.7 1
65.75 21.7 1
65.8 21.7 1
65.85 21.7 1
65.9 21.7 1
65.95 21.7 1
66 21.7 1
66.05 21.7 1
66.1 21.7 1
66.15 21.7 1
66.2 21.7 1
66.25 21.7 1
66.3 21.7 1
66.35 21.7 1
66.4 21.7 1
66.45 21.7 1
66.5 21.7 1
66.55 21.7 1
66.6 21.7 1
66.65 21.7 1
66.7 21.7 1
66.75 21.7 1
66.8 21.7 1
66.85 21.7 1
66.9 21.7 1
66.95 21.7 1
67 21.65 1
67.05 21.6 1
67.1 21.55 1
67.15 21.55 1
67.2 21.55 1
67.25 21.55 1
67.3 21.55 1
67.35 21.55 1
67.4 21.55 1
67.45 21.55 1
67.5 21.55 1
67.55 21.55 1
67.6 21.55 1
67.65 21.55 1
67.7 21.55 1
67.75 21.55 1
67.8 21.55 1
67.85 21.55 1
67.9 21.55 1
67.95 21.55 1
68 21.55 1
68.05 21.55 1
68.1 21.55 1
68.15 21.55 1
68.2 21.55 1
68.25 21.55 1
68.3 21.55 1
68.35 21.55 1
68.4 21.55 1
68.45 21.55 1
68.5 21.55 1
68.55 21.55 1
68.6 21.55 1
68.65 21.55 1
68.7 21.55 1
68.75 21.55 1
68.8 21.55 1
68.85 21.55 1
68.9 21.55 1
68.9 21.55 0
PATH 30 101
58.5 21.55 0
58.55 21.55 0
58.6 21.55 0
58.65 21.55 0
58.7 21.55 0
58.75 21.55 0
58.8 21.55 0
58.85 21.55 0
58.9 21.55 0
58.95 21.55 0
59 21.55 0
59.05 21.55 0
59.1 21.55 0
59.15 21.55 0
59.2 21.55 0
59.25 21.55 0
59.3 21.55 0
59.35 21.55 0
59.4 21.55 0
59.45 21.55 0
59.5 21.55 0
59.55 21.55 0
59.6 21.55 0
59.65 21.55 0
59.7 21.55 0
59.75 21.55 0
59.8 21.55 0
59.85 21.55 0
59.9 21.55 0
59.95 21.55 0
60 21.55 0
60.05 21.55 0
60.1 21.55 0
60.15 21.55 0
60.2 21.55 0
60.25 21.55 0
60.3 21.55 0
60.35 21.55 0
60.4 21.55 0
60.45 21.55 0
60.5 21.55 0
60.55 21.55 0
60.6 21.55 0
60.65 21.55 0
60.7 21.55 0
60.75 21.55 0
60.8 21.55 0
60.85 21.55 0
60.9 21.55 0
60.95 21.55 0
61 21.55 0
61.05 21.55 0
61.1 21.55 0
61.15 21.55 0
61.2 21.55 0
61.25 21.55 0
61.3 21.55 0
61.35 21.55 0
61.4 21.55 0
61.45 21.55 0
61.5 21.55 0
61.55 21.55 0
61.6 21.55 0
61.65 21.55 0
61.7 21.55 0
61.75 21.55 0
61.8 21.55 0
61.85 21.55 0
61.9 21.55 0
61.95 21.55 0
62 21.55 0
62.05 21.55 0
62.1 21.55 0
62.15 21.55 0
62.2 21.55 0
62.25 21.55 0
62.3 21.55 0
62.35 21.55 0
62.4 21.55 0
62.45 21.55 0
62.5 21.55 0
62.55 21.55 0
62.6 21.55 0
62.65 21.55 0
62.7 21.55 0
62.75 21.55 0
62.8 21.55 0
62.85 21.55 0
62.9 21.55 0
62.95 21.55 0
63 21.55 0
63.05 21.55 0
63.1 21.55 0
63.15 21.55 0
63.2 21.55 0
63.25 21.55 0
63.3 21.55 0
63.35 21.55 0
63.4 21.55 0
63.45 21.55 0
63.5 21.55 0
PATH 30 81
54.5 21.55 0
54.55 21.55 0
54.6 21.55 0
54.65 21.55 0
54.7 21.55 0
54.75 21.55 0
54.8 21.55 0
54.85 21.55 0
54.9 21.55 0
54.95 21.55 0
55 21.55 0
55.05 21.55 0
55.1 21.55 0
55.15 21.55 0
55.2 21.55 0
55.25 21.55 0
55.3 21.55 0
55.35 21.55 0
55.4 21.55 0
55.45 21.55 0
55.5 21.55 0
55.55 21.55 0
55.6 21.55 0
55.65 21.55 0
55.7 21.55 0
55.75 21.55 0
55.8 21.55 0
55.85 21.55 0
55.9 21.55 0
55.95 21.55 0
56 21.55 0
56.05 21.55 0
56.1 21.55 0
56.15 21.55 0
56.2 21.55 0
56.25 21.55 0
56.3 21.55 0
56.35 21.55 0
56.4 21.55 0
56.45 21.55 0
56.5 21.55 0
56.55 21.55 0
56.6 21.55 0
56.65 21.55 0
56.7 21.55 0
56.75 21.55 0
56.8 21.55 0
56.85 21.55 0
56.9 21.55 0
56.95 21.55 0
57 21.55 0
57.05 21.55 0
57.1 21.55 0
57.15 21.55 0
57.2 21.55 0
57.25 21.55 0
57.3 21.55 0
57.35 21.55 0
57.4 21.55 0
57.45 21.55 0
57.5 21.55 0
57.55 21.55 0
57.6 21.55 0
57.65 21.55 0
57.7 21.55 0
57.75 21.55 0
57.8 21.55 0
57.85 21.55 0
57.9 21.55 0
57.95 21.55 0
58 21.55 0
58.05 21.55 0
58.1 21.55 0
58.15 21.55 0
58.2 21.55 0
58.25 21.55 0
58.3 21.55 0
58.35 21.55 0
58.4 21.55 0
58.45 21.55 0
58.5 21.55 0
PATH 30 103
49.5 21.55 0
49.55 21.55 0
49.6 21.55 0
49.65 21.55 0
49.7 21.55 0
49.75 21.55 0
49.8 21.55 0
49.85 21.55 0
49.9 21.55 0
49.95 21.55 0
50 21.55 0
50.05 21.55 0
50.1 21.55 0
50.15 21.55 0
50.2 21.55 0
50.25 21.55 0
50.3 21.55 0
50.35 21.55 0
50.4 21.55 0
50.45 21.55 0
50.5 21.55 0
50.55 21.55 0
50.6 21.55 0
50.65 21.55 0
50.7 21.55 0
50.75 21.55 0
50.8 21.55 0
50.85 21.55 0
50.9 21.55 0
50.95 21.55 0
51 21.55 0
51.05 21.55 0
51.1 21.55 0
51.15 21.55 0
51.2 21.55 0
51.25 21.55 0
51.3 21.55 0
51.35 21.55 0
51.4 21.55 0
51.45 21.55 0
51.5 21.55 0
51.55 21.55 0
51.6 21.55 0
51.65 21.55 0
51.7 21.55 0
51.7 21.55 2
51.75 21.55 2
51.8 21.55 2
51.85 21.55 2
51.9 21.55 2
51.95 21.55 2
52 21.55 2
52.05 21.55 2
52.1 21.55 2
52.15 21.55 2
52.2 21.55 2
52.25 21.55 2
52.3 21.55 2
52.35 21.55 2
52.4 21.55 2
52.45 21.55 2
52.5 21.55 2
52.55 21.55 2
52.6 21.55 2
52.65 21.55 2
52.7 21.55 2
52.75 21.55 2
52.8 21.55 2
52.85 21.55 2
52.9 21.55 2
52.95 21.55 2
53 21.55 2
53.05 21.55 2
53.1 21.55 2
53.15 21.55 2
53.2 21.55 2
53.25 21.55 2
53.3 21.55 2
53.35 21.55 2
53.4 21.55 2
53.45 21.55 2
53.5 21.55 2
53.55 21.55 2
53.6 21.55 2
53.65 21.55 2
53.7 21.55 2
53.75 21.55 2
53.8 21.55 2
53.85 21.55 2
53.9 21.55 2
53.95 21.55 2
54 21.55 2
54.05 21.55 2
54.1 21.55 2
54.15 21.55 2
54.2 21.55 2
54.25 21.55 2
54.3 21.55 2
54.35 21.55 2
54.4 21.55 2
54.45 21.55 2
54.5 21.55 2
54.5 21.55 0
PATH 30 81
45.5 21.55 0
45.55 21.55 0
45.6 21.55 0
45.65 21.55 0
45.7 21.55 0
45.75 21.55 0
45.8 21.55 0
45.85 21.55 0
45.9 21.55 0
45.95 21.55 0
46 21.55 0
46.05 21.55 0
46.1 21.55 0
46.15 21.55 0
46.2 21.55 0
46.25 21.55 0
46.3 21.55 0
46.35 21.55 0
46.4 21.55 0
46.45 21.55 0
46.5 21.55 0
46.55 21.55 0
46.6 21.55 0
46.65 21.55 0
46.7 21.55 0
46.75 21.55 0
46.8 21.55 0
46.85 21.55 0
46.9 21.55 0
46.95 21.55 0
47 21.55 0
47.05 21.55 0
47.1 21.55 0
47.15 21.55 0
47.2 21.55 0
47.25 21.55 0
47.3 21.55 0
47.35 21.55 0
47.4 21.55 0
47.45 21.55 0
47.5 21.55 0
47.55 21.55 0
47.6 21.55 0
47.65 21.55 0
47.7 21.55 0
47.75 21.55 0
47.8 21.55 0
47.85 21.55 0
47.9 21.55 0
47.95 21.55 0
48 21.55 0
48.05 21.55 0
48.1 21.55 0
48.15 21.55 0
48.2 21.55 0
48.25 21.55 0
48.3 21.55 0
48.35 21.55 0
48.4 21.55 0
48.45 21.55 0
48.5 21.55 0
48.55 21.55 0
48.6 21.55 0
48.65 21.55 0
48.7 21.55 0
48.75 21.55 0
48.8 21.55 0
48.85 21.55 0
48.9 21.55 0
48.95 21.55 0
49 21.55 0
49.05 21.55 0
49.1 21.55 0
49.15 21.55 0
49.2 21.55 0
49.25 21.55 0
49.3 21.55 0
49.35 21.55 0
49.4 21.55 0
49.45 21.55 0
49.5 21.55 0
PATH 30 120
40.5 21.55 0
40.5 21.5 0
40.5 21.45 0
40.5 21.4 0
40.5 21.35 0
40.5 21.3 0
40.5 21.25 0
40.5 21.2 0
40.5 21.15 0
40.5 21.1 0
40.45 21.05 0
40.4 21 0
40.35 20.95 0
40.3 20.9 0
40.3 20.9 1
40.35 20.9 1
40.4 20.9 1
40.45 20.9 1
40.5 20.9 1
40.55 20.9 1
40.6 20.9 1
40.65 20.9 1
40.7 20.9 1
40.75 20.9 1
40.8 20.9 1
40.85 20.9 1
40.9 20.9 1
40.95 20.9 1
41 20.9 1
41.05 20.9 1
41.1 20.9 1
41.15 20.9 1
41.2 20.9 1
41.25 20.9 1
41.3 20.9 1
41.35 20.9 1
41.4 20.9 1
41.45 20.9 1
41.5 20.9 1
41.55 20.9 1
41.6 20.9 1
41.65 20.9 1
41.7 20.9 1
41.75 20.9 1
41.8 20.9 1
41.85 20.9 1
41.9 20.9 1
41.95 20.9 1
42 20.9 1
42.05 20.9 1
42.1 20.9 1
42.15 20.9 1
42.2 20.9 1
42.25 20.9 1
42.3 20.9 1
42.35 20.9 1
42.4 20.9 1
42.45 20.9 1
42.5 20.9 1
42.55 20.9 1
42.6 20.9 1
42.65 20.9 1
42.7 20.9 1
42.75 20.9 1
42.8 20.9 1
42.85 20.9 1
42.9 20.9 1
42.95 20.9 1
43 20.9 1
43.05 20.9 1
43.1 20.9 1
43.15 20.9 1
43.2 20.9 1
43.25 20.9 1
43.3 20.9 1
43.35 20.9 1
43.4 20.9 1
43.45 20.9 1
43.5 20.9 1
43.55 20.9 1
43.6 20.9 1
43.65 20.9 1
43.7 20.9 1
43.75 20.9 1
43.8 20.9 1
43.85 20.9 1
43.9 20.9 1
43.95 20.9 1
44 20.95 1
44.05 21 1
44.1 21.05 1
44.15 21.1 1
44.2 21.1 1
44.25 21.1 1
44.3 21.15 1
44.35 21.15 1
44.4 21.15 1
44.45 21.2 1
44.45 21.2 0
44.5 21.2 0
44.55 21.2 0
44.6 21.2 0
44.65 21.2 0
44.7 21.2 0
44.75 21.2 0
44.8 21.2 0
44.85 21.2 0
44.9 21.2 0
44.95 21.2 0
45 21.2 0
45.05 21.2 0
45.1 21.2 0
45.15 21.2 0
45.2 21.25 0
45.25 21.3 0
45.3 21.35 0
45.35 21.4 0
45.4 21.45 0
45.45 21.5 0
45.5 21.55 0
PATH 30 78
36.5 21.55 0
36.55 21.55 0
36.6 21.55 0
36.65 21.55 0
36.7 21.55 0
36.75 21.55 0
36.8 21.55 0
36.85 21.55 0
36.9 21.55 0
36.95 21.55 0
37 21.55 0
37.05 21.55 0
37.1 21.55 0
37.15 21.55 0
37.2 21.55 0
37.25 21.55 0
37.3 21.55 0
37.35 21.55 0
37.4 21.55 0
37.45 21.55 0
37.5 21.55 0
37.55 21.55 0
37.55 21.55 1
37.6 21.55 1
37.65 21.55 1
37.7 21.55 1
37.75 21.55 1
37.8 21.55 1
37.85 21.55 1
37.9 21.55 1
37.95 21.55 1
38 21.55 1
38.05 21.55 1
38.1 21.55 1
38.15 21.55 1
38.2 21.55 1
38.25 21.55 1
38.3 21.55 1
38.35 21.55 1
38.4 21.55 1
38.45 21.55 1
38.5 21.55 1
38.55 21.55 1
38.6 21.55 1
38.65 21.55 1
38.7 21.55 1
38.75 21.55 1
38.8 21.5 1
38.85 21.5 1
38.9 21.5 1
38.95 21.5 1
39 21.5 1
39.05 21.45 1
39.1 21.4 1
39.15 21.4 1
39.2 21.35 1
39.25 21.35 1
39.3 21.3 1
39.35 21.25 1
39.4 21.2 1
39.45 21.2 1
39.5 21.15 1
39.55 21.1 1
39.6 21.05 1
39.65 21.05 1
39.7 21.05 1
39.75 21.05 1
39.8 21.05 1
39.85 21.05 1
39.9 21.05 1
39.95 21.05 1
40 21.05 1
40.05 21 1
40.1 20.95 1
40.15 20.9 1
40.2 20.9 1
40.25 20.9 1
40.3 20.9 1
PATH 30 103
31.5 21.55 0
31.55 21.55 0
31.6 21.55 0
31.65 21.55 0
31.7 21.55 0
31.75 21.55 0
31.8 21.55 0
31.85 21.55 0
31.9 21.55 0
31.95 21.55 0
32 21.55 0
32.05 21.55 0
32.1 21.55 0
32.15 21.55 0
32.2 21.55 0
32.25 21.55 0
32.3 21.55 0
32.35 21.55 0
32.4 21.55 0
32.45 21.55 0
32.5 21.55 0
32.55 21.55 0
32.55 21.55 2
32.6 21.55 2
32.65 21.55 2
32.7 21.55 2
32.75 21.55 2
32.8 21.55 2
32.85 21.55 2
32.9 21.55 2
32.95 21.55 2
33 21.55 2
33.05 21.55 2
33.1 21.55 2
33.15 21.55 2
33.2 21.55 2
33.25 21.55 2
33.3 21.55 2
33.35 21.55 2
33.4 21.55 2
33.45 21.55 2
33.5 21.55 2
33.55 21.55 2
33.6 21.55 2
33.65 21.55 2
33.7 21.55 2
33.75 21.55 2
33.8 21.55 2
33.85 21.55 2
33.9 21.55 2
33.95 21.55 2
34 21.55 2
34.05 21.55 2
34.1 21.55 2
34.15 21.55 2
34.2 21.55 2
34.25 21.55 2
34.3 21.55 2
34.35 21.55 2
34.4 21.55 2
34.45 21.55 2
34.5 21.55 2
34.55 21.55 2
34.6 21.55 2
34.65 21.55 2
34.7 21.55 2
34.75 21.55 2
34.8 21.55 2
34.85 21.55 2
34.9 21.55 2
34.95 21.55 2
35 21.55 2
35.05 21.55 2
35.1 21.55 2
35.15 21.55 2
35.2 21.55 2
35.25 21.55 2
35.3 21.55 2
35.35 21.55 2
35.4 21.55 2
35.45 21.55 2
35.5 21.55 2
35.55 21.55 2
35.6 21.55 2
35.65 21.55 2
35.7 21.55 2
35.75 21.55 2
35.8 21.55 2
35.85 21.55 2
35.9 21.55 2
35.95 21.55 2
36 21.55 2
36.05 21.55 2
36.1 21.55 2
36.15 21.55 2
36.2 21.55 2
36.25 21.55 2
36.3 21.55 2
36.35 21.55 2
36.4 21.55 2
36.45 21.55 2
36.5 21.55 2
36.5 21.55 0
PATH 30 81
27.5 21.55 0
27.55 21.55 0
27.6 21.55 0
27.65 21.55 0
27.7 21.55 0
27.75 21.55 0
27.8 21.55 0
27.85 21.55 0
27.9 21.55 0
27.95 21.55 0
28 21.55 0
28.05 21.55 0
28.1 21.55 0
28.15 21.55 0
28.2 21.55 0
28.25 21.55 0
28.3 21.55 0
28.35 21.55 0
28.4 21.55 0
28.45 21.55 0
28.5 21.55 0
28.55 21.55 0
28.6 21.55 0
28.65 21.55 0
28.7 21.55 0
28.75 21.55 0
28.8 21.55 0
28.85 21.55 0
28.9 21.55 0
28.95 21.55 0
29 21.55 0
29.05 21.55 0
29.1 21.55 0
29.15 21.55 0
29.2 21.55 0
29.25 21.55 0
29.3 21.55 0
29.35 21.55 0
29.4 21.55 0
29.45 21.55 0
29.5 21.55 0
29.55 21.55 0
29.6 21.55 0
29.65 21.55 0
29.7 21.55 0
29.75 21.55 0
29.8 21.55 0
29.85 21.55 0
29.9 21.55 0
29.95 21.55 0
30 21.55 0
30.05 21.55 0
30.1 21.55 0
30.15 21.55 0
30.2 21.55 0
30.25 21.55 0
30.3 21.55 0
30.35 21.55 0
30.4 21.55 0
30.45 21.55 0
30.5 21.55 0
30.55 21.55 0
30.6 21.55 0
30.65 21.55 0
30.7 21.55 0
30.75 21.55 0
30.8 21.55 0
30.85 21.55 0
30.9 21.55 0
30.95 21.55 0
31 21.55 0
31.05 21.55 0
31.1 21.55 0
31.15 21.55 0
31.2 21.55 0
31.25 21.55 0
31.3 21.55 0
31.35 21.55 0
31.4 21.55 0
31.45 21.55 0
31.5 21.55 0
PATH 30 101
22.5 21.55 0
22.55 21.55 0
22.6 21.55 0
22.65 21.55 0
22.7 21.55 0
22.75 21.55 0
22.8 21.55 0
22.85 21.55 0
22.9 21.55 0
22.95 21.55 0
23 21.55 0
23.05 21.55 0
23.1 21.55 0
23.15 21.55 0
23.2 21.55 0
23.25 21.55 0
23.3 21.55 0
23.35 21.55 0
23.4 21.55 0
23.45 21.55 0
23.5 21.55 0
23.55 21.55 0
23.6 21.55 0
23.65 21.55 0
23.7 21.55 0
23.75 21.55 0
23.8 21.55 0
23.85 21.55 0
23.9 21.55 0
23.95 21.55 0
24 21.55 0
24.05 21.55 0
24.1 21.55 0
24.15 21.55 0
24.2 21.55 0
24.25 21.55 0
24.3 21.55 0
24.35 21.55 0
24.4 21.55 0
24.45 21.55 0
24.5 21.55 0
24.55 21.55 0
24.6 21.55 0
24.65 21.55 0
24.7 21.55 0
24.75 21.55 0
24.8 21.55 0
24.85 21.55 0
24.9 21.55 0
24.95 21.55 0
25 21.55 0
25.05 21.55 0
25.1 21.55 0
25.15 21.55 0
25.2 21.55 0
25.25 21.55 0
25.3 21.55 0
25.35 21.55 0
25.4 21.55 0
25.45 21.55 0
25.5 21.55 0
25.55 21.55 0
25.6 21.55 0
25.65 21.55 0
25.7 21.55 0
25.75 21.55 0
25.8 21.55 0
25.85 21.55 0
25.9 21.55 0
25.95 21.55 0
26 21.55 0
26.05 21.55 0
26.1 21.55 0
26.15 21.55 0
26.2 21.55 0
26.25 21.55 0
26.3 21.55 0
26.35 21.55 0
26.4 21.55 0
26.45 21.55 0
26.5 21.55 0
26.55 21.55 0
26.6 21.55 0
26.65 21.55 0
26.7 21.55 0
26.75 21.55 0
26.8 21.55 0
26.85 21.55 0
26.9 21.55 0
26.95 21.55 0
27 21.55 0
27.05 21.55 0
27.1 21.55 0
27.15 21.55 0
27.2 21.55 0
27.25 21.55 0
27.3 21.55 0
27.35 21.55 0
27.4 21.55 0
27.45 21.55 0
27.5 21.55 0
PATH 30 109
40.5 15.55 0
40.5 15.6 0
40.5 15.65 0
40.5 15.7 0
40.5 15.75 0
40.5 15.8 0
40.5 15.85 0
40.5 15.9 0
40.5 15.95 0
40.5 16 0
40.5 16.05 0
40.5 16.1 0
40.5 16.15 0
40.5 16.2 0
40.5 16.25 0
40.5 16.3 0
40.5 16.35 0
40.5 16.4 0
40.5 16.45 0
40.5 16.5 0
40.5 16.55 0
40.5 16.6 0
40.5 16.65 0
40.5 16.7 0
40.5 16.75 0
40.5 16.8 0
40.5 16.85 0
40.5 16.9 0
40.5 16.95 0
40.5 16.95 1
40.5 17 1
40.5 17.05 1
40.5 17.1 1
40.5 17.15 1
40.5 17.2 1
40.5 17.25 1
40.5 17.3 1
40.5 17.35 1
40.5 17.4 1
40.5 17.45 1
40.5 17.5 1
40.5 17.55 1
40.5 17.6 1
40.5 17.65 1
40.5 17.7 1
40.5 17.75 1
40.5 17.8 1
40.5 17.85 1
40.5 17.9 1
40.5 17.95 1
40.5 18 1
40.5 18.05 1
40.5 18.1 1
40.5 18.15 1
40.5 18.2 1
40.5 18.25 1
40.5 18.3 1
40.5 18.35 1
40.5 18.4 1
40.5 18.45 1
40.5 18.5 1
40.5 18.55 1
40.5 18.6 1
40.5 18.65 1
40.5 18.7 1
40.5 18.75 1
40.5 18.8 1
40.5 18.85 1
40.5 18.9 1
40.5 18.95 1
40.5 19 1
40.5 19.05 1
40.5 19.1 1
40.5 19.15 1
40.5 19.2 1
40.5 19.25 1
40.5 19.3 1
40.5 19.35 1
40.5 19.4 1
40.5 19.45 1
40.5 19.5 1
40.5 19.55 1
40.5 19.6 1
40.5 19.65 1
40.5 19.7 1
40.45 19.75 1
40.45 19.8 1
40.45 19.85 1
40.45 19.9 1
40.4 19.95 1
40.4 20 1
40.4 20.05 1
40.4 20.1 1
40.4 20.15 1
40.4 20.2 1
40.4 20.25 1
40.4 20.3 1
40.4 20.35 1
40.4 20.4 1
40.4 20.45 1
40.4 20.5 1
40.4 20.55 1
40.4 20.6 1
40.4 20.65 1
40.4 20.7 1
40.4 20.75 1
40.4 20.8 1
40.4 20.85 1
40.4 20.9 1
PATH 30 93
36.5 15.55 0
36.5 15.6 0
36.5 15.65 0
36.5 15.7 0
36.5 15.75 0
36.45 15.8 0
36.4 15.85 0
36.35 15.9 0
36.35 15.9 1
36.4 15.9 1
36.45 15.9 1
36.5 15.9 1
36.55 15.9 1
36.6 15.9 1
36.65 15.9 1
36.7 15.9 1
36.75 15.9 1
36.8 15.9 1
36.85 15.9 1
36.9 15.9 1
36.95 15.9 1
37 15.9 1
37.05 15.9 1
37.1 15.9 1
37.15 15.9 1
37.2 15.9 1
37.25 15.9 1
37.3 15.9 1
37.35 15.9 1
37.4 15.9 1
37.45 15.9 1
37.5 15.9 1
37.55 15.9 1
37.6 15.9 1
37.65 15.9 1
37.7 15.9 1
37.75 15.9 1
37.8 15.9 1
37.85 15.9 1
37.9 15.9 1
37.95 15.9 1
38 15.9 1
38.05 15.9 1
38.1 15.9 1
38.15 15.9 1
38.2 15.9 1
38.25 15.9 1
38.3 15.9 1
38.35 15.9 1
38.4 15.9 1
38.45 15.9 1
38.5 15.9 1
38.55 15.9 1
38.6 15.9 1
38.65 15.9 1
38.7 15.9 1
38.75 15.9 1
38.8 15.9 1
38.85 15.9 1
38.9 15.9 1
38.95 15.9 1
39 15.9 1
39.05 15.9 1
39.1 15.9 1
39.15 15.9 1
39.2 15.9 1
39.25 15.9 1
39.3 15.9 1
39.35 15.9 1
39.4 15.9 1
39.45 15.9 1
39.45 15.9 0
39.5 15.9 0
39.55 15.9 0
39.6 15.9 0
39.65 15.9 0
39.7 15.9 0
39.75 15.9 0
39.8 15.9 0
39.85 15.9 0
39.9 15.9 0
39.95 15.9 0
40 15.9 0
40.05 15.9 0
40.1 15.9 0
40.15 15.9 0
40.2 15.9 0
40.25 15.9 0
40.3 15.9 0
40.35 15.9 0
40.4 15.9 0
40.45 15.9 0
40.5 15.9 0
PATH 30 94
40.85 11 0
40.8 11.05 0
40.75 11.1 0
40.7 11.15 0
40.7 11.15 2
40.65 11.2 2
40.6 11.25 2
40.55 11.3 2
40.55 11.35 2
40.55 11.4 2
40.55 11.45 2
40.55 11.5 2
40.55 11.55 2
40.55 11.6 2
40.55 11.65 2
40.55 11.7 2
40.55 11.75 2
40.55 11.8 2
40.55 11.85 2
40.55 11.9 2
40.55 11.95 2
40.55 12 2
40.55 12.05 2
40.55 12.1 2
40.55 12.15 2
40.55 12.2 2
40.55 12.25 2
40.55 12.3 2
40.55 12.35 2
40.55 12.4 2
40.55 12.45 2
40.55 12.5 2
40.55 12.55 2
40.55 12.6 2
40.55 12.65 2
40.55 12.7 2
40.55 12.75 2
40.55 12.8 2
40.55 12.85 2
40.55 12.9 2
40.55 12.95 2
40.55 13 2
40.55 13.05 2
40.55 13.1 2
40.55 13.15 2
40.55 13.2 2
40.55 13.25 2
40.55 13.3 2
40.55 13.35 2
40.55 13.4 2
40.55 13.45 2
40.55 13.5 2
40.55 13.55 2
40.55 13.6 2
40.55 13.65 2
40.55 13.7 2
40.55 13.75 2
40.55 13.8 2
40.55 13.85 2
40.55 13.9 2
40.55 13.95 2
40.55 14 2
40.55 14.05 2
40.55 14.1 2
40.55 14.15 2
40.55 14.2 2
40.55 14.25 2
40.55 14.3 2
40.55 14.35 2
40.55 14.4 2
40.5 14.45 2
40.5 14.5 2
40.5 14.55 2
40.5 14.6 2
40.5 14.65 2
40.5 14.7 2
40.5 14.75 2
40.5 14.8 2
40.5 14.85 2
40.5 14.9 2
40.5 14.95 2
40.5 15 2
40.5 15.05 2
40.5 15.1 2
40.5 15.15 2
40.5 15.2 2
40.5 15.25 2
40.5 15.3 2
40.5 15.35 2
40.5 15.4 2
40.5 15.45 2
40.5 15.5 2
40.5 15.55 2
40.5 15.55 0
PATH 30 101
45.5 15.55 0
45.45 15.55 0
45.4 15.55 0
45.35 15.55 0
45.3 15.55 0
45.25 15.55 0
45.2 15.55 0
45.15 15.55 0
45.1 15.55 0
45.05 15.55 0
45 15.55 0
44.95 15.55 0
44.9 15.55 0
44.85 15.55 0
44.8 15.55 0
44.75 15.55 0
44.7 15.55 0
44.65 15.55 0
44.6 15.55 0
44.55 15.55 0
44.5 15.55 0
44.45 15.55 0
44.4 15.55 0
44.35 15.55 0
44.3 15.55 0
44.25 15.55 0
44.2 15.55 0
44.15 15.55 0
44.1 15.55 0
44.05 15.55 0
44 15.55 0
43.95 15.55 0
43.9 15.55 0
43.85 15.55 0
43.8 15.55 0
43.75 15.55 0
43.7 15.55 0
43.65 15.55 0
43.6 15.55 0
43.55 15.55 0
43.5 15.55 0
43.45 15.55 0
43.4 15.55 0
43.35 15.55 0
43.3 15.55 0
43.25 15.55 0
43.2 15.55 0
43.15 15.55 0
43.1 15.55 0
43.05 15.55 0
43 15.55 0
42.95 15.55 0
42.9 15.55 0
42.85 15.55 0
42.8 15.55 0
42.75 15.55 0
42.7 15.55 0
42.65 15.55 0
42.6 15.55 0
42.55 15.55 0
42.5 15.55 0
42.45 15.55 0
42.4 15.55 0
42.35 15.55 0
42.3 15.55 0
42.25 15.55 0
42.2 15.55 0
42.15 15.55 0
42.1 15.55 0
42.05 15.55 0
42 15.55 0
41.95 15.55 0
41.9 15.55 0
41.85 15.55 0
41.8 15.55 0
41.75 15.55 0
41.7 15.55 0
41.65 15.55 0
41.6 15.55 0
41.55 15.55 0
41.5 15.55 0
41.45 15.55 0
41.4 15.55 0
41.35 15.55 0
41.3 15.55 0
41.25 15.55 0
41.2 15.55 0
41.15 15.55 0
41.1 15.55 0
41.05 15.55 0
41 15.55 0
40.95 15.55 0
40.9 15.55 0
40.85 15.55 0
40.8 15.55 0
40.75 15.55 0
40.7 15.55 0
40.65 15.55 0
40.6 15.55 0
40.55 15.55 0
40.5 15.55 0
PATH 30 89
49.5 15.55 0
49.5 15.6 0
49.5 15.65 0
49.5 15.65 1
49.45 15.65 1
49.4 15.65 1
49.35 15.65 1
49.3 15.65 1
49.25 15.65 1
49.2 15.65 1
49.15 15.65 1
49.1 15.65 1
49.05 15.65 1
49 15.65 1
48.95 15.65 1
48.9 15.65 1
48.85 15.65 1
48.8 15.65 1
48.75 15.65 1
48.7 15.65 1
48.65 15.65 1
48.6 15.65 1
48.55 15.65 1
48.5 15.65 1
48.45 15.65 1
48.4 15.65 1
48.35 15.65 1
48.3 15.65 1
48.25 15.65 1
48.2 15.65 1
48.15 15.65 1
48.1 15.65 1
48.05 15.65 1
48 15.65 1
47.95 15.65 1
47.9 15.65 1
47.85 15.65 1
47.8 15.65 1
47.75 15.65 1
47.7 15.65 1
47.65 15.65 1
47.6 15.65 1
47.55 15.65 1
47.5 15.65 1
47.45 15.65 1
47.4 15.65 1
47.35 15.65 1
47.3 15.65 1
47.25 15.65 1
47.2 15.65 1
47.15 15.65 1
47.1 15.65 1
47.05 15.65 1
47 15.65 1
46.95 15.65 1
46.9 15.65 1
46.85 15.65 1
46.8 15.65 1
46.75 15.65 1
46.7 15.65 1
46.65 15.6 1
46.6 15.55 1
46.55 15.55 1
46.5 15.55 1
46.45 15.55 1
46.4 15.55 1
46.35 15.55 1
46.3 15.55 1
46.25 15.55 1
46.2 15.55 1
46.15 15.55 1
46.1 15.55 1
46.05 15.55 1
46 15.55 1
45.95 15.55 1
45.9 15.55 1
45.85 15.55 1
45.8 15.55 1
45.75 15.55 1
45.7 15.55 1
45.65 15.55 1
45.6 15.55 1
45.55 15.55 1
45.5 15.55 1
45.45 15.55 1
45.4 15.55 1
45.35 15.55 1
45.3 15.55 1
45.3 15.55 0
PATH 30 92
45.85 11 0
45.85 11.05 0
45.85 11.1 0
45.85 11.15 0
45.85 11.2 0
45.85 11.25 0
45.8 11.3 0
45.8 11.35 0
45.8 11.4 0
45.8 11.45 0
45.8 11.5 0
45.8 11.55 0
45.8 11.6 0
45.75 11.65 0
45.7 11.7 0
45.65 11.75 0
45.65 11.8 0
45.65 11.85 0
45.65 11.9 0
45.65 11.95 0
45.6 12 0
45.6 12.05 0
45.6 12.1 0
45.6 12.15 0
45.6 12.2 0
45.6 12.25 0
45.6 12.3 0
45.6 12.35 0
45.6 12.4 0
45.6 12.45 0
45.6 12.5 0
45.6 12.55 0
45.6 12.6 0
45.6 12.65 0
45.6 12.7 0
45.55 12.75 0
45.5 12.8 0
45.5 12.85 0
45.5 12.9 0
45.5 12.95 0
45.5 13 0
45.5 13.05 0
45.5 13.1 0
45.5 13.15 0
45.5 13.2 0
45.5 13.25 0
45.5 13.3 0
45.5 13.35 0
45.5 13.4 0
45.5 13.45 0
45.5 13.5 0
45.5 13.55 0
45.5 13.6 0
45.5 13.65 0
45.5 13.7 0
45.5 13.75 0
45.5 13.8 0
45.5 13.85 0
45.5 13.9 0
45.5 13.95 0
45.5 14 0
45.5 14.05 0
45.5 14.1 0
45.5 14.15 0
45.5 14.2 0
45.5 14.25 0
45.5 14.3 0
45.5 14.35 0
45.5 14.4 0
45.5 14.45 0
45.5 14.5 0
45.5 14.55 0
45.5 14.6 0
45.5 14.65 0
45.5 14.7 0
45.5 14.75 0
45.5 14.8 0
45.5 14.85 0
45.5 14.9 0
45.5 14.95 0
45.5 15 0
45.5 15.05 0
45.5 15.1 0
45.5 15.15 0
45.5 15.2 0
45.5 15.25 0
45.5 15.3 0
45.5 15.35 0
45.5 15.4 0
45.5 15.45 0
45.5 15.5 0
45.5 15.55 0
PATH 30 101
54.5 15.55 0
54.45 15.55 0
54.4 15.55 0
54.35 15.55 0
54.3 15.55 0
54.25 15.55 0
54.2 15.55 0
54.15 15.55 0
54.1 15.55 0
54.05 15.55 0
54 15.55 0
53.95 15.55 0
53.9 15.55 0
53.85 15.55 0
53.8 15.55 0
53.75 15.55 0
53.7 15.55 0
53.65 15.55 0
53.6 15.55 0
53.55 15.55 0
53.5 15.55 0
53.45 15.55 0
53.4 15.55 0
53.35 15.55 0
53.3 15.55 0
53.25 15.55 0
53.2 15.55 0
53.15 15.55 0
53.1 15.55 0
53.05 15.55 0
53 15.55 0
52.95 15.55 0
52.9 15.55 0
52.85 15.55 0
52.8 15.55 0
52.75 15.55 0
52.7 15.55 0
52.65 15.55 0
52.6 15.55 0
52.55 15.55 0
52.5 15.55 0
52.45 15.55 0
52.4 15.55 0
52.35 15.55 0
52.3 15.55 0
52.25 15.55 0
52.2 15.55 0
52.15 15.55 0
52.1 15.55 0
52.05 15.55 0
52 15.55 0
51.95 15.55 0
51.9 15.55 0
51.85 15.55 0
51.8 15.55 0
51.75 15.55 0
51.7 15.55 0
51.65 15.55 0
51.6 15.55 0
51.55 15.55 0
51.5 15.55 0
51.45 15.55 0
51.4 15.55 0
51.35 15.55 0
51.3 15.55 0
51.25 15.55 0
51.2 15.55 0
51.15 15.55 0
51.1 15.55 0
51.05 15.55 0
51 15.55 0
50.95 15.55 0
50.9 15.55 0
50.85 15.55 0
50.8 15.55 0
50.75 15.55 0
50.7 15.55 0
50.65 15.55 0
50.6 15.55 0
50.55 15.55 0
50.5 15.55 0
50.45 15.55 0
50.4 15.55 0
50.35 15.55 0
50.3 15.55 0
50.25 15.55 0
50.2 15.55 0
50.15 15.55 0
50.1 15.55 0
50.05 15.55 0
50 15.55 0
49.95 15.55 0
49.9 15.55 0
49.85 15.55 0
49.8 15.55 0
49.75 15.55 0
49.7 15.55 0
49.65 15.55 0
49.6 15.55 0
49.55 15.55 0
49.5 15.55 0
PATH 30 83
58.5 15.55 0
58.45 15.55 0
58.4 15.55 0
58.35 15.55 0
58.3 15.55 0
58.25 15.55 0
58.2 15.55 0
58.15 15.55 0
58.1 15.55 0
58.05 15.55 0
58 15.55 0
57.95 15.55 0
57.9 15.55 0
57.85 15.55 0
57.8 15.55 0
57.75 15.55 0
57.7 15.55 0
57.65 15.55 0
57.6 15.55 0
57.55 15.55 0
57.5 15.55 0
57.45 15.55 0
57.45 15.55 2
57.4 15.55 2
57.35 15.55 2
57.3 15.55 2
57.25 15.55 2
57.2 15.55 2
57.15 15.55 2
57.1 15.55 2
57.05 15.55 2
57 15.55 2
56.95 15.55 2
56.9 15.55 2
56.85 15.55 2
56.8 15.55 2
56.75 15.55 2
56.7 15.55 2
56.65 15.55 2
56.6 15.55 2
56.55 15.55 2
56.5 15.55 2
56.45 15.55 2
56.4 15.55 2
56.35 15.55 2
56.3 15.55 2
56.25 15.55 2
56.2 15.55 2
56.15 15.55 2
56.1 15.55 2
56.05 15.55 2
56 15.55 2
55.95 15.55 2
55.9 15.55 2
55.85 15.55 2
55.8 15.55 2
55.75 15.55 2
55.7 15.55 2
55.65 15.55 2
55.6 15.55 2
55.55 15.55 2
55.5 15.55 2
55.45 15.55 2
55.4 15.55 2
55.35 15.55 2
55.3 15.55 2
55.25 15.55 2
55.2 15.55 2
55.15 15.55 2
55.1 15.55 2
55.05 15.55 2
55 15.55 2
54.95 15.55 2
54.9 15.55 2
54.85 15.55 2
54.8 15.55 2
54.75 15.55 2
54.7 15.55 2
54.65 15.55 2
54.6 15.55 2
54.55 15.55 2
54.5 15.55 2
54.5 15.55 0
PATH 30 111
63.5 15.55 0
63.45 15.55 0
63.4 15.55 0
63.35 15.5 0
63.3 15.45 0
63.25 15.4 0
63.2 15.35 0
63.15 15.3 0
63.15 15.3 1
63.1 15.3 1
63.05 15.3 1
63 15.3 1
62.95 15.3 1
62.9 15.3 1
62.85 15.3 1
62.8 15.3 1
62.75 15.3 1
62.7 15.3 1
62.65 15.3 1
62.6 15.3 1
62.55 15.3 1
62.5 15.3 1
62.45 15.3 1
62.4 15.3 1
62.35 15.3 1
62.3 15.3 1
62.25 15.3 1
62.2 15.3 1
62.15 15.3 1
62.1 15.3 1
62.05 15.3 1
62 15.3 1
61.95 15.3 1
61.9 15.3 1
61.85 15.3 1
61.8 15.3 1
61.75 15.3 1
61.7 15.3 1
61.65 15.3 1
61.6 15.3 1
61.55 15.3 1
61.5 15.3 1
61.45 15.3 1
61.4 15.3 1
61.35 15.3 1
61.3 15.3 1
61.25 15.3 1
61.2 15.3 1
61.15 15.3 1
61.1 15.3 1
61.05 15.3 1
61 15.3 1
60.95 15.3 1
60.9 15.3 1
60.85 15.3 1
60.8 15.3 1
60.75 15.3 1
60.7 15.3 1
60.65 15.3 1
60.6 15.3 1
60.55 15.3 1
60.5 15.3 1
60.45 15.3 1
60.4 15.3 1
60.35 15.3 1
60.3 15.3 1
60.25 15.3 1
60.2 15.3 1
60.15 15.3 1
60.1 15.3 1
60.05 15.3 1
60 15.3 1
59.95 15.3 1
59.9 15.3 1
59.85 15.3 1
59.8 15.3 1
59.75 15.3 1
59.7 15.3 1
59.65 15.3 1
59.6 15.3 1
59.55 15.3 1
59.5 15.3 1
59.45 15.35 1
59.4 15.35 1
59.35 15.35 1
59.3 15.35 1
59.25 15.4 1
59.2 15.4 1
59.15 15.4 1
59.1 15.45 1
59.05 15.5 1
59 15.5 1
58.95 15.5 1
58.9 15.5 1
58.85 15.5 1
58.8 15.5 1
58.75 15.5 1
58.7 15.5 1
58.65 15.5 1
58.6 15.5 1
58.55 15.5 1
58.5 15.55 1
58.45 15.55 1
58.4 15.55 1
58.35 15.55 1
58.3 15.55 1
58.25 15.55 1
58.2 15.55 1
58.15 15.55 1
58.1 15.55 1
58.1 15.55 0
PATH 30 81
67.5 15.55 0
67.45 15.55 0
67.4 15.55 0
67.35 15.55 0
67.3 15.55 0
67.25 15.55 0
67.2 15.55 0
67.15 15.55 0
67.1 15.55 0
67.05 15.55 0
67 15.55 0
66.95 15.55 0
66.9 15.55 0
66.85 15.55 0
66.8 15.55 0
66.75 15.55 0
66.7 15.55 0
66.65 15.55 0
66.6 15.55 0
66.55 15.55 0
66.5 15.55 0
66.45 15.55 0
66.4 15.55 0
66.35 15.55 0
66.3 15.55 0
66.25 15.55 0
66.2 15.55 0
66.15 15.55 0
66.1 15.55 0
66.05 15.55 0
66 15.55 0
65.95 15.55 0
65.9 15.55 0
65.85 15.55 0
65.8 15.55 0
65.75 15.55 0
65.7 15.55 0
65.65 15.55 0
65.6 15.55 0
65.55 15.55 0
65.5 15.55 0
65.45 15.55 0
65.4 15.55 0
65.35 15.55 0
65.3 15.55 0
65.25 15.55 0
65.2 15.55 0
65.15 15.55 0
65.1 15.55 0
65.05 15.55 0
65 15.55 0
64.95 15.55 0
64.9 15.55 0
64.85 15.55 0
64.8 15.55 0
64.75 15.55 0
64.7 15.55 0
64.65 15.55 0
64.6 15.55 0
64.55 15.55 0
64.5 15.55 0
64.45 15.55 0
64.4 15.55 0
64.35 15.55 0
64.3 15.55 0
64.25 15.55 0
64.2 15.55 0
64.15 15.55 0
64.1 15.55 0
64.05 15.55 0
64 15.55 0
63.95 15.55 0
63.9 15.55 0
63.85 15.55 0
63.8 15.55 0
63.75 15.55 0
63.7 15.55 0
63.65 15.55 0
63.6 15.55 0
63.55 15.55 0
63.5 15.55 0
PATH 30 101
72.5 15.55 0
72.45 15.55 0
72.4 15.55 0
72.35 15.55 0
72.3 15.55 0
72.25 15.55 0
72.2 15.55 0
72.15 15.55 0
72.1 15.55 0
72.05 15.55 0
72 15.55 0
71.95 15.55 0
71.9 15.55 0
71.85 15.55 0
71.8 15.55 0
71.75 15.55 0
71.7 15.55 0
71.65 15.55 0
71.6 15.55 0
71.55 15.55 0
71.5 15.55 0
71.45 15.55 0
71.4 15.55 0
71.35 15.55 0
71.3 15.55 0
71.25 15.55 0
71.2 15.55 0
71.15 15.55 0
71.1 15.55 0
71.05 15.55 0
71 15.55 0
70.95 15.55 0
70.9 15.55 0
70.85 15.55 0
70.8 15.55 0
70.75 15.55 0
70.7 15.55 0
70.65 15.55 0
70.6 15.55 0
70.55 15.55 0
70.5 15.55 0
70.45 15.55 0
70.4 15.55 0
70.35 15.55 0
70.3 15.55 0
70.25 15.55 0
70.2 15.55 0
70.15 15.55 0
70.1 15.55 0
70.05 15.55 0
70 15.55 0
69.95 15.55 0
69.9 15.55 0
69.85 15.55 0
69.8 15.55 0
69.75 15.55 0
69.7 15.55 0
69.65 15.55 0
69.6 15.55 0
69.55 15.55 0
69.5 15.55 0
69.45 15.55 0
69.4 15.55 0
69.35 15.55 0
69.3 15.55 0
69.25 15.55 0
69.2 15.55 0
69.15 15.55 0
69.1 15.55 0
69.05 15.55 0
69 15.55 0
68.95 15.55 0
68.9 15.55 0
68.85 15.55 0
68.8 15.55 0
68.75 15.55 0
68.7 15.55 0
68.65 15.55 0
68.6 15.55 0
68.55 15.55 0
68.5 15.55 0
68.45 15.55 0
68.4 15.55 0
68.35 15.55 0
68.3 15.55 0
68.25 15.55 0
68.2 15.55 0
68.15 15.55 0
68.1 15.55 0
68.05 15.55 0
68 15.55 0
67.95 15.55 0
67.9 15.55 0
67.85 15.55 0
67.8 15.55 0
67.75 15.55 0
67.7 15.55 0
67.65 15.55 0
67.6 15.55 0
67.55 15.55 0
67.5 15.55 0
PATH 30 121
31.5 15.55 0
31.5 15.6 0
31.5 15.65 0
31.5 15.7 0
31.5 15.75 0
31.5 15.8 0
31.5 15.85 0
31.45 15.9 0
31.4 15.95 0
31.35 16 0
31.3 16.05 0
31.25 16.1 0
31.2 16.15 0
31.15 16.2 0
31.1 16.25 0
31.05 16.3 0
31 16.35 0
30.95 16.4 0
30.9 16.45 0
30.85 16.5 0
30.8 16.55 0
30.75 16.6 0
30.7 16.65 0
30.65 16.7 0
30.6 16.75 0
30.55 16.8 0
30.5 16.85 0
30.45 16.9 0
30.4 16.95 0
30.35 17 0
30.3 17.05 0
30.25 17.1 0
30.2 17.15 0
30.15 17.2 0
30.1 17.25 0
30.05 17.3 0
30 17.35 0
29.95 17.4 0
29.9 17.45 0
29.85 17.5 0
29.8 17.55 0
29.8 17.6 0
29.8 17.65 0
29.8 17.7 0
29.8 17.75 0
29.8 17.8 0
29.8 17.85 0
29.8 17.9 0
29.8 17.95 0
29.8 18 0
29.8 18.05 0
29.8 18.1 0
29.8 18.15 0
29.8 18.2 0
29.8 18.25 0
29.8 18.3 0
29.8 18.35 0
29.8 18.4 0
29.8 18.45 0
29.8 18.5 0
29.8 18.55 0
29.8 18.6 0
29.8 18.65 0
29.8 18.7 0
29.8 18.75 0
29.8 18.8 0
29.8 18.85 0
29.8 18.9 0
29.8 18.95 0
29.8 19 0
29.8 19.05 0
29.8 19.1 0
29.8 19.15 0
29.8 19.2 0
29.8 19.25 0
29.8 19.3 0
29.8 19.35 0
29.8 19.4 0
29.8 19.45 0
29.8 19.5 0
29.8 19.55 0
29.8 19.6 0
29.8 19.65 0
29.8 19.7 0
29.8 19.75 0
29.8 19.8 0
29.8 19.85 0
29.8 19.9 0
29.8 19.95 0
29.8 20 0
29.8 20.05 0
29.8 20.1 0
29.8 20.15 0
29.8 20.2 0
29.8 20.25 0
29.8 20.3 0
29.8 20.35 0
29.8 20.4 0
29.8 20.45 0
29.8 20.5 0
29.8 20.55 0
29.8 20.6 0
29.8 20.65 0
29.8 20.7 0
29.8 20.75 0
29.8 20.8 0
29.8 20.85 0
29.8 20.9 0
29.8 20.95 0
29.8 21 0
29.8 21.05 0
29.8 21.1 0
29.8 21.15 0
29.8 21.2 0
29.8 21.25 0
29.8 21.3 0
29.8 21.35 0
29.8 21.4 0
29.8 21.45 0
29.8 21.5 0
29.8 21.55 0
PATH 30 47
27.5 15.55 0
27.55 15.6 0
27.6 15.65 0
27.65 15.65 0
27.7 15.7 0
27.75 15.7 0
27.8 15.75 0
27.85 15.8 0
27.9 15.85 0
27.95 15.85 0
28 15.85 0
28.05 15.9 0
28.1 15.95 0
28.15 16 0
28.2 16.05 0
28.25 16.1 0
28.3 16.15 0
28.35 16.2 0
28.4 16.25 0
28.45 16.25 0
28.5 16.3 0
28.55 16.35 0
28.6 16.35 0
28.65 16.4 0
28.7 16.45 0
28.75 16.5 0
28.8 16.55 0
28.85 16.6 0
28.9 16.65 0
28.95 16.7 0
29 16.75 0
29.05 16.8 0
29.1 16.85 0
29.15 16.9 0
29.2 16.95 0
29.25 17 0
29.3 17.05 0
29.35 17.1 0
29.4 17.15 0
29.45 17.2 0
29.5 17.25 0
29.55 17.3 0
29.6 17.35 0
29.65 17.4 0
29.7 17.45 0
29.75 17.5 0
29.8 17.55 0
PATH 30 101
22.5 15.55 0
22.55 15.55 0
22.6 15.55 0
22.65 15.55 0
22.7 15.55 0
22.75 15.55 0
22.8 15.55 0
22.85 15.55 0
22.9 15.55 0
22.95 15.55 0
23 15.55 0
23.05 15.55 0
23.1 15.55 0
23.15 15.55 0
23.2 15.55 0
23.25 15.55 0
23.3 15.55 0
23.35 15.55 0
23.4 15.55 0
23.45 15.55 0
23.5 15.55 0
23.55 15.55 0
23.6 15.55 0
23.65 15.55 0
23.7 15.55 0
23.75 15.55 0
23.8 15.55 0
23.85 15.55 0
23.9 15.55 0
23.95 15.55 0
24 15.55 0
24.05 15.55 0
24.1 15.55 0
24.15 15.55 0
24.2 15.55 0
24.25 15.55 0
24.3 15.55 0
24.35 15.55 0
24.4 15.55 0
24.45 15.55 0
24.5 15.55 0
24.55 15.55 0
24.6 15.55 0
24.65 15.55 0
24.7 15.55 0
24.75 15.55 0
24.8 15.55 0
24.85 15.55 0
24.9 15.55 0
24.95 15.55 0
25 15.55 0
25.05 15.55 0
25.1 15.55 0
25.15 15.55 0
25.2 15.55 0
25.25 15.55 0
25.3 15.55 0
25.35 15.55 0
25.4 15.55 0
25.45 15.55 0
25.5 15.55 0
25.55 15.55 0
25.6 15.55 0
25.65 15.55 0
25.7 15.55 0
25.75 15.55 0
25.8 15.55 0
25.85 15.55 0
25.9 15.55 0
25.95 15.55 0
26 15.55 0
26.05 15.55 0
26.1 15.55 0
26.15 15.55 0
26.2 15.55 0
26.25 15.55 0
26.3 15.55 0
26.35 15.55 0
26.4 15.55 0
26.45 15.55 0
26.5 15.55 0
26.55 15.55 0
26.6 15.55 0
26.65 15.55 0
26.7 15.55 0
26.75 15.55 0
26.8 15.55 0
26.85 15.55 0
26.9 15.55 0
26.95 15.55 0
27 15.55 0
27.05 15.55 0
27.1 15.55 0
27.15 15.55 0
27.2 15.55 0
27.25 15.55 0
27.3 15.55 0
27.35 15.55 0
27.4 15.55 0
27.45 15.55 0
27.5 15.55 0
PATH 30 131
85.95 18 0
85.9 17.95 0
85.85 17.9 0
85.8 17.85 0
85.75 17.8 0
85.7 17.75 0
85.65 17.7 0
85.6 17.65 0
85.55 17.6 0
85.5 17.55 0
85.45 17.5 0
85.4 17.45 0
85.35 17.4 0
85.3 17.35 0
85.25 17.3 0
85.2 17.25 0
85.15 17.2 0
85.1 17.15 0
85.05 17.1 0
85 17.05 0
84.95 17 0
84.9 16.95 0
84.85 16.9 0
84.8 16.9 0
84.75 16.9 0
84.7 16.9 0
84.65 16.9 0
84.6 16.9 0
84.55 16.9 0
84.5 16.9 0
84.45 16.9 0
84.4 16.9 0
84.35 16.9 0
84.3 16.9 0
84.25 16.9 0
84.2 16.9 0
84.15 16.9 0
84.1 16.9 0
84.05 16.9 0
84 16.9 0
83.95 16.9 0
83.9 16.9 0
83.85 16.9 0
83.8 16.9 0
83.75 16.9 0
83.7 16.9 0
83.65 16.9 0
83.6 16.9 0
83.55 16.9 0
83.5 16.9 0
83.45 16.9 0
83.4 16.9 0
83.35 16.9 0
83.3 16.9 0
83.25 16.9 0
83.2 16.9 0
83.15 16.9 0
83.1 16.9 0
83.05 16.9 0
83 16.9 0
82.95 16.9 0
82.9 16.9 0
82.85 16.9 0
82.8 16.9 0
82.75 16.9 0
82.7 16.9 0
82.65 16.9 0
82.6 16.9 0
82.55 16.9 0
82.5 16.9 0
82.45 16.9 0
82.4 16.9 0
82.35 16.9 0
82.3 16.9 0
82.25 16.9 0
82.2 16.9 0
82.15 16.9 0
82.1 16.9 0
82.05 16.9 0
82 16.9 0
81.95 16.9 0
81.9 16.9 0
81.85 16.9 0
81.8 16.9 0
81.75 16.9 0
81.7 16.9 0
81.65 16.9 0
81.6 16.9 0
81.55 16.9 0
81.5 16.9 0
81.45 16.9 0
81.4 16.9 0
81.35 16.9 0
81.3 16.9 0
81.25 16.9 0
81.2 16.9 0
81.15 16.9 0
81.1 16.9 0
81.05 16.9 0
81 16.9 0
80.95 16.9 0
80.9 16.9 0
80.85 16.9 0
80.8 16.9 0
80.75 16.9 0
80.7 16.9 0
80.65 16.9 0
80.6 16.9 0
80.55 16.9 0
80.5 16.9 0
80.45 16.9 0
80.4 16.9 0
80.35 16.9 0
80.3 16.9 0
80.25 16.9 0
80.2 16.9 0
80.15 16.9 0
80.1 16.9 0
80.05 16.9 0
80 16.9 0
79.95 16.9 0
79.9 16.9 0
79.85 16.9 0
79.8 16.9 0
79.75 16.9 0
79.7 16.9 0
79.65 16.9 0
79.6 16.9 0
79.55 16.9 0
79.5 16.9 0
79.45 16.9 0
PATH 30 123
91.95 18 0
91.9 18 0
91.85 18 0
91.8 18 0
91.75 18 0
91.7 18 0
91.65 18 0
91.6 18 0
91.55 18 0
91.5 18 0
91.5 18 2
91.45 18 2
91.4 18 2
91.35 18 2
91.3 18 2
91.25 18 2
91.2 18 2
91.15 18 2
91.1 18 2
91.05 18 2
91 18 2
90.95 18 2
90.9 18 2
90.85 18 2
90.8 18 2
90.75 18 2
90.7 18 2
90.65 18 2
90.6 18 2
90.55 18 2
90.5 18 2
90.45 18 2
90.4 18 2
90.35 18 2
90.3 18 2
90.25 18 2
90.2 18 2
90.15 18 2
90.1 18 2
90.05 18 2
90 18 2
89.95 18 2
89.9 18 2
89.85 18 2
89.8 18 2
89.75 18 2
89.7 18 2
89.65 18 2
89.6 18 2
89.55 18 2
89.5 18 2
89.45 18 2
89.4 18 2
89.35 18 2
89.3 18 2
89.25 18 2
89.2 18 2
89.15 18 2
89.1 18 2
89.05 18 2
89 18 2
88.95 18 2
88.9 18 2
88.85 18 2
88.8 18 2
88.75 18 2
88.7 18 2
88.65 18 2
88.6 18 2
88.55 18 2
88.5 18 2
88.45 18 2
88.4 18 2
88.35 18 2
88.3 18 2
88.25 18 2
88.2 18 2
88.15 18 2
88.1 18 2
88.05 18 2
88 18 2
87.95 18 2
87.9 18 2
87.85 18 2
87.8 18 2
87.75 18 2
87.7 18 2
87.65 18 2
87.6 18 2
87.55 18 2
87.5 18 2
87.45 18 2
87.4 18 2
87.35 18 2
87.3 18 2
87.25 18 2
87.2 18 2
87.15 18 2
87.1 18 2
87.05 18 2
87 18 2
86.95 18 2
86.9 18 2
86.85 18 2
86.8 18 2
86.75 18 2
86.7 18 2
86.65 18 2
86.6 18 2
86.55 18 2
86.5 18 2
86.45 18 2
86.4 18 2
86.35 18 2
86.3 18 2
86.25 18 2
86.2 18 2
86.15 18 2
86.1 18 2
86.05 18 2
86 18 2
85.95 18 2
85.95 18 0
PATH 30 121
91.95 12 0
91.95 12.05 0
91.95 12.1 0
91.95 12.15 0
91.95 12.2 0
91.95 12.25 0
91.95 12.3 0
91.95 12.35 0
91.95 12.4 0
91.95 12.45 0
91.95 12.5 0
91.95 12.55 0
91.95 12.6 0
91.95 12.65 0
91.95 12.7 0
91.95 12.75 0
91.95 12.8 0
91.95 12.85 0
91.95 12.9 0
91.95 12.95 0
91.95 13 0
91.95 13.05 0
91.95 13.1 0
91.95 13.15 0
91.95 13.2 0
91.95 13.25 0
91.95 13.3 0
91.95 13.35 0
91.95 13.4 0
91.95 13.45 0
91.95 13.5 0
91.95 13.55 0
91.95 13.6 0
91.95 13.65 0
91.95 13.7 0
91.95 13.75 0
91.95 13.8 0
91.95 13.85 0
91.95 13.9 0
91.95 13.95 0
91.95 14 0
91.95 14.05 0
91.95 14.1 0
91.95 14.15 0
91.95 14.2 0
91.95 14.25 0
91.95 14.3 0
91.95 14.35 0
91.95 14.4 0
91.95 14.45 0
91.95 14.5 0
91.95 14.55 0
91.95 14.6 0
91.95 14.65 0
91.95 14.7 0
91.95 14.75 0
91.95 14.8 0
91.95 14.85 0
91.95 14.9 0
91.95 14.95 0
91.95 15 0
91.95 15.05 0
91.95 15.1 0
91.95 15.15 0
91.95 15.2 0
91.95 15.25 0
91.95 15.3 0
91.95 15.35 0
91.95 15.4 0
91.95 15.45 0
91.95 15.5 0
91.95 15.55 0
91.95 15.6 0
91.95 15.65 0
91.95 15.7 0
91.95 15.75 0
91.95 15.8 0
91.95 15.85 0
91.95 15.9 0
91.95 15.95 0
91.95 16 0
91.95 16.05 0
91.95 16.1 0
91.95 16.15 0
91.95 16.2 0
91.95 16.25 0
91.95 16.3 0
91.95 16.35 0
91.95 16.4 0
91.95 16.45 0
91.95 16.5 0
91.95 16.55 0
91.95 16.6 0
91.95 16.65 0
91.95 16.7 0
91.95 16.75 0
91.95 16.8 0
91.95 16.85 0
91.95 16.9 0
91.95 16.95 0
91.95 17 0
91.95 17.05 0
91.95 17.1 0
91.95 17.15 0
91.95 17.2 0
91.95 17.25 0
91.95 17.3 0
91.95 17.35 0
91.95 17.4 0
91.95 17.45 0
91.95 17.5 0
91.95 17.55 0
91.95 17.6 0
91.95 17.65 0
91.95 17.7 0
91.95 17.75 0
91.95 17.8 0
91.95 17.85 0
91.95 17.9 0
91.95 17.95 0
91.95 18 0
PATH 30 82
96 21 0
95.95 20.95 0
95.9 20.9 0
95.85 20.85 0
95.8 20.85 0
95.75 20.8 0
95.7 20.8 0
95.65 20.8 0
95.6 20.75 0
95.55 20.7 0
95.5 20.65 0
95.45 20.6 0
95.4 20.55 0
95.35 20.5 0
95.3 20.45 0
95.25 20.4 0
95.2 20.35 0
95.15 20.3 0
95.1 20.25 0
95.05 20.2 0
95 20.15 0
94.95 20.15 0
94.9 20.15 0
94.85 20.15 0
94.8 20.15 0
94.75 20.15 0
94.7 20.15 0
94.65 20.15 0
94.6 20.1 0
94.55 20.05 0
94.5 20 0
94.45 19.95 0
94.4 19.9 0
94.35 19.85 0
94.3 19.8 0
94.25 19.75 0
94.2 19.7 0
94.15 19.65 0
94.1 19.6 0
94.05 19.55 0
94 19.5 0
93.95 19.45 0
93.9 19.4 0
93.85 19.35 0
93.8 19.3 0
93.75 19.25 0
93.7 19.2 0
93.65 19.15 0
93.6 19.1 0
93.55 19.05 0
93.5 19 0
93.45 18.95 0
93.4 18.9 0
93.35 18.85 0
93.3 18.8 0
93.25 18.75 0
93.2 18.75 0
93.15 18.75 0
93.1 18.75 0
93.05 18.75 0
93 18.75 0
92.95 18.7 0
92.9 18.65 0
92.85 18.6 0
92.8 18.55 0
92.75 18.5 0
92.7 18.45 0
92.65 18.4 0
92.6 18.35 0
92.55 18.3 0
92.5 18.25 0
92.45 18.2 0
92.4 18.15 0
92.35 18.1 0
92.3 18.05 0
92.25 18 0
92.2 18 0
92.15 18 0
92.1 18 0
92.05 18 0
92 18 0
91.95 18 0
PATH 30 83
93.45 25 0
93.5 24.95 0
93.55 24.9 0
93.6 24.85 0
93.65 24.8 0
93.7 24.75 0
93.75 24.7 0
93.8 24.65 0
93.85 24.6 0
93.9 24.55 0
93.95 24.5 0
94 24.45 0
94.05 24.4 0
94.1 24.35 0
94.15 24.3 0
94.15 24.3 2
94.2 24.25 2
94.2 24.2 2
94.2 24.15 2
94.2 24.1 2
94.2 24.05 2
94.2 24 2
94.2 23.95 2
94.2 23.9 2
94.2 23.85 2
94.25 23.8 2
94.3 23.75 2
94.3 23.7 2
94.35 23.65 2
94.35 23.6 2
94.4 23.55 2
94.45 23.5 2
94.45 23.45 2
94.5 23.4 2
94.55 23.35 2
94.6 23.3 2
94.65 23.25 2
94.7 23.2 2
94.75 23.15 2
94.75 23.1 2
94.8 23.05 2
94.85 23 2
94.9 22.95 2
94.95 22.9 2
95 22.85 2
95 22.8 2
95.05 22.75 2
95.1 22.7 2
95.1 22.65 2
95.1 22.6 2
95.1 22.55 2
95.15 22.5 2
95.2 22.45 2
95.25 22.4 2
95.3 22.35 2
95.3 22.3 2
95.35 22.25 2
95.35 22.2 2
95.4 22.15 2
95.45 22.1 2
95.45 22.05 2
95.45 22 2
95.45 21.95 2
95.45 21.9 2
95.45 21.85 2
95.45 21.8 2
95.45 21.75 2
95.45 21.7 2
95.45 21.65 2
95.45 21.6 2
95.45 21.55 2
95.5 21.5 2
95.55 21.45 2
95.6 21.4 2
95.65 21.35 2
95.7 21.3 2
95.75 21.25 2
95.8 21.2 2
95.85 21.15 2
95.9 21.1 2
95.95 21.05 2
96 21 2
96 21 0
PATH 30 162
52.25 7.5 0
52.25 7.55 0
52.25 7.6 0
52.25 7.65 0
52.25 7.7 0
52.25 7.75 0
52.25 7.8 0
52.25 7.85 0
52.25 7.9 0
52.25 7.95 0
52.25 8 0
52.25 8.05 0
52.25 8.1 0
52.25 8.15 0
52.25 8.2 0
52.25 8.25 0
52.25 8.3 0
52.25 8.35 0
52.25 8.4 0
52.25 8.45 0
52.25 8.5 0
52.25 8.55 0
52.25 8.6 0
52.25 8.65 0
52.25 8.7 0
52.25 8.75 0
52.25 8.8 0
52.25 8.85 0
52.25 8.9 0
52.25 8.95 0
52.25 9 0
52.25 9.05 0
52.25 9.1 0
52.25 9.15 0
52.25 9.2 0
52.25 9.25 0
52.25 9.3 0
52.25 9.35 0
52.25 9.4 0
52.25 9.45 0
52.25 9.5 0
52.25 9.55 0
52.25 9.6 0
52.25 9.65 0
52.25 9.7 0
52.25 9.75 0
52.25 9.8 0
52.25 9.85 0
52.25 9.9 0
52.25 9.95 0
52.25 10 0
52.25 10.05 0
52.25 10.1 0
52.25 10.15 0
52.25 10.2 0
52.25 10.25 0
52.25 10.3 0
52.25 10.35 0
52.25 10.4 0
52.25 10.45 0
52.25 10.5 0
52.25 10.55 0
52.25 10.6 0
52.25 10.65 0
52.25 10.7 0
52.25 10.75 0
52.25 10.8 0
52.25 10.85 0
52.25 10.9 0
52.25 10.95 0
52.25 11 0
52.25 11.05 0
52.25 11.1 0
52.25 11.15 0
52.25 11.2 0
52.25 11.25 0
52.25 11.3 0
52.25 11.35 0
52.25 11.4 0
52.25 11.45 0
52.25 11.5 0
52.25 11.55 0
52.25 11.6 0
52.25 11.65 0
52.25 11.7 0
52.25 11.75 0
52.25 11.8 0
52.25 11.85 0
52.25 11.9 0
52.25 11.95 0
52.25 12 0
52.25 12.05 0
52.25 12.1 0
52.25 12.15 0
52.25 12.2 0
52.25 12.25 0
52.25 12.3 0
52.25 12.35 0
52.25 12.4 0
52.25 12.45 0
52.25 12.5 0
52.25 12.55 0
52.25 12.6 0
52.25 12.65 0
52.25 12.7 0
52.25 12.75 0
52.25 12.8 0
52.25 12.85 0
52.25 12.9 0
52.25 12.95 0
52.25 13 0
52.25 13.05 0
52.25 13.1 0
52.25 13.15 0
52.25 13.2 0
52.25 13.25 0
52.25 13.3 0
52.25 13.35 0
52.25 13.4 0
52.25 13.45 0
52.25 13.5 0
52.25 13.55 0
52.25 13.6 0
52.25 13.65 0
52.25 13.7 0
52.25 13.75 0
52.25 13.8 0
52.25 13.85 0
52.25 13.9 0
52.25 13.95 0
52.25 14 0
52.25 14.05 0
52.25 14.1 0
52.25 14.15 0
52.25 14.2 0
52.25 14.25 0
52.25 14.3 0
52.25 14.35 0
52.25 14.4 0
52.25 14.45 0
52.25 14.5 0
52.25 14.55 0
52.25 14.6 0
52.25 14.65 0
52.25 14.7 0
52.25 14.75 0
52.25 14.8 0
52.25 14.85 0
52.25 14.9 0
52.25 14.95 0
52.25 15 0
52.25 15.05 0
52.25 15.1 0
52.25 15.15 0
52.25 15.2 0
52.25 15.25 0
52.25 15.3 0
52.25 15.35 0
52.25 15.4 0
52.25 15.45 0
52.25 15.5 0
52.25 15.55 0
PATH 30 143
81.95 29 0
81.9 28.95 0
81.85 28.9 0
81.8 28.85 0
81.8 28.8 0
81.75 28.75 0
81.7 28.7 0
81.65 28.65 0
81.6 28.6 0
81.55 28.55 0
81.5 28.5 0
81.45 28.45 0
81.4 28.4 0
81.35 28.35 0
81.3 28.3 0
81.25 28.25 0
81.2 28.2 0
81.15 28.15 0
81.1 28.1 0
81.05 28.05 0
81.05 28 0
81.05 27.95 0
81.05 27.9 0
81.05 27.85 0
81.05 27.8 0
81.05 27.75 0
81.05 27.7 0
81.05 27.65 0
81 27.6 0
80.95 27.55 0
80.9 27.5 0
80.9 27.45 0
80.9 27.4 0
80.9 27.35 0
80.85 27.3 0
80.85 27.25 0
80.85 27.2 0
80.85 27.15 0
80.85 27.1 0
80.85 27.05 0
80.85 27 0
80.85 26.95 0
80.85 26.9 0
80.85 26.85 0
80.85 26.8 0
80.85 26.75 0
80.85 26.7 0
80.85 26.65 0
80.85 26.6 0
80.85 26.55 0
80.85 26.5 0
80.85 26.45 0
80.85 26.4 0
80.85 26.35 0
80.85 26.3 0
80.85 26.25 0
80.85 26.2 0
80.85 26.15 0
80.85 26.1 0
80.85 26.05 0
80.85 26 0
80.85 25.95 0
80.85 25.9 0
80.85 25.85 0
80.85 25.8 0
80.85 25.75 0
80.8 25.7 0
80.75 25.65 0
80.7 25.6 0
80.65 25.55 0
80.6 25.5 0
80.55 25.45 0
80.5 25.4 0
80.45 25.35 0
80.4 25.3 0
80.35 25.25 0
80.3 25.2 0
80.25 25.15 0
80.25 25.15 2
80.25 25.1 2
80.25 25.05 2
80.25 25 2
80.25 24.95 2
80.25 24.9 2
80.25 24.85 2
80.25 24.8 2
80.25 24.75 2
80.25 24.7 2
80.25 24.65 2
80.2 24.6 2
80.15 24.55 2
80.15 24.5 2
80.15 24.45 2
80.1 24.4 2
80.05 24.35 2
80.05 24.3 2
80 24.25 2
79.95 24.2 2
79.95 24.15 2
79.95 24.1 2
79.95 24.05 2
79.95 24 2
79.9 23.95 2
79.85 23.9 2
79.85 23.85 2
79.8 23.8 2
79.75 23.75 2
79.75 23.7 2
79.75 23.65 2
79.75 23.6 2
79.7 23.55 2
79.65 23.5 2
79.65 23.45 2
79.65 23.4 2
79.65 23.35 2
79.65 23.3 2
79.65 23.25 2
79.6 23.2 2
79.55 23.15 2
79.55 23.1 2
79.55 23.05 2
79.55 23 2
79.55 22.95 2
79.55 22.9 2
79.55 22.85 2
79.55 22.8 2
79.55 22.8 0
79.55 22.75 0
79.55 22.7 0
79.55 22.65 0
79.55 22.6 0
79.55 22.55 0
79.5 22.5 0
79.5 22.45 0
79.5 22.4 0
79.5 22.35 0
79.5 22.3 0
79.5 22.25 0
79.45 22.2 0
79.45 22.15 0
79.45 22.1 0
79.45 22.05 0
79.45 22 0
PATH 30 163
96 33 0
95.95 32.95 0
95.9 32.9 0
95.85 32.85 0
95.8 32.8 0
95.75 32.75 0
95.7 32.7 0
95.65 32.65 0
95.6 32.6 0
95.55 32.55 0
95.5 32.5 0
95.45 32.45 0
95.4 32.4 0
95.35 32.35 0
95.35 32.3 0
95.35 32.25 0
95.3 32.2 0
95.25 32.15 0
95.2 32.1 0
95.15 32.05 0
95.1 32 0
95.05 31.95 0
95 31.9 0
94.95 31.85 0
94.9 31.8 0
94.85 31.75 0
94.8 31.7 0
94.75 31.65 0
94.7 31.6 0
94.65 31.55 0
94.6 31.5 0
94.55 31.45 0
94.5 31.4 0
94.45 31.35 0
94.4 31.3 0
94.35 31.25 0
94.35 31.2 0
94.35 31.15 0
94.35 31.1 0
94.35 31.1 2
94.35 31.05 2
94.35 31 2
94.35 30.95 2
94.35 30.9 2
94.35 30.85 2
94.35 30.8 2
94.35 30.75 2
94.35 30.7 2
94.35 30.65 2
94.35 30.6 2
94.35 30.55 2
94.35 30.5 2
94.35 30.45 2
94.35 30.4 2
94.35 30.35 2
94.35 30.3 2
94.35 30.25 2
94.3 30.2 2
94.25 30.15 2
94.2 30.1 2
94.2 30.05 2
94.2 30 2
94.2 29.95 2
94.2 29.9 2
94.2 29.85 2
94.2 29.8 2
94.2 29.75 2
94.2 29.7 2
94.2 29.65 2
94.2 29.6 2
94.2 29.55 2
94.15 29.5 2
94.15 29.45 2
94.15 29.4 2
94.15 29.35 2
94.15 29.3 2
94.15 29.25 2
94.15 29.2 2
94.15 29.15 2
94.15 29.1 2
94.15 29.05 2
94.15 29 2
94.15 28.95 2
94.15 28.9 2
94.1 28.85 2
94.05 28.8 2
94.05 28.75 2
94.05 28.7 2
94.05 28.65 2
94.05 28.6 2
94.05 28.55 2
94.05 28.5 2
94.05 28.45 2
94.05 28.4 2
94.05 28.35 2
94.05 28.3 2
94.05 28.25 2
94.05 28.2 2
94.05 28.15 2
94 28.1 2
93.95 28.05 2
93.95 28 2
93.95 27.95 2
93.9 27.9 2
93.9 27.85 2
93.9 27.8 2
93.9 27.75 2
93.9 27.7 2
93.9 27.65 2
93.85 27.6 2
93.8 27.55 2
93.8 27.5 2
93.8 27.45 2
93.75 27.4 2
93.7 27.35 2
93.65 27.3 2
93.6 27.25 2
93.6 27.2 2
93.55 27.15 2
93.55 27.1 2
93.55 27.05 2
93.55 27 2
93.55 26.95 2
93.55 26.9 2
93.55 26.85 2
93.55 26.8 2
93.55 26.75 2
93.55 26.7 2
93.55 26.65 2
93.55 26.6 2
93.55 26.55 2
93.55 26.5 2
93.55 26.45 2
93.5 26.4 2
93.45 26.35 2
93.45 26.3 2
93.45 26.25 2
93.45 26.2 2
93.45 26.15 2
93.45 26.1 2
93.45 26.05 2
93.45 26 2
93.45 25.95 2
93.45 25.9 2
93.45 25.85 2
93.45 25.8 2
93.45 25.75 2
93.45 25.7 2
93.45 25.65 2
93.45 25.6 2
93.45 25.55 2
93.45 25.5 2
93.45 25.45 2
93.45 25.4 2
93.45 25.35 2
93.45 25.3 2
93.45 25.25 2
93.45 25.2 2
93.45 25.15 2
93.45 25.1 2
93.45 25.05 2
93.45 25 2
93.45 25 0
PATH 30 183
80.05 37.95 0
80.05 37.9 0
80.05 37.85 0
80.05 37.8 0
80.05 37.75 0
80.05 37.7 0
80.1 37.65 0
80.15 37.6 0
80.15 37.55 0
80.15 37.5 0
80.15 37.45 0
80.15 37.4 0
80.2 37.35 0
80.25 37.3 0
80.25 37.3 1
80.3 37.25 1
80.35 37.2 1
80.4 37.15 1
80.45 37.1 1
80.5 37.05 1
80.55 37 1
80.6 36.95 1
80.65 36.9 1
80.7 36.85 1
80.75 36.8 1
80.8 36.75 1
80.85 36.7 1
80.9 36.65 1
80.95 36.6 1
81 36.55 1
81.05 36.5 1
81.1 36.45 1
81.15 36.4 1
81.2 36.35 1
81.25 36.3 1
81.3 36.25 1
81.3 36.2 1
81.35 36.15 1
81.35 36.1 1
81.35 36.05 1
81.35 36 1
81.4 35.95 1
81.45 35.9 1
81.5 35.85 1
81.5 35.8 1
81.55 35.75 1
81.6 35.7 1
81.65 35.65 1
81.65 35.6 1
81.65 35.55 1
81.7 35.5 1
81.75 35.45 1
81.8 35.4 1
81.85 35.35 1
81.85 35.3 1
81.85 35.25 1
81.85 35.2 1
81.85 35.15 1
81.9 35.1 1
81.95 35.05 1
81.95 35.05 2
81.95 35 2
81.95 34.95 2
81.95 34.9 2
81.95 34.85 2
81.95 34.8 2
81.95 34.75 2
81.95 34.7 2
81.95 34.65 2
81.95 34.6 2
81.95 34.55 2
81.95 34.5 2
81.95 34.45 2
81.95 34.4 2
81.95 34.35 2
81.95 34.3 2
81.95 34.25 2
81.95 34.2 2
81.95 34.15 2
81.95 34.1 2
81.95 34.05 2
81.95 34 2
81.95 33.95 2
81.95 33.9 2
81.95 33.85 2
81.95 33.8 2
81.95 33.75 2
81.95 33.7 2
81.95 33.65 2
81.95 33.6 2
81.95 33.55 2
81.95 33.5 2
81.95 33.45 2
81.95 33.4 2
81.95 33.35 2
81.95 33.3 2
81.95 33.25 2
81.95 33.2 2
81.95 33.15 2
81.95 33.1 2
81.95 33.05 2
81.95 33 2
81.95 32.95 2
81.95 32.9 2
81.95 32.85 2
81.95 32.8 2
81.95 32.75 2
81.95 32.7 2
81.95 32.65 2
81.95 32.6 2
81.95 32.55 2
81.95 32.5 2
81.95 32.45 2
81.95 32.4 2
81.95 32.35 2
81.95 32.3 2
81.95 32.25 2
81.95 32.2 2
81.95 32.15 2
81.95 32.1 2
81.95 32.05 2
81.95 32 2
81.95 31.95 2
81.95 31.9 2
81.95 31.85 2
81.95 31.8 2
81.95 31.75 2
81.95 31.7 2
81.95 31.65 2
81.95 31.6 2
81.95 31.55 2
81.95 31.5 2
81.95 31.45 2
81.95 31.4 2
81.95 31.35 2
81.95 31.3 2
81.95 31.25 2
81.95 31.2 2
81.95 31.15 2
81.95 31.1 2
81.95 31.05 2
81.95 31 2
81.95 30.95 2
81.95 30.9 2
81.95 30.85 2
81.95 30.8 2
81.95 30.75 2
81.95 30.7 2
81.95 30.65 2
81.95 30.6 2
81.95 30.55 2
81.95 30.5 2
81.95 30.45 2
81.95 30.4 2
81.95 30.35 2
81.95 30.3 2
81.95 30.25 2
81.95 30.2 2
81.95 30.15 2
81.95 30.1 2
81.95 30.05 2
81.95 30 2
81.95 29.95 2
81.95 29.9 2
81.95 29.85 2
81.95 29.8 2
81.95 29.75 2
81.95 29.7 2
81.95 29.65 2
81.95 29.6 2
81.95 29.55 2
81.95 29.5 2
81.95 29.45 2
81.95 29.4 2
81.95 29.35 2
81.95 29.3 2
81.95 29.25 2
81.95 29.2 2
81.95 29.15 2
81.95 29.1 2
81.95 29.05 2
81.95 29 2
81.95 29 0
PATH 30 114
81.8 41 0
81.75 41 0
81.7 41 0
81.65 41 0
81.6 41 0
81.6 41 2
81.55 41 2
81.5 41 2
81.45 41 2
81.4 41 2
81.35 41 2
81.3 41 2
81.25 41 2
81.2 41 2
81.15 41 2
81.1 41 2
81.05 41.05 2
81 41.1 2
80.95 41.15 2
80.9 41.2 2
80.85 41.25 2
80.8 41.3 2
80.75 41.35 2
80.7 41.4 2
80.65 41.45 2
80.6 41.5 2
80.55 41.55 2
80.5 41.55 2
80.45 41.6 2
80.4 41.6 2
80.35 41.6 2
80.3 41.6 2
80.25 41.65 2
80.2 41.65 2
80.15 41.65 2
80.1 41.6 2
80.05 41.6 2
80 41.6 2
79.95 41.6 2
79.9 41.55 2
79.85 41.55 2
79.8 41.5 2
79.75 41.45 2
79.7 41.4 2
79.65 41.35 2
79.65 41.3 2
79.6 41.25 2
79.6 41.2 2
79.6 41.15 2
79.6 41.1 2
79.55 41.05 2
79.55 41 2
79.55 40.95 2
79.55 40.9 2
79.55 40.85 2
79.55 40.8 2
79.55 40.75 2
79.55 40.7 2
79.55 40.65 2
79.55 40.6 2
79.55 40.55 2
79.55 40.5 2
79.55 40.45 2
79.55 40.4 2
79.55 40.35 2
79.55 40.3 2
79.55 40.25 2
79.55 40.2 2
79.55 40.15 2
79.55 40.1 2
79.55 40.05 2
79.55 40 2
79.55 39.95 2
79.55 39.9 2
79.55 39.85 2
79.55 39.8 2
79.55 39.75 2
79.55 39.7 2
79.55 39.65 2
79.55 39.6 2
79.55 39.55 2
79.55 39.5 2
79.55 39.45 2
79.55 39.4 2
79.55 39.35 2
79.55 39.3 2
79.55 39.25 2
79.55 39.2 2
79.55 39.15 2
79.6 39.1 2
79.65 39.05 2
79.7 39 2
79.75 38.95 2
79.8 38.9 2
79.85 38.85 2
79.9 38.8 2
79.95 38.75 2
80 38.7 2
80 38.65 2
80 38.6 2
80 38.55 2
80 38.5 2
80 38.45 2
80 38.4 2
80.05 38.35 2
80.05 38.3 2
80.05 38.25 2
80.05 38.2 2
80.05 38.15 2
80.05 38.1 2
80.05 38.05 2
80.05 38 2
80.05 37.95 2
80.05 37.95 0
PATH 30 126
87.95 45 0
87.9 45 0
87.85 45 0
87.8 45 0
87.75 45 0
87.7 45 0
87.65 45 0
87.6 45 0
87.55 45 0
87.5 45 0
87.5 45 1
87.45 45 1
87.4 45 1
87.35 45 1
87.3 45 1
87.25 45 1
87.2 45 1
87.15 45 1
87.1 45 1
87.05 45 1
87 45 1
86.95 45 1
86.9 45 1
86.85 45 1
86.8 45 1
86.75 44.95 1
86.7 44.9 1
86.65 44.9 1
86.6 44.85 1
86.55 44.85 1
86.5 44.85 1
86.45 44.8 1
86.4 44.8 1
86.35 44.8 1
86.3 44.75 1
86.25 44.75 1
86.2 44.7 1
86.15 44.65 1
86.1 44.65 1
86.05 44.6 1
86 44.55 1
85.95 44.5 1
85.9 44.45 1
85.85 44.4 1
85.8 44.35 1
85.75 44.35 1
85.7 44.3 1
85.65 44.25 1
85.6 44.25 1
85.55 44.25 1
85.5 44.25 1
85.45 44.2 1
85.4 44.15 1
85.35 44.1 1
85.3 44.1 1
85.25 44.05 1
85.2 44 1
85.15 43.95 1
85.1 43.9 1
85.05 43.9 1
85 43.85 1
84.95 43.85 1
84.9 43.8 1
84.85 43.75 1
84.8 43.75 1
84.75 43.7 1
84.7 43.65 1
84.65 43.6 1
84.6 43.55 1
84.55 43.5 1
84.5 43.45 1
84.45 43.4 1
84.4 43.4 1
84.4 43.4 0
84.35 43.35 0
84.3 43.3 0
84.25 43.25 0
84.2 43.2 0
84.15 43.15 0
84.1 43.1 0
84.05 43.05 0
84 43 0
83.95 42.95 0
83.9 42.9 0
83.85 42.85 0
83.8 42.8 0
83.75 42.75 0
83.7 42.7 0
83.65 42.65 0
83.6 42.6 0
83.55 42.55 0
83.5 42.5 0
83.45 42.45 0
83.4 42.4 0
83.35 42.35 0
83.3 42.3 0
83.25 42.25 0
83.2 42.2 0
83.15 42.15 0
83.1 42.1 0
83.05 42.05 0
83 42 0
82.95 41.95 0
82.9 41.9 0
82.85 41.85 0
82.8 41.8 0
82.75 41.75 0
82.7 41.7 0
82.65 41.65 0
82.6 41.6 0
82.55 41.55 0
82.5 41.5 0
82.45 41.45 0
82.4 41.4 0
82.35 41.35 0
82.3 41.3 0
82.25 41.25 0
82.2 41.2 0
82.15 41.15 0
82.1 41.15 0
82.05 41.15 0
82 41.1 0
81.95 41.05 0
81.9 41 0
81.85 41 0
81.8 41 0
PATH 30 164
96 45 0
95.95 45 0
95.9 45 0
95.85 45 0
95.8 45 0
95.75 45 0
95.7 45 0
95.65 45 0
95.6 45 0
95.55 45 0
95.5 45 0
95.45 45 0
95.4 45 0
95.35 45 0
95.3 45 0
95.25 45 0
95.2 45 0
95.15 45 0
95.1 45 0
95.05 45 0
95 45 0
94.95 45 0
94.95 45 2
94.9 45 2
94.85 45 2
94.8 45 2
94.75 45 2
94.7 45 2
94.65 45 2
94.6 45 2
94.55 45 2
94.5 45 2
94.45 45 2
94.4 45 2
94.35 45 2
94.3 45 2
94.25 45 2
94.2 45 2
94.15 45 2
94.1 45 2
94.05 45 2
94 45 2
93.95 45 2
93.9 45 2
93.85 45 2
93.8 45 2
93.75 45 2
93.7 45 2
93.65 45 2
93.6 45 2
93.55 45 2
93.5 45 2
93.45 45 2
93.4 45 2
93.35 45 2
93.3 45 2
93.25 45 2
93.2 45 2
93.15 45 2
93.1 45 2
93.05 45 2
93 45 2
92.95 45 2
92.9 45 2
92.85 45 2
92.8 45 2
92.75 45 2
92.7 45 2
92.65 45 2
92.6 45 2
92.55 45 2
92.5 45 2
92.45 45 2
92.4 45 2
92.35 45 2
92.3 45 2
92.25 45 2
92.2 45 2
92.15 45 2
92.1 45 2
92.05 45 2
92 45 2
91.95 45 2
91.9 45 2
91.85 45 2
91.8 45 2
91.75 45 2
91.7 45 2
91.65 45 2
91.6 45 2
91.55 45 2
91.5 45 2
91.45 45 2
91.4 45 2
91.35 45 2
91.3 45 2
91.25 45 2
91.2 45 2
91.15 45 2
91.1 45 2
91.05 45 2
91 45 2
90.95 45 2
90.9 45 2
90.85 45 2
90.8 45 2
90.75 45 2
90.7 45 2
90.65 45 2
90.6 45 2
90.55 45 2
90.5 45 2
90.45 45 2
90.4 45 2
90.35 45 2
90.3 45 2
90.25 45 2
90.2 45 2
90.15 45 2
90.1 45 2
90.05 45 2
90 45 2
89.95 45 2
89.9 45 2
89.85 45 2
89.8 45 2
89.75 45 2
89.7 45 2
89.65 45 2
89.6 45 2
89.55 45 2
89.5 45 2
89.45 45 2
89.4 45 2
89.35 45 2
89.3 45 2
89.25 45 2
89.2 45 2
89.15 45 2
89.1 45 2
89.05 45 2
89 45 2
88.95 45 2
88.9 45 2
88.85 45 2
88.8 45 2
88.75 45 2
88.7 45 2
88.65 45 2
88.6 45 2
88.55 45 2
88.5 45 2
88.45 45 2
88.4 45 2
88.35 45 2
88.3 45 2
88.25 45 2
88.2 45 2
88.15 45 2
88.1 45 2
88.05 45 2
88 45 2
87.95 45 2
87.95 45 0
PATH 30 243
96 57 0
96 56.95 0
96 56.9 0
96 56.85 0
96 56.8 0
96 56.75 0
96 56.7 0
96 56.65 0
96 56.6 0
96 56.55 0
96 56.5 0
96 56.45 0
96 56.4 0
96 56.35 0
96 56.3 0
96 56.25 0
96 56.2 0
96 56.15 0
96 56.1 0
96 56.05 0
96 56 0
96 55.95 0
96 55.9 0
96 55.85 0
96 55.8 0
96 55.75 0
96 55.7 0
96 55.7 2
96 55.65 2
96 55.6 2
96 55.55 2
96 55.5 2
96 55.45 2
96 55.4 2
96 55.35 2
96 55.3 2
96 55.25 2
96 55.2 2
96 55.15 2
96 55.1 2
96 55.05 2
96 55 2
96 54.95 2
96 54.9 2
96 54.85 2
96 54.8 2
96 54.75 2
96 54.7 2
96 54.65 2
96 54.6 2
96 54.55 2
96 54.5 2
96 54.45 2
96 54.4 2
96 54.35 2
96 54.3 2
96 54.25 2
96 54.2 2
96 54.15 2
96 54.1 2
96 54.05 2
96 54 2
96 53.95 2
96 53.9 2
96 53.85 2
96 53.8 2
96 53.75 2
96 53.7 2
96 53.65 2
96 53.6 2
96 53.55 2
96 53.5 2
96 53.45 2
96 53.4 2
96 53.35 2
96 53.3 2
96 53.25 2
96 53.2 2
96 53.15 2
96 53.1 2
96 53.05 2
96 53 2
96 52.95 2
96 52.9 2
96 52.85 2
96 52.8 2
96 52.75 2
96 52.7 2
96 52.65 2
96 52.6 2
96 52.55 2
96 52.5 2
96 52.45 2
96 52.4 2
96 52.35 2
96 52.3 2
96 52.25 2
96 52.2 2
96 52.15 2
96 52.1 2
96 52.05 2
96 52 2
96 51.95 2
96 51.9 2
96 51.85 2
96 51.8 2
96 51.75 2
96 51.7 2
96 51.65 2
96 51.6 2
96 51.55 2
96 51.5 2
96 51.45 2
96 51.4 2
96 51.35 2
96 51.3 2
96 51.25 2
96 51.2 2
96 51.15 2
96 51.1 2
96 51.05 2
96 51 2
96 50.95 2
96 50.9 2
96 50.85 2
96 50.8 2
96 50.75 2
96 50.7 2
96 50.65 2
96 50.6 2
96 50.55 2
96 50.5 2
96 50.45 2
96 50.4 2
96 50.35 2
96 50.3 2
96 50.25 2
96 50.2 2
96 50.15 2
96 50.1 2
96 50.05 2
96 50 2
96 49.95 2
96 49.9 2
96 49.85 2
96 49.8 2
96 49.75 2
96 49.7 2
96 49.65 2
96 49.6 2
96 49.55 2
96 49.5 2
96 49.45 2
96 49.4 2
96 49.35 2
96 49.3 2
96 49.25 2
96 49.2 2
96 49.15 2
96 49.1 2
96 49.05 2
96 49 2
96 48.95 2
96 48.9 2
96 48.85 2
96 48.8 2
96 48.75 2
96 48.7 2
96 48.65 2
96 48.6 2
96 48.55 2
96 48.5 2
96 48.45 2
96 48.4 2
96 48.35 2
96 48.3 2
96 48.25 2
96 48.2 2
96 48.15 2
96 48.1 2
96 48.05 2
96 48 2
96 47.95 2
96 47.9 2
96 47.85 2
96 47.8 2
96 47.75 2
96 47.7 2
96 47.65 2
96 47.6 2
96 47.55 2
96 47.5 2
96 47.45 2
96 47.4 2
96 47.35 2
96 47.3 2
96 47.25 2
96 47.2 2
96 47.15 2
96 47.1 2
96 47.05 2
96 47 2
96 46.95 2
96 46.9 2
96 46.85 2
96 46.8 2
96 46.75 2
96 46.7 2
96 46.65 2
96 46.6 2
96 46.55 2
96 46.5 2
96 46.45 2
96 46.4 2
96 46.35 2
96 46.3 2
96 46.25 2
96 46.2 2
96 46.15 2
96 46.1 2
96 46.05 2
96 46 2
96 45.95 2
96 45.9 2
96 45.85 2
96 45.8 2
96 45.75 2
96 45.7 2
96 45.65 2
96 45.6 2
96 45.55 2
96 45.5 2
96 45.45 2
96 45.4 2
96 45.35 2
96 45.3 2
96 45.25 2
96 45.2 2
96 45.15 2
96 45.1 2
96 45.05 2
96 45 2
96 45 0
PATH 30 145
88.8 60 0
88.85 59.95 0
88.9 59.9 0
88.95 59.85 0
89 59.85 0
89.05 59.8 0
89.1 59.8 0
89.15 59.8 0
89.2 59.8 0
89.25 59.8 0
89.3 59.8 0
89.35 59.8 0
89.4 59.8 0
89.45 59.8 0
89.5 59.8 0
89.55 59.8 0
89.6 59.8 0
89.65 59.8 0
89.7 59.8 0
89.75 59.75 0
89.8 59.75 0
89.85 59.75 0
89.9 59.75 0
89.95 59.75 0
90 59.75 0
90.05 59.75 0
90.1 59.75 0
90.15 59.75 0
90.2 59.7 0
90.25 59.7 0
90.3 59.7 0
90.35 59.7 0
90.4 59.7 0
90.45 59.7 0
90.5 59.7 0
90.55 59.7 0
90.6 59.65 0
90.65 59.6 0
90.7 59.55 0
90.75 59.5 0
90.8 59.45 0
90.85 59.4 0
90.9 59.35 0
90.95 59.3 0
91 59.25 0
91.05 59.2 0
91.1 59.15 0
91.15 59.1 0
91.2 59.05 0
91.25 59 0
91.3 59 0
91.35 59 0
91.4 59 0
91.45 59 0
91.5 59 0
91.55 59 0
91.6 59 0
91.65 59 0
91.7 59 0
91.75 59 0
91.8 58.95 0
91.85 58.9 0
91.9 58.85 0
91.95 58.8 0
92 58.75 0
92.05 58.7 0
92.1 58.65 0
92.15 58.6 0
92.2 58.55 0
92.25 58.55 0
92.3 58.55 0
92.35 58.55 0
92.4 58.55 0
92.45 58.55 0
92.5 58.55 0
92.55 58.55 0
92.6 58.55 0
92.65 58.55 0
92.7 58.55 0
92.75 58.55 0
92.8 58.55 0
92.85 58.55 0
92.9 58.55 0
92.95 58.55 0
93 58.55 0
93.05 58.55 0
93.1 58.55 0
93.15 58.55 0
93.2 58.55 0
93.25 58.55 0
93.3 58.55 0
93.35 58.55 0
93.4 58.55 0
93.45 58.55 0
93.5 58.5 0
93.55 58.45 0
93.6 58.4 0
93.65 58.35 0
93.7 58.3 0
93.75 58.25 0
93.8 58.2 0
93.85 58.15 0
93.9 58.1 0
93.95 58.05 0
94 58 0
94.05 57.95 0
94.1 57.9 0
94.15 57.85 0
94.2 57.8 0
94.25 57.75 0
94.3 57.7 0
94.35 57.65 0
94.4 57.6 0
94.45 57.55 0
94.5 57.5 0
94.55 57.45 0
94.6 57.4 0
94.65 57.35 0
94.7 57.3 0
94.75 57.25 0
94.8 57.2 0
94.85 57.15 0
94.9 57.1 0
94.95 57.05 0
95 57 0
95.05 57 0
95.1 57 0
95.15 57 0
95.2 57 0
95.25 57 0
95.3 57 0
95.35 57 0
95.4 57 0
95.45 57 0
95.5 57 0
95.55 57 0
95.6 57 0
95.65 57 0
95.7 57 0
95.75 57 0
95.8 57 0
95.85 57 0
95.9 57 0
95.95 57 0
96 57 0
PATH 30 148
84.85 63.05 0
84.8 63.05 0
84.75 63.05 0
84.7 63.05 0
84.65 63.05 0
84.6 63.05 0
84.55 63.05 0
84.5 63.05 0
84.45 63.05 0
84.4 63.05 0
84.35 63.05 0
84.3 63.05 0
84.25 63.05 0
84.2 63.05 0
84.15 63.05 0
84.1 63.05 0
84.05 63.05 0
84 63.05 0
83.95 63.05 0
83.9 63.05 0
83.85 63.05 0
83.8 63.05 0
83.75 63.05 0
83.7 63 0
83.65 62.95 0
83.6 62.95 0
83.55 62.9 0
83.5 62.85 0
83.45 62.8 0
83.4 62.8 0
83.35 62.75 0
83.3 62.7 0
83.25 62.65 0
83.2 62.65 0
83.2 62.65 1
83.25 62.6 1
83.3 62.55 1
83.35 62.5 1
83.4 62.45 1
83.45 62.4 1
83.5 62.35 1
83.55 62.3 1
83.6 62.25 1
83.65 62.25 1
83.7 62.2 1
83.75 62.15 1
83.8 62.1 1
83.85 62.05 1
83.9 62 1
83.95 62 1
84 62 1
84.05 62 1
84.1 62 1
84.15 62 1
84.2 62 1
84.25 61.95 1
84.3 61.9 1
84.35 61.9 1
84.4 61.9 1
84.45 61.9 1
84.5 61.9 1
84.55 61.9 1
84.6 61.9 1
84.65 61.9 1
84.7 61.85 1
84.75 61.85 1
84.8 61.85 1
84.85 61.85 1
84.9 61.85 1
84.95 61.85 1
85 61.8 1
85.05 61.75 1
85.1 61.75 1
85.15 61.75 1
85.2 61.75 1
85.25 61.7 1
85.3 61.65 1
85.35 61.6 1
85.4 61.55 1
85.45 61.5 1
85.5 61.45 1
85.55 61.45 1
85.6 61.45 1
85.65 61.45 1
85.7 61.4 1
85.75 61.4 1
85.8 61.4 1
85.85 61.4 1
85.9 61.35 1
85.95 61.3 1
86 61.25 1
86.05 61.25 1
86.1 61.25 1
86.15 61.25 1
86.2 61.2 1
86.25 61.15 1
86.3 61.15 1
86.35 61.1 1
86.4 61.05 1
86.45 61.05 1
86.5 61.05 1
86.55 61.05 1
86.6 61.05 1
86.65 61.05 1
86.7 61 1
86.75 61 1
86.8 61 1
86.85 61 1
86.9 61 1
86.95 60.95 1
87 60.9 1
87.05 60.85 1
87.1 60.8 1
87.15 60.75 1
87.2 60.75 1
87.25 60.7 1
87.3 60.7 1
87.35 60.7 1
87.4 60.7 1
87.45 60.65 1
87.5 60.65 1
87.55 60.65 1
87.6 60.65 1
87.65 60.65 1
87.7 60.65 1
87.75 60.65 1
87.8 60.65 1
87.85 60.65 1
87.9 60.65 1
87.95 60.65 1
88 60.6 1
88.05 60.55 1
88.1 60.55 1
88.15 60.55 1
88.2 60.5 1
88.25 60.45 1
88.3 60.45 1
88.35 60.4 1
88.4 60.4 1
88.45 60.35 1
88.5 60.3 1
88.55 60.25 1
88.6 60.2 1
88.6 60.2 0
88.65 60.15 0
88.7 60.1 0
88.75 60.05 0
88.8 60 0
PATH 30 129
84.85 65.65 0
84.8 65.65 0
84.75 65.65 0
84.7 65.65 0
84.65 65.65 0
84.6 65.65 0
84.55 65.65 0
84.5 65.65 0
84.45 65.65 0
84.4 65.65 0
84.35 65.65 0
84.3 65.65 0
84.25 65.65 0
84.2 65.65 0
84.15 65.65 0
84.1 65.65 0
84.05 65.65 0
84 65.65 0
83.95 65.65 0
83.9 65.65 0
83.85 65.7 0
83.8 65.75 0
83.8 65.8 0
83.8 65.85 0
83.8 65.9 0
83.8 65.95 0
83.8 66 0
83.8 66.05 0
83.8 66.1 0
83.8 66.15 0
83.8 66.2 0
83.8 66.25 0
83.8 66.3 0
83.75 66.35 0
83.7 66.4 0
83.65 66.45 0
83.6 66.5 0
83.55 66.55 0
83.5 66.6 0
83.45 66.65 0
83.4 66.7 0
83.35 66.75 0
83.3 66.8 0
83.25 66.85 0
83.25 66.85 1
83.25 66.8 1
83.25 66.75 1
83.25 66.7 1
83.25 66.65 1
83.25 66.6 1
83.25 66.55 1
83.25 66.5 1
83.25 66.45 1
83.25 66.4 1
83.25 66.35 1
83.25 66.3 1
83.25 66.25 1
83.25 66.2 1
83.25 66.15 1
83.25 66.1 1
83.25 66.05 1
83.25 66 1
83.25 65.95 1
83.25 65.9 1
83.25 65.85 1
83.25 65.8 1
83.25 65.75 1
83.25 65.7 1
83.25 65.65 1
83.25 65.6 1
83.25 65.55 1
83.25 65.5 1
83.25 65.45 1
83.25 65.4 1
83.25 65.35 1
83.25 65.3 1
83.25 65.25 1
83.25 65.2 1
83.25 65.15 1
83.25 65.1 1
83.25 65.05 1
83.25 65 1
83.25 64.95 1
83.25 64.9 1
83.25 64.85 1
83.25 64.8 1
83.25 64.75 1
83.25 64.7 1
83.25 64.65 1
83.25 64.6 1
83.25 64.55 1
83.25 64.5 1
83.25 64.45 1
83.25 64.4 1
83.25 64.35 1
83.25 64.3 1
83.25 64.25 1
83.25 64.2 1
83.25 64.15 1
83.25 64.1 1
83.25 64.05 1
83.25 64 1
83.25 63.95 1
83.25 63.9 1
83.25 63.85 1
83.25 63.8 1
83.25 63.75 1
83.25 63.7 1
83.25 63.65 1
83.25 63.6 1
83.25 63.55 1
83.25 63.5 1
83.25 63.45 1
83.25 63.4 1
83.25 63.35 1
83.25 63.3 1
83.25 63.25 1
83.25 63.2 1
83.25 63.15 1
83.25 63.1 1
83.25 63.05 1
83.25 63 1
83.25 62.95 1
83.25 62.9 1
83.25 62.85 1
83.2 62.8 1
83.2 62.75 1
83.2 62.7 1
83.2 62.65 1
PATH 30 27
84.85 66.9 0
84.8 66.85 0
84.75 66.85 0
84.7 66.85 0
84.65 66.85 0
84.6 66.85 0
84.55 66.85 0
84.5 66.85 0
84.45 66.85 0
84.4 66.85 0
84.35 66.8 0
84.3 66.8 0
84.25 66.8 0
84.2 66.8 0
84.15 66.8 0
84.1 66.8 0
84.05 66.8 0
84 66.8 0
83.95 66.8 0
83.9 66.8 0
83.85 66.8 0
83.8 66.8 0
83.75 66.75 0
83.7 66.7 0
83.65 66.65 0
83.6 66.6 0
83.55 66.55 0
PATH 30 82
79.15 64.35 0
79.2 64.35 0
79.25 64.35 0
79.3 64.35 0
79.35 64.35 0
79.4 64.35 0
79.45 64.35 0
79.5 64.35 0
79.55 64.35 0
79.6 64.35 0
79.65 64.35 0
79.7 64.35 0
79.75 64.35 0
79.8 64.35 0
79.85 64.35 0
79.9 64.35 0
79.95 64.35 0
80 64.35 0
80.05 64.35 0
80.1 64.35 0
80.15 64.35 0
80.2 64.35 0
80.25 64.35 0
80.3 64.35 0
80.35 64.35 0
80.4 64.35 0
80.45 64.35 0
80.5 64.35 0
80.55 64.35 0
80.6 64.35 0
80.65 64.35 0
80.7 64.35 0
80.75 64.35 0
80.8 64.35 0
80.85 64.35 0
80.9 64.35 0
80.95 64.35 0
81 64.35 0
81.05 64.35 0
81.1 64.35 0
81.15 64.35 0
81.2 64.35 0
81.25 64.35 0
81.3 64.35 0
81.35 64.3 0
81.4 64.25 0
81.45 64.2 0
81.5 64.15 0
81.55 64.1 0
81.6 64.05 0
81.65 64 0
81.7 63.95 0
81.75 63.9 0
81.8 63.85 0
81.85 63.8 0
81.9 63.75 0
81.95 63.7 0
82 63.65 0
82.05 63.6 0
82.1 63.55 0
82.15 63.5 0
82.2 63.45 0
82.25 63.4 0
82.3 63.35 0
82.35 63.35 0
82.4 63.3 0
82.45 63.3 0
82.5 63.25 0
82.55 63.2 0
82.6 63.15 0
82.65 63.1 0
82.7 63.05 0
82.75 63 0
82.8 62.95 0
82.85 62.9 0
82.9 62.9 0
82.95 62.85 0
83 62.8 0
83.05 62.75 0
83.1 62.7 0
83.15 62.65 0
83.2 62.65 0
PATH 30 45
79.15 65.65 0
79.2 65.6 0
79.25 65.55 0
79.3 65.5 0
79.35 65.5 0
79.4 65.5 0
79.45 65.5 0
79.5 65.5 0
79.55 65.5 0
79.6 65.5 0
79.65 65.5 0
79.7 65.5 0
79.75 65.5 0
79.8 65.5 0
79.85 65.5 0
79.9 65.5 0
79.95 65.5 0
80 65.5 0
80.05 65.5 0
80.1 65.5 0
80.15 65.5 0
80.2 65.5 0
80.2 65.45 0
80.2 65.4 0
80.2 65.35 0
80.2 65.3 0
80.2 65.25 0
80.2 65.2 0
80.2 65.15 0
80.2 65.1 0
80.2 65.05 0
80.2 65 0
80.2 64.95 0
80.2 64.9 0
80.2 64.85 0
80.2 64.8 0
80.2 64.75 0
80.2 64.7 0
80.2 64.65 0
80.2 64.6 0
80.2 64.55 0
80.2 64.5 0
80.2 64.45 0
80.2 64.4 0
80.2 64.35 0
PATH 30 48
79.15 66.9 0
79.2 66.85 0
79.25 66.8 0
79.3 66.8 0
79.35 66.8 0
79.4 66.8 0
79.45 66.8 0
79.5 66.8 0
79.55 66.8 0
79.6 66.8 0
79.65 66.8 0
79.7 66.8 0
79.75 66.8 0
79.8 66.8 0
79.85 66.8 0
79.9 66.8 0
79.95 66.8 0
80 66.8 0
80.05 66.8 0
80.1 66.8 0
80.15 66.8 0
80.2 66.8 0
80.2 66.75 0
80.2 66.7 0
80.2 66.65 0
80.2 66.6 0
80.2 66.55 0
80.2 66.5 0
80.2 66.45 0
80.2 66.4 0
80.2 66.35 0
80.2 66.3 0
80.2 66.25 0
80.2 66.2 0
80.2 66.15 0
80.2 66.1 0
80.2 66.05 0
80.2 66 0
80.2 65.95 0
80.2 65.9 0
80.2 65.85 0
80.2 65.8 0
80.2 65.75 0
80.2 65.7 0
80.2 65.65 0
80.2 65.6 0
80.2 65.55 0
80.2 65.5 0
PATH 30 67
75.85 65.65 0
75.9 65.65 0
75.95 65.65 0
76 65.65 0
76.05 65.65 0
76.1 65.65 0
76.15 65.65 0
76.2 65.65 0
76.25 65.65 0
76.3 65.65 0
76.35 65.65 0
76.4 65.65 0
76.45 65.65 0
76.5 65.65 0
76.55 65.65 0
76.6 65.65 0
76.65 65.65 0
76.7 65.65 0
76.75 65.65 0
76.8 65.65 0
76.85 65.65 0
76.9 65.65 0
76.95 65.65 0
77 65.65 0
77.05 65.65 0
77.1 65.65 0
77.15 65.65 0
77.2 65.65 0
77.25 65.65 0
77.3 65.65 0
77.35 65.65 0
77.4 65.65 0
77.45 65.65 0
77.5 65.65 0
77.55 65.65 0
77.6 65.65 0
77.65 65.65 0
77.7 65.65 0
77.75 65.65 0
77.8 65.65 0
77.85 65.65 0
77.9 65.65 0
77.95 65.65 0
78 65.65 0
78.05 65.65 0
78.1 65.65 0
78.15 65.65 0
78.2 65.65 0
78.25 65.65 0
78.3 65.65 0
78.35 65.65 0
78.4 65.65 0
78.45 65.65 0
78.5 65.65 0
78.55 65.65 0
78.6 65.65 0
78.65 65.65 0
78.7 65.65 0
78.75 65.65 0
78.8 65.65 0
78.85 65.65 0
78.9 65.65 0
78.95 65.65 0
79 65.65 0
79.05 65.65 0
79.1 65.65 0
79.15 65.65 0
PATH 30 47
75.85 64.35 0
75.9 64.4 0
75.95 64.45 0
76 64.45 0
76.05 64.45 0
76.1 64.45 0
76.15 64.45 0
76.2 64.45 0
76.25 64.45 0
76.3 64.45 0
76.35 64.45 0
76.4 64.45 0
76.45 64.45 0
76.5 64.45 0
76.55 64.45 0
76.6 64.45 0
76.65 64.45 0
76.7 64.45 0
76.75 64.45 0
76.8 64.45 0
76.85 64.45 0
76.9 64.45 0
76.95 64.45 0
76.95 64.5 0
76.95 64.55 0
76.95 64.6 0
76.95 64.65 0
76.95 64.7 0
76.95 64.75 0
76.95 64.8 0
76.95 64.85 0
76.95 64.9 0
76.95 64.95 0
76.95 65 0
76.95 65.05 0
76.95 65.1 0
76.95 65.15 0
76.95 65.2 0
76.95 65.25 0
76.95 65.3 0
76.95 65.35 0
76.95 65.4 0
76.95 65.45 0
76.95 65.5 0
76.95 65.55 0
76.95 65.6 0
76.95 65.65 0
PATH 30 49
75.85 63.05 0
75.9 63.1 0
75.95 63.15 0
76 63.15 0
76.05 63.15 0
76.1 63.15 0
76.15 63.15 0
76.2 63.15 0
76.25 63.15 0
76.3 63.15 0
76.35 63.15 0
76.4 63.15 0
76.45 63.15 0
76.5 63.15 0
76.55 63.15 0
76.6 63.15 0
76.65 63.15 0
76.7 63.15 0
76.75 63.15 0
76.8 63.15 0
76.85 63.15 0
76.9 63.15 0
76.95 63.15 0
76.95 63.2 0
76.95 63.25 0
76.95 63.3 0
76.95 63.35 0
76.95 63.4 0
76.95 63.45 0
76.95 63.5 0
76.95 63.55 0
76.95 63.6 0
76.95 63.65 0
76.95 63.7 0
76.95 63.75 0
76.95 63.8 0
76.95 63.85 0
76.95 63.9 0
76.95 63.95 0
76.95 64 0
76.95 64.05 0
76.95 64.1 0
76.95 64.15 0
76.95 64.2 0
76.95 64.25 0
76.95 64.3 0
76.95 64.35 0
76.95 64.4 0
76.95 64.45 0
PATH 30 73
79.8 59 0
79.85 59.05 0
79.9 59.1 0
79.95 59.15 0
80 59.2 0
80.05 59.25 0
80.1 59.3 0
80.15 59.35 0
80.2 59.4 0
80.25 59.45 0
80.3 59.5 0
80.35 59.55 0
80.4 59.6 0
80.45 59.65 0
80.5 59.7 0
80.55 59.75 0
80.6 59.8 0
80.65 59.85 0
80.7 59.9 0
80.75 59.95 0
80.8 60 0
80.85 60.05 0
80.9 60.05 0
80.9 60.05 1
80.95 60.1 1
81 60.15 1
81.05 60.2 1
81.1 60.25 1
81.15 60.3 1
81.2 60.35 1
81.25 60.4 1
81.3 60.45 1
81.35 60.5 1
81.4 60.55 1
81.45 60.6 1
81.5 60.65 1
81.55 60.7 1
81.6 60.75 1
81.65 60.8 1
81.7 60.85 1
81.75 60.9 1
81.8 60.95 1
81.85 61 1
81.9 61.05 1
81.95 61.1 1
82 61.15 1
82.05 61.2 1
82.1 61.25 1
82.15 61.3 1
82.2 61.35 1
82.25 61.4 1
82.3 61.45 1
82.35 61.5 1
82.4 61.55 1
82.45 61.6 1
82.5 61.65 1
82.55 61.7 1
82.6 61.75 1
82.65 61.8 1
82.7 61.85 1
82.75 61.9 1
82.8 61.95 1
82.85 62 1
82.9 62.05 1
82.95 62.1 1
83 62.15 1
83.05 62.2 1
83.1 62.25 1
83.15 62.3 1
83.2 62.35 1
83.25 62.4 1
83.3 62.45 1
83.35 62.5 1
PATH 30 133
84.7 73.45 0
84.7 73.4 0
84.7 73.35 0
84.7 73.3 0
84.7 73.25 0
84.7 73.2 0
84.7 73.15 0
84.7 73.1 0
84.7 73.05 0
84.7 73 0
84.7 72.95 0
84.7 72.9 0
84.7 72.85 0
84.7 72.8 0
84.7 72.75 0
84.7 72.7 0
84.7 72.65 0
84.7 72.6 0
84.7 72.55 0
84.7 72.5 0
84.7 72.45 0
84.7 72.4 0
84.7 72.35 0
84.7 72.3 0
84.7 72.25 0
84.7 72.2 0
84.7 72.15 0
84.7 72.1 0
84.7 72.05 0
84.7 72 0
84.7 71.95 0
84.7 71.9 0
84.7 71.85 0
84.7 71.8 0
84.7 71.75 0
84.7 71.7 0
84.7 71.65 0
84.7 71.6 0
84.7 71.55 0
84.7 71.5 0
84.7 71.45 0
84.7 71.4 0
84.7 71.35 0
84.7 71.3 0
84.7 71.25 0
84.7 71.2 0
84.7 71.15 0
84.7 71.1 0
84.7 71.05 0
84.7 71 0
84.7 70.95 0
84.7 70.9 0
84.7 70.85 0
84.7 70.8 0
84.7 70.75 0
84.7 70.7 0
84.7 70.65 0
84.7 70.6 0
84.7 70.55 0
84.7 70.5 0
84.7 70.45 0
84.7 70.4 0
84.7 70.35 0
84.7 70.3 0
84.7 70.25 0
84.7 70.2 0
84.7 70.15 0
84.7 70.1 0
84.7 70.05 0
84.7 70 0
84.7 69.95 0
84.7 69.9 0
84.7 69.85 0
84.7 69.8 0
84.7 69.75 0
84.7 69.7 0
84.7 69.65 0
84.7 69.6 0
84.7 69.55 0
84.7 69.5 0
84.7 69.45 0
84.7 69.4 0
84.7 69.35 0
84.7 69.3 0
84.7 69.25 0
84.7 69.2 0
84.7 69.15 0
84.7 69.1 0
84.7 69.05 0
84.7 69 0
84.7 68.95 0
84.7 68.9 0
84.7 68.85 0
84.7 68.8 0
84.7 68.75 0
84.7 68.7 0
84.7 68.65 0
84.7 68.6 0
84.7 68.55 0
84.7 68.5 0
84.7 68.45 0
84.7 68.4 0
84.7 68.35 0
84.7 68.3 0
84.7 68.25 0
84.7 68.2 0
84.7 68.15 0
84.7 68.1 0
84.7 68.05 0
84.7 68 0
84.7 67.95 0
84.7 67.9 0
84.7 67.85 0
84.7 67.8 0
84.7 67.75 0
84.7 67.7 0
84.7 67.65 0
84.7 67.6 0
84.7 67.55 0
84.7 67.5 0
84.7 67.45 0
84.7 67.4 0
84.7 67.35 0
84.7 67.3 0
84.7 67.25 0
84.7 67.2 0
84.7 67.15 0
84.7 67.1 0
84.7 67.05 0
84.7 67 0
84.7 66.95 0
84.7 66.9 0
84.7 66.85 0
PATH 30 54
82.15 73.45 0
82.2 73.45 0
82.25 73.45 0
82.3 73.45 0
82.35 73.45 0
82.4 73.45 0
82.45 73.45 0
82.5 73.45 0
82.55 73.45 0
82.6 73.45 0
82.65 73.45 0
82.7 73.45 0
82.7 73.45 2
82.75 73.45 2
82.8 73.45 2
82.85 73.45 2
82.9 73.45 2
82.95 73.45 2
83 73.45 2
83.05 73.45 2
83.1 73.45 2
83.15 73.45 2
83.2 73.45 2
83.25 73.45 2
83.3 73.45 2
83.35 73.45 2
83.4 73.45 2
83.45 73.45 2
83.5 73.45 2
83.55 73.45 2
83.6 73.45 2
83.65 73.45 2
83.7 73.45 2
83.75 73.45 2
83.8 73.45 2
83.85 73.45 2
83.9 73.45 2
83.95 73.45 2
84 73.45 2
84.05 73.45 2
84.1 73.45 2
84.15 73.45 2
84.2 73.45 2
84.25 73.45 2
84.3 73.45 2
84.35 73.45 2
84.4 73.45 2
84.45 73.45 2
84.5 73.45 2
84.55 73.45 2
84.6 73.45 2
84.65 73.45 2
84.7 73.45 2
84.7 73.45 0
PATH 30 52
79.6 73.45 0
79.65 73.45 0
79.7 73.45 0
79.75 73.45 0
79.8 73.45 0
79.85 73.45 0
79.9 73.45 0
79.95 73.45 0
80 73.45 0
80.05 73.45 0
80.1 73.45 0
80.15 73.45 0
80.2 73.45 0
80.25 73.45 0
80.3 73.45 0
80.35 73.45 0
80.4 73.45 0
80.45 73.45 0
80.5 73.45 0
80.55 73.45 0
80.6 73.45 0
80.65 73.45 0
80.7 73.45 0
80.75 73.45 0
80.8 73.45 0
80.85 73.45 0
80.9 73.45 0
80.95 73.45 0
81 73.45 0
81.05 73.45 0
81.1 73.45 0
81.15 73.45 0
81.2 73.45 0
81.25 73.45 0
81.3 73.45 0
81.35 73.45 0
81.4 73.45 0
81.45 73.45 0
81.5 73.45 0
81.55 73.45 0
81.6 73.45 0
81.65 73.45 0
81.7 73.45 0
81.75 73.45 0
81.8 73.45 0
81.85 73.45 0
81.9 73.45 0
81.95 73.45 0
82 73.45 0
82.05 73.45 0
82.1 73.45 0
82.15 73.45 0
PATH 30 51
77.1 73.45 0
77.15 73.45 0
77.2 73.45 0
77.25 73.45 0
77.3 73.45 0
77.35 73.45 0
77.4 73.45 0
77.45 73.45 0
77.5 73.45 0
77.55 73.45 0
77.6 73.45 0
77.65 73.45 0
77.7 73.45 0
77.75 73.45 0
77.8 73.45 0
77.85 73.45 0
77.9 73.45 0
77.95 73.45 0
78 73.45 0
78.05 73.45 0
78.1 73.45 0
78.15 73.45 0
78.2 73.45 0
78.25 73.45 0
78.3 73.45 0
78.35 73.45 0
78.4 73.45 0
78.45 73.45 0
78.5 73.45 0
78.55 73.45 0
78.6 73.45 0
78.65 73.45 0
78.7 73.45 0
78.75 73.45 0
78.8 73.45 0
78.85 73.45 0
78.9 73.45 0
78.95 73.45 0
79 73.45 0
79.05 73.45 0
79.1 73.45 0
79.15 73.45 0
79.2 73.45 0
79.25 73.45 0
79.3 73.45 0
79.35 73.45 0
79.4 73.45 0
79.45 73.45 0
79.5 73.45 0
79.55 73.45 0
79.6 73.45 0
PATH 30 54
74.55 73.45 0
74.6 73.45 0
74.65 73.45 0
74.7 73.45 0
74.75 73.45 0
74.8 73.45 0
74.85 73.45 0
74.9 73.45 0
74.95 73.45 0
75 73.45 0
75.05 73.45 0
75.1 73.45 0
75.1 73.45 2
75.15 73.45 2
75.2 73.45 2
75.25 73.45 2
75.3 73.45 2
75.35 73.45 2
75.4 73.45 2
75.45 73.45 2
75.5 73.45 2
75.55 73.45 2
75.6 73.45 2
75.65 73.45 2
75.7 73.45 2
75.75 73.45 2
75.8 73.45 2
75.85 73.45 2
75.9 73.45 2
75.95 73.45 2
76 73.45 2
76.05 73.45 2
76.1 73.45 2
76.15 73.45 2
76.2 73.45 2
76.25 73.45 2
76.3 73.45 2
76.35 73.45 2
76.4 73.45 2
76.45 73.45 2
76.5 73.45 2
76.55 73.45 2
76.6 73.45 2
76.65 73.45 2
76.7 73.45 2
76.75 73.45 2
76.8 73.45 2
76.85 73.45 2
76.9 73.45 2
76.95 73.45 2
77 73.45 2
77.05 73.45 2
77.1 73.45 2
77.1 73.45 0
PATH 30 54
72 73.45 0
72.05 73.45 0
72.1 73.45 0
72.15 73.45 0
72.2 73.45 0
72.25 73.45 0
72.3 73.45 0
72.35 73.45 0
72.4 73.45 0
72.45 73.45 0
72.5 73.45 0
72.55 73.45 0
72.55 73.45 2
72.6 73.45 2
72.65 73.45 2
72.7 73.45 2
72.75 73.45 2
72.8 73.45 2
72.85 73.45 2
72.9 73.45 2
72.95 73.45 2
73 73.45 2
73.05 73.45 2
73.1 73.45 2
73.15 73.45 2
73.2 73.45 2
73.25 73.45 2
73.3 73.45 2
73.35 73.45 2
73.4 73.45 2
73.45 73.45 2
73.5 73.45 2
73.55 73.45 2
73.6 73.45 2
73.65 73.45 2
73.7 73.45 2
73.75 73.45 2
73.8 73.45 2
73.85 73.45 2
73.9 73.45 2
73.95 73.45 2
74 73.45 2
74.05 73.45 2
74.1 73.45 2
74.15 73.45 2
74.2 73.45 2
74.25 73.45 2
74.3 73.45 2
74.35 73.45 2
74.4 73.45 2
74.45 73.45 2
74.5 73.45 2
74.55 73.45 2
74.55 73.45 0
PATH 30 53
87.25 73.45 0
87.2 73.45 0
87.15 73.45 0
87.1 73.45 0
87.05 73.45 0
87 73.45 0
86.95 73.45 0
86.9 73.45 0
86.85 73.45 0
86.8 73.45 0
86.75 73.45 0
86.7 73.45 0
86.7 73.45 2
86.65 73.45 2
86.6 73.45 2
86.55 73.45 2
86.5 73.45 2
86.45 73.45 2
86.4 73.45 2
86.35 73.45 2
86.3 73.45 2
86.25 73.45 2
86.2 73.45 2
86.15 73.45 2
86.1 73.45 2
86.05 73.45 2
86 73.45 2
85.95 73.45 2
85.9 73.45 2
85.85 73.45 2
85.8 73.45 2
85.75 73.45 2
85.7 73.45 2
85.65 73.45 2
85.6 73.45 2
85.55 73.45 2
85.5 73.45 2
85.45 73.45 2
85.4 73.45 2
85.35 73.45 2
85.3 73.45 2
85.25 73.45 2
85.2 73.45 2
85.15 73.45 2
85.1 73.45 2
85.05 73.45 2
85 73.45 2
84.95 73.45 2
84.9 73.45 2
84.85 73.45 2
84.8 73.45 2
84.75 73.45 2
84.7 73.45 2
PATH 30 202
69.85 58 0
69.9 58.05 0
69.95 58.1 0
70 58.1 0
70.05 58.15 0
70.1 58.2 0
70.15 58.25 0
70.2 58.3 0
70.25 58.35 0
70.3 58.4 0
70.35 58.45 0
70.4 58.5 0
70.45 58.55 0
70.5 58.55 0
70.55 58.55 0
70.6 58.55 0
70.65 58.55 0
70.7 58.55 0
70.75 58.55 0
70.8 58.55 0
70.85 58.55 0
70.9 58.55 0
70.95 58.55 0
71 58.55 0
71.05 58.55 0
71.1 58.55 0
71.15 58.55 0
71.2 58.55 0
71.25 58.55 0
71.3 58.55 0
71.35 58.55 0
71.4 58.6 0
71.45 58.6 0
71.5 58.6 0
71.55 58.6 0
71.6 58.6 0
71.65 58.6 0
71.7 58.6 0
71.75 58.6 0
71.8 58.6 0
71.85 58.6 0
71.9 58.6 0
71.95 58.6 0
72 58.6 0
72.05 58.6 0
72.1 58.6 0
72.15 58.6 0
72.2 58.6 0
72.25 58.6 0
72.3 58.6 0
72.35 58.6 0
72.4 58.6 0
72.45 58.6 0
72.5 58.6 0
72.55 58.6 0
72.6 58.6 0
72.65 58.6 0
72.7 58.6 0
72.75 58.6 0
72.8 58.6 0
72.85 58.6 0
72.9 58.6 0
72.95 58.6 0
73 58.6 0
73.05 58.6 0
73.1 58.6 0
73.15 58.6 0
73.2 58.6 0
73.25 58.6 0
73.3 58.6 0
73.35 58.6 0
73.4 58.6 0
73.45 58.6 0
73.5 58.6 0
73.55 58.6 0
73.6 58.6 0
73.65 58.6 0
73.7 58.6 0
73.75 58.6 0
73.8 58.6 0
73.8 58.6 2
73.85 58.6 2
73.9 58.6 2
73.95 58.6 2
74 58.6 2
74.05 58.6 2
74.1 58.6 2
74.15 58.6 2
74.2 58.6 2
74.25 58.6 2
74.3 58.6 2
74.35 58.6 2
74.4 58.6 2
74.45 58.6 2
74.5 58.6 2
74.55 58.6 2
74.6 58.6 2
74.65 58.6 2
74.7 58.6 2
74.75 58.6 2
74.8 58.6 2
74.85 58.6 2
74.9 58.6 2
74.95 58.6 2
75 58.6 2
75.05 58.6 2
75.1 58.6 2
75.15 58.6 2
75.2 58.6 2
75.25 58.6 2
75.3 58.6 2
75.35 58.6 2
75.4 58.6 2
75.45 58.6 2
75.5 58.6 2
75.55 58.6 2
75.6 58.6 2
75.65 58.6 2
75.7 58.6 2
75.75 58.6 2
75.8 58.65 2
75.85 58.65 2
75.9 58.65 2
75.95 58.65 2
76 58.65 2
76.05 58.65 2
76.1 58.65 2
76.15 58.65 2
76.2 58.65 2
76.25 58.65 2
76.3 58.65 2
76.35 58.65 2
76.4 58.65 2
76.45 58.65 2
76.5 58.7 2
76.55 58.7 2
76.6 58.7 2
76.65 58.7 2
76.7 58.7 2
76.75 58.7 2
76.8 58.7 2
76.85 58.7 2
76.9 58.7 2
76.95 58.7 2
77 58.7 2
77.05 58.7 2
77.1 58.7 2
77.15 58.7 2
77.2 58.7 2
77.25 58.7 2
77.3 58.7 2
77.35 58.7 2
77.4 58.7 2
77.45 58.7 2
77.5 58.7 2
77.55 58.7 2
77.6 58.7 2
77.65 58.7 2
77.7 58.7 2
77.75 58.7 2
77.8 58.7 2
77.85 58.7 2
77.9 58.7 2
77.95 58.7 2
78 58.7 2
78.05 58.7 2
78.1 58.7 2
78.15 58.7 2
78.2 58.7 2
78.25 58.7 2
78.3 58.7 2
78.35 58.7 2
78.4 58.7 2
78.45 58.7 2
78.5 58.7 2
78.55 58.75 2
78.6 58.75 2
78.65 58.75 2
78.7 58.75 2
78.75 58.75 2
78.8 58.75 2
78.85 58.75 2
78.9 58.75 2
78.95 58.75 2
79 58.75 2
79.05 58.75 2
79.1 58.75 2
79.15 58.75 2
79.2 58.75 2
79.25 58.8 2
79.3 58.8 2
79.35 58.8 2
79.4 58.8 2
79.45 58.8 2
79.5 58.8 2
79.55 58.8 2
79.6 58.85 2
79.65 58.85 2
79.7 58.9 2
79.75 58.95 2
79.8 59 2
79.8 59 0
PATH 30 194
72.45 49 0
72.45 49.05 0
72.45 49.1 0
72.45 49.15 0
72.45 49.2 0
72.45 49.25 0
72.45 49.3 0
72.45 49.35 0
72.45 49.4 0
72.45 49.45 0
72.45 49.5 0
72.45 49.55 0
72.45 49.6 0
72.45 49.65 0
72.45 49.7 0
72.45 49.75 0
72.45 49.8 0
72.45 49.85 0
72.45 49.9 0
72.45 49.95 0
72.45 50 0
72.45 50.05 0
72.45 50.1 0
72.45 50.15 0
72.45 50.2 0
72.45 50.25 0
72.45 50.3 0
72.45 50.35 0
72.45 50.4 0
72.45 50.45 0
72.45 50.5 0
72.45 50.55 0
72.45 50.6 0
72.45 50.65 0
72.45 50.7 0
72.45 50.75 0
72.45 50.8 0
72.45 50.85 0
72.45 50.9 0
72.45 50.95 0
72.45 51 0
72.45 51.05 0
72.45 51.1 0
72.45 51.15 0
72.45 51.2 0
72.45 51.25 0
72.45 51.3 0
72.45 51.35 0
72.45 51.4 0
72.45 51.45 0
72.45 51.5 0
72.45 51.55 0
72.45 51.6 0
72.45 51.65 0
72.45 51.7 0
72.5 51.75 0
72.55 51.8 0
72.6 51.85 0
72.65 51.9 0
72.7 51.95 0
72.75 52 0
72.8 52.05 0
72.85 52.1 0
72.9 52.15 0
72.95 52.2 0
73 52.25 0
73.05 52.3 0
73.1 52.35 0
73.15 52.4 0
73.2 52.45 0
73.25 52.5 0
73.3 52.55 0
73.35 52.6 0
73.4 52.65 0
73.45 52.7 0
73.5 52.75 0
73.55 52.8 0
73.6 52.85 0
73.65 52.9 0
73.7 52.95 0
73.75 53 0
73.75 53 2
73.8 53.05 2
73.8 53.1 2
73.8 53.15 2
73.8 53.2 2
73.8 53.25 2
73.8 53.3 2
73.8 53.35 2
73.8 53.4 2
73.8 53.45 2
73.8 53.5 2
73.8 53.55 2
73.8 53.6 2
73.8 53.65 2
73.8 53.7 2
73.8 53.75 2
73.8 53.8 2
73.8 53.85 2
73.8 53.9 2
73.8 53.95 2
73.8 54 2
73.8 54.05 2
73.8 54.1 2
73.8 54.15 2
73.8 54.2 2
73.8 54.25 2
73.8 54.3 2
73.8 54.35 2
73.8 54.4 2
73.8 54.45 2
73.8 54.5 2
73.8 54.55 2
73.8 54.6 2
73.8 54.65 2
73.8 54.7 2
73.8 54.75 2
73.8 54.8 2
73.8 54.85 2
73.8 54.9 2
73.8 54.95 2
73.8 55 2
73.8 55.05 2
73.8 55.1 2
73.8 55.15 2
73.8 55.2 2
73.8 55.25 2
73.8 55.3 2
73.8 55.35 2
73.8 55.4 2
73.8 55.45 2
73.8 55.5 2
73.8 55.55 2
73.8 55.6 2
73.8 55.65 2
73.8 55.7 2
73.8 55.75 2
73.8 55.8 2
73.8 55.85 2
73.8 55.9 2
73.8 55.95 2
73.8 56 2
73.8 56.05 2
73.8 56.1 2
73.8 56.15 2
73.8 56.2 2
73.8 56.25 2
73.8 56.3 2
73.8 56.35 2
73.8 56.4 2
73.8 56.45 2
73.8 56.5 2
73.8 56.55 2
73.8 56.6 2
73.8 56.65 2
73.8 56.7 2
73.8 56.75 2
73.8 56.8 2
73.8 56.85 2
73.8 56.9 2
73.8 56.95 2
73.8 57 2
73.8 57.05 2
73.8 57.1 2
73.8 57.15 2
73.8 57.2 2
73.8 57.25 2
73.8 57.3 2
73.8 57.35 2
73.8 57.4 2
73.8 57.45 2
73.8 57.5 2
73.8 57.55 2
73.8 57.6 2
73.8 57.65 2
73.8 57.7 2
73.8 57.75 2
73.8 57.8 2
73.8 57.85 2
73.8 57.9 2
73.8 57.95 2
73.8 58 2
73.8 58.05 2
73.8 58.1 2
73.8 58.15 2
73.8 58.2 2
73.8 58.25 2
73.8 58.3 2
73.8 58.35 2
73.8 58.4 2
73.8 58.45 2
73.8 58.5 2
73.8 58.55 2
73.8 58.6 2
PATH 30 134
63.45 62 0
63.5 62.05 0
63.55 62.1 0
63.6 62.15 0
63.65 62.2 0
63.7 62.25 0
63.75 62.3 0
63.75 62.35 0
63.75 62.4 0
63.75 62.45 0
63.75 62.45 1
63.8 62.45 1
63.85 62.45 1
63.9 62.45 1
63.95 62.45 1
64 62.45 1
64.05 62.45 1
64.1 62.45 1
64.15 62.45 1
64.2 62.45 1
64.25 62.45 1
64.3 62.45 1
64.35 62.45 1
64.4 62.4 1
64.45 62.35 1
64.5 62.3 1
64.55 62.25 1
64.6 62.2 1
64.65 62.15 1
64.7 62.15 1
64.75 62.15 1
64.8 62.15 1
64.85 62.15 1
64.9 62.15 1
64.95 62.1 1
65 62.05 1
65.05 62 1
65.1 62 1
65.15 61.95 1
65.2 61.9 1
65.25 61.9 1
65.3 61.9 1
65.35 61.85 1
65.4 61.85 1
65.45 61.8 1
65.5 61.8 1
65.55 61.75 1
65.6 61.7 1
65.65 61.7 1
65.7 61.65 1
65.75 61.6 1
65.8 61.55 1
65.85 61.5 1
65.9 61.45 1
65.95 61.4 1
66 61.35 1
66.05 61.3 1
66.1 61.25 1
66.15 61.2 1
66.2 61.15 1
66.25 61.1 1
66.3 61.05 1
66.35 61 1
66.4 60.95 1
66.45 60.9 1
66.5 60.85 1
66.55 60.8 1
66.6 60.75 1
66.65 60.7 1
66.7 60.65 1
66.75 60.6 1
66.8 60.55 1
66.85 60.5 1
66.9 60.45 1
66.95 60.4 1
67 60.35 1
67.05 60.3 1
67.1 60.25 1
67.15 60.2 1
67.2 60.15 1
67.25 60.1 1
67.3 60.05 1
67.35 60 1
67.4 59.95 1
67.45 59.9 1
67.5 59.85 1
67.55 59.8 1
67.6 59.75 1
67.65 59.7 1
67.7 59.65 1
67.75 59.6 1
67.8 59.55 1
67.85 59.5 1
67.9 59.45 1
67.95 59.4 1
68 59.35 1
68.05 59.3 1
68.1 59.25 1
68.15 59.2 1
68.2 59.15 1
68.25 59.1 1
68.3 59.05 1
68.35 59 1
68.4 58.95 1
68.45 58.9 1
68.5 58.85 1
68.55 58.8 1
68.6 58.75 1
68.65 58.7 1
68.7 58.65 1
68.75 58.6 1
68.8 58.55 1
68.85 58.5 1
68.9 58.5 1
68.95 58.5 1
69 58.45 1
69.05 58.4 1
69.1 58.35 1
69.15 58.35 1
69.2 58.35 1
69.25 58.3 1
69.3 58.25 1
69.35 58.25 1
69.4 58.2 1
69.45 58.2 1
69.5 58.2 1
69.5 58.2 0
69.55 58.15 0
69.6 58.1 0
69.65 58.05 0
69.7 58 0
69.75 58 0
69.8 58 0
69.85 58 0
PATH 30 121
57.45 62 0
57.5 62 0
57.55 62 0
57.6 62 0
57.65 62 0
57.7 62 0
57.75 62 0
57.8 62 0
57.85 62 0
57.9 62 0
57.95 61.95 0
58 61.9 0
58.05 61.85 0
58.1 61.8 0
58.15 61.75 0
58.2 61.7 0
58.25 61.65 0
58.3 61.6 0
58.35 61.55 0
58.4 61.5 0
58.45 61.45 0
58.5 61.4 0
58.55 61.35 0
58.6 61.3 0
58.65 61.25 0
58.7 61.2 0
58.75 61.15 0
58.8 61.1 0
58.85 61.05 0
58.9 61 0
58.95 60.95 0
59 60.9 0
59.05 60.85 0
59.1 60.8 0
59.15 60.75 0
59.2 60.7 0
59.25 60.65 0
59.3 60.6 0
59.35 60.55 0
59.4 60.5 0
59.45 60.45 0
59.5 60.4 0
59.55 60.35 0
59.6 60.3 0
59.65 60.3 0
59.7 60.3 0
59.75 60.3 0
59.8 60.3 0
59.85 60.3 0
59.9 60.3 0
59.95 60.3 0
60 60.3 0
60.05 60.3 0
60.1 60.3 0
60.15 60.3 0
60.2 60.3 0
60.25 60.3 0
60.3 60.3 0
60.35 60.3 0
60.4 60.3 0
60.45 60.3 0
60.5 60.3 0
60.55 60.3 0
60.6 60.3 0
60.65 60.3 0
60.7 60.3 0
60.75 60.3 0
60.8 60.3 0
60.85 60.3 0
60.9 60.3 0
60.95 60.3 0
61 60.3 0
61.05 60.3 0
61.1 60.3 0
61.15 60.3 0
61.2 60.3 0
61.25 60.3 0
61.3 60.3 0
61.35 60.3 0
61.4 60.3 0
61.45 60.3 0
61.5 60.3 0
61.55 60.35 0
61.6 60.4 0
61.65 60.45 0
61.7 60.5 0
61.75 60.55 0
61.8 60.6 0
61.85 60.65 0
61.9 60.65 0
61.95 60.7 0
62 60.75 0
62.05 60.8 0
62.1 60.85 0
62.15 60.9 0
62.2 60.95 0
62.25 61 0
62.3 61.05 0
62.35 61.1 0
62.4 61.15 0
62.45 61.2 0
62.5 61.25 0
62.55 61.3 0
62.6 61.35 0
62.65 61.4 0
62.7 61.4 0
62.75 61.45 0
62.8 61.5 0
62.85 61.55 0
62.9 61.6 0
62.95 61.65 0
63 61.65 0
63.05 61.7 0
63.1 61.75 0
63.15 61.8 0
63.2 61.85 0
63.25 61.85 0
63.3 61.85 0
63.35 61.9 0
63.4 61.95 0
63.45 62 0
PATH 30 72
54.85 58 0
54.9 58.05 0
54.95 58.1 0
55 58.15 0
55.05 58.2 0
55.1 58.25 0
55.15 58.3 0
55.2 58.35 0
55.25 58.4 0
55.3 58.45 0
55.35 58.5 0
55.4 58.55 0
55.45 58.6 0
55.5 58.6 0
55.55 58.65 0
55.6 58.7 0
55.65 58.75 0
55.7 58.8 0
55.75 58.85 0
55.8 58.9 0
55.85 58.95 0
55.9 59 0
55.95 59.05 0
56 59.1 0
56.05 59.15 0
56.1 59.2 0
56.15 59.25 0
56.2 59.3 0
56.25 59.35 0
56.3 59.4 0
56.35 59.45 0
56.4 59.5 0
56.45 59.55 0
56.5 59.6 0
56.55 59.65 0
56.6 59.7 0
56.65 59.75 0
56.7 59.8 0
56.75 59.85 0
56.8 59.9 0
56.85 59.95 0
56.9 60 0
56.95 60.05 0
57 60.1 0
57.05 60.15 0
57.1 60.2 0
57.15 60.25 0
57.2 60.3 0
57.25 60.35 0
57.3 60.4 0
57.35 60.45 0
57.4 60.5 0
57.45 60.55 0
57.5 60.6 0
57.55 60.65 0
57.6 60.7 0
57.65 60.75 0
57.7 60.8 0
57.75 60.85 0
57.8 60.9 0
57.85 60.95 0
57.9 61 0
57.95 61.05 0
58 61.1 0
58.05 61.15 0
58.1 61.2 0
58.15 61.25 0
58.2 61.3 0
58.25 61.35 0
58.3 61.4 0
58.35 61.45 0
58.4 61.5 0
PATH 30 101
49.85 58 0
49.9 58 0
49.95 58 0
50 58 0
50.05 58 0
50.1 58 0
50.15 58 0
50.2 58 0
50.25 58 0
50.3 58 0
50.35 58 0
50.4 58 0
50.45 58 0
50.5 58 0
50.55 58 0
50.6 58 0
50.65 58 0
50.7 58 0
50.75 58 0
50.8 58 0
50.85 58 0
50.9 58 0
50.95 58 0
51 58 0
51.05 58 0
51.1 58 0
51.15 58 0
51.2 58 0
51.25 58 0
51.3 58 0
51.35 58 0
51.4 58 0
51.45 58 0
51.5 58 0
51.55 58 0
51.6 58 0
51.65 58 0
51.7 57.95 0
51.75 57.9 0
51.8 57.85 0
51.85 57.8 0
51.9 57.75 0
51.95 57.7 0
52 57.65 0
52.05 57.6 0
52.1 57.55 0
52.15 57.5 0
52.2 57.45 0
52.25 57.4 0
52.3 57.35 0
52.35 57.3 0
52.4 57.25 0
52.45 57.2 0
52.5 57.2 0
52.55 57.2 0
52.6 57.2 0
52.65 57.2 0
52.7 57.2 0
52.75 57.2 0
52.8 57.2 0
52.85 57.2 0
52.9 57.2 0
52.95 57.2 0
53 57.2 0
53.05 57.2 0
53.1 57.2 0
53.15 57.2 0
53.2 57.2 0
53.25 57.2 0
53.3 57.2 0
53.35 57.2 0
53.4 57.2 0
53.45 57.2 0
53.5 57.2 0
53.55 57.2 0
53.6 57.2 0
53.65 57.2 0
53.7 57.2 0
53.75 57.2 0
53.8 57.2 0
53.85 57.2 0
53.9 57.2 0
53.95 57.2 0
54 57.2 0
54.05 57.2 0
54.1 57.25 0
54.15 57.3 0
54.2 57.35 0
54.25 57.4 0
54.3 57.45 0
54.35 57.5 0
54.4 57.55 0
54.45 57.6 0
54.5 57.65 0
54.55 57.7 0
54.6 57.75 0
54.65 57.8 0
54.7 57.85 0
54.75 57.9 0
54.8 57.95 0
54.85 58 0
PATH 30 167
52.45 49 0
52.45 49.05 0
52.45 49.1 0
52.45 49.15 0
52.45 49.2 0
52.45 49.25 0
52.45 49.3 0
52.45 49.35 0
52.45 49.4 0
52.45 49.45 0
52.45 49.5 0
52.45 49.55 0
52.45 49.6 0
52.45 49.65 0
52.45 49.7 0
52.45 49.75 0
52.45 49.8 0
52.45 49.85 0
52.45 49.9 0
52.45 49.95 0
52.45 50 0
52.45 50.05 0
52.45 50.1 0
52.45 50.15 0
52.45 50.2 0
52.45 50.25 0
52.45 50.3 0
52.45 50.35 0
52.45 50.4 0
52.45 50.45 0
52.45 50.5 0
52.45 50.55 0
52.45 50.6 0
52.45 50.65 0
52.45 50.7 0
52.45 50.75 0
52.45 50.8 0
52.45 50.85 0
52.45 50.9 0
52.45 50.95 0
52.45 51 0
52.45 51.05 0
52.45 51.1 0
52.45 51.15 0
52.45 51.2 0
52.45 51.25 0
52.45 51.3 0
52.45 51.35 0
52.45 51.4 0
52.45 51.45 0
52.45 51.5 0
52.45 51.55 0
52.45 51.6 0
52.45 51.65 0
52.45 51.7 0
52.45 51.75 0
52.45 51.8 0
52.45 51.85 0
52.45 51.9 0
52.45 51.95 0
52.45 52 0
52.45 52.05 0
52.45 52.1 0
52.45 52.15 0
52.45 52.2 0
52.45 52.25 0
52.45 52.3 0
52.45 52.35 0
52.45 52.4 0
52.45 52.45 0
52.45 52.5 0
52.45 52.55 0
52.45 52.6 0
52.45 52.65 0
52.45 52.7 0
52.45 52.75 0
52.45 52.8 0
52.45 52.85 0
52.45 52.9 0
52.45 52.95 0
52.45 53 0
52.45 53.05 0
52.45 53.1 0
52.45 53.15 0
52.45 53.2 0
52.45 53.25 0
52.45 53.25 2
52.45 53.3 2
52.45 53.35 2
52.45 53.4 2
52.45 53.45 2
52.45 53.5 2
52.45 53.55 2
52.45 53.6 2
52.45 53.65 2
52.45 53.7 2
52.45 53.75 2
52.45 53.8 2
52.45 53.85 2
52.45 53.9 2
52.45 53.95 2
52.45 54 2
52.45 54.05 2
52.45 54.1 2
52.45 54.15 2
52.45 54.2 2
52.45 54.25 2
52.45 54.3 2
52.45 54.35 2
52.45 54.4 2
52.45 54.45 2
52.45 54.5 2
52.45 54.55 2
52.45 54.6 2
52.45 54.65 2
52.45 54.7 2
52.45 54.75 2
52.45 54.8 2
52.45 54.85 2
52.45 54.9 2
52.45 54.95 2
52.45 55 2
52.45 55.05 2
52.45 55.1 2
52.45 55.15 2
52.45 55.2 2
52.45 55.25 2
52.45 55.3 2
52.45 55.35 2
52.45 55.4 2
52.45 55.45 2
52.45 55.5 2
52.45 55.55 2
52.45 55.6 2
52.45 55.65 2
52.45 55.7 2
52.45 55.75 2
52.45 55.8 2
52.45 55.85 2
52.45 55.9 2
52.45 55.95 2
52.45 56 2
52.45 56.05 2
52.45 56.1 2
52.45 56.15 2
52.45 56.2 2
52.45 56.25 2
52.45 56.3 2
52.45 56.35 2
52.45 56.4 2
52.45 56.45 2
52.45 56.5 2
52.45 56.55 2
52.45 56.6 2
52.45 56.65 2
52.45 56.65 0
52.45 56.7 0
52.45 56.75 0
52.45 56.8 0
52.45 56.85 0
52.45 56.9 0
52.45 56.95 0
52.45 57 0
52.45 57.05 0
52.45 57.1 0
52.45 57.15 0
52.45 57.2 0
PATH 30 154
44.45 64 0
44.45 63.95 0
44.45 63.9 0
44.45 63.85 0
44.45 63.8 0
44.45 63.75 0
44.5 63.7 0
44.55 63.65 0
44.55 63.6 0
44.6 63.55 0
44.65 63.5 0
44.7 63.45 0
44.75 63.4 0
44.75 63.35 0
44.75 63.3 0
44.75 63.25 0
44.8 63.2 0
44.85 63.15 0
44.9 63.1 0
44.95 63.05 0
45 63 0
45 62.95 0
45 62.9 0
45 62.85 0
45.05 62.8 0
45.1 62.75 0
45.15 62.7 0
45.2 62.65 0
45.25 62.6 0
45.3 62.55 0
45.35 62.5 0
45.4 62.45 0
45.45 62.4 0
45.5 62.35 0
45.55 62.3 0
45.6 62.25 0
45.65 62.2 0
45.7 62.15 0
45.75 62.1 0
45.8 62.05 0
45.85 62 0
45.9 61.95 0
45.95 61.9 0
46 61.85 0
46 61.8 0
46 61.75 0
46 61.7 0
46 61.65 0
46 61.6 0
46 61.55 0
46 61.5 0
46 61.45 0
46 61.4 0
46 61.35 0
46 61.3 0
46 61.25 0
46 61.2 0
46 61.15 0
46 61.1 0
46 61.05 0
46 61 0
46 60.95 0
46 60.9 0
46 60.85 0
46 60.8 0
46 60.75 0
46 60.7 0
46 60.65 0
46 60.6 0
46 60.55 0
46 60.5 0
46 60.45 0
46 60.4 0
46 60.35 0
46 60.3 0
46 60.25 0
46 60.2 0
46.05 60.15 0
46.1 60.1 0
46.15 60.05 0
46.2 60 0
46.25 59.95 0
46.3 59.9 0
46.35 59.85 0
46.4 59.8 0
46.45 59.75 0
46.5 59.7 0
46.55 59.7 0
46.6 59.7 0
46.65 59.7 0
46.7 59.7 0
46.75 59.7 0
46.8 59.7 0
46.85 59.7 0
46.9 59.7 0
46.95 59.65 0
47 59.6 0
47.05 59.55 0
47.1 59.5 0
47.15 59.45 0
47.2 59.4 0
47.25 59.35 0
47.3 59.3 0
47.35 59.25 0
47.4 59.2 0
47.45 59.15 0
47.5 59.1 0
47.55 59.1 0
47.6 59.05 0
47.65 59.05 0
47.7 59.05 0
47.75 59 0
47.8 58.95 0
47.85 58.9 0
47.9 58.85 0
47.95 58.8 0
48 58.8 0
48.05 58.8 0
48.1 58.8 0
48.15 58.8 0
48.2 58.8 0
48.25 58.8 0
48.3 58.8 0
48.35 58.8 0
48.4 58.8 0
48.45 58.8 0
48.5 58.8 0
48.55 58.8 0
48.6 58.8 0
48.65 58.8 0
48.7 58.8 0
48.75 58.8 0
48.8 58.8 0
48.85 58.8 0
48.9 58.8 0
48.95 58.75 0
49 58.7 0
49.05 58.65 0
49.1 58.6 0
49.15 58.55 0
49.2 58.5 0
49.25 58.45 0
49.3 58.4 0
49.35 58.35 0
49.4 58.3 0
49.45 58.25 0
49.5 58.2 0
49.55 58.15 0
49.6 58.1 0
49.65 58.05 0
49.7 58 0
49.75 58 0
49.8 58 0
49.85 58 0
PATH 30 123
38.45 64 0
38.5 64.05 0
38.55 64.1 0
38.6 64.15 0
38.65 64.2 0
38.7 64.25 0
38.75 64.3 0
38.8 64.35 0
38.85 64.4 0
38.9 64.45 0
38.95 64.5 0
39 64.55 0
39.05 64.6 0
39.1 64.65 0
39.15 64.7 0
39.2 64.75 0
39.25 64.8 0
39.3 64.85 0
39.35 64.9 0
39.4 64.95 0
39.45 65 0
39.5 65.05 0
39.55 65.1 0
39.55 65.1 1
39.6 65.1 1
39.65 65.1 1
39.7 65.1 1
39.75 65.1 1
39.8 65.1 1
39.85 65.1 1
39.9 65.1 1
39.95 65.1 1
40 65.1 1
40.05 65.1 1
40.1 65.1 1
40.15 65.1 1
40.2 65.1 1
40.25 65.1 1
40.3 65.1 1
40.35 65.1 1
40.4 65.1 1
40.45 65.1 1
40.5 65.1 1
40.55 65.1 1
40.6 65.1 1
40.65 65.1 1
40.7 65.1 1
40.75 65.1 1
40.8 65.1 1
40.85 65.1 1
40.9 65.1 1
40.95 65.1 1
41 65.1 1
41.05 65.1 1
41.1 65.1 1
41.15 65.1 1
41.2 65.1 1
41.25 65.1 1
41.3 65.1 1
41.35 65.05 1
41.4 65 1
41.45 65 1
41.5 64.95 1
41.55 64.9 1
41.6 64.85 1
41.65 64.8 1
41.7 64.8 1
41.75 64.75 1
41.8 64.7 1
41.85 64.7 1
41.9 64.65 1
41.95 64.6 1
42 64.55 1
42.05 64.5 1
42.1 64.45 1
42.15 64.4 1
42.2 64.35 1
42.25 64.35 1
42.3 64.3 1
42.35 64.25 1
42.4 64.25 1
42.45 64.25 1
42.5 64.25 1
42.55 64.2 1
42.6 64.2 1
42.65 64.2 1
42.7 64.2 1
42.75 64.2 1
42.8 64.2 1
42.85 64.15 1
42.9 64.15 1
42.95 64.15 1
43 64.15 1
43.05 64.15 1
43.1 64.1 1
43.15 64.05 1
43.2 64 1
43.25 63.95 1
43.25 63.95 0
43.3 63.95 0
43.35 63.95 0
43.4 63.95 0
43.45 63.95 0
43.5 63.95 0
43.55 63.95 0
43.6 63.95 0
43.65 63.95 0
43.7 63.95 0
43.75 63.95 0
43.8 63.95 0
43.85 63.95 0
43.9 63.95 0
43.95 63.95 0
44 63.95 0
44.05 63.95 0
44.1 63.95 0
44.15 63.95 0
44.2 63.95 0
44.25 63.95 0
44.3 63.95 0
44.35 63.95 0
44.4 63.95 0
44.45 63.95 0
PATH 30 183
55.45 40 0
55.4 40.05 0
55.35 40.1 0
55.3 40.15 0
55.3 40.2 0
55.25 40.25 0
55.25 40.3 0
55.25 40.35 0
55.25 40.4 0
55.25 40.45 0
55.25 40.5 0
55.25 40.55 0
55.2 40.6 0
55.15 40.65 0
55.15 40.7 0
55.15 40.75 0
55.15 40.8 0
55.15 40.85 0
55.15 40.9 0
55.1 40.95 0
55.05 41 0
55 41.05 0
54.95 41.1 0
54.9 41.15 0
54.85 41.2 0
54.85 41.25 0
54.85 41.3 0
54.85 41.35 0
54.85 41.4 0
54.85 41.45 0
54.85 41.5 0
54.85 41.55 0
54.8 41.6 0
54.8 41.6 2
54.75 41.65 2
54.75 41.7 2
54.75 41.75 2
54.75 41.8 2
54.75 41.85 2
54.7 41.9 2
54.65 41.95 2
54.6 42 2
54.55 42.05 2
54.5 42.1 2
54.5 42.15 2
54.45 42.2 2
54.45 42.25 2
54.4 42.3 2
54.35 42.35 2
54.3 42.4 2
54.25 42.45 2
54.2 42.5 2
54.2 42.55 2
54.2 42.6 2
54.2 42.65 2
54.2 42.7 2
54.2 42.75 2
54.2 42.8 2
54.2 42.85 2
54.15 42.9 2
54.1 42.95 2
54.1 43 2
54.05 43.05 2
54 43.1 2
54 43.15 2
53.95 43.2 2
53.95 43.25 2
53.9 43.3 2
53.85 43.35 2
53.85 43.4 2
53.8 43.45 2
53.8 43.5 2
53.75 43.55 2
53.75 43.6 2
53.75 43.65 2
53.7 43.7 2
53.65 43.75 2
53.6 43.8 2
53.6 43.85 2
53.55 43.9 2
53.55 43.95 2
53.55 44 2
53.55 44.05 2
53.5 44.1 2
53.5 44.15 2
53.5 44.2 2
53.5 44.25 2
53.5 44.3 2
53.45 44.35 2
53.4 44.4 2
53.35 44.45 2
53.35 44.5 2
53.35 44.55 2
53.3 44.6 2
53.25 44.65 2
53.2 44.7 2
53.15 44.75 2
53.15 44.8 2
53.1 44.85 2
53.05 44.9 2
53.05 44.95 2
53.05 45 2
53.05 45.05 2
53.05 45.1 2
53 45.15 2
53 45.2 2
53 45.25 2
53 45.3 2
53 45.35 2
52.95 45.4 2
52.9 45.45 2
52.85 45.5 2
52.8 45.55 2
52.75 45.6 2
52.7 45.65 2
52.65 45.7 2
52.6 45.75 2
52.55 45.8 2
52.5 45.85 2
52.45 45.9 2
52.4 45.95 2
52.35 46 2
52.3 46.05 2
52.25 46.1 2
52.2 46.15 2
52.15 46.2 2
52.1 46.25 2
52.05 46.3 2
52 46.35 2
52 46.4 2
51.95 46.45 2
51.95 46.5 2
51.95 46.55 2
51.95 46.6 2
51.9 46.65 2
51.9 46.7 2
51.9 46.75 2
51.9 46.8 2
51.9 46.85 2
51.9 46.9 2
51.9 46.95 2
51.9 47 2
51.9 47.05 2
51.9 47.1 2
51.9 47.15 2
51.9 47.2 2
51.9 47.25 2
51.9 47.3 2
51.9 47.35 2
51.85 47.4 2
51.8 47.45 2
51.75 47.5 2
51.7 47.55 2
51.65 47.6 2
51.6 47.65 2
51.55 47.7 2
51.5 47.75 2
51.45 47.8 2
51.45 47.8 0
51.5 47.85 0
51.5 47.9 0
51.5 47.95 0
51.5 48 0
51.5 48.05 0
51.55 48.1 0
51.6 48.15 0
51.65 48.2 0
51.7 48.25 0
51.75 48.3 0
51.8 48.35 0
51.85 48.4 0
51.9 48.45 0
51.95 48.5 0
52 48.55 0
52.05 48.6 0
52.1 48.65 0
52.15 48.7 0
52.2 48.75 0
52.25 48.8 0
52.3 48.85 0
52.35 48.9 0
52.4 48.95 0
52.45 49 0
PATH 30 134
48.25 35 0
48.3 35.05 0
48.35 35.1 0
48.4 35.15 0
48.45 35.2 0
48.5 35.25 0
48.55 35.3 0
48.6 35.35 0
48.65 35.4 0
48.7 35.45 0
48.75 35.5 0
48.8 35.55 0
48.85 35.6 0
48.9 35.65 0
48.95 35.7 0
49 35.75 0
49.05 35.8 0
49.1 35.85 0
49.15 35.9 0
49.2 35.95 0
49.25 36 0
49.3 36.05 0
49.35 36.1 0
49.4 36.15 0
49.45 36.2 0
49.5 36.25 0
49.55 36.3 0
49.6 36.35 0
49.65 36.4 0
49.7 36.45 0
49.75 36.5 0
49.8 36.55 0
49.85 36.6 0
49.9 36.65 0
49.95 36.7 0
50 36.75 0
50.05 36.8 0
50.1 36.85 0
50.15 36.9 0
50.2 36.95 0
50.25 37 0
50.3 37.05 0
50.35 37.1 0
50.4 37.15 0
50.45 37.2 0
50.5 37.25 0
50.55 37.3 0
50.6 37.35 0
50.65 37.4 0
50.7 37.45 0
50.75 37.5 0
50.8 37.55 0
50.85 37.6 0
50.9 37.65 0
50.95 37.7 0
51 37.75 0
51.05 37.8 0
51.1 37.85 0
51.15 37.9 0
51.2 37.95 0
51.2 37.95 2
51.2 38 2
51.25 38.05 2
51.3 38.1 2
51.35 38.15 2
51.4 38.2 2
51.45 38.25 2
51.5 38.3 2
51.55 38.35 2
51.6 38.4 2
51.65 38.45 2
51.7 38.5 2
51.75 38.55 2
51.8 38.6 2
51.85 38.65 2
51.9 38.7 2
51.95 38.75 2
52 38.8 2
52.05 38.85 2
52.1 38.9 2
52.15 38.95 2
52.2 39 2
52.25 39.05 2
52.3 39.1 2
52.35 39.15 2
52.4 39.2 2
52.45 39.25 2
52.5 39.3 2
52.55 39.35 2
52.6 39.4 2
52.65 39.45 2
52.7 39.5 2
52.75 39.55 2
52.8 39.6 2
52.85 39.65 2
52.9 39.7 2
52.95 39.75 2
53 39.8 2
53.05 39.85 2
53.1 39.9 2
53.15 39.95 2
53.2 40 2
53.25 40.05 2
53.3 40.1 2
53.35 40.15 2
53.4 40.2 2
53.45 40.25 2
53.5 40.3 2
53.55 40.35 2
53.6 40.4 2
53.65 40.45 2
53.7 40.5 2
53.75 40.55 2
53.8 40.6 2
53.85 40.65 2
53.9 40.7 2
53.95 40.75 2
54 40.8 2
54.05 40.85 2
54.1 40.9 2
54.15 40.95 2
54.2 41 2
54.25 41.05 2
54.3 41.1 2
54.35 41.15 2
54.4 41.2 2
54.45 41.25 2
54.5 41.3 2
54.55 41.35 2
54.6 41.4 2
54.65 41.45 2
54.7 41.5 2
54.75 41.55 2
54.8 41.6 2
PATH 30 162
14.45 26.35 0
14.5 26.3 0
14.55 26.25 0
14.6 26.2 0
14.65 26.15 0
14.7 26.1 0
14.75 26.05 0
14.8 26.05 0
14.85 26.05 0
14.9 26.05 0
14.95 26 0
15 26 0
15.05 26 0
15.1 26 0
15.15 26 0
15.2 26 0
15.25 26 0
15.3 26 0
15.35 25.95 0
15.4 25.9 0
15.45 25.85 0
15.5 25.8 0
15.55 25.75 0
15.6 25.75 0
15.65 25.75 0
15.7 25.75 0
15.75 25.75 0
15.8 25.75 0
15.85 25.7 0
15.9 25.7 0
15.95 25.7 0
16 25.7 0
16.05 25.65 0
16.1 25.6 0
16.15 25.6 0
16.2 25.6 0
16.25 25.6 0
16.3 25.6 0
16.35 25.6 0
16.4 25.6 0
16.45 25.6 0
16.5 25.6 0
16.55 25.6 0
16.6 25.6 0
16.65 25.6 0
16.7 25.55 0
16.75 25.5 0
16.8 25.45 0
16.85 25.4 0
16.9 25.35 0
16.95 25.3 0
17 25.25 0
17.05 25.2 0
17.1 25.2 0
17.15 25.2 0
17.2 25.2 0
17.25 25.2 0
17.3 25.2 0
17.35 25.2 0
17.4 25.2 0
17.45 25.2 0
17.5 25.15 0
17.55 25.1 0
17.6 25.05 0
17.65 25 0
17.7 24.95 0
17.75 24.9 0
17.8 24.85 0
17.85 24.8 0
17.9 24.75 0
17.95 24.7 0
18 24.65 0
18.05 24.6 0
18.1 24.55 0
18.15 24.5 0
18.2 24.45 0
18.25 24.45 0
18.3 24.45 0
18.35 24.45 0
18.4 24.45 0
18.45 24.45 0
18.5 24.45 0
18.55 24.45 0
18.6 24.45 0
18.65 24.45 0
18.7 24.4 0
18.75 24.35 0
18.8 24.3 0
18.85 24.25 0
18.9 24.2 0
18.95 24.15 0
19 24.1 0
19.05 24.05 0
19.1 24 0
19.15 23.95 0
19.2 23.9 0
19.25 23.85 0
19.3 23.8 0
19.35 23.75 0
19.4 23.7 0
19.45 23.65 0
19.5 23.6 0
19.55 23.55 0
19.6 23.55 0
19.65 23.55 0
19.7 23.55 0
19.75 23.55 0
19.8 23.55 0
19.85 23.55 0
19.9 23.55 0
19.95 23.55 0
20 23.55 0
20.05 23.55 0
20.1 23.55 0
20.15 23.55 0
20.2 23.55 0
20.25 23.55 0
20.3 23.55 0
20.35 23.5 0
20.4 23.45 0
20.45 23.4 0
20.5 23.35 0
20.55 23.3 0
20.6 23.25 0
20.65 23.2 0
20.7 23.15 0
20.75 23.1 0
20.8 23.05 0
20.85 23 0
20.9 22.95 0
20.95 22.9 0
21 22.85 0
21.05 22.8 0
21.1 22.75 0
21.15 22.7 0
21.2 22.65 0
21.25 22.6 0
21.3 22.55 0
21.35 22.5 0
21.4 22.45 0
21.45 22.4 0
21.5 22.35 0
21.55 22.3 0
21.6 22.25 0
21.65 22.2 0
21.7 22.15 0
21.75 22.1 0
21.8 22.05 0
21.85 22 0
21.9 21.95 0
21.95 21.9 0
22 21.85 0
22.05 21.8 0
22.1 21.75 0
22.15 21.7 0
22.2 21.65 0
22.25 21.6 0
22.3 21.55 0
22.35 21.55 0
22.4 21.55 0
22.45 21.55 0
22.5 21.55 0
PATH 30 27
14.45 27.65 0
14.45 27.6 0
14.45 27.55 0
14.45 27.5 0
14.45 27.45 0
14.45 27.4 0
14.45 27.35 0
14.45 27.3 0
14.45 27.25 0
14.45 27.2 0
14.45 27.15 0
14.45 27.1 0
14.45 27.05 0
14.45 27 0
14.45 26.95 0
14.45 26.9 0
14.45 26.85 0
14.45 26.8 0
14.45 26.75 0
14.45 26.7 0
14.45 26.65 0
14.45 26.6 0
14.45 26.55 0
14.45 26.5 0
14.45 26.45 0
14.45 26.4 0
14.45 26.35 0
PATH 30 26
14.45 28.9 0
14.45 28.85 0
14.45 28.8 0
14.45 28.75 0
14.45 28.7 0
14.45 28.65 0
14.45 28.6 0
14.45 28.55 0
14.45 28.5 0
14.45 28.45 0
14.45 28.4 0
14.45 28.35 0
14.45 28.3 0
14.45 28.25 0
14.45 28.2 0
14.45 28.15 0
14.45 28.1 0
14.45 28.05 0
14.45 28 0
14.45 27.95 0
14.45 27.9 0
14.45 27.85 0
14.45 27.8 0
14.45 27.75 0
14.45 27.7 0
14.45 27.65 0
PATH 30 83
14.85 33 0
14.8 32.95 0
14.75 32.9 0
14.7 32.85 0
14.7 32.8 0
14.65 32.75 0
14.65 32.7 0
14.65 32.65 0
14.65 32.6 0
14.65 32.55 0
14.65 32.5 0
14.65 32.45 0
14.6 32.4 0
14.55 32.35 0
14.5 32.3 0
14.45 32.25 0
14.45 32.2 0
14.45 32.15 0
14.45 32.1 0
14.45 32.05 0
14.45 32 0
14.45 31.95 0
14.45 31.9 0
14.45 31.85 0
14.45 31.8 0
14.45 31.75 0
14.45 31.7 0
14.45 31.65 0
14.45 31.6 0
14.45 31.55 0
14.45 31.5 0
14.45 31.45 0
14.45 31.4 0
14.45 31.35 0
14.45 31.3 0
14.45 31.25 0
14.45 31.2 0
14.45 31.15 0
14.45 31.1 0
14.45 31.05 0
14.45 31 0
14.45 30.95 0
14.45 30.9 0
14.45 30.85 0
14.45 30.8 0
14.45 30.75 0
14.45 30.7 0
14.45 30.65 0
14.45 30.6 0
14.45 30.55 0
14.45 30.5 0
14.45 30.45 0
14.45 30.4 0
14.45 30.35 0
14.45 30.3 0
14.45 30.25 0
14.45 30.2 0
14.45 30.15 0
14.45 30.1 0
14.45 30.05 0
14.45 30 0
14.45 29.95 0
14.45 29.9 0
14.45 29.85 0
14.45 29.8 0
14.45 29.75 0
14.45 29.7 0
14.45 29.65 0
14.45 29.6 0
14.45 29.55 0
14.45 29.5 0
14.45 29.45 0
14.45 29.4 0
14.45 29.35 0
14.45 29.3 0
14.45 29.25 0
14.45 29.2 0
14.45 29.15 0
14.45 29.1 0
14.45 29.05 0
14.45 29 0
14.45 28.95 0
14.45 28.9 0
PATH 30 100
9.5 28.9 0
9.55 28.9 0
9.6 28.9 0
9.65 28.9 0
9.7 28.9 0
9.75 28.9 0
9.8 28.9 0
9.85 28.9 0
9.9 28.9 0
9.95 28.9 0
10 28.9 0
10.05 28.9 0
10.1 28.9 0
10.15 28.9 0
10.2 28.9 0
10.25 28.9 0
10.3 28.9 0
10.35 28.9 0
10.4 28.9 0
10.45 28.9 0
10.5 28.9 0
10.55 28.9 0
10.6 28.9 0
10.65 28.9 0
10.7 28.9 0
10.75 28.9 0
10.8 28.9 0
10.85 28.9 0
10.9 28.9 0
10.95 28.9 0
11 28.9 0
11.05 28.9 0
11.1 28.9 0
11.15 28.9 0
11.2 28.9 0
11.25 28.9 0
11.3 28.9 0
11.35 28.9 0
11.4 28.9 0
11.45 28.9 0
11.5 28.9 0
11.55 28.9 0
11.6 28.9 0
11.65 28.9 0
11.7 28.9 0
11.75 28.9 0
11.8 28.9 0
11.85 28.9 0
11.9 28.9 0
11.95 28.9 0
12 28.9 0
12.05 28.9 0
12.1 28.9 0
12.15 28.9 0
12.2 28.9 0
12.25 28.9 0
12.3 28.9 0
12.35 28.9 0
12.4 28.9 0
12.45 28.9 0
12.5 28.9 0
12.55 28.9 0
12.6 28.9 0
12.65 28.9 0
12.7 28.9 0
12.75 28.9 0
12.8 28.9 0
12.85 28.9 0
12.9 28.9 0
12.95 28.9 0
13 28.9 0
13.05 28.9 0
13.1 28.9 0
13.15 28.9 0
13.2 28.9 0
13.25 28.9 0
13.3 28.9 0
13.35 28.9 0
13.4 28.9 0
13.45 28.9 0
13.5 28.9 0
13.55 28.9 0
13.6 28.9 0
13.65 28.9 0
13.7 28.9 0
13.75 28.9 0
13.8 28.9 0
13.85 28.9 0
13.9 28.9 0
13.95 28.9 0
14 28.9 0
14.05 28.9 0
14.1 28.9 0
14.15 28.9 0
14.2 28.9 0
14.25 28.9 0
14.3 28.9 0
14.35 28.9 0
14.4 28.9 0
14.45 28.9 0
PATH 30 95
9.75 24 0
9.8 24 0
9.85 24 0
9.9 24 0
9.95 24 0
10 24 0
10.05 24 0
10.1 24 0
10.15 24 0
10.2 24 0
10.25 24 0
10.3 24 0
10.35 24 0
10.4 24 0
10.45 24 0
10.5 24 0
10.55 24 0
10.6 24 0
10.65 24 0
10.7 24 0
10.75 24 0
10.8 24 0
10.85 24.05 0
10.9 24.1 0
10.95 24.15 0
11 24.2 0
11.05 24.25 0
11.1 24.3 0
11.15 24.35 0
11.2 24.4 0
11.25 24.45 0
11.3 24.5 0
11.35 24.5 0
11.4 24.55 0
11.45 24.55 0
11.5 24.55 0
11.55 24.55 0
11.6 24.55 0
11.65 24.6 0
11.7 24.65 0
11.75 24.65 0
11.8 24.65 0
11.85 24.65 0
11.9 24.7 0
11.95 24.75 0
12 24.8 0
12.05 24.85 0
12.1 24.9 0
12.15 24.95 0
12.2 25 0
12.25 25.05 0
12.3 25.1 0
12.35 25.15 0
12.4 25.2 0
12.45 25.25 0
12.5 25.3 0
12.55 25.35 0
12.6 25.35 0
12.65 25.4 0
12.7 25.45 0
12.75 25.5 0
12.8 25.55 0
12.85 25.6 0
12.9 25.65 0
12.95 25.7 0
13 25.75 0
13.05 25.8 0
13.1 25.85 0
13.15 25.9 0
13.2 25.9 0
13.25 25.9 0
13.3 25.95 0
13.35 26 0
13.4 26.05 0
13.45 26.1 0
13.5 26.15 0
13.55 26.2 0
13.6 26.25 0
13.65 26.3 0
13.7 26.35 0
13.75 26.35 0
13.8 26.35 0
13.85 26.35 0
13.9 26.35 0
13.95 26.35 0
14 26.35 0
14.05 26.35 0
14.1 26.35 0
14.15 26.35 0
14.2 26.35 0
14.25 26.35 0
14.3 26.35 0
14.35 26.35 0
14.4 26.35 0
14.45 26.35 0
PATH 30 147
15.45 40 0
15.45 40.05 0
15.45 40.1 0
15.45 40.1 1
15.45 40.05 1
15.45 40 1
15.45 39.95 1
15.45 39.9 1
15.45 39.85 1
15.45 39.8 1
15.45 39.75 1
15.45 39.7 1
15.45 39.65 1
15.45 39.6 1
15.45 39.55 1
15.45 39.5 1
15.45 39.45 1
15.45 39.4 1
15.45 39.35 1
15.45 39.3 1
15.45 39.25 1
15.45 39.2 1
15.45 39.15 1
15.45 39.1 1
15.45 39.05 1
15.45 39 1
15.45 38.95 1
15.45 38.9 1
15.45 38.85 1
15.45 38.8 1
15.45 38.75 1
15.45 38.7 1
15.45 38.65 1
15.45 38.6 1
15.45 38.55 1
15.45 38.5 1
15.45 38.45 1
15.45 38.4 1
15.45 38.35 1
15.45 38.3 1
15.45 38.25 1
15.45 38.2 1
15.4 38.15 1
15.35 38.1 1
15.3 38.05 1
15.25 38 1
15.2 37.95 1
15.15 37.9 1
15.15 37.85 1
15.15 37.8 1
15.15 37.75 1
15.1 37.7 1
15.05 37.65 1
15.05 37.6 1
15.05 37.55 1
15.05 37.5 1
15 37.45 1
14.95 37.4 1
14.9 37.35 1
14.85 37.3 1
14.85 37.25 1
14.85 37.2 1
14.85 37.15 1
14.85 37.1 1
14.85 37.1 0
14.85 37.05 0
14.85 37 0
14.85 36.95 0
14.85 36.9 0
14.85 36.85 0
14.85 36.8 0
14.85 36.75 0
14.85 36.7 0
14.85 36.65 0
14.85 36.6 0
14.85 36.55 0
14.85 36.5 0
14.85 36.45 0
14.85 36.4 0
14.85 36.35 0
14.85 36.3 0
14.85 36.25 0
14.85 36.2 0
14.85 36.15 0
14.85 36.1 0
14.85 36.05 0
14.85 36 0
14.85 35.95 0
14.85 35.9 0
14.85 35.85 0
14.85 35.8 0
14.85 35.75 0
14.85 35.7 0
14.85 35.65 0
14.85 35.6 0
14.85 35.55 0
14.85 35.5 0
14.85 35.45 0
14.85 35.4 0
14.85 35.35 0
14.85 35.3 0
14.85 35.25 0
14.85 35.2 0
14.85 35.15 0
14.85 35.1 0
14.85 35.05 0
14.85 35 0
14.85 34.95 0
14.85 34.9 0
14.85 34.85 0
14.85 34.8 0
14.85 34.75 0
14.85 34.7 0
14.85 34.65 0
14.85 34.6 0
14.85 34.55 0
14.85 34.5 0
14.85 34.45 0
14.85 34.4 0
14.85 34.35 0
14.85 34.3 0
14.85 34.25 0
14.85 34.2 0
14.85 34.15 0
14.85 34.1 0
14.85 34.05 0
14.85 34 0
14.85 33.95 0
14.85 33.9 0
14.85 33.85 0
14.85 33.8 0
14.85 33.75 0
14.85 33.7 0
14.85 33.65 0
14.85 33.6 0
14.85 33.55 0
14.85 33.5 0
14.85 33.45 0
14.85 33.4 0
14.85 33.35 0
14.85 33.3 0
14.85 33.25 0
14.85 33.2 0
14.85 33.15 0
14.85 33.1 0
14.85 33.05 0
14.85 33 0
PATH 30 160
7 36 0
7.05 36 0
7.1 36 0
7.15 36 0
7.2 36 0
7.25 36 0
7.3 36 0
7.35 36 0
7.4 36 0
7.45 36 0
7.5 36 0
7.55 36 0
7.6 36 0
7.65 36 0
7.7 36 0
7.75 36 0
7.8 36 0
7.85 36 0
7.9 36 0
7.95 36 0
8 36 0
8.05 36 0
8.1 36 0
8.15 36 0
8.2 36 0
8.25 36 0
8.3 36 0
8.35 36 0
8.4 36 0
8.45 36 0
8.5 36 0
8.55 36 0
8.6 36 0
8.65 36 0
8.7 36 0
8.75 36 0
8.75 36 2
8.8 36 2
8.85 36 2
8.9 36 2
8.95 36 2
9 36 2
9.05 36 2
9.1 36 2
9.15 36 2
9.2 36 2
9.25 36 2
9.3 36 2
9.35 36 2
9.4 36 2
9.45 36 2
9.5 36 2
9.55 36 2
9.6 36 2
9.65 36 2
9.7 36 2
9.75 36 2
9.8 36 2
9.85 36 2
9.9 36 2
9.95 36 2
10 36 2
10.05 36 2
10.1 36 2
10.15 36 2
10.2 36 2
10.25 36 2
10.3 36 2
10.35 36 2
10.4 36 2
10.45 36 2
10.5 36 2
10.55 36 2
10.6 36 2
10.65 36 2
10.7 36 2
10.75 36 2
10.8 36 2
10.85 36 2
10.9 36 2
10.95 36 2
11 36 2
11.05 36 2
11.1 36 2
11.15 36 2
11.2 36 2
11.25 36 2
11.3 36 2
11.35 36 2
11.4 36 2
11.45 36 2
11.5 36 2
11.55 36 2
11.6 36 2
11.65 36 2
11.7 36 2
11.75 36 2
11.8 36 2
11.85 36 2
11.9 36 2
11.95 36 2
12 36 2
12.05 36 2
12.1 36 2
12.15 36 2
12.2 36 2
12.25 36 2
12.3 36 2
12.35 36 2
12.4 36 2
12.45 36 2
12.5 36 2
12.55 36 2
12.6 36 2
12.65 36 2
12.7 36 2
12.75 36 2
12.8 36 2
12.85 36 2
12.9 36 2
12.95 36 2
13 36 2
13.05 36 2
13.1 36 2
13.15 36 2
13.2 36 2
13.25 36 2
13.3 36 2
13.35 36 2
13.4 36 2
13.45 36 2
13.5 36 2
13.55 36 2
13.6 36 2
13.65 36 2
13.7 36 2
13.75 36 2
13.8 36 2
13.85 36 2
13.9 36 2
13.95 36 2
14 36 2
14.05 36 2
14.1 36 2
14.15 36 2
14.2 36 2
14.25 36 2
14.3 36 2
14.35 36 2
14.4 36 2
14.45 36 2
14.5 36 2
14.55 36 2
14.6 36 2
14.65 36 2
14.7 36 2
14.75 36 2
14.8 36 2
14.85 36 2
14.85 36 0
PATH 30 177
7 48 0
7.05 47.95 0
7.1 47.9 0
7.15 47.9 0
7.2 47.85 0
7.25 47.85 0
7.3 47.85 0
7.35 47.8 0
7.4 47.8 0
7.45 47.8 0
7.5 47.8 0
7.55 47.8 0
7.6 47.75 0
7.65 47.7 0
7.7 47.65 0
7.75 47.6 0
7.8 47.55 0
7.85 47.5 0
7.9 47.45 0
7.95 47.4 0
8 47.35 0
8.05 47.3 0
8.1 47.25 0
8.15 47.2 0
8.2 47.2 0
8.25 47.15 0
8.3 47.1 0
8.35 47.05 0
8.4 47 0
8.45 46.95 0
8.5 46.9 0
8.55 46.85 0
8.6 46.8 0
8.65 46.75 0
8.7 46.7 0
8.75 46.65 0
8.8 46.6 0
8.85 46.55 0
8.9 46.5 0
8.95 46.45 0
9 46.4 0
9.05 46.35 0
9.1 46.3 0
9.15 46.25 0
9.2 46.2 0
9.25 46.15 0
9.3 46.1 0
9.35 46.05 0
9.4 46 0
9.45 45.95 0
9.5 45.9 0
9.55 45.85 0
9.6 45.8 0
9.6 45.8 2
9.65 45.75 2
9.7 45.7 2
9.75 45.65 2
9.8 45.6 2
9.85 45.55 2
9.9 45.5 2
9.95 45.45 2
10 45.4 2
10.05 45.35 2
10.1 45.3 2
10.15 45.25 2
10.2 45.2 2
10.25 45.15 2
10.3 45.1 2
10.35 45.05 2
10.4 45 2
10.45 44.95 2
10.5 44.9 2
10.55 44.85 2
10.6 44.8 2
10.65 44.75 2
10.7 44.7 2
10.75 44.65 2
10.8 44.6 2
10.85 44.55 2
10.9 44.5 2
10.95 44.45 2
11 44.4 2
11.05 44.35 2
11.1 44.3 2
11.15 44.25 2
11.2 44.2 2
11.25 44.15 2
11.3 44.1 2
11.35 44.05 2
11.4 44 2
11.45 43.95 2
11.5 43.9 2
11.55 43.85 2
11.6 43.8 2
11.65 43.75 2
11.7 43.7 2
11.75 43.65 2
11.8 43.6 2
11.8 43.55 2
11.85 43.5 2
11.85 43.45 2
11.85 43.4 2
11.85 43.35 2
11.9 43.3 2
11.9 43.25 2
11.95 43.2 2
12 43.15 2
12.05 43.1 2
12.1 43.05 2
12.15 43 2
12.2 42.95 2
12.25 42.9 2
12.3 42.85 2
12.35 42.8 2
12.4 42.75 2
12.45 42.7 2
12.5 42.65 2
12.55 42.6 2
12.6 42.55 2
12.65 42.5 2
12.7 42.45 2
12.75 42.4 2
12.8 42.35 2
12.85 42.3 2
12.9 42.25 2
12.95 42.2 2
13 42.15 2
13.05 42.1 2
13.1 42.05 2
13.15 42 2
13.2 41.95 2
13.25 41.9 2
13.3 41.85 2
13.35 41.8 2
13.4 41.75 2
13.45 41.7 2
13.5 41.65 2
13.55 41.6 2
13.6 41.55 2
13.65 41.5 2
13.7 41.45 2
13.75 41.4 2
13.8 41.35 2
13.85 41.3 2
13.9 41.25 2
13.95 41.2 2
14 41.15 2
14.05 41.1 2
14.1 41.05 2
14.15 41 2
14.2 40.95 2
14.25 40.9 2
14.3 40.85 2
14.35 40.8 2
14.4 40.75 2
14.45 40.7 2
14.5 40.7 2
14.55 40.7 2
14.6 40.7 2
14.65 40.65 2
14.7 40.6 2
14.75 40.55 2
14.8 40.5 2
14.85 40.45 2
14.9 40.4 2
14.95 40.35 2
15 40.3 2
15.05 40.25 2
15.1 40.2 2
15.15 40.15 2
15.2 40.1 2
15.25 40.1 2
15.3 40.1 2
15.35 40.1 2
15.4 40.1 2
15.45 40.1 2
15.45 40.1 0
PATH 30 241
7 60 0
7 59.95 0
7 59.9 0
7 59.85 0
7 59.8 0
7 59.75 0
7 59.7 0
7 59.65 0
7 59.6 0
7 59.55 0
7 59.5 0
7 59.45 0
7 59.4 0
7 59.35 0
7 59.3 0
7 59.25 0
7 59.2 0
6.95 59.15 0
6.9 59.1 0
6.85 59.05 0
6.8 59 0
6.75 58.95 0
6.7 58.9 0
6.65 58.85 0
6.6 58.8 0
6.55 58.75 0
6.5 58.7 0
6.45 58.65 0
6.4 58.6 0
6.35 58.55 0
6.3 58.5 0
6.25 58.45 0
6.2 58.4 0
6.15 58.35 0
6.1 58.3 0
6.05 58.25 0
6 58.2 0
5.95 58.15 0
5.9 58.1 0
5.9 58.05 0
5.9 58 0
5.9 57.95 0
5.9 57.9 0
5.9 57.85 0
5.9 57.8 0
5.9 57.75 0
5.9 57.7 0
5.9 57.65 0
5.9 57.6 0
5.9 57.55 0
5.9 57.5 0
5.9 57.45 0
5.9 57.4 0
5.9 57.35 0
5.9 57.3 0
5.9 57.25 0
5.9 57.2 0
5.9 57.15 0
5.9 57.1 0
5.9 57.05 0
5.9 57 0
5.9 56.95 0
5.9 56.9 0
5.9 56.85 0
5.9 56.8 0
5.9 56.75 0
5.9 56.7 0
5.9 56.65 0
5.9 56.6 0
5.9 56.55 0
5.9 56.5 0
5.9 56.45 0
5.9 56.4 0
5.9 56.35 0
5.9 56.3 0
5.9 56.25 0
5.9 56.2 0
5.9 56.15 0
5.9 56.1 0
5.9 56.05 0
5.9 56 0
5.9 55.95 0
5.9 55.9 0
5.9 55.85 0
5.9 55.8 0
5.9 55.75 0
5.9 55.7 0
5.9 55.65 0
5.9 55.6 0
5.9 55.55 0
5.9 55.5 0
5.9 55.45 0
5.9 55.4 0
5.9 55.35 0
5.9 55.3 0
5.9 55.25 0
5.9 55.2 0
5.9 55.15 0
5.9 55.1 0
5.9 55.05 0
5.9 55 0
5.9 54.95 0
5.9 54.9 0
5.9 54.85 0
5.9 54.8 0
5.9 54.75 0
5.9 54.7 0
5.9 54.65 0
5.9 54.6 0
5.9 54.55 0
5.9 54.5 0
5.9 54.45 0
5.9 54.4 0
5.9 54.35 0
5.9 54.3 0
5.9 54.25 0
5.9 54.2 0
5.9 54.15 0
5.9 54.1 0
5.9 54.05 0
5.9 54 0
5.9 53.95 0
5.9 53.9 0
5.9 53.85 0
5.9 53.8 0
5.9 53.75 0
5.9 53.7 0
5.9 53.65 0
5.9 53.6 0
5.9 53.55 0
5.9 53.5 0
5.9 53.45 0
5.9 53.4 0
5.9 53.35 0
5.9 53.3 0
5.9 53.25 0
5.9 53.2 0
5.9 53.15 0
5.9 53.1 0
5.9 53.05 0
5.9 53 0
5.9 52.95 0
5.9 52.9 0
5.9 52.85 0
5.9 52.8 0
5.9 52.75 0
5.9 52.7 0
5.9 52.65 0
5.9 52.6 0
5.9 52.55 0
5.9 52.5 0
5.9 52.45 0
5.9 52.4 0
5.9 52.35 0
5.9 52.3 0
5.9 52.25 0
5.9 52.2 0
5.9 52.15 0
5.9 52.1 0
5.9 52.05 0
5.9 52 0
5.9 51.95 0
5.9 51.9 0
5.9 51.85 0
5.9 51.8 0
5.9 51.75 0
5.9 51.7 0
5.9 51.65 0
5.9 51.6 0
5.9 51.55 0
5.9 51.5 0
5.9 51.45 0
5.9 51.4 0
5.9 51.35 0
5.9 51.3 0
5.9 51.25 0
5.9 51.2 0
5.9 51.15 0
5.9 51.1 0
5.9 51.05 0
5.9 51 0
5.9 50.95 0
5.9 50.9 0
5.9 50.85 0
5.9 50.8 0
5.9 50.75 0
5.9 50.7 0
5.9 50.65 0
5.9 50.6 0
5.9 50.55 0
5.9 50.5 0
5.9 50.45 0
5.9 50.4 0
5.9 50.35 0
5.9 50.3 0
5.9 50.25 0
5.9 50.2 0
5.9 50.15 0
5.9 50.1 0
5.9 50.05 0
5.9 50 0
5.9 49.95 0
5.9 49.9 0
5.9 49.85 0
5.9 49.8 0
5.9 49.75 0
5.9 49.7 0
5.9 49.65 0
5.9 49.6 0
5.9 49.55 0
5.9 49.5 0
5.9 49.45 0
5.9 49.4 0
5.9 49.35 0
5.9 49.3 0
5.9 49.25 0
5.9 49.2 0
5.9 49.15 0
5.9 49.1 0
5.95 49.05 0
6 49 0
6.05 48.95 0
6.1 48.9 0
6.15 48.85 0
6.2 48.8 0
6.25 48.75 0
6.3 48.7 0
6.35 48.65 0
6.4 48.6 0
6.45 48.55 0
6.5 48.5 0
6.55 48.45 0
6.6 48.4 0
6.65 48.35 0
6.7 48.3 0
6.75 48.25 0
6.8 48.2 0
6.85 48.15 0
6.9 48.1 0
6.95 48.05 0
7 48 0
PATH 30 98
11.85 61 0
11.8 61 0
11.75 61 0
11.7 61 0
11.65 61.05 0
11.6 61.1 0
11.55 61.15 0
11.5 61.2 0
11.45 61.25 0
11.4 61.3 0
11.35 61.35 0
11.3 61.4 0
11.25 61.45 0
11.2 61.5 0
11.15 61.55 0
11.1 61.6 0
11.05 61.65 0
11 61.7 0
10.95 61.75 0
10.9 61.8 0
10.85 61.8 0
10.8 61.8 0
10.75 61.8 0
10.7 61.8 0
10.65 61.8 0
10.6 61.8 0
10.55 61.8 0
10.5 61.8 0
10.45 61.8 0
10.4 61.8 0
10.35 61.8 0
10.3 61.8 0
10.25 61.8 0
10.2 61.8 0
10.15 61.8 0
10.1 61.8 0
10.05 61.8 0
10 61.8 0
9.95 61.8 0
9.9 61.8 0
9.85 61.8 0
9.8 61.8 0
9.75 61.8 0
9.7 61.8 0
9.65 61.8 0
9.6 61.8 0
9.55 61.8 0
9.5 61.8 0
9.45 61.8 0
9.4 61.75 0
9.35 61.7 0
9.3 61.65 0
9.25 61.6 0
9.2 61.55 0
9.15 61.5 0
9.1 61.45 0
9.05 61.4 0
9 61.35 0
8.95 61.35 0
8.9 61.35 0
8.85 61.35 0
8.8 61.35 0
8.75 61.35 0
8.7 61.35 0
8.65 61.35 0
8.6 61.35 0
8.55 61.35 0
8.5 61.35 0
8.45 61.35 0
8.4 61.35 0
8.35 61.3 0
8.3 61.25 0
8.25 61.2 0
8.2 61.15 0
8.15 61.1 0
8.1 61.05 0
8.05 61 0
8 60.95 0
7.95 60.9 0
7.9 60.85 0
7.85 60.8 0
7.8 60.75 0
7.75 60.7 0
7.7 60.65 0
7.65 60.6 0
7.6 60.55 0
7.55 60.5 0
7.5 60.45 0
7.45 60.4 0
7.4 60.35 0
7.35 60.3 0
7.3 60.25 0
7.25 60.2 0
7.2 60.15 0
7.15 60.1 0
7.1 60.05 0
7.05 60 0
7 60 0
PATH 30 183
20.95 61 0
20.9 61.05 0
20.85 61.1 0
20.8 61.15 0
20.75 61.2 0
20.7 61.25 0
20.65 61.3 0
20.6 61.35 0
20.55 61.4 0
20.5 61.45 0
20.45 61.5 0
20.4 61.55 0
20.35 61.6 0
20.3 61.65 0
20.25 61.7 0
20.2 61.75 0
20.15 61.8 0
20.1 61.85 0
20.05 61.9 0
20 61.95 0
19.95 62 0
19.9 62.05 0
19.85 62.05 0
19.8 62.05 0
19.75 62.05 0
19.7 62.05 0
19.65 62.05 0
19.6 62.05 0
19.55 62.05 0
19.5 62.05 0
19.45 62.05 0
19.4 62.05 0
19.35 62.05 0
19.3 62.05 0
19.25 62.05 0
19.2 62.05 0
19.15 62.05 0
19.1 62.05 0
19.05 62.05 0
19 62.05 0
18.95 62.05 0
18.9 62.05 0
18.85 62.05 0
18.8 62.05 0
18.75 62.05 0
18.7 62.05 0
18.65 62.05 0
18.6 62.05 0
18.55 62.05 0
18.5 62.05 0
18.45 62.05 0
18.4 62.05 0
18.35 62.05 0
18.3 62.05 0
18.25 62.05 0
18.2 62.05 0
18.15 62 0
18.1 61.95 0
18.05 61.9 0
18 61.85 0
17.95 61.8 0
17.9 61.8 0
17.85 61.8 0
17.8 61.8 0
17.75 61.8 0
17.7 61.8 0
17.65 61.8 0
17.6 61.8 0
17.55 61.8 0
17.5 61.8 0
17.45 61.8 0
17.4 61.8 0
17.35 61.8 0
17.3 61.8 0
17.25 61.8 0
17.2 61.8 0
17.15 61.8 0
17.1 61.8 0
17.05 61.8 0
17 61.8 0
16.95 61.8 0
16.9 61.8 0
16.85 61.8 0
16.8 61.8 0
16.75 61.8 0
16.7 61.8 0
16.65 61.8 0
16.6 61.8 0
16.55 61.8 0
16.5 61.8 0
16.45 61.8 0
16.4 61.8 0
16.35 61.8 0
16.3 61.8 0
16.25 61.8 0
16.2 61.8 0
16.15 61.8 0
16.1 61.8 0
16.05 61.8 0
16 61.8 0
15.95 61.8 0
15.9 61.8 0
15.85 61.8 0
15.8 61.8 0
15.75 61.8 0
15.7 61.8 0
15.65 61.8 0
15.6 61.8 0
15.55 61.8 0
15.5 61.8 0
15.45 61.8 0
15.4 61.8 0
15.35 61.8 0
15.3 61.8 0
15.25 61.8 0
15.2 61.8 0
15.15 61.8 0
15.1 61.8 0
15.05 61.8 0
15 61.8 0
14.95 61.8 0
14.9 61.8 0
14.85 61.8 0
14.8 61.8 0
14.75 61.8 0
14.7 61.8 0
14.65 61.8 0
14.6 61.8 0
14.55 61.8 0
14.5 61.8 0
14.45 61.8 0
14.4 61.8 0
14.35 61.8 0
14.3 61.8 0
14.25 61.8 0
14.2 61.8 0
14.15 61.8 0
14.1 61.8 0
14.05 61.8 0
14 61.8 0
13.95 61.8 0
13.9 61.8 0
13.85 61.8 0
13.8 61.8 0
13.75 61.8 0
13.7 61.8 0
13.65 61.8 0
13.6 61.8 0
13.55 61.8 0
13.5 61.8 0
13.45 61.8 0
13.4 61.75 0
13.35 61.7 0
13.3 61.65 0
13.25 61.6 0
13.2 61.55 0
13.15 61.5 0
13.1 61.45 0
13.05 61.4 0
13 61.35 0
12.95 61.3 0
12.9 61.25 0
12.85 61.2 0
12.8 61.15 0
12.75 61.1 0
12.7 61.05 0
12.65 61 0
12.6 61 0
12.55 61 0
12.5 61 0
12.45 61 0
12.4 61 0
12.35 61 0
12.3 61 0
12.25 61 0
12.2 61 0
12.15 61 0
12.1 61 0
12.05 61 0
12 61 0
11.95 61 0
11.9 61 0
11.85 61 0
PATH 30 78
24.45 65 0
24.4 64.95 0
24.35 64.9 0
24.3 64.85 0
24.25 64.8 0
24.2 64.75 0
24.15 64.7 0
24.1 64.65 0
24.05 64.6 0
24 64.55 0
23.95 64.5 0
23.9 64.45 0
23.85 64.4 0
23.8 64.35 0
23.75 64.3 0
23.7 64.25 0
23.65 64.2 0
23.6 64.15 0
23.6 64.15 2
23.55 64.1 2
23.5 64.05 2
23.45 64 2
23.4 63.95 2
23.35 63.9 2
23.3 63.85 2
23.25 63.8 2
23.2 63.75 2
23.15 63.7 2
23.1 63.65 2
23.05 63.6 2
23 63.55 2
22.95 63.5 2
22.9 63.45 2
22.85 63.4 2
22.8 63.35 2
22.75 63.3 2
22.7 63.25 2
22.65 63.2 2
22.6 63.15 2
22.55 63.1 2
22.5 63.05 2
22.45 63 2
22.4 62.95 2
22.35 62.9 2
22.3 62.85 2
22.25 62.8 2
22.2 62.75 2
22.15 62.7 2
22.1 62.65 2
22.05 62.6 2
22 62.55 2
21.95 62.5 2
21.9 62.45 2
21.85 62.4 2
21.8 62.35 2
21.75 62.3 2
21.7 62.25 2
21.65 62.2 2
21.6 62.15 2
21.55 62.1 2
21.5 62.05 2
21.45 62 2
21.4 61.95 2
21.35 61.9 2
21.3 61.85 2
21.25 61.8 2
21.2 61.75 2
21.15 61.7 2
21.1 61.65 2
21.05 61.6 2
21 61.55 2
20.95 61.5 2
20.9 61.45 2
20.85 61.4 2
20.8 61.35 2
20.75 61.3 2
20.7 61.25 2
20.7 61.25 0
PATH 30 203
13 71.55 0
13 71.5 0
13 71.45 0
12.95 71.4 0
12.9 71.35 0
12.85 71.3 0
12.8 71.25 0
12.75 71.2 0
12.7 71.15 0
12.65 71.1 0
12.6 71.05 0
12.55 71 0
12.5 70.95 0
12.45 70.9 0
12.4 70.85 0
12.35 70.8 0
12.35 70.8 2
12.3 70.75 2
12.25 70.7 2
12.2 70.65 2
12.15 70.6 2
12.1 70.55 2
12.05 70.5 2
12 70.45 2
11.95 70.4 2
11.9 70.35 2
11.85 70.3 2
11.8 70.25 2
11.8 70.2 2
11.8 70.15 2
11.8 70.1 2
11.8 70.05 2
11.8 70 2
11.8 69.95 2
11.8 69.9 2
11.8 69.85 2
11.8 69.8 2
11.8 69.75 2
11.8 69.7 2
11.8 69.65 2
11.8 69.6 2
11.8 69.55 2
11.8 69.5 2
11.8 69.45 2
11.8 69.4 2
11.8 69.35 2
11.8 69.3 2
11.8 69.25 2
11.8 69.2 2
11.8 69.15 2
11.8 69.1 2
11.8 69.05 2
11.8 69 2
11.8 68.95 2
11.8 68.9 2
11.8 68.85 2
11.8 68.8 2
11.8 68.75 2
11.8 68.7 2
11.8 68.65 2
11.8 68.6 2
11.8 68.55 2
11.8 68.5 2
11.8 68.45 2
11.8 68.4 2
11.8 68.35 2
11.8 68.3 2
11.8 68.25 2
11.8 68.2 2
11.8 68.15 2
11.8 68.1 2
11.8 68.05 2
11.8 68 2
11.8 67.95 2
11.8 67.9 2
11.8 67.85 2
11.8 67.8 2
11.8 67.75 2
11.8 67.7 2
11.8 67.65 2
11.8 67.6 2
11.75 67.55 2
11.7 67.5 2
11.65 67.45 2
11.65 67.4 2
11.65 67.35 2
11.65 67.3 2
11.65 67.25 2
11.65 67.2 2
11.65 67.15 2
11.65 67.1 2
11.65 67.05 2
11.65 67 2
11.65 66.95 2
11.65 66.9 2
11.65 66.85 2
11.65 66.8 2
11.65 66.75 2
11.65 66.7 2
11.65 66.65 2
11.65 66.6 2
11.65 66.55 2
11.65 66.5 2
11.65 66.45 2
11.65 66.4 2
11.65 66.35 2
11.65 66.3 2
11.65 66.25 2
11.65 66.2 2
11.65 66.15 2
11.65 66.1 2
11.65 66.05 2
11.65 66 2
11.65 65.95 2
11.65 65.9 2
11.65 65.85 2
11.65 65.8 2
11.65 65.75 2
11.65 65.7 2
11.65 65.65 2
11.65 65.6 2
11.65 65.55 2
11.65 65.5 2
11.65 65.45 2
11.65 65.4 2
11.65 65.35 2
11.65 65.3 2
11.65 65.25 2
11.65 65.2 2
11.65 65.15 2
11.65 65.1 2
11.65 65.05 2
11.65 65 2
11.65 64.95 2
11.65 64.9 2
11.65 64.85 2
11.65 64.8 2
11.65 64.75 2
11.65 64.7 2
11.65 64.65 2
11.65 64.6 2
11.65 64.55 2
11.65 64.5 2
11.65 64.45 2
11.65 64.4 2
11.65 64.35 2
11.65 64.3 2
11.65 64.25 2
11.65 64.2 2
11.65 64.15 2
11.65 64.1 2
11.65 64.05 2
11.65 64 2
11.65 63.95 2
11.65 63.9 2
11.65 63.85 2
11.65 63.8 2
11.65 63.75 2
11.65 63.7 2
11.65 63.65 2
11.65 63.6 2
11.65 63.55 2
11.65 63.5 2
11.65 63.45 2
11.65 63.4 2
11.65 63.35 2
11.65 63.3 2
11.65 63.25 2
11.65 63.2 2
11.65 63.15 2
11.65 63.1 2
11.65 63.05 2
11.65 63 2
11.65 62.95 2
11.65 62.9 2
11.65 62.85 2
11.65 62.8 2
11.65 62.75 2
11.65 62.7 2
11.65 62.65 2
11.65 62.6 2
11.65 62.55 2
11.65 62.5 2
11.65 62.45 2
11.65 62.4 2
11.65 62.35 2
11.6 62.3 2
11.6 62.25 2
11.6 62.2 2
11.6 62.15 2
11.6 62.1 2
11.6 62.05 2
11.6 62 2
11.55 61.95 2
11.5 61.9 2
11.45 61.85 2
11.45 61.85 0
11.4 61.8 0
11.35 61.75 0
11.3 61.7 0
11.25 61.65 0
11.2 61.6 0
11.15 61.55 0
PATH 30 37
11 73 0
11.05 72.95 0
11.1 72.9 0
11.15 72.85 0
11.2 72.8 0
11.25 72.75 0
11.3 72.7 0
11.35 72.65 0
11.4 72.6 0
11.45 72.55 0
11.5 72.5 0
11.55 72.45 0
11.6 72.4 0
11.65 72.35 0
11.7 72.3 0
11.75 72.25 0
11.8 72.2 0
11.85 72.15 0
11.9 72.1 0
11.95 72.05 0
12 72 0
12.05 71.95 0
12.1 71.9 0
12.15 71.85 0
12.2 71.8 0
12.2 71.75 0
12.25 71.7 0
12.3 71.65 0
12.35 71.6 0
12.4 71.55 0
12.45 71.5 0
12.5 71.45 0
12.55 71.4 0
12.6 71.35 0
12.65 71.3 0
12.7 71.25 0
12.75 71.2 0
PATH 30 129
19.85 48 0
19.8 47.95 0
19.75 47.9 0
19.7 47.85 0
19.7 47.85 2
19.65 47.8 2
19.6 47.75 2
19.55 47.7 2
19.5 47.65 2
19.45 47.6 2
19.4 47.55 2
19.35 47.5 2
19.3 47.45 2
19.25 47.4 2
19.2 47.35 2
19.15 47.3 2
19.1 47.25 2
19.05 47.2 2
19 47.15 2
18.95 47.1 2
18.9 47.05 2
18.85 47 2
18.8 46.95 2
18.75 46.9 2
18.7 46.85 2
18.65 46.8 2
18.6 46.75 2
18.55 46.7 2
18.5 46.65 2
18.45 46.6 2
18.4 46.55 2
18.35 46.5 2
18.3 46.45 2
18.25 46.4 2
18.2 46.35 2
18.15 46.3 2
18.1 46.25 2
18.05 46.2 2
18 46.15 2
17.95 46.1 2
17.9 46.05 2
17.85 46 2
17.8 45.95 2
17.75 45.9 2
17.7 45.85 2
17.65 45.8 2
17.6 45.75 2
17.55 45.7 2
17.5 45.65 2
17.45 45.6 2
17.4 45.55 2
17.35 45.5 2
17.3 45.45 2
17.25 45.4 2
17.2 45.35 2
17.15 45.3 2
17.1 45.25 2
17.05 45.2 2
17 45.15 2
16.95 45.1 2
16.9 45.05 2
16.85 45 2
16.8 44.95 2
16.75 44.9 2
16.7 44.85 2
16.65 44.8 2
16.6 44.75 2
16.55 44.7 2
16.5 44.65 2
16.45 44.6 2
16.4 44.55 2
16.35 44.5 2
16.3 44.45 2
16.25 44.4 2
16.2 44.35 2
16.15 44.3 2
16.1 44.25 2
16.05 44.2 2
16 44.15 2
15.95 44.1 2
15.9 44.05 2
15.85 44 2
15.8 43.95 2
15.75 43.9 2
15.7 43.85 2
15.65 43.8 2
15.6 43.75 2
15.55 43.7 2
15.5 43.65 2
15.45 43.6 2
15.4 43.55 2
15.35 43.5 2
15.3 43.45 2
15.25 43.4 2
15.2 43.35 2
15.15 43.3 2
15.1 43.25 2
15.05 43.2 2
15 43.15 2
14.95 43.1 2
14.9 43.05 2
14.85 43 2
14.8 42.95 2
14.75 42.9 2
14.7 42.85 2
14.65 42.8 2
14.6 42.75 2
14.55 42.7 2
14.5 42.65 2
14.45 42.6 2
14.4 42.55 2
14.35 42.5 2
14.3 42.45 2
14.25 42.4 2
14.2 42.35 2
14.15 42.3 2
14.1 42.25 2
14.05 42.2 2
14 42.15 2
13.95 42.1 2
13.9 42.05 2
13.85 42 2
13.8 41.95 2
13.75 41.9 2
13.7 41.85 2
13.65 41.8 2
13.6 41.75 2
13.55 41.7 2
13.5 41.65 2
PATH 30 117
25.45 50 0
25.4 49.95 0
25.35 49.95 0
25.3 49.95 0
25.25 49.95 0
25.2 49.95 0
25.15 49.95 0
25.1 49.9 0
25.05 49.85 0
25 49.85 0
24.95 49.85 0
24.9 49.85 0
24.85 49.85 0
24.8 49.85 0
24.75 49.85 0
24.7 49.85 0
24.65 49.85 0
24.6 49.85 0
24.55 49.85 0
24.5 49.8 0
24.45 49.8 0
24.4 49.8 0
24.35 49.8 0
24.3 49.8 0
24.25 49.8 0
24.2 49.8 0
24.15 49.8 0
24.1 49.8 0
24.05 49.8 0
24.05 49.8 2
24 49.75 2
23.95 49.7 2
23.9 49.65 2
23.85 49.6 2
23.8 49.6 2
23.75 49.6 2
23.7 49.55 2
23.65 49.5 2
23.6 49.5 2
23.55 49.45 2
23.5 49.4 2
23.45 49.35 2
23.4 49.3 2
23.35 49.25 2
23.3 49.25 2
23.25 49.25 2
23.2 49.2 2
23.15 49.2 2
23.1 49.15 2
23.05 49.15 2
23 49.15 2
22.95 49.15 2
22.9 49.15 2
22.85 49.15 2
22.8 49.1 2
22.75 49.1 2
22.7 49.1 2
22.65 49.1 2
22.6 49.1 2
22.55 49.1 2
22.5 49.1 2
22.45 49.1 2
22.4 49.1 2
22.35 49.05 2
22.3 49.05 2
22.25 49 2
22.2 48.95 2
22.15 48.9 2
22.1 48.9 2
22.05 48.9 2
22 48.9 2
21.95 48.85 2
21.9 48.85 2
21.85 48.85 2
21.8 48.85 2
21.75 48.8 2
21.7 48.75 2
21.65 48.7 2
21.6 48.7 2
21.55 48.65 2
21.5 48.65 2
21.45 48.6 2
21.4 48.55 2
21.35 48.5 2
21.3 48.45 2
21.25 48.4 2
21.2 48.35 2
21.15 48.3 2
21.1 48.25 2
21.05 48.2 2
21 48.15 2
20.95 48.1 2
20.9 48.05 2
20.85 48 2
20.8 47.95 2
20.75 47.9 2
20.7 47.85 2
20.65 47.85 2
20.6 47.85 2
20.55 47.85 2
20.5 47.85 2
20.45 47.85 2
20.4 47.85 2
20.35 47.85 2
20.3 47.85 2
20.25 47.85 2
20.2 47.85 2
20.15 47.85 2
20.1 47.85 2
20.05 47.85 2
20 47.85 2
19.95 47.85 2
19.9 47.85 2
19.85 47.85 2
19.8 47.85 2
19.75 47.85 2
19.7 47.85 2
PATH 30 121
31.45 49 0
31.4 49 0
31.35 49.05 0
31.3 49.1 0
31.25 49.15 0
31.2 49.2 0
31.15 49.25 0
31.1 49.3 0
31.05 49.35 0
31 49.4 0
30.95 49.4 0
30.9 49.4 0
30.85 49.45 0
30.8 49.5 0
30.75 49.55 0
30.7 49.6 0
30.65 49.65 0
30.6 49.7 0
30.55 49.75 0
30.5 49.8 0
30.45 49.8 0
30.4 49.8 0
30.35 49.8 0
30.3 49.85 0
30.25 49.9 0
30.2 49.95 0
30.15 50 0
30.1 50.05 0
30.05 50.1 0
30 50.15 0
29.95 50.2 0
29.9 50.25 0
29.85 50.3 0
29.8 50.35 0
29.75 50.4 0
29.7 50.45 0
29.65 50.5 0
29.6 50.55 0
29.55 50.6 0
29.5 50.65 0
29.45 50.7 0
29.4 50.7 0
29.35 50.7 0
29.3 50.7 0
29.25 50.7 0
29.2 50.7 0
29.15 50.7 0
29.1 50.7 0
29.05 50.7 0
29 50.7 0
28.95 50.7 0
28.9 50.7 0
28.85 50.7 0
28.8 50.7 0
28.75 50.7 0
28.7 50.7 0
28.65 50.7 0
28.6 50.7 0
28.55 50.7 0
28.5 50.7 0
28.45 50.7 0
28.4 50.7 0
28.35 50.7 0
28.3 50.7 0
28.25 50.7 0
28.2 50.7 0
28.15 50.7 0
28.1 50.7 0
28.05 50.7 0
28 50.7 0
27.95 50.7 0
27.9 50.7 0
27.85 50.7 0
27.8 50.7 0
27.75 50.7 0
27.7 50.7 0
27.65 50.7 0
27.6 50.7 0
27.55 50.65 0
27.5 50.6 0
27.45 50.55 0
27.4 50.5 0
27.35 50.45 0
27.3 50.4 0
27.25 50.35 0
27.2 50.3 0
27.15 50.25 0
27.1 50.2 0
27.05 50.15 0
27 50.1 0
26.95 50.05 0
26.9 50 0
26.85 50 0
26.8 50 0
26.75 50 0
26.7 50 0
26.65 50 0
26.6 50 0
26.55 50 0
26.5 50 0
26.45 50 0
26.4 50 0
26.35 50 0
26.3 50 0
26.25 50 0
26.2 50 0
26.15 50 0
26.1 50 0
26.05 50 0
26 50 0
25.95 50 0
25.9 50 0
25.85 50 0
25.8 50 0
25.75 50 0
25.7 50 0
25.65 50 0
25.6 50 0
25.55 50 0
25.5 50 0
25.45 50 0
PATH 30 87
30.45 55 0
30.4 54.95 0
30.35 54.9 0
30.3 54.85 0
30.25 54.8 0
30.2 54.75 0
30.15 54.7 0
30.1 54.65 0
30.05 54.6 0
30 54.55 0
29.95 54.5 0
29.9 54.45 0
29.9 54.4 0
29.9 54.35 0
29.9 54.3 0
29.9 54.25 0
29.9 54.2 0
29.9 54.15 0
29.9 54.1 0
29.9 54.05 0
29.85 54 0
29.8 53.95 0
29.8 53.9 0
29.8 53.85 0
29.8 53.8 0
29.8 53.75 0
29.8 53.7 0
29.8 53.65 0
29.8 53.6 0
29.75 53.55 0
29.7 53.5 0
29.7 53.45 0
29.7 53.4 0
29.7 53.35 0
29.7 53.3 0
29.7 53.25 0
29.7 53.2 0
29.7 53.15 0
29.7 53.1 0
29.65 53.05 0
29.65 53 0
29.65 52.95 0
29.65 52.9 0
29.65 52.85 0
29.65 52.8 0
29.65 52.75 0
29.65 52.7 0
29.65 52.65 0
29.65 52.6 0
29.65 52.55 0
29.65 52.5 0
29.65 52.45 0
29.65 52.4 0
29.65 52.35 0
29.65 52.3 0
29.65 52.25 0
29.65 52.2 0
29.65 52.15 0
29.65 52.1 0
29.65 52.05 0
29.65 52 0
29.65 51.95 0
29.6 51.9 0
29.55 51.85 0
29.5 51.8 0
29.45 51.75 0
29.45 51.7 0
29.45 51.65 0
29.45 51.6 0
29.45 51.55 0
29.45 51.5 0
29.45 51.45 0
29.45 51.4 0
29.45 51.35 0
29.45 51.3 0
29.45 51.25 0
29.45 51.2 0
29.45 51.15 0
29.45 51.1 0
29.45 51.05 0
29.45 51 0
29.45 50.95 0
29.45 50.9 0
29.45 50.85 0
29.45 50.8 0
29.45 50.75 0
29.45 50.7 0
PATH 30 55
33.15 55 0
33.1 55 0
33.05 55 0
33 55 0
32.95 55 0
32.9 55 0
32.85 55 0
32.8 55 0
32.75 55 0
32.7 55 0
32.65 55 0
32.6 55 0
32.55 55 0
32.5 55 0
32.45 55 0
32.4 55 0
32.35 55 0
32.3 55 0
32.25 55 0
32.2 55 0
32.15 55 0
32.1 55 0
32.05 55 0
32 55 0
31.95 55 0
31.9 55 0
31.85 55 0
31.8 55 0
31.75 55 0
31.7 55 0
31.65 55 0
31.6 55 0
31.55 55 0
31.5 55 0
31.45 55 0
31.4 55 0
31.35 55 0
31.3 55 0
31.25 55 0
31.2 55 0
31.15 55 0
31.1 55 0
31.05 55 0
31 55 0
30.95 55 0
30.9 55 0
30.85 55 0
30.8 55 0
30.75 55 0
30.7 55 0
30.65 55 0
30.6 55 0
30.55 55 0
30.5 55 0
30.45 55 0
PATH 30 181
35.45 40 0
35.4 40.05 0
35.35 40.1 0
35.35 40.15 0
35.3 40.2 0
35.3 40.25 0
35.3 40.3 0
35.25 40.35 0
35.25 40.4 0
35.25 40.45 0
35.25 40.5 0
35.25 40.55 0
35.2 40.6 0
35.15 40.65 0
35.1 40.7 0
35.05 40.75 0
35 40.8 0
34.95 40.85 0
34.9 40.9 0
34.85 40.95 0
34.8 41 0
34.75 41.05 0
34.7 41.1 0
34.7 41.15 0
34.7 41.2 0
34.7 41.25 0
34.7 41.3 0
34.7 41.35 0
34.7 41.4 0
34.7 41.45 0
34.7 41.5 0
34.65 41.55 0
34.6 41.6 0
34.55 41.65 0
34.5 41.7 0
34.45 41.75 0
34.4 41.8 0
34.35 41.85 0
34.3 41.9 0
34.25 41.95 0
34.2 42 0
34.15 42.05 0
34.1 42.1 0
34.05 42.15 0
34 42.2 0
33.95 42.25 0
33.95 42.3 0
33.95 42.35 0
33.95 42.4 0
33.95 42.45 0
33.95 42.5 0
33.95 42.55 0
33.95 42.6 0
33.95 42.65 0
33.95 42.7 0
33.95 42.75 0
33.95 42.8 0
33.9 42.85 0
33.85 42.9 0
33.8 42.95 0
33.75 43 0
33.7 43.05 0
33.65 43.1 0
33.6 43.15 0
33.55 43.2 0
33.5 43.25 0
33.45 43.3 0
33.4 43.35 0
33.35 43.4 0
33.3 43.45 0
33.25 43.5 0
33.2 43.55 0
33.15 43.6 0
33.1 43.65 0
33.05 43.7 0
33 43.75 0
32.95 43.8 0
32.9 43.85 0
32.85 43.9 0
32.8 43.95 0
32.8 44 0
32.8 44.05 0
32.75 44.1 0
32.7 44.15 0
32.7 44.2 0
32.7 44.25 0
32.7 44.3 0
32.7 44.35 0
32.7 44.4 0
32.7 44.45 0
32.7 44.5 0
32.7 44.55 0
32.7 44.6 0
32.7 44.65 0
32.7 44.7 0
32.7 44.75 0
32.7 44.8 0
32.7 44.85 0
32.7 44.9 0
32.7 44.95 0
32.7 45 0
32.7 45.05 0
32.7 45.1 0
32.7 45.15 0
32.7 45.2 0
32.7 45.25 0
32.65 45.3 0
32.6 45.35 0
32.55 45.4 0
32.5 45.45 0
32.45 45.5 0
32.4 45.55 0
32.35 45.6 0
32.3 45.65 0
32.25 45.7 0
32.2 45.75 0
32.15 45.8 0
32.1 45.85 0
32.05 45.9 0
32 45.95 0
31.95 46 0
31.9 46.05 0
31.85 46.1 0
31.8 46.15 0
31.75 46.2 0
31.7 46.25 0
31.65 46.3 0
31.6 46.35 0
31.55 46.4 0
31.5 46.45 0
31.45 46.5 0
31.45 46.55 0
31.45 46.6 0
31.45 46.65 0
31.45 46.7 0
31.45 46.75 0
31.45 46.8 0
31.45 46.85 0
31.45 46.9 0
31.45 46.95 0
31.45 47 0
31.45 47.05 0
31.45 47.1 0
31.45 47.15 0
31.45 47.2 0
31.45 47.25 0
31.45 47.3 0
31.45 47.35 0
31.45 47.4 0
31.45 47.45 0
31.45 47.5 0
31.45 47.55 0
31.45 47.6 0
31.45 47.65 0
31.45 47.7 0
31.45 47.75 0
31.45 47.8 0
31.45 47.85 0
31.45 47.9 0
31.45 47.95 0
31.45 48 0
31.45 48.05 0
31.45 48.1 0
31.45 48.15 0
31.45 48.2 0
31.45 48.25 0
31.45 48.3 0
31.45 48.35 0
31.45 48.4 0
31.45 48.45 0
31.45 48.5 0
31.45 48.55 0
31.45 48.6 0
31.45 48.65 0
31.45 48.7 0
31.45 48.75 0
31.45 48.8 0
31.45 48.85 0
31.45 48.9 0
31.45 48.95 0
31.45 49 0
PATH 30 239
68.25 35 0
68.3 35.05 0
68.35 35.1 0
68.4 35.1 0
68.45 35.15 0
68.5 35.2 0
68.55 35.25 0
68.6 35.3 0
68.65 35.35 0
68.7 35.4 0
68.75 35.45 0
68.8 35.5 0
68.85 35.55 0
68.9 35.55 0
68.95 35.55 0
69 35.55 0
69.05 35.55 0
69.1 35.55 0
69.15 35.55 0
69.2 35.55 0
69.25 35.55 0
69.3 35.55 0
69.35 35.55 0
69.4 35.55 0
69.45 35.55 0
69.5 35.6 0
69.55 35.65 0
69.6 35.7 0
69.65 35.75 0
69.7 35.8 0
69.75 35.85 0
69.8 35.85 0
69.85 35.85 0
69.9 35.85 0
69.95 35.85 0
70 35.85 0
70.05 35.85 0
70.1 35.85 0
70.15 35.85 0
70.2 35.85 0
70.25 35.85 0
70.3 35.85 0
70.35 35.9 0
70.4 35.9 0
70.45 35.9 0
70.5 35.9 0
70.55 35.9 0
70.6 35.9 0
70.65 35.9 0
70.7 35.9 0
70.75 35.9 0
70.8 35.9 0
70.85 35.9 0
70.9 35.9 0
70.95 35.9 0
71 35.9 0
71.05 35.9 0
71.1 35.9 0
71.15 35.9 0
71.2 35.9 0
71.25 35.9 0
71.3 35.9 0
71.35 35.9 0
71.4 35.9 0
71.45 35.95 0
71.5 36 0
71.55 36.05 0
71.6 36.1 0
71.65 36.15 0
71.7 36.2 0
71.75 36.25 0
71.8 36.3 0
71.85 36.35 0
71.9 36.35 0
71.95 36.35 0
72 36.35 0
72.05 36.4 0
72.1 36.45 0
72.15 36.45 0
72.2 36.45 0
72.25 36.45 0
72.3 36.45 0
72.35 36.45 0
72.4 36.45 0
72.45 36.45 0
72.5 36.45 0
72.55 36.45 0
72.6 36.45 0
72.65 36.45 0
72.7 36.45 0
72.75 36.45 0
72.8 36.45 0
72.85 36.45 0
72.9 36.45 0
72.95 36.45 0
73 36.45 0
73.05 36.45 0
73.1 36.45 0
73.15 36.45 0
73.2 36.45 0
73.25 36.45 0
73.3 36.45 0
73.35 36.45 0
73.4 36.45 0
73.45 36.45 0
73.5 36.45 0
73.55 36.45 0
73.6 36.45 0
73.65 36.45 0
73.7 36.45 0
73.75 36.45 0
73.8 36.45 0
73.85 36.45 0
73.9 36.45 0
73.95 36.45 0
74 36.45 0
74.05 36.45 0
74.1 36.45 0
74.15 36.45 0
74.2 36.45 0
74.25 36.45 0
74.3 36.45 0
74.35 36.45 0
74.4 36.45 0
74.45 36.45 0
74.5 36.45 0
74.55 36.45 0
74.6 36.45 0
74.65 36.45 0
74.7 36.45 0
74.75 36.45 0
74.8 36.45 0
74.85 36.45 0
74.9 36.45 0
74.95 36.45 0
75 36.45 0
75.05 36.45 0
75.1 36.45 0
75.15 36.45 0
75.2 36.45 0
75.25 36.45 0
75.3 36.45 0
75.35 36.45 0
75.4 36.45 0
75.45 36.45 0
75.5 36.45 0
75.55 36.45 0
75.6 36.45 0
75.65 36.45 0
75.7 36.45 0
75.75 36.45 0
75.8 36.45 0
75.85 36.45 0
75.9 36.45 0
75.95 36.45 0
76 36.45 0
76.05 36.45 0
76.1 36.45 0
76.15 36.45 0
76.2 36.45 0
76.25 36.45 0
76.3 36.5 0
76.35 36.5 0
76.4 36.5 0
76.45 36.5 0
76.5 36.5 0
76.55 36.5 0
76.6 36.5 0
76.65 36.5 0
76.7 36.5 0
76.75 36.5 0
76.8 36.5 0
76.85 36.5 0
76.9 36.5 0
76.95 36.5 0
77 36.5 0
77.05 36.5 0
77.1 36.5 0
77.15 36.5 0
77.2 36.5 0
77.25 36.5 0
77.3 36.5 0
77.35 36.5 0
77.4 36.5 0
77.45 36.5 0
77.5 36.5 0
77.55 36.5 0
77.6 36.5 0
77.65 36.5 0
77.7 36.5 0
77.75 36.5 0
77.8 36.5 0
77.85 36.5 0
77.9 36.5 0
77.95 36.5 0
78 36.5 0
78.05 36.5 0
78.1 36.5 0
78.15 36.5 0
78.2 36.5 0
78.25 36.5 0
78.3 36.5 0
78.35 36.55 0
78.4 36.6 0
78.45 36.65 0
78.5 36.7 0
78.55 36.75 0
78.6 36.8 0
78.65 36.85 0
78.7 36.9 0
78.75 36.95 0
78.8 36.95 0
78.85 36.95 0
78.9 36.95 0
78.95 36.95 0
79 37 0
79.05 37.05 0
79.1 37.1 0
79.15 37.15 0
79.2 37.2 0
79.25 37.2 0
79.3 37.25 0
79.35 37.3 0
79.4 37.3 0
79.45 37.3 0
79.5 37.3 0
79.55 37.3 0
79.6 37.3 0
79.65 37.3 0
79.7 37.3 0
79.75 37.3 0
79.8 37.3 0
79.85 37.3 0
79.9 37.3 0
79.95 37.3 0
80 37.3 0
80.05 37.3 0
80.1 37.35 0
80.15 37.4 0
PATH 30 223
54.8 73 0
54.8 72.95 0
54.8 72.9 0
54.8 72.85 0
54.8 72.85 1
54.8 72.8 1
54.8 72.75 1
54.8 72.7 1
54.8 72.65 1
54.8 72.6 1
54.8 72.55 1
54.8 72.5 1
54.8 72.45 1
54.8 72.4 1
54.8 72.35 1
54.8 72.3 1
54.8 72.25 1
54.8 72.2 1
54.8 72.15 1
54.8 72.1 1
54.8 72.05 1
54.8 72 1
54.8 71.95 1
54.8 71.9 1
54.8 71.85 1
54.8 71.8 1
54.8 71.75 1
54.8 71.7 1
54.8 71.65 1
54.8 71.6 1
54.8 71.55 1
54.8 71.5 1
54.8 71.45 1
54.8 71.4 1
54.8 71.35 1
54.8 71.3 1
54.8 71.25 1
54.8 71.2 1
54.8 71.15 1
54.8 71.1 1
54.8 71.05 1
54.8 71 1
54.8 70.95 1
54.8 70.9 1
54.8 70.85 1
54.8 70.8 1
54.8 70.75 1
54.8 70.7 1
54.8 70.65 1
54.8 70.6 1
54.8 70.55 1
54.8 70.5 1
54.8 70.45 1
54.8 70.4 1
54.8 70.35 1
54.8 70.3 1
54.8 70.25 1
54.8 70.2 1
54.8 70.15 1
54.8 70.1 1
54.8 70.05 1
54.8 70 1
54.8 69.95 1
54.8 69.9 1
54.8 69.85 1
54.8 69.8 1
54.8 69.75 1
54.8 69.7 1
54.8 69.65 1
54.8 69.6 1
54.8 69.55 1
54.8 69.5 1
54.8 69.45 1
54.8 69.4 1
54.8 69.35 1
54.8 69.3 1
54.8 69.25 1
54.8 69.2 1
54.8 69.15 1
54.8 69.1 1
54.8 69.05 1
54.8 69 1
54.8 68.95 1
54.8 68.9 1
54.8 68.85 1
54.8 68.8 1
54.8 68.75 1
54.8 68.7 1
54.8 68.65 1
54.8 68.6 1
54.8 68.55 1
54.8 68.5 1
54.8 68.45 1
54.8 68.4 1
54.8 68.35 1
54.85 68.3 1
54.9 68.25 1
54.95 68.2 1
54.95 68.15 1
55 68.1 1
55.05 68.05 1
55.1 68 1
55.1 68 0
55.1 67.95 0
55.1 67.9 0
55.1 67.85 0
55.1 67.8 0
55.1 67.75 0
55.15 67.7 0
55.2 67.65 0
55.25 67.6 0
55.3 67.55 0
55.35 67.5 0
55.4 67.45 0
55.45 67.4 0
55.5 67.35 0
55.55 67.3 0
55.6 67.25 0
55.65 67.2 0
55.7 67.15 0
55.75 67.1 0
55.75 67.05 0
55.8 67 0
55.85 66.95 0
55.9 66.9 0
55.95 66.85 0
56 66.8 0
56.05 66.75 0
56.1 66.7 0
56.15 66.65 0
56.2 66.6 0
56.25 66.55 0
56.3 66.5 0
56.3 66.45 0
56.3 66.4 0
56.3 66.35 0
56.3 66.3 0
56.3 66.25 0
56.3 66.2 0
56.3 66.15 0
56.3 66.1 0
56.3 66.05 0
56.3 66 0
56.3 65.95 0
56.3 65.9 0
56.3 65.85 0
56.3 65.8 0
56.3 65.75 0
56.3 65.7 0
56.3 65.65 0
56.3 65.6 0
56.3 65.55 0
56.3 65.5 0
56.3 65.45 0
56.3 65.4 0
56.3 65.35 0
56.3 65.3 0
56.3 65.25 0
56.3 65.2 0
56.3 65.15 0
56.3 65.1 0
56.3 65.05 0
56.3 65 0
56.3 64.95 0
56.3 64.9 0
56.3 64.85 0
56.3 64.8 0
56.3 64.75 0
56.3 64.7 0
56.3 64.65 0
56.3 64.6 0
56.3 64.55 0
56.3 64.5 0
56.3 64.45 0
56.3 64.4 0
56.3 64.35 0
56.3 64.3 0
56.3 64.25 0
56.3 64.2 0
56.3 64.15 0
56.3 64.1 0
56.3 64.05 0
56.3 64 0
56.3 63.95 0
56.3 63.9 0
56.3 63.85 0
56.3 63.8 0
56.3 63.75 0
56.3 63.7 0
56.3 63.65 0
56.3 63.6 0
56.35 63.55 0
56.4 63.5 0
56.4 63.45 0
56.4 63.4 0
56.4 63.35 0
56.4 63.3 0
56.4 63.25 0
56.4 63.2 0
56.4 63.15 0
56.4 63.1 0
56.4 63.05 0
56.45 63 0
56.5 62.95 0
56.55 62.9 0
56.6 62.85 0
56.65 62.8 0
56.7 62.75 0
56.75 62.7 0
56.8 62.65 0
56.85 62.6 0
56.9 62.55 0
56.95 62.5 0
57 62.45 0
57.05 62.4 0
57.1 62.35 0
57.15 62.3 0
57.2 62.25 0
57.25 62.2 0
57.3 62.15 0
57.35 62.1 0
57.4 62.05 0
57.45 62 0
PATH 30 161
32.85 73 0
32.85 72.95 0
32.85 72.9 0
32.9 72.85 0
32.9 72.85 2
32.9 72.8 2
32.95 72.75 2
33 72.7 2
33.05 72.65 2
33.1 72.6 2
33.15 72.55 2
33.2 72.5 2
33.25 72.45 2
33.3 72.4 2
33.35 72.35 2
33.4 72.3 2
33.45 72.25 2
33.5 72.2 2
33.55 72.15 2
33.6 72.1 2
33.65 72.05 2
33.7 72 2
33.75 71.95 2
33.8 71.9 2
33.85 71.85 2
33.9 71.8 2
33.95 71.75 2
34 71.7 2
34.05 71.65 2
34.1 71.6 2
34.15 71.55 2
34.2 71.5 2
34.25 71.45 2
34.3 71.4 2
34.35 71.35 2
34.4 71.3 2
34.45 71.25 2
34.5 71.2 2
34.55 71.15 2
34.6 71.1 2
34.65 71.05 2
34.65 71 2
34.7 70.95 2
34.75 70.9 2
34.8 70.85 2
34.85 70.8 2
34.9 70.75 2
34.95 70.7 2
35 70.65 2
35.05 70.6 2
35.1 70.55 2
35.15 70.5 2
35.2 70.45 2
35.25 70.4 2
35.3 70.35 2
35.35 70.3 2
35.4 70.25 2
35.45 70.2 2
35.5 70.15 2
35.55 70.1 2
35.6 70.05 2
35.65 70 2
35.7 69.95 2
35.75 69.9 2
35.8 69.85 2
35.85 69.8 2
35.9 69.75 2
35.95 69.7 2
36 69.65 2
36.05 69.6 2
36.1 69.55 2
36.15 69.5 2
36.2 69.45 2
36.25 69.4 2
36.3 69.35 2
36.35 69.3 2
36.4 69.25 2
36.45 69.2 2
36.5 69.15 2
36.55 69.1 2
36.6 69.05 2
36.65 69 2
36.7 68.95 2
36.75 68.9 2
36.8 68.85 2
36.85 68.8 2
36.9 68.75 2
36.95 68.7 2
37 68.65 2
37.05 68.6 2
37.1 68.55 2
37.15 68.5 2
37.2 68.45 2
37.25 68.4 2
37.3 68.35 2
37.35 68.3 2
37.4 68.25 2
37.45 68.2 2
37.5 68.15 2
37.55 68.1 2
37.6 68.05 2
37.65 68 2
37.7 67.95 2
37.75 67.9 2
37.8 67.85 2
37.85 67.8 2
37.9 67.75 2
37.95 67.7 2
38 67.65 2
38.05 67.6 2
38.1 67.55 2
38.15 67.5 2
38.2 67.45 2
38.25 67.4 2
38.3 67.35 2
38.35 67.3 2
38.4 67.25 2
38.45 67.2 2
38.5 67.15 2
38.55 67.1 2
38.6 67.05 2
38.65 67 2
38.7 66.95 2
38.75 66.9 2
38.8 66.85 2
38.85 66.8 2
38.9 66.75 2
38.95 66.7 2
39 66.65 2
39 66.6 2
39.05 66.55 2
39.05 66.5 2
39.05 66.45 2
39.05 66.4 2
39.1 66.35 2
39.1 66.3 2
39.1 66.25 2
39.1 66.2 2
39.1 66.15 2
39.1 66.1 2
39.1 66.05 2
39.1 66 2
39.1 65.95 2
39.1 65.9 2
39.1 65.85 2
39.1 65.8 2
39.1 65.75 2
39.1 65.7 2
39.1 65.65 2
39.1 65.6 2
39.1 65.55 2
39.15 65.5 2
39.2 65.45 2
39.25 65.4 2
39.3 65.35 2
39.35 65.3 2
39.4 65.25 2
39.45 65.2 2
39.5 65.15 2
39.55 65.1 2
39.55 65.1 0
